fixed_acidity,volatile_acidity,citric_acid,residual_sugar,chlorides,free_sulfur_dioxide,total_sulfur_dioxide,density,pH,sulphates,alcohol,quality,quality_label,wine_type,alcohol_g_per_L,acidity_to_alcohol_ratio,SO2_ratio,alc_acid_ratio
7.4,0.7,0.0,1.9,0.076,11.0,34.0,0.9978,3.51,0.56,9.4,5,low,red,74.166,0.09977617776339563,32.35294117647059,127.02702702702702
7.8,0.88,0.0,2.6,0.098,25.0,67.0,0.9968,3.2,0.68,9.8,5,low,red,77.322,0.10087685264219756,37.3134328358209,125.64102564102566
7.8,0.76,0.04,2.3,0.092,15.0,54.0,0.997,3.26,0.65,9.8,5,low,red,77.322,0.10087685264219756,27.77777777777778,125.64102564102566
11.2,0.28,0.56,1.9,0.075,17.0,60.0,0.998,3.16,0.58,9.8,6,medium,red,77.322,0.14484881405033495,28.333333333333332,87.50000000000001
7.4,0.7,0.0,1.9,0.076,11.0,34.0,0.9978,3.51,0.56,9.4,5,low,red,74.166,0.09977617776339563,32.35294117647059,127.02702702702702
7.4,0.66,0.0,1.8,0.075,13.0,40.0,0.9978,3.51,0.56,9.4,5,low,red,74.166,0.09977617776339563,32.5,127.02702702702702
7.9,0.6,0.06,1.6,0.069,15.0,59.0,0.9964,3.3,0.46,9.4,5,low,red,74.166,0.1065178113960575,25.423728813559322,118.9873417721519
7.3,0.65,0.0,1.2,0.065,15.0,21.0,0.9946,3.39,0.47,10.0,7,medium,red,78.9,0.09252217997465145,71.42857142857143,136.986301369863
7.8,0.58,0.02,2.0,0.073,9.0,18.0,0.9968,3.36,0.57,9.5,7,medium,red,74.955,0.10406243746247748,50.0,121.79487179487181
7.5,0.5,0.36,6.1,0.071,17.0,102.0,0.9978,3.35,0.8,10.5,5,low,red,82.845,0.09053050878145935,16.666666666666664,140.0
6.7,0.58,0.08,1.8,0.097,15.0,65.0,0.9959,3.28,0.54,9.2,5,low,red,72.58800000000001,0.09230175786631398,23.076923076923077,137.3134328358209
7.5,0.5,0.36,6.1,0.071,17.0,102.0,0.9978,3.35,0.8,10.5,5,low,red,82.845,0.09053050878145935,16.666666666666664,140.0
5.6,0.615,0.0,1.6,0.089,16.0,59.0,0.9943,3.58,0.52,9.9,5,low,red,78.111,0.07169284735824659,27.11864406779661,176.7857142857143
7.8,0.61,0.29,1.6,0.114,9.0,29.0,0.9974,3.26,1.56,9.1,5,low,red,71.799,0.10863661053775121,31.03448275862069,116.66666666666667
8.9,0.62,0.18,3.8,0.176,52.0,145.0,0.9986,3.16,0.88,9.2,5,low,red,72.58800000000001,0.12260979776271559,35.86206896551724,103.37078651685391
8.9,0.62,0.19,3.9,0.17,51.0,148.0,0.9986,3.17,0.93,9.2,5,low,red,72.58800000000001,0.12260979776271559,34.45945945945946,103.37078651685391
8.5,0.28,0.56,1.8,0.092,35.0,103.0,0.9969,3.3,0.75,10.5,7,medium,red,82.845,0.10260124328565394,33.980582524271846,123.52941176470588
8.1,0.56,0.28,1.7,0.368,16.0,56.0,0.9968,3.11,1.28,9.3,5,low,red,73.37700000000001,0.11038881393352139,28.57142857142857,114.81481481481484
7.4,0.59,0.08,4.4,0.086,6.0,29.0,0.9974,3.38,0.5,9.0,4,low,red,71.01,0.10421067455287987,20.689655172413794,121.62162162162163
7.9,0.32,0.51,1.8,0.341,17.0,56.0,0.9969,3.04,1.08,9.2,6,medium,red,72.58800000000001,0.10883341599162395,30.357142857142854,116.45569620253163
8.9,0.22,0.48,1.8,0.077,29.0,60.0,0.9968,3.39,0.53,9.4,6,medium,red,74.166,0.12000107866138124,48.333333333333336,105.61797752808988
7.6,0.39,0.31,2.3,0.082,23.0,71.0,0.9982,3.52,0.65,9.7,5,low,red,76.533,0.09930356839533272,32.3943661971831,127.63157894736841
7.9,0.43,0.21,1.6,0.106,10.0,37.0,0.9966,3.17,0.91,9.5,5,low,red,74.955,0.105396571276099,27.027027027027028,120.25316455696202
8.5,0.49,0.11,2.3,0.084,9.0,67.0,0.9968,3.17,0.53,9.4,5,low,red,74.166,0.11460777175525173,13.432835820895523,110.58823529411765
6.9,0.4,0.14,2.4,0.085,21.0,40.0,0.9968,3.43,0.63,9.7,6,medium,red,76.533,0.09015718709576262,52.5,140.5797101449275
6.3,0.39,0.16,1.4,0.08,11.0,23.0,0.9955,3.34,0.56,9.3,5,low,red,73.37700000000001,0.08585796639273885,47.82608695652174,147.61904761904762
7.6,0.41,0.24,1.8,0.08,4.0,11.0,0.9962,3.28,0.59,9.5,5,low,red,74.955,0.10139416983523447,36.36363636363637,125.0
7.9,0.43,0.21,1.6,0.106,10.0,37.0,0.9966,3.17,0.91,9.5,5,low,red,74.955,0.105396571276099,27.027027027027028,120.25316455696202
7.1,0.71,0.0,1.9,0.08,14.0,35.0,0.9972,3.47,0.55,9.4,5,low,red,74.166,0.0957311975837985,40.0,132.3943661971831
7.8,0.645,0.0,2.0,0.082,8.0,16.0,0.9964,3.38,0.59,9.8,6,medium,red,77.322,0.10087685264219756,50.0,125.64102564102566
6.7,0.675,0.07,2.4,0.089,17.0,82.0,0.9958,3.35,0.54,10.1,5,low,red,79.68900000000001,0.08407684874951372,20.73170731707317,150.7462686567164
6.9,0.685,0.0,2.5,0.105,22.0,37.0,0.9966,3.46,0.57,10.6,6,medium,red,83.634,0.08250233158763183,59.45945945945946,153.6231884057971
8.3,0.655,0.12,2.3,0.083,15.0,113.0,0.9966,3.17,0.66,9.8,5,low,red,77.322,0.10734331755515895,13.274336283185843,118.07228915662651
6.9,0.605,0.12,10.7,0.073,40.0,83.0,0.9993,3.45,0.52,9.4,6,medium,red,74.166,0.09303454413073377,48.19277108433735,136.23188405797103
5.2,0.32,0.25,1.8,0.103,13.0,50.0,0.9957,3.38,0.55,9.2,5,low,red,72.58800000000001,0.07163718520967652,26.0,176.9230769230769
7.8,0.645,0.0,5.5,0.086,5.0,18.0,0.9986,3.4,0.55,9.6,6,medium,red,75.744,0.10297845373891001,27.77777777777778,123.07692307692308
7.8,0.6,0.14,2.4,0.086,3.0,15.0,0.9975,3.42,0.6,10.8,6,medium,red,85.212,0.09153640332347557,20.0,138.46153846153848
8.1,0.38,0.28,2.1,0.066,13.0,30.0,0.9968,3.23,0.73,9.7,7,medium,red,76.533,0.10583669789502567,43.333333333333336,119.75308641975309
5.7,1.13,0.09,1.5,0.172,7.0,19.0,0.994,3.5,0.48,9.8,4,low,red,77.322,0.07371770000775976,36.84210526315789,171.9298245614035
7.3,0.45,0.36,5.9,0.074,12.0,87.0,0.9978,3.33,0.83,10.5,5,low,red,82.845,0.08811636188062043,13.793103448275861,143.83561643835617
7.3,0.45,0.36,5.9,0.074,12.0,87.0,0.9978,3.33,0.83,10.5,5,low,red,82.845,0.08811636188062043,13.793103448275861,143.83561643835617
8.8,0.61,0.3,2.8,0.088,17.0,46.0,0.9976,3.26,0.51,9.3,4,low,red,73.37700000000001,0.11992858797715905,36.95652173913043,105.68181818181819
7.5,0.49,0.2,2.6,0.332,8.0,14.0,0.9968,3.21,0.9,10.5,6,medium,red,82.845,0.09053050878145935,57.14285714285714,140.0
8.1,0.66,0.22,2.2,0.069,9.0,23.0,0.9968,3.3,1.2,10.3,5,low,red,81.26700000000001,0.09967145335745135,39.130434782608695,127.16049382716051
6.8,0.67,0.02,1.8,0.05,5.0,11.0,0.9962,3.48,0.52,9.5,5,low,red,74.955,0.09072109932626242,45.45454545454545,139.7058823529412
4.6,0.52,0.15,2.1,0.054,8.0,65.0,0.9934,3.9,0.56,13.1,4,low,red,103.35900000000001,0.044505074545999855,12.307692307692308,284.7826086956522
7.7,0.935,0.43,2.2,0.114,22.0,114.0,0.997,3.25,0.73,9.2,5,low,red,72.58800000000001,0.10607813963740562,19.298245614035086,119.48051948051948
8.7,0.29,0.52,1.6,0.113,12.0,37.0,0.9969,3.25,0.58,9.5,5,low,red,74.955,0.11606964178507104,32.432432432432435,109.19540229885058
6.4,0.4,0.23,1.6,0.066,5.0,12.0,0.9958,3.34,0.56,9.2,5,low,red,72.58800000000001,0.0881688433349865,41.66666666666667,143.74999999999997
5.6,0.31,0.37,1.4,0.074,12.0,96.0,0.9954,3.32,0.58,9.2,5,low,red,72.58800000000001,0.07714773791811318,12.5,164.28571428571428
8.8,0.66,0.26,1.7,0.074,4.0,23.0,0.9971,3.15,0.74,9.2,5,low,red,72.58800000000001,0.12123215958560643,17.391304347826086,104.54545454545452
6.6,0.52,0.04,2.2,0.069,8.0,15.0,0.9956,3.4,0.63,9.4,6,medium,red,74.166,0.08898956395113664,53.333333333333336,142.42424242424244
6.6,0.5,0.04,2.1,0.068,6.0,14.0,0.9955,3.39,0.64,9.4,6,medium,red,74.166,0.08898956395113664,42.857142857142854,142.42424242424244
8.6,0.38,0.36,3.0,0.081,30.0,119.0,0.997,3.2,0.56,9.4,5,low,red,74.166,0.1159560984817841,25.210084033613445,109.30232558139537
7.6,0.51,0.15,2.8,0.11,33.0,73.0,0.9955,3.17,0.63,10.2,6,medium,red,80.47800000000001,0.09443574641516934,45.20547945205479,134.21052631578948
7.7,0.62,0.04,3.8,0.084,25.0,45.0,0.9978,3.34,0.53,9.5,5,low,red,74.955,0.10272830364885599,55.55555555555556,123.37662337662339
10.2,0.42,0.57,3.4,0.07,4.0,10.0,0.9971,3.04,0.63,9.6,5,low,red,75.744,0.1346641318124208,40.0,94.11764705882352
7.5,0.63,0.12,5.1,0.111,50.0,110.0,0.9983,3.26,0.77,9.4,5,low,red,74.166,0.101124504489928,45.45454545454545,125.33333333333334
7.8,0.59,0.18,2.3,0.076,17.0,54.0,0.9975,3.43,0.59,10.0,5,low,red,78.9,0.0988593155893536,31.48148148148148,128.2051282051282
7.3,0.39,0.31,2.4,0.074,9.0,46.0,0.9962,3.41,0.54,9.4,6,medium,red,74.166,0.09842785103686326,19.565217391304348,128.76712328767124
8.8,0.4,0.4,2.2,0.079,19.0,52.0,0.998,3.44,0.64,9.2,5,low,red,72.58800000000001,0.12123215958560643,36.53846153846153,104.54545454545452
7.7,0.69,0.49,1.8,0.115,20.0,112.0,0.9968,3.21,0.71,9.3,5,low,red,73.37700000000001,0.10493751448001416,17.857142857142858,120.7792207792208
7.5,0.52,0.16,1.9,0.085,12.0,35.0,0.9968,3.38,0.62,9.5,7,medium,red,74.955,0.10006003602161297,34.285714285714285,126.66666666666666
7.0,0.735,0.05,2.0,0.081,13.0,54.0,0.9966,3.39,0.57,9.8,5,low,red,77.322,0.09053050878145935,24.074074074074073,140.0
7.2,0.725,0.05,4.65,0.086,4.0,11.0,0.9962,3.41,0.39,10.9,5,low,red,86.001,0.08371995674468902,36.36363636363637,151.38888888888889
7.2,0.725,0.05,4.65,0.086,4.0,11.0,0.9962,3.41,0.39,10.9,5,low,red,86.001,0.08371995674468902,36.36363636363637,151.38888888888889
7.5,0.52,0.11,1.5,0.079,11.0,39.0,0.9968,3.42,0.58,9.6,5,low,red,75.744,0.09901774397972117,28.205128205128204,128.0
6.6,0.705,0.07,1.6,0.076,6.0,15.0,0.9962,3.44,0.58,10.7,5,low,red,84.423,0.07817774777015742,40.0,162.12121212121212
9.3,0.32,0.57,2.0,0.074,27.0,65.0,0.9969,3.28,0.79,10.7,5,low,red,84.423,0.11015955367613092,41.53846153846154,115.0537634408602
8.0,0.705,0.05,1.9,0.074,8.0,19.0,0.9962,3.34,0.95,10.5,6,medium,red,82.845,0.09656587603355664,42.10526315789473,131.25
7.7,0.63,0.08,1.9,0.076,15.0,27.0,0.9967,3.32,0.54,9.5,6,medium,red,74.955,0.10272830364885599,55.55555555555556,123.37662337662339
7.7,0.67,0.23,2.1,0.088,17.0,96.0,0.9962,3.32,0.48,9.5,5,low,red,74.955,0.10272830364885599,17.708333333333336,123.37662337662339
7.7,0.69,0.22,1.9,0.084,18.0,94.0,0.9961,3.31,0.48,9.5,5,low,red,74.955,0.10272830364885599,19.148936170212767,123.37662337662339
8.3,0.675,0.26,2.1,0.084,11.0,43.0,0.9976,3.31,0.53,9.2,4,low,red,72.58800000000001,0.11434396870006061,25.581395348837212,110.84337349397589
9.7,0.32,0.54,2.5,0.094,28.0,83.0,0.9984,3.28,0.82,9.6,5,low,red,75.744,0.12806294888043937,33.734939759036145,98.96907216494846
8.8,0.41,0.64,2.2,0.093,9.0,42.0,0.9986,3.54,0.66,10.5,5,low,red,82.845,0.10622246363691232,21.428571428571427,119.31818181818181
8.8,0.41,0.64,2.2,0.093,9.0,42.0,0.9986,3.54,0.66,10.5,5,low,red,82.845,0.10622246363691232,21.428571428571427,119.31818181818181
6.8,0.785,0.0,2.4,0.104,14.0,30.0,0.9966,3.52,0.55,10.7,6,medium,red,84.423,0.08054677042985915,46.666666666666664,157.35294117647058
6.7,0.75,0.12,2.0,0.086,12.0,80.0,0.9958,3.38,0.52,10.1,5,low,red,79.68900000000001,0.08407684874951372,15.0,150.7462686567164
8.3,0.625,0.2,1.5,0.08,27.0,119.0,0.9972,3.16,1.12,9.1,4,low,red,71.799,0.11560049582863272,22.689075630252102,109.63855421686746
6.2,0.45,0.2,1.6,0.069,3.0,15.0,0.9958,3.41,0.56,9.2,5,low,red,72.58800000000001,0.08541356698076816,20.0,148.38709677419354
7.8,0.43,0.7,1.9,0.464,22.0,67.0,0.9974,3.13,1.28,9.4,5,low,red,74.166,0.10516948466952512,32.83582089552239,120.51282051282053
7.4,0.5,0.47,2.0,0.086,21.0,73.0,0.997,3.36,0.57,9.1,5,low,red,71.799,0.10306550230504603,28.767123287671232,122.97297297297295
7.3,0.67,0.26,1.8,0.401,16.0,51.0,0.9969,3.16,1.14,9.4,5,low,red,74.166,0.09842785103686326,31.372549019607842,128.76712328767124
6.3,0.3,0.48,1.8,0.069,18.0,61.0,0.9959,3.44,0.78,10.3,6,medium,red,81.26700000000001,0.07752224150023994,29.508196721311474,163.49206349206352
6.9,0.55,0.15,2.2,0.076,19.0,40.0,0.9961,3.41,0.59,10.1,5,low,red,79.68900000000001,0.08658660542860369,47.5,146.37681159420288
8.6,0.49,0.28,1.9,0.11,20.0,136.0,0.9972,2.93,1.95,9.9,6,medium,red,78.111,0.11009972987159299,14.705882352941178,115.11627906976744
7.7,0.49,0.26,1.9,0.062,9.0,31.0,0.9966,3.39,0.64,9.6,5,low,red,75.744,0.10165821715251373,29.03225806451613,124.67532467532467
9.3,0.39,0.44,2.1,0.107,34.0,125.0,0.9978,3.14,1.22,9.5,5,low,red,74.955,0.1240744446668001,27.200000000000003,102.15053763440861
7.0,0.62,0.08,1.8,0.076,8.0,24.0,0.9978,3.48,0.53,9.0,5,low,red,71.01,0.09857766511758906,33.33333333333333,128.57142857142858
7.9,0.52,0.26,1.9,0.079,42.0,140.0,0.9964,3.23,0.54,9.5,5,low,red,74.955,0.105396571276099,30.0,120.25316455696202
8.6,0.49,0.28,1.9,0.11,20.0,136.0,0.9972,2.93,1.95,9.9,6,medium,red,78.111,0.11009972987159299,14.705882352941178,115.11627906976744
8.6,0.49,0.29,2.0,0.11,19.0,133.0,0.9972,2.93,1.98,9.8,5,low,red,77.322,0.11122319650293577,14.285714285714285,113.95348837209302
7.7,0.49,0.26,1.9,0.062,9.0,31.0,0.9966,3.39,0.64,9.6,5,low,red,75.744,0.10165821715251373,29.03225806451613,124.67532467532467
5.0,1.02,0.04,1.4,0.045,41.0,85.0,0.9938,3.75,0.48,10.5,4,low,red,82.845,0.0603536725209729,48.23529411764706,210.0
4.7,0.6,0.17,2.3,0.058,17.0,106.0,0.9932,3.85,0.6,12.9,6,medium,red,101.781,0.04617757734744206,16.037735849056602,274.468085106383
6.8,0.775,0.0,3.0,0.102,8.0,23.0,0.9965,3.45,0.56,10.7,5,low,red,84.423,0.08054677042985915,34.78260869565217,157.35294117647058
7.0,0.5,0.25,2.0,0.07,3.0,22.0,0.9963,3.25,0.63,9.2,5,low,red,72.58800000000001,0.09643467239764147,13.636363636363635,131.42857142857142
7.6,0.9,0.06,2.5,0.079,5.0,10.0,0.9967,3.39,0.56,9.8,5,low,red,77.322,0.098290266677013,50.0,128.94736842105266
8.1,0.545,0.18,1.9,0.08,13.0,35.0,0.9972,3.3,0.59,9.0,6,medium,red,71.01,0.11406844106463877,37.142857142857146,111.11111111111111
8.3,0.61,0.3,2.1,0.084,11.0,50.0,0.9972,3.4,0.61,10.2,6,medium,red,80.47800000000001,0.10313377569025076,22.0,122.89156626506022
7.8,0.5,0.3,1.9,0.075,8.0,22.0,0.9959,3.31,0.56,10.4,6,medium,red,82.056,0.09505703422053233,36.36363636363637,133.33333333333334
8.1,0.545,0.18,1.9,0.08,13.0,35.0,0.9972,3.3,0.59,9.0,6,medium,red,71.01,0.11406844106463877,37.142857142857146,111.11111111111111
8.1,0.575,0.22,2.1,0.077,12.0,65.0,0.9967,3.29,0.51,9.2,5,low,red,72.58800000000001,0.11158869234584227,18.461538461538463,113.58024691358024
7.2,0.49,0.24,2.2,0.07,5.0,36.0,0.996,3.33,0.48,9.4,5,low,red,74.166,0.09707952431033089,13.88888888888889,130.55555555555557
8.1,0.575,0.22,2.1,0.077,12.0,65.0,0.9967,3.29,0.51,9.2,5,low,red,72.58800000000001,0.11158869234584227,18.461538461538463,113.58024691358024
7.8,0.41,0.68,1.7,0.467,18.0,69.0,0.9973,3.08,1.31,9.3,5,low,red,73.37700000000001,0.10630033934339096,26.08695652173913,119.23076923076925
6.2,0.63,0.31,1.7,0.088,15.0,64.0,0.9969,3.46,0.79,9.3,5,low,red,73.37700000000001,0.08449514152936205,23.4375,150.0
8.0,0.33,0.53,2.5,0.091,18.0,80.0,0.9976,3.37,0.8,9.6,6,medium,red,75.744,0.10561892691170258,22.5,120.0
8.1,0.785,0.52,2.0,0.122,37.0,153.0,0.9969,3.21,0.69,9.3,5,low,red,73.37700000000001,0.11038881393352139,24.18300653594771,114.81481481481484
7.8,0.56,0.19,1.8,0.104,12.0,47.0,0.9964,3.19,0.93,9.5,5,low,red,74.955,0.10406243746247748,25.53191489361702,121.79487179487181
8.4,0.62,0.09,2.2,0.084,11.0,108.0,0.9964,3.15,0.66,9.8,5,low,red,77.322,0.10863661053775123,10.185185185185185,116.66666666666667
8.4,0.6,0.1,2.2,0.085,14.0,111.0,0.9964,3.15,0.66,9.8,5,low,red,77.322,0.10863661053775123,12.612612612612612,116.66666666666667
10.1,0.31,0.44,2.3,0.08,22.0,46.0,0.9988,3.32,0.67,9.7,6,medium,red,76.533,0.13196921589379745,47.82608695652174,96.03960396039604
7.8,0.56,0.19,1.8,0.104,12.0,47.0,0.9964,3.19,0.93,9.5,5,low,red,74.955,0.10406243746247748,25.53191489361702,121.79487179487181
9.4,0.4,0.31,2.2,0.09,13.0,62.0,0.9966,3.07,0.63,10.5,6,medium,red,82.845,0.11346490433942906,20.967741935483872,111.70212765957446
8.3,0.54,0.28,1.9,0.077,11.0,40.0,0.9978,3.39,0.61,10.0,6,medium,red,78.9,0.10519645120405577,27.500000000000004,120.48192771084337
7.8,0.56,0.12,2.0,0.082,7.0,28.0,0.997,3.37,0.5,9.4,6,medium,red,74.166,0.10516948466952512,25.0,120.51282051282053
8.8,0.55,0.04,2.2,0.119,14.0,56.0,0.9962,3.21,0.6,10.9,6,medium,red,86.001,0.10232439157684213,25.0,123.86363636363636
7.0,0.69,0.08,1.8,0.097,22.0,89.0,0.9959,3.34,0.54,9.2,6,medium,red,72.58800000000001,0.09643467239764147,24.719101123595504,131.42857142857142
7.3,1.07,0.09,1.7,0.178,10.0,89.0,0.9962,3.3,0.57,9.0,5,low,red,71.01,0.10280242219405716,11.235955056179774,123.28767123287672
8.8,0.55,0.04,2.2,0.119,14.0,56.0,0.9962,3.21,0.6,10.9,6,medium,red,86.001,0.10232439157684213,25.0,123.86363636363636
7.3,0.695,0.0,2.5,0.075,3.0,13.0,0.998,3.49,0.52,9.2,5,low,red,72.58800000000001,0.10056758692896896,23.076923076923077,126.02739726027397
8.0,0.71,0.0,2.6,0.08,11.0,34.0,0.9976,3.44,0.53,9.5,5,low,red,74.955,0.1067307050897205,32.35294117647059,118.75
7.8,0.5,0.17,1.6,0.082,21.0,102.0,0.996,3.39,0.48,9.5,5,low,red,74.955,0.10406243746247748,20.588235294117645,121.79487179487181
9.0,0.62,0.04,1.9,0.146,27.0,90.0,0.9984,3.16,0.7,9.4,5,low,red,74.166,0.1213494053879136,30.0,104.44444444444446
8.2,1.33,0.0,1.7,0.081,3.0,12.0,0.9964,3.53,0.49,10.9,5,low,red,86.001,0.0953477285147847,25.0,132.9268292682927
8.1,1.33,0.0,1.8,0.082,3.0,12.0,0.9964,3.54,0.48,10.9,5,low,red,86.001,0.09418495133777513,25.0,134.56790123456793
8.0,0.59,0.16,1.8,0.065,3.0,16.0,0.9962,3.42,0.92,10.5,7,medium,red,82.845,0.09656587603355664,18.75,131.25
6.1,0.38,0.15,1.8,0.072,6.0,19.0,0.9955,3.42,0.57,9.4,5,low,red,74.166,0.08224793031847477,31.57894736842105,154.0983606557377
8.0,0.745,0.56,2.0,0.118,30.0,134.0,0.9968,3.24,0.66,9.4,5,low,red,74.166,0.10786613812258987,22.388059701492537,117.5
5.6,0.5,0.09,2.3,0.049,17.0,99.0,0.9937,3.63,0.63,13.0,5,low,red,102.57000000000001,0.05459686068051086,17.17171717171717,232.14285714285717
5.6,0.5,0.09,2.3,0.049,17.0,99.0,0.9937,3.63,0.63,13.0,5,low,red,102.57000000000001,0.05459686068051086,17.17171717171717,232.14285714285717
6.6,0.5,0.01,1.5,0.06,17.0,26.0,0.9952,3.4,0.58,9.8,6,medium,red,77.322,0.08535733685109023,65.38461538461539,148.4848484848485
7.9,1.04,0.05,2.2,0.084,13.0,29.0,0.9959,3.22,0.55,9.9,6,medium,red,78.111,0.10113812395181217,44.827586206896555,125.31645569620254
8.4,0.745,0.11,1.9,0.09,16.0,63.0,0.9965,3.19,0.82,9.6,5,low,red,75.744,0.11089987325728771,25.396825396825395,114.28571428571428
8.3,0.715,0.15,1.8,0.089,10.0,52.0,0.9968,3.23,0.77,9.5,5,low,red,74.955,0.11073310653058503,19.230769230769234,114.45783132530119
7.2,0.415,0.36,2.0,0.081,13.0,45.0,0.9972,3.48,0.64,9.2,5,low,red,72.58800000000001,0.0991899487518598,28.888888888888886,127.77777777777777
7.8,0.56,0.19,2.1,0.081,15.0,105.0,0.9962,3.33,0.54,9.5,5,low,red,74.955,0.10406243746247748,14.285714285714285,121.79487179487181
7.8,0.56,0.19,2.0,0.081,17.0,108.0,0.9962,3.32,0.54,9.5,5,low,red,74.955,0.10406243746247748,15.74074074074074,121.79487179487181
8.4,0.745,0.11,1.9,0.09,16.0,63.0,0.9965,3.19,0.82,9.6,5,low,red,75.744,0.11089987325728771,25.396825396825395,114.28571428571428
8.3,0.715,0.15,1.8,0.089,10.0,52.0,0.9968,3.23,0.77,9.5,5,low,red,74.955,0.11073310653058503,19.230769230769234,114.45783132530119
5.2,0.34,0.0,1.8,0.05,27.0,63.0,0.9916,3.68,0.79,14.0,6,medium,red,110.46000000000001,0.047075864566358865,42.857142857142854,269.2307692307692
6.3,0.39,0.08,1.7,0.066,3.0,20.0,0.9954,3.34,0.58,9.4,5,low,red,74.166,0.08494458377153952,15.0,149.20634920634922
5.2,0.34,0.0,1.8,0.05,27.0,63.0,0.9916,3.68,0.79,14.0,6,medium,red,110.46000000000001,0.047075864566358865,42.857142857142854,269.2307692307692
8.1,0.67,0.55,1.8,0.117,32.0,141.0,0.9968,3.17,0.62,9.4,5,low,red,74.166,0.10921446484912224,22.69503546099291,116.0493827160494
5.8,0.68,0.02,1.8,0.087,21.0,94.0,0.9944,3.54,0.52,10.0,5,low,red,78.9,0.07351077313054499,22.340425531914892,172.41379310344828
7.6,0.49,0.26,1.6,0.236,10.0,88.0,0.9968,3.11,0.8,9.3,5,low,red,73.37700000000001,0.10357468961663735,11.363636363636363,122.36842105263159
6.9,0.49,0.1,2.3,0.074,12.0,30.0,0.9959,3.42,0.58,10.2,6,medium,red,80.47800000000001,0.08573771714008797,40.0,147.82608695652172
8.2,0.4,0.44,2.8,0.089,11.0,43.0,0.9975,3.53,0.61,10.5,6,medium,red,82.845,0.09898002293439555,25.581395348837212,128.0487804878049
7.3,0.33,0.47,2.1,0.077,5.0,11.0,0.9958,3.33,0.53,10.3,6,medium,red,81.26700000000001,0.08982735919869073,45.45454545454545,141.0958904109589
9.2,0.52,1.0,3.4,0.61,32.0,69.0,0.9996,2.74,2.0,9.4,4,low,red,74.166,0.12404605884097834,46.3768115942029,102.17391304347827
7.5,0.6,0.03,1.8,0.095,25.0,99.0,0.995,3.35,0.54,10.1,5,low,red,79.68900000000001,0.09411587546587358,25.252525252525253,134.66666666666666
7.5,0.6,0.03,1.8,0.095,25.0,99.0,0.995,3.35,0.54,10.1,5,low,red,79.68900000000001,0.09411587546587358,25.252525252525253,134.66666666666666
7.1,0.43,0.42,5.5,0.07,29.0,129.0,0.9973,3.42,0.72,10.5,5,low,red,82.845,0.08570221497978152,22.48062015503876,147.88732394366198
7.1,0.43,0.42,5.5,0.071,28.0,128.0,0.9973,3.42,0.71,10.5,5,low,red,82.845,0.08570221497978152,21.875,147.88732394366198
7.1,0.43,0.42,5.5,0.07,29.0,129.0,0.9973,3.42,0.72,10.5,5,low,red,82.845,0.08570221497978152,22.48062015503876,147.88732394366198
7.1,0.43,0.42,5.5,0.071,28.0,128.0,0.9973,3.42,0.71,10.5,5,low,red,82.845,0.08570221497978152,21.875,147.88732394366198
7.1,0.68,0.0,2.2,0.073,12.0,22.0,0.9969,3.48,0.5,9.3,5,low,red,73.37700000000001,0.09676056529975331,54.54545454545454,130.98591549295776
6.8,0.6,0.18,1.9,0.079,18.0,86.0,0.9968,3.59,0.57,9.3,6,medium,red,73.37700000000001,0.09267209070962289,20.930232558139537,136.76470588235296
7.6,0.95,0.03,2.0,0.09,7.0,20.0,0.9959,3.2,0.56,9.6,5,low,red,75.744,0.10033798056611744,35.0,126.3157894736842
7.6,0.68,0.02,1.3,0.072,9.0,20.0,0.9965,3.17,1.08,9.2,4,low,red,72.58800000000001,0.10470050146029646,45.0,121.05263157894737
7.8,0.53,0.04,1.7,0.076,17.0,31.0,0.9964,3.33,0.56,10.0,6,medium,red,78.9,0.0988593155893536,54.83870967741935,128.2051282051282
7.4,0.6,0.26,7.3,0.07,36.0,121.0,0.9982,3.37,0.49,9.4,5,low,red,74.166,0.09977617776339563,29.75206611570248,127.02702702702702
7.3,0.59,0.26,7.2,0.07,35.0,121.0,0.9981,3.37,0.49,9.4,5,low,red,74.166,0.09842785103686326,28.92561983471074,128.76712328767124
7.8,0.63,0.48,1.7,0.1,14.0,96.0,0.9961,3.19,0.62,9.5,5,low,red,74.955,0.10406243746247748,14.583333333333334,121.79487179487181
6.8,0.64,0.1,2.1,0.085,18.0,101.0,0.9956,3.34,0.52,10.2,5,low,red,80.47800000000001,0.08449514152936205,17.82178217821782,150.0
7.3,0.55,0.03,1.6,0.072,17.0,42.0,0.9956,3.37,0.48,9.0,4,low,red,71.01,0.10280242219405716,40.476190476190474,123.28767123287672
6.8,0.63,0.07,2.1,0.089,11.0,44.0,0.9953,3.47,0.55,10.4,6,medium,red,82.056,0.08287023496148971,25.0,152.94117647058826
7.5,0.705,0.24,1.8,0.36,15.0,63.0,0.9964,3.0,1.59,9.5,5,low,red,74.955,0.10006003602161297,23.809523809523807,126.66666666666666
7.9,0.885,0.03,1.8,0.058,4.0,8.0,0.9972,3.36,0.33,9.1,4,low,red,71.799,0.11002938759592751,50.0,115.18987341772151
8.0,0.42,0.17,2.0,0.073,6.0,18.0,0.9972,3.29,0.61,9.2,6,medium,red,72.58800000000001,0.11021105416873311,33.33333333333333,114.99999999999999
8.0,0.42,0.17,2.0,0.073,6.0,18.0,0.9972,3.29,0.61,9.2,6,medium,red,72.58800000000001,0.11021105416873311,33.33333333333333,114.99999999999999
7.4,0.62,0.05,1.9,0.068,24.0,42.0,0.9961,3.42,0.57,11.5,6,medium,red,90.735,0.08155618008486251,57.14285714285714,155.4054054054054
7.3,0.38,0.21,2.0,0.08,7.0,35.0,0.9961,3.33,0.47,9.5,5,low,red,74.955,0.09739176839436996,20.0,130.13698630136986
6.9,0.5,0.04,1.5,0.085,19.0,49.0,0.9958,3.35,0.78,9.5,5,low,red,74.955,0.09205523313988394,38.775510204081634,137.68115942028984
7.3,0.38,0.21,2.0,0.08,7.0,35.0,0.9961,3.33,0.47,9.5,5,low,red,74.955,0.09739176839436996,20.0,130.13698630136986
7.5,0.52,0.42,2.3,0.087,8.0,38.0,0.9972,3.58,0.61,10.5,6,medium,red,82.845,0.09053050878145935,21.052631578947366,140.0
7.0,0.805,0.0,2.5,0.068,7.0,20.0,0.9969,3.48,0.56,9.6,5,low,red,75.744,0.09241656104773975,35.0,137.14285714285714
8.8,0.61,0.14,2.4,0.067,10.0,42.0,0.9969,3.19,0.59,9.5,5,low,red,74.955,0.11740377559869256,23.809523809523807,107.95454545454544
8.8,0.61,0.14,2.4,0.067,10.0,42.0,0.9969,3.19,0.59,9.5,5,low,red,74.955,0.11740377559869256,23.809523809523807,107.95454545454544
8.9,0.61,0.49,2.0,0.27,23.0,110.0,0.9972,3.12,1.02,9.3,5,low,red,73.37700000000001,0.12129141284053585,20.909090909090907,104.49438202247192
7.2,0.73,0.02,2.5,0.076,16.0,42.0,0.9972,3.44,0.52,9.3,5,low,red,73.37700000000001,0.09812339016313013,38.095238095238095,129.16666666666669
6.8,0.61,0.2,1.8,0.077,11.0,65.0,0.9971,3.54,0.58,9.3,5,low,red,73.37700000000001,0.09267209070962289,16.923076923076923,136.76470588235296
6.7,0.62,0.21,1.9,0.079,8.0,62.0,0.997,3.52,0.58,9.3,6,medium,red,73.37700000000001,0.09130926584624609,12.903225806451612,138.80597014925374
8.9,0.31,0.57,2.0,0.111,26.0,85.0,0.9971,3.26,0.53,9.7,5,low,red,76.533,0.11628970509453439,30.58823529411765,108.98876404494379
7.4,0.39,0.48,2.0,0.082,14.0,67.0,0.9972,3.34,0.55,9.2,5,low,red,72.58800000000001,0.10194522510607813,20.8955223880597,124.3243243243243
7.7,0.705,0.1,2.6,0.084,9.0,26.0,0.9976,3.39,0.49,9.7,5,low,red,76.533,0.10061019429527132,34.61538461538461,125.97402597402596
7.9,0.5,0.33,2.0,0.084,15.0,143.0,0.9968,3.2,0.55,9.5,5,low,red,74.955,0.105396571276099,10.48951048951049,120.25316455696202
7.9,0.49,0.32,1.9,0.082,17.0,144.0,0.9968,3.2,0.55,9.5,5,low,red,74.955,0.105396571276099,11.805555555555555,120.25316455696202
8.2,0.5,0.35,2.9,0.077,21.0,127.0,0.9976,3.23,0.62,9.4,5,low,red,74.166,0.1105627915756546,16.535433070866144,114.63414634146343
6.4,0.37,0.25,1.9,0.074,21.0,49.0,0.9974,3.57,0.62,9.8,6,medium,red,77.322,0.0827707508859057,42.857142857142854,153.125
6.8,0.63,0.12,3.8,0.099,16.0,126.0,0.9969,3.28,0.61,9.5,5,low,red,74.955,0.09072109932626242,12.698412698412698,139.7058823529412
7.6,0.55,0.21,2.2,0.071,7.0,28.0,0.9964,3.28,0.55,9.7,5,low,red,76.533,0.09930356839533272,25.0,127.63157894736841
7.6,0.55,0.21,2.2,0.071,7.0,28.0,0.9964,3.28,0.55,9.7,5,low,red,76.533,0.09930356839533272,25.0,127.63157894736841
7.8,0.59,0.33,2.0,0.074,24.0,120.0,0.9968,3.25,0.54,9.4,5,low,red,74.166,0.10516948466952512,20.0,120.51282051282053
7.3,0.58,0.3,2.4,0.074,15.0,55.0,0.9968,3.46,0.59,10.2,5,low,red,80.47800000000001,0.09070801958299161,27.27272727272727,139.72602739726028
11.5,0.3,0.6,2.0,0.067,12.0,27.0,0.9981,3.11,0.97,10.1,6,medium,red,79.68900000000001,0.14431100904767283,44.44444444444444,87.82608695652173
5.4,0.835,0.08,1.2,0.046,13.0,93.0,0.9924,3.57,0.85,13.0,7,medium,red,102.57000000000001,0.05264697279906405,13.978494623655912,240.74074074074073
6.9,1.09,0.06,2.1,0.061,12.0,31.0,0.9948,3.51,0.43,11.4,4,low,red,89.946,0.07671269428323661,38.70967741935484,165.2173913043478
9.6,0.32,0.47,1.4,0.056,9.0,24.0,0.99695,3.22,0.82,10.3,7,medium,red,81.26700000000001,0.11812912990512753,37.5,107.29166666666667
8.8,0.37,0.48,2.1,0.097,39.0,145.0,0.9975,3.04,1.03,9.3,5,low,red,73.37700000000001,0.11992858797715905,26.89655172413793,105.68181818181819
6.8,0.5,0.11,1.5,0.075,16.0,49.0,0.99545,3.36,0.79,9.5,5,low,red,74.955,0.09072109932626242,32.6530612244898,139.7058823529412
7.0,0.42,0.35,1.6,0.088,16.0,39.0,0.9961,3.34,0.55,9.2,5,low,red,72.58800000000001,0.09643467239764147,41.02564102564102,131.42857142857142
7.0,0.43,0.36,1.6,0.089,14.0,37.0,0.99615,3.34,0.56,9.2,6,medium,red,72.58800000000001,0.09643467239764147,37.83783783783784,131.42857142857142
12.8,0.3,0.74,2.6,0.095,9.0,28.0,0.9994,3.2,0.77,10.8,7,medium,red,85.212,0.1502135849410881,32.142857142857146,84.375
12.8,0.3,0.74,2.6,0.095,9.0,28.0,0.9994,3.2,0.77,10.8,7,medium,red,85.212,0.1502135849410881,32.142857142857146,84.375
7.8,0.57,0.31,1.8,0.069,26.0,120.0,0.99625,3.29,0.53,9.3,5,low,red,73.37700000000001,0.10630033934339096,21.666666666666668,119.23076923076925
7.8,0.44,0.28,2.7,0.1,18.0,95.0,0.9966,3.22,0.67,9.4,5,low,red,74.166,0.10516948466952512,18.947368421052634,120.51282051282053
11.0,0.3,0.58,2.1,0.054,7.0,19.0,0.998,3.31,0.88,10.5,7,medium,red,82.845,0.13277807954614038,36.84210526315789,95.45454545454545
9.7,0.53,0.6,2.0,0.039,5.0,19.0,0.99585,3.3,0.86,12.4,6,medium,red,97.836,0.09914550881066274,26.31578947368421,127.83505154639177
8.0,0.725,0.24,2.8,0.083,10.0,62.0,0.99685,3.35,0.56,10.0,6,medium,red,78.9,0.10139416983523447,16.129032258064516,125.0
11.6,0.44,0.64,2.1,0.059,5.0,15.0,0.998,3.21,0.67,10.2,6,medium,red,80.47800000000001,0.14413877084420584,33.33333333333333,87.93103448275862
8.2,0.57,0.26,2.2,0.06,28.0,65.0,0.9959,3.3,0.43,10.1,5,low,red,79.68900000000001,0.10290002384268844,43.07692307692308,123.17073170731707
7.8,0.735,0.08,2.4,0.092,10.0,41.0,0.9974,3.24,0.71,9.8,6,medium,red,77.322,0.10087685264219756,24.390243902439025,125.64102564102566
7.0,0.49,0.49,5.6,0.06,26.0,121.0,0.9974,3.34,0.76,10.5,5,low,red,82.845,0.08449514152936206,21.487603305785125,150.0
8.7,0.625,0.16,2.0,0.101,13.0,49.0,0.9962,3.14,0.57,11.0,5,low,red,86.79,0.10024196335983407,26.53061224489796,126.4367816091954
8.1,0.725,0.22,2.2,0.072,11.0,41.0,0.9967,3.36,0.55,9.1,5,low,red,71.799,0.1128149417122801,26.82926829268293,112.34567901234568
7.5,0.49,0.19,1.9,0.076,10.0,44.0,0.9957,3.39,0.54,9.7,5,low,red,76.533,0.09799694249539415,22.727272727272727,129.33333333333331
7.8,0.53,0.33,2.4,0.08,24.0,144.0,0.99655,3.3,0.6,9.5,5,low,red,74.955,0.10406243746247748,16.666666666666664,121.79487179487181
7.8,0.34,0.37,2.0,0.082,24.0,58.0,0.9964,3.34,0.59,9.4,6,medium,red,74.166,0.10516948466952512,41.37931034482759,120.51282051282053
7.4,0.53,0.26,2.0,0.101,16.0,72.0,0.9957,3.15,0.57,9.4,5,low,red,74.166,0.09977617776339563,22.22222222222222,127.02702702702702
6.8,0.61,0.04,1.5,0.057,5.0,10.0,0.99525,3.42,0.6,9.5,5,low,red,74.955,0.09072109932626242,50.0,139.7058823529412
8.6,0.645,0.25,2.0,0.083,8.0,28.0,0.99815,3.28,0.6,10.0,6,medium,red,78.9,0.10899873257287705,28.57142857142857,116.27906976744187
8.4,0.635,0.36,2.0,0.089,15.0,55.0,0.99745,3.31,0.57,10.4,4,low,red,82.056,0.10236911377595789,27.27272727272727,123.80952380952381
7.7,0.43,0.25,2.6,0.073,29.0,63.0,0.99615,3.37,0.58,10.5,6,medium,red,82.845,0.09294465568229827,46.03174603174603,136.36363636363635
8.9,0.59,0.5,2.0,0.337,27.0,81.0,0.9964,3.04,1.61,9.5,6,medium,red,74.955,0.11873790941231406,33.33333333333333,106.74157303370787
9.0,0.82,0.14,2.6,0.089,9.0,23.0,0.9984,3.39,0.63,9.8,5,low,red,77.322,0.11639636843330488,39.130434782608695,108.8888888888889
7.7,0.43,0.25,2.6,0.073,29.0,63.0,0.99615,3.37,0.58,10.5,6,medium,red,82.845,0.09294465568229827,46.03174603174603,136.36363636363635
6.9,0.52,0.25,2.6,0.081,10.0,37.0,0.99685,3.46,0.5,11.0,5,low,red,86.79,0.07950224680262703,27.027027027027028,159.42028985507247
5.2,0.48,0.04,1.6,0.054,19.0,106.0,0.9927,3.54,0.62,12.2,7,medium,red,96.25800000000001,0.054021483928608525,17.92452830188679,234.61538461538458
8.0,0.38,0.06,1.8,0.078,12.0,49.0,0.99625,3.37,0.52,9.9,6,medium,red,78.111,0.1024183533689237,24.489795918367346,123.75
8.5,0.37,0.2,2.8,0.09,18.0,58.0,0.998,3.34,0.7,9.6,6,medium,red,75.744,0.11222010984368398,31.03448275862069,112.94117647058823
6.9,0.52,0.25,2.6,0.081,10.0,37.0,0.99685,3.46,0.5,11.0,5,low,red,86.79,0.07950224680262703,27.027027027027028,159.42028985507247
8.2,1.0,0.09,2.3,0.065,7.0,37.0,0.99685,3.32,0.55,9.0,6,medium,red,71.01,0.11547669342346147,18.91891891891892,109.75609756097562
7.2,0.63,0.0,1.9,0.097,14.0,38.0,0.99675,3.37,0.58,9.0,6,medium,red,71.01,0.10139416983523447,36.84210526315789,125.0
7.2,0.63,0.0,1.9,0.097,14.0,38.0,0.99675,3.37,0.58,9.0,6,medium,red,71.01,0.10139416983523447,36.84210526315789,125.0
7.2,0.645,0.0,1.9,0.097,15.0,39.0,0.99675,3.37,0.58,9.2,6,medium,red,72.58800000000001,0.0991899487518598,38.46153846153847,127.77777777777777
7.2,0.63,0.0,1.9,0.097,14.0,38.0,0.99675,3.37,0.58,9.0,6,medium,red,71.01,0.10139416983523447,36.84210526315789,125.0
8.2,1.0,0.09,2.3,0.065,7.0,37.0,0.99685,3.32,0.55,9.0,6,medium,red,71.01,0.11547669342346147,18.91891891891892,109.75609756097562
8.9,0.635,0.37,1.7,0.263,5.0,62.0,0.9971,3.0,1.09,9.3,5,low,red,73.37700000000001,0.12129141284053585,8.064516129032258,104.49438202247192
12.0,0.38,0.56,2.1,0.093,6.0,24.0,0.99925,3.14,0.71,10.9,6,medium,red,86.001,0.13953326124114834,25.0,90.83333333333333
7.7,0.58,0.1,1.8,0.102,28.0,109.0,0.99565,3.08,0.49,9.8,6,medium,red,77.322,0.09958355965960529,25.688073394495415,127.27272727272727
15.0,0.21,0.44,2.2,0.075,10.0,24.0,1.00005,3.07,0.84,9.2,7,medium,red,72.58800000000001,0.2066457265663746,41.66666666666667,61.33333333333333
15.0,0.21,0.44,2.2,0.075,10.0,24.0,1.00005,3.07,0.84,9.2,7,medium,red,72.58800000000001,0.2066457265663746,41.66666666666667,61.33333333333333
7.3,0.66,0.0,2.0,0.084,6.0,23.0,0.9983,3.61,0.96,9.9,6,medium,red,78.111,0.09345674744914288,26.08695652173913,135.6164383561644
7.1,0.68,0.07,1.9,0.075,16.0,51.0,0.99685,3.38,0.52,9.5,5,low,red,74.955,0.09472350076712693,31.372549019607842,133.80281690140845
8.2,0.6,0.17,2.3,0.072,11.0,73.0,0.9963,3.2,0.45,9.3,5,low,red,73.37700000000001,0.11175163879689819,15.068493150684931,113.41463414634147
7.7,0.53,0.06,1.7,0.074,9.0,39.0,0.99615,3.35,0.48,9.8,6,medium,red,77.322,0.09958355965960529,23.076923076923077,127.27272727272727
7.3,0.66,0.0,2.0,0.084,6.0,23.0,0.9983,3.61,0.96,9.9,6,medium,red,78.111,0.09345674744914288,26.08695652173913,135.6164383561644
10.8,0.32,0.44,1.6,0.063,16.0,37.0,0.9985,3.22,0.78,10.0,6,medium,red,78.9,0.13688212927756654,43.24324324324324,92.59259259259258
7.1,0.6,0.0,1.8,0.074,16.0,34.0,0.9972,3.47,0.7,9.9,6,medium,red,78.111,0.09089628861491979,47.05882352941176,139.43661971830988
11.1,0.35,0.48,3.1,0.09,5.0,21.0,0.9986,3.17,0.53,10.5,5,low,red,82.845,0.13398515299655983,23.809523809523807,94.5945945945946
7.7,0.775,0.42,1.9,0.092,8.0,86.0,0.9959,3.23,0.59,9.5,5,low,red,74.955,0.10272830364885599,9.30232558139535,123.37662337662339
7.1,0.6,0.0,1.8,0.074,16.0,34.0,0.9972,3.47,0.7,9.9,6,medium,red,78.111,0.09089628861491979,47.05882352941176,139.43661971830988
8.0,0.57,0.23,3.2,0.073,17.0,119.0,0.99675,3.26,0.57,9.3,5,low,red,73.37700000000001,0.10902598907014459,14.285714285714285,116.25000000000001
9.4,0.34,0.37,2.2,0.075,5.0,13.0,0.998,3.22,0.62,9.2,5,low,red,72.58800000000001,0.1294979886482614,38.46153846153847,97.8723404255319
6.6,0.695,0.0,2.1,0.075,12.0,56.0,0.9968,3.49,0.67,9.2,5,low,red,72.58800000000001,0.09092411968920482,21.428571428571427,139.39393939393938
7.7,0.41,0.76,1.8,0.611,8.0,45.0,0.9968,3.06,1.26,9.4,5,low,red,74.166,0.10382115794299275,17.77777777777778,122.07792207792207
10.0,0.31,0.47,2.6,0.085,14.0,33.0,0.99965,3.36,0.8,10.5,7,medium,red,82.845,0.1207073450419458,42.42424242424242,105.0
7.9,0.33,0.23,1.7,0.077,18.0,45.0,0.99625,3.29,0.65,9.3,5,low,red,73.37700000000001,0.10766316420676778,40.0,117.72151898734178
7.0,0.975,0.04,2.0,0.087,12.0,67.0,0.99565,3.35,0.6,9.4,4,low,red,74.166,0.09438287085726614,17.91044776119403,134.2857142857143
8.0,0.52,0.03,1.7,0.07,10.0,35.0,0.99575,3.34,0.57,10.0,5,low,red,78.9,0.10139416983523447,28.57142857142857,125.0
7.9,0.37,0.23,1.8,0.077,23.0,49.0,0.9963,3.28,0.67,9.3,5,low,red,73.37700000000001,0.10766316420676778,46.93877551020408,117.72151898734178
12.5,0.56,0.49,2.4,0.064,5.0,27.0,0.9999,3.08,0.87,10.9,5,low,red,86.001,0.1453471471261962,18.51851851851852,87.2
11.8,0.26,0.52,1.8,0.071,6.0,10.0,0.9968,3.2,0.72,10.2,7,medium,red,80.47800000000001,0.1466239220656577,60.0,86.44067796610169
8.1,0.87,0.0,3.3,0.096,26.0,61.0,1.00025,3.6,0.72,9.8,4,low,red,77.322,0.10475673158997438,42.62295081967213,120.98765432098766
7.9,0.35,0.46,3.6,0.078,15.0,37.0,0.9973,3.35,0.86,12.8,8,high,red,100.992,0.07822401774397972,40.54054054054054,162.0253164556962
6.9,0.54,0.04,3.0,0.077,7.0,27.0,0.9987,3.69,0.91,9.4,6,medium,red,74.166,0.09303454413073377,25.925925925925924,136.23188405797103
11.5,0.18,0.51,4.0,0.104,4.0,23.0,0.9996,3.28,0.97,10.1,6,medium,red,79.68900000000001,0.14431100904767283,17.391304347826086,87.82608695652173
7.9,0.545,0.06,4.0,0.087,27.0,61.0,0.9965,3.36,0.67,10.7,6,medium,red,84.423,0.09357639505821873,44.26229508196721,135.44303797468353
11.5,0.18,0.51,4.0,0.104,4.0,23.0,0.9996,3.28,0.97,10.1,6,medium,red,79.68900000000001,0.14431100904767283,17.391304347826086,87.82608695652173
10.9,0.37,0.58,4.0,0.071,17.0,65.0,0.99935,3.22,0.78,10.1,5,low,red,79.68900000000001,0.13678173901040294,26.153846153846157,92.66055045871559
8.4,0.715,0.2,2.4,0.076,10.0,38.0,0.99735,3.31,0.64,9.4,5,low,red,74.166,0.11325944502871937,26.31578947368421,111.90476190476191
7.5,0.65,0.18,7.0,0.088,27.0,94.0,0.99915,3.38,0.77,9.4,5,low,red,74.166,0.101124504489928,28.723404255319153,125.33333333333334
7.9,0.545,0.06,4.0,0.087,27.0,61.0,0.9965,3.36,0.67,10.7,6,medium,red,84.423,0.09357639505821873,44.26229508196721,135.44303797468353
6.9,0.54,0.04,3.0,0.077,7.0,27.0,0.9987,3.69,0.91,9.4,6,medium,red,74.166,0.09303454413073377,25.925925925925924,136.23188405797103
11.5,0.18,0.51,4.0,0.104,4.0,23.0,0.9996,3.28,0.97,10.1,6,medium,red,79.68900000000001,0.14431100904767283,17.391304347826086,87.82608695652173
10.3,0.32,0.45,6.4,0.073,5.0,13.0,0.9976,3.23,0.82,12.6,8,high,red,99.414,0.10360713782767016,38.46153846153847,122.33009708737863
8.9,0.4,0.32,5.6,0.087,10.0,47.0,0.9991,3.38,0.77,10.5,7,medium,red,82.845,0.10742953708733177,21.27659574468085,117.97752808988764
11.4,0.26,0.44,3.6,0.071,6.0,19.0,0.9986,3.12,0.82,9.3,6,medium,red,73.37700000000001,0.15536203442495602,31.57894736842105,81.57894736842105
7.7,0.27,0.68,3.5,0.358,5.0,10.0,0.9972,3.25,1.08,9.9,7,medium,red,78.111,0.09857766511758907,50.0,128.57142857142858
7.6,0.52,0.12,3.0,0.067,12.0,53.0,0.9971,3.36,0.57,9.1,5,low,red,71.799,0.10585105642139861,22.641509433962266,119.73684210526316
8.9,0.4,0.32,5.6,0.087,10.0,47.0,0.9991,3.38,0.77,10.5,7,medium,red,82.845,0.10742953708733177,21.27659574468085,117.97752808988764
9.9,0.59,0.07,3.4,0.102,32.0,71.0,1.00015,3.31,0.71,9.8,5,low,red,77.322,0.12803600527663536,45.07042253521127,98.98989898989899
9.9,0.59,0.07,3.4,0.102,32.0,71.0,1.00015,3.31,0.71,9.8,5,low,red,77.322,0.12803600527663536,45.07042253521127,98.98989898989899
12.0,0.45,0.55,2.0,0.073,25.0,49.0,0.9997,3.1,0.76,10.3,6,medium,red,81.26700000000001,0.1476614123814094,51.02040816326531,85.83333333333334
7.5,0.4,0.12,3.0,0.092,29.0,53.0,0.9967,3.37,0.7,10.3,6,medium,red,81.26700000000001,0.09228838273838089,54.71698113207547,137.33333333333334
8.7,0.52,0.09,2.5,0.091,20.0,49.0,0.9976,3.34,0.86,10.6,7,medium,red,83.634,0.10402467895831838,40.816326530612244,121.83908045977012
11.6,0.42,0.53,3.3,0.105,33.0,98.0,1.001,3.2,0.95,9.2,5,low,red,72.58800000000001,0.159806028544663,33.6734693877551,79.31034482758619
8.7,0.52,0.09,2.5,0.091,20.0,49.0,0.9976,3.34,0.86,10.6,7,medium,red,83.634,0.10402467895831838,40.816326530612244,121.83908045977012
11.0,0.2,0.48,2.0,0.343,6.0,18.0,0.9979,3.3,0.71,10.5,5,low,red,82.845,0.13277807954614038,33.33333333333333,95.45454545454545
10.4,0.55,0.23,2.7,0.091,18.0,48.0,0.9994,3.22,0.64,10.3,6,medium,red,81.26700000000001,0.12797322406388817,37.5,99.03846153846155
6.9,0.36,0.25,2.4,0.098,5.0,16.0,0.9964,3.41,0.6,10.1,6,medium,red,79.68900000000001,0.08658660542860369,31.25,146.37681159420288
13.3,0.34,0.52,3.2,0.094,17.0,53.0,1.0014,3.05,0.81,9.5,6,medium,red,74.955,0.17743979721166034,32.075471698113205,71.42857142857143
10.8,0.5,0.46,2.5,0.073,5.0,27.0,1.0001,3.05,0.64,9.5,5,low,red,74.955,0.14408645187112268,18.51851851851852,87.96296296296295
10.6,0.83,0.37,2.6,0.086,26.0,70.0,0.9981,3.16,0.52,9.9,5,low,red,78.111,0.1357043182138239,37.142857142857146,93.39622641509435
7.1,0.63,0.06,2.0,0.083,8.0,29.0,0.99855,3.67,0.73,9.6,5,low,red,75.744,0.09373679763413603,27.586206896551722,135.2112676056338
7.2,0.65,0.02,2.3,0.094,5.0,31.0,0.9993,3.67,0.8,9.7,5,low,red,76.533,0.09407706479557838,16.129032258064516,134.7222222222222
6.9,0.67,0.06,2.1,0.08,8.0,33.0,0.99845,3.68,0.71,9.6,5,low,red,75.744,0.09109632446134348,24.242424242424242,139.1304347826087
7.5,0.53,0.06,2.6,0.086,20.0,44.0,0.9965,3.38,0.59,10.7,6,medium,red,84.423,0.08883834973881526,45.45454545454545,142.66666666666666
11.1,0.18,0.48,1.5,0.068,7.0,15.0,0.9973,3.22,0.64,10.1,6,medium,red,79.68900000000001,0.1392914956894929,46.666666666666664,90.990990990991
8.3,0.705,0.12,2.6,0.092,12.0,28.0,0.9994,3.51,0.72,10.0,5,low,red,78.9,0.10519645120405577,42.857142857142854,120.48192771084337
7.4,0.67,0.12,1.6,0.186,5.0,21.0,0.996,3.39,0.54,9.5,5,low,red,74.955,0.09872590220799146,23.809523809523807,128.3783783783784
8.4,0.65,0.6,2.1,0.112,12.0,90.0,0.9973,3.2,0.52,9.2,5,low,red,72.58800000000001,0.11572160687716977,13.333333333333334,109.52380952380952
10.3,0.53,0.48,2.5,0.063,6.0,25.0,0.9998,3.12,0.59,9.3,6,medium,red,73.37700000000001,0.14037096092781115,24.0,90.29126213592234
7.6,0.62,0.32,2.2,0.082,7.0,54.0,0.9966,3.36,0.52,9.4,5,low,red,74.166,0.10247283121646038,12.962962962962962,123.6842105263158
10.3,0.41,0.42,2.4,0.213,6.0,14.0,0.9994,3.19,0.62,9.5,6,medium,red,74.955,0.13741578280301517,42.857142857142854,92.23300970873785
10.3,0.43,0.44,2.4,0.214,5.0,12.0,0.9994,3.19,0.63,9.5,6,medium,red,74.955,0.13741578280301517,41.66666666666667,92.23300970873785
7.4,0.29,0.38,1.7,0.062,9.0,30.0,0.9968,3.41,0.53,9.5,6,medium,red,74.955,0.09872590220799146,30.0,128.3783783783784
10.3,0.53,0.48,2.5,0.063,6.0,25.0,0.9998,3.12,0.59,9.3,6,medium,red,73.37700000000001,0.14037096092781115,24.0,90.29126213592234
7.9,0.53,0.24,2.0,0.072,15.0,105.0,0.996,3.27,0.54,9.4,6,medium,red,74.166,0.1065178113960575,14.285714285714285,118.9873417721519
9.0,0.46,0.31,2.8,0.093,19.0,98.0,0.99815,3.32,0.63,9.5,6,medium,red,74.955,0.12007204322593557,19.387755102040817,105.55555555555556
8.6,0.47,0.3,3.0,0.076,30.0,135.0,0.9976,3.3,0.53,9.4,5,low,red,74.166,0.1159560984817841,22.22222222222222,109.30232558139537
7.4,0.36,0.29,2.6,0.087,26.0,72.0,0.99645,3.39,0.68,11.0,5,low,red,86.79,0.08526327917962899,36.11111111111111,148.64864864864865
7.1,0.35,0.29,2.5,0.096,20.0,53.0,0.9962,3.42,0.65,11.0,6,medium,red,86.79,0.08180665975342781,37.735849056603776,154.92957746478874
9.6,0.56,0.23,3.4,0.102,37.0,92.0,0.9996,3.3,0.65,10.1,5,low,red,79.68900000000001,0.12046832059631817,40.21739130434783,105.20833333333333
9.6,0.77,0.12,2.9,0.082,30.0,74.0,0.99865,3.3,0.64,10.4,6,medium,red,82.056,0.11699327288680901,40.54054054054054,108.33333333333334
9.8,0.66,0.39,3.2,0.083,21.0,59.0,0.9989,3.37,0.71,11.5,7,medium,red,90.735,0.10800683308535847,35.59322033898305,117.3469387755102
9.6,0.77,0.12,2.9,0.082,30.0,74.0,0.99865,3.3,0.64,10.4,6,medium,red,82.056,0.11699327288680901,40.54054054054054,108.33333333333334
9.8,0.66,0.39,3.2,0.083,21.0,59.0,0.9989,3.37,0.71,11.5,7,medium,red,90.735,0.10800683308535847,35.59322033898305,117.3469387755102
9.3,0.61,0.26,3.4,0.09,25.0,87.0,0.99975,3.24,0.62,9.7,5,low,red,76.533,0.12151620869428875,28.735632183908045,104.30107526881717
7.8,0.62,0.05,2.3,0.079,6.0,18.0,0.99735,3.29,0.63,9.3,5,low,red,73.37700000000001,0.10630033934339096,33.33333333333333,119.23076923076925
10.3,0.59,0.42,2.8,0.09,35.0,73.0,0.999,3.28,0.7,9.5,6,medium,red,74.955,0.13741578280301517,47.94520547945205,92.23300970873785
10.0,0.49,0.2,11.0,0.071,13.0,50.0,1.0015,3.16,0.69,9.2,6,medium,red,72.58800000000001,0.1377638177109164,26.0,92.0
10.0,0.49,0.2,11.0,0.071,13.0,50.0,1.0015,3.16,0.69,9.2,6,medium,red,72.58800000000001,0.1377638177109164,26.0,92.0
11.6,0.53,0.66,3.65,0.121,6.0,14.0,0.9978,3.05,0.74,11.5,7,medium,red,90.735,0.12784482283573043,42.857142857142854,99.13793103448276
10.3,0.44,0.5,4.5,0.107,5.0,13.0,0.998,3.28,0.83,11.5,5,low,red,90.735,0.11351738579379513,38.46153846153847,111.6504854368932
13.4,0.27,0.62,2.6,0.082,6.0,21.0,1.0002,3.16,0.67,9.7,6,medium,red,76.533,0.17508787059177086,28.57142857142857,72.38805970149254
10.7,0.46,0.39,2.0,0.061,7.0,15.0,0.9981,3.18,0.62,9.5,5,low,red,74.955,0.14275231805750116,46.666666666666664,88.78504672897198
10.2,0.36,0.64,2.9,0.122,10.0,41.0,0.998,3.23,0.66,12.5,6,medium,red,98.625,0.10342205323193916,24.390243902439025,122.54901960784315
10.2,0.36,0.64,2.9,0.122,10.0,41.0,0.998,3.23,0.66,12.5,6,medium,red,98.625,0.10342205323193916,24.390243902439025,122.54901960784315
8.0,0.58,0.28,3.2,0.066,21.0,114.0,0.9973,3.22,0.54,9.4,6,medium,red,74.166,0.10786613812258987,18.421052631578945,117.5
8.4,0.56,0.08,2.1,0.105,16.0,44.0,0.9958,3.13,0.52,11.0,5,low,red,86.79,0.0967853439336329,36.36363636363637,130.95238095238096
7.9,0.65,0.01,2.5,0.078,17.0,38.0,0.9963,3.34,0.74,11.7,7,medium,red,92.313,0.0855784125746103,44.73684210526316,148.1012658227848
11.9,0.695,0.53,3.4,0.128,7.0,21.0,0.9992,3.17,0.84,12.2,7,medium,red,96.25800000000001,0.12362608822123874,33.33333333333333,102.52100840336134
8.9,0.43,0.45,1.9,0.052,6.0,16.0,0.9948,3.35,0.7,12.5,6,medium,red,98.625,0.09024081115335869,37.5,140.44943820224717
7.8,0.43,0.32,2.8,0.08,29.0,58.0,0.9974,3.31,0.64,10.3,5,low,red,81.26700000000001,0.09597991804791611,50.0,132.05128205128207
12.4,0.49,0.58,3.0,0.103,28.0,99.0,1.0008,3.16,1.0,11.5,6,medium,red,90.735,0.13666170716922907,28.28282828282828,92.74193548387096
12.5,0.28,0.54,2.3,0.082,12.0,29.0,0.9997,3.11,1.36,9.8,7,medium,red,77.322,0.16166162282403454,41.37931034482759,78.4
12.2,0.34,0.5,2.4,0.066,10.0,21.0,1.0,3.12,1.18,9.2,6,medium,red,72.58800000000001,0.168071857607318,47.61904761904761,75.40983606557377
10.6,0.42,0.48,2.7,0.065,5.0,18.0,0.9972,3.21,0.87,11.3,6,medium,red,89.15700000000001,0.11889139383335014,27.77777777777778,106.60377358490567
10.9,0.39,0.47,1.8,0.118,6.0,14.0,0.9982,3.3,0.75,9.8,6,medium,red,77.322,0.14096893510255815,42.857142857142854,89.90825688073394
10.9,0.39,0.47,1.8,0.118,6.0,14.0,0.9982,3.3,0.75,9.8,6,medium,red,77.322,0.14096893510255815,42.857142857142854,89.90825688073394
11.9,0.57,0.5,2.6,0.082,6.0,32.0,1.0006,3.12,0.78,10.7,6,medium,red,84.423,0.14095684825225355,18.75,89.91596638655462
7.0,0.685,0.0,1.9,0.067,40.0,63.0,0.9979,3.6,0.81,9.9,5,low,red,78.111,0.08961605919780824,63.49206349206349,141.42857142857144
6.6,0.815,0.02,2.7,0.072,17.0,34.0,0.9955,3.58,0.89,12.3,7,medium,red,97.04700000000001,0.06800828464558409,50.0,186.36363636363637
13.8,0.49,0.67,3.0,0.093,6.0,15.0,0.9986,3.02,0.93,12.0,6,medium,red,94.68,0.14575411913814956,40.0,86.95652173913044
9.6,0.56,0.31,2.8,0.089,15.0,46.0,0.9979,3.11,0.92,10.0,6,medium,red,78.9,0.12167300380228135,32.608695652173914,104.16666666666667
9.1,0.785,0.0,2.6,0.093,11.0,28.0,0.9994,3.36,0.86,9.4,6,medium,red,74.166,0.12269773211444597,39.285714285714285,103.29670329670331
10.7,0.67,0.22,2.7,0.107,17.0,34.0,1.0004,3.28,0.98,9.9,6,medium,red,78.111,0.13698454763093545,50.0,92.52336448598132
9.1,0.795,0.0,2.6,0.096,11.0,26.0,0.9994,3.35,0.83,9.4,6,medium,red,74.166,0.12269773211444597,42.30769230769231,103.29670329670331
7.7,0.665,0.0,2.4,0.09,8.0,19.0,0.9974,3.27,0.73,9.3,5,low,red,73.37700000000001,0.10493751448001416,42.10526315789473,120.7792207792208
13.5,0.53,0.79,4.8,0.12,23.0,77.0,1.0018,3.18,0.77,13.0,5,low,red,102.57000000000001,0.13161743199766013,29.87012987012987,96.29629629629629
6.1,0.21,0.4,1.4,0.066,40.5,165.0,0.9912,3.25,0.59,11.9,6,medium,red,93.891,0.064968953360812,24.545454545454547,195.08196721311478
6.7,0.75,0.01,2.4,0.078,17.0,32.0,0.9955,3.55,0.61,12.8,6,medium,red,100.992,0.06634188846641317,53.125,191.04477611940297
11.5,0.41,0.52,3.0,0.08,29.0,55.0,1.0001,3.26,0.88,11.0,5,low,red,86.79,0.13250374467104503,52.72727272727272,95.65217391304348
10.5,0.42,0.66,2.95,0.116,12.0,29.0,0.997,3.24,0.75,11.7,7,medium,red,92.313,0.11374345975106431,41.37931034482759,111.42857142857143
11.9,0.43,0.66,3.1,0.109,10.0,23.0,1.0,3.15,0.85,10.4,7,medium,red,82.056,0.14502291118260702,43.47826086956522,87.39495798319328
12.6,0.38,0.66,2.6,0.088,10.0,41.0,1.001,3.17,0.68,9.8,6,medium,red,77.322,0.16295491580662683,24.390243902439025,77.77777777777779
8.2,0.7,0.23,2.0,0.099,14.0,81.0,0.9973,3.19,0.7,9.4,5,low,red,74.166,0.1105627915756546,17.28395061728395,114.63414634146343
8.6,0.45,0.31,2.6,0.086,21.0,50.0,0.9982,3.37,0.91,9.9,6,medium,red,78.111,0.11009972987159299,42.0,115.11627906976744
11.9,0.58,0.66,2.5,0.072,6.0,37.0,0.9992,3.05,0.56,10.0,5,low,red,78.9,0.15082382762991128,16.216216216216218,84.03361344537815
12.5,0.46,0.63,2.0,0.071,6.0,15.0,0.9988,2.99,0.87,10.2,5,low,red,80.47800000000001,0.15532195134073906,40.0,81.6
12.8,0.615,0.66,5.8,0.083,7.0,42.0,1.0022,3.07,0.73,10.0,7,medium,red,78.9,0.16223067173637515,16.666666666666664,78.125
10.0,0.42,0.5,3.4,0.107,7.0,21.0,0.9979,3.26,0.93,11.8,6,medium,red,93.102,0.10740907821529075,33.33333333333333,118.00000000000001
12.8,0.615,0.66,5.8,0.083,7.0,42.0,1.0022,3.07,0.73,10.0,7,medium,red,78.9,0.16223067173637515,16.666666666666664,78.125
10.4,0.575,0.61,2.6,0.076,11.0,24.0,1.0,3.16,0.69,9.0,5,low,red,71.01,0.1464582453175609,45.83333333333333,86.53846153846153
10.3,0.34,0.52,2.8,0.159,15.0,75.0,0.9998,3.18,0.64,9.4,5,low,red,74.166,0.13887765283283446,20.0,91.26213592233009
9.4,0.27,0.53,2.4,0.074,6.0,18.0,0.9962,3.2,1.13,12.0,7,medium,red,94.68,0.09928179129700042,33.33333333333333,127.6595744680851
6.9,0.765,0.02,2.3,0.063,35.0,63.0,0.9975,3.57,0.78,9.9,5,low,red,78.111,0.0883358297806967,55.55555555555556,143.47826086956522
7.9,0.24,0.4,1.6,0.056,11.0,25.0,0.9967,3.32,0.87,8.7,6,medium,red,68.643,0.11508821001413108,44.0,110.126582278481
9.1,0.28,0.48,1.8,0.067,26.0,46.0,0.9967,3.32,1.04,10.6,6,medium,red,83.634,0.10880742281847096,56.52173913043478,116.4835164835165
7.4,0.55,0.22,2.2,0.106,12.0,72.0,0.9959,3.05,0.63,9.2,5,low,red,72.58800000000001,0.10194522510607813,16.666666666666664,124.3243243243243
14.0,0.41,0.63,3.8,0.089,6.0,47.0,1.0014,3.01,0.81,10.8,6,medium,red,85.212,0.16429610852931512,12.76595744680851,77.14285714285715
11.5,0.54,0.71,4.4,0.124,6.0,15.0,0.9984,3.01,0.83,11.8,7,medium,red,93.102,0.12352043994758437,40.0,102.60869565217392
11.5,0.45,0.5,3.0,0.078,19.0,47.0,1.0003,3.26,1.11,11.0,6,medium,red,86.79,0.13250374467104503,40.42553191489361,95.65217391304348
9.4,0.27,0.53,2.4,0.074,6.0,18.0,0.9962,3.2,1.13,12.0,7,medium,red,94.68,0.09928179129700042,33.33333333333333,127.6595744680851
11.4,0.625,0.66,6.2,0.088,6.0,24.0,0.9988,3.11,0.99,13.3,6,medium,red,104.937,0.10863661053775123,25.0,116.66666666666667
8.3,0.42,0.38,2.5,0.094,24.0,60.0,0.9979,3.31,0.7,10.8,6,medium,red,85.212,0.09740412148523682,40.0,130.12048192771084
8.3,0.26,0.42,2.0,0.08,11.0,27.0,0.9974,3.21,0.8,9.4,6,medium,red,74.166,0.111911118302187,40.74074074074074,113.25301204819276
13.7,0.415,0.68,2.9,0.085,17.0,43.0,1.0014,3.06,0.8,10.0,6,medium,red,78.9,0.173637515842839,39.53488372093023,72.99270072992701
8.3,0.26,0.42,2.0,0.08,11.0,27.0,0.9974,3.21,0.8,9.4,6,medium,red,74.166,0.111911118302187,40.74074074074074,113.25301204819276
8.3,0.26,0.42,2.0,0.08,11.0,27.0,0.9974,3.21,0.8,9.4,6,medium,red,74.166,0.111911118302187,40.74074074074074,113.25301204819276
7.7,0.51,0.28,2.1,0.087,23.0,54.0,0.998,3.42,0.74,9.2,5,low,red,72.58800000000001,0.10607813963740562,42.592592592592595,119.48051948051948
7.4,0.63,0.07,2.4,0.09,11.0,37.0,0.9979,3.43,0.76,9.7,6,medium,red,76.533,0.09669031659545556,29.72972972972973,131.08108108108107
7.8,0.54,0.26,2.0,0.088,23.0,48.0,0.9981,3.41,0.74,9.2,6,medium,red,72.58800000000001,0.10745577781451478,47.91666666666667,117.94871794871796
8.3,0.66,0.15,1.9,0.079,17.0,42.0,0.9972,3.31,0.54,9.6,6,medium,red,75.744,0.10957963667089143,40.476190476190474,115.66265060240963
7.8,0.46,0.26,1.9,0.088,23.0,53.0,0.9981,3.43,0.74,9.2,6,medium,red,72.58800000000001,0.10745577781451478,43.39622641509434,117.94871794871796
9.6,0.38,0.31,2.5,0.096,16.0,49.0,0.9982,3.19,0.7,10.0,7,medium,red,78.9,0.12167300380228135,32.6530612244898,104.16666666666667
5.6,0.85,0.05,1.4,0.045,12.0,88.0,0.9924,3.56,0.82,12.9,8,high,red,101.781,0.05502009215865436,13.636363636363635,230.3571428571429
13.7,0.415,0.68,2.9,0.085,17.0,43.0,1.0014,3.06,0.8,10.0,6,medium,red,78.9,0.173637515842839,39.53488372093023,72.99270072992701
9.5,0.37,0.52,2.0,0.082,6.0,26.0,0.998,3.18,0.51,9.5,5,low,red,74.955,0.1267427122940431,23.076923076923077,100.0
8.4,0.665,0.61,2.0,0.112,13.0,95.0,0.997,3.16,0.54,9.1,5,low,red,71.799,0.116993272886809,13.684210526315791,108.33333333333333
12.7,0.6,0.65,2.3,0.063,6.0,25.0,0.9997,3.03,0.57,9.9,5,low,red,78.111,0.16258913597316638,24.0,77.95275590551182
12.0,0.37,0.76,4.2,0.066,7.0,38.0,1.0004,3.22,0.6,13.0,7,medium,red,102.57000000000001,0.116993272886809,18.421052631578945,108.33333333333333
6.6,0.735,0.02,7.9,0.122,68.0,124.0,0.9994,3.47,0.53,9.9,5,low,red,78.111,0.08449514152936205,54.83870967741935,150.00000000000003
11.5,0.59,0.59,2.6,0.087,13.0,49.0,0.9988,3.18,0.65,11.0,6,medium,red,86.79,0.13250374467104503,26.53061224489796,95.65217391304348
11.5,0.59,0.59,2.6,0.087,13.0,49.0,0.9988,3.18,0.65,11.0,6,medium,red,86.79,0.13250374467104503,26.53061224489796,95.65217391304348
8.7,0.765,0.22,2.3,0.064,9.0,42.0,0.9963,3.1,0.55,9.4,5,low,red,74.166,0.11730442520831648,21.428571428571427,108.04597701149427
6.6,0.735,0.02,7.9,0.122,68.0,124.0,0.9994,3.47,0.53,9.9,5,low,red,78.111,0.08449514152936205,54.83870967741935,150.00000000000003
7.7,0.26,0.3,1.7,0.059,20.0,38.0,0.9949,3.29,0.47,10.8,6,medium,red,85.212,0.09036285969112332,52.63157894736842,140.25974025974025
12.2,0.48,0.54,2.6,0.085,19.0,64.0,1.0,3.1,0.61,10.5,6,medium,red,82.845,0.14726296095117386,29.6875,86.06557377049181
11.4,0.6,0.49,2.7,0.085,10.0,41.0,0.9994,3.15,0.63,10.5,6,medium,red,82.845,0.13760637334781822,24.390243902439025,92.10526315789474
7.7,0.69,0.05,2.7,0.075,15.0,27.0,0.9974,3.26,0.61,9.1,5,low,red,71.799,0.10724383347957492,55.55555555555556,118.18181818181816
8.7,0.31,0.46,1.4,0.059,11.0,25.0,0.9966,3.36,0.76,10.1,6,medium,red,79.68900000000001,0.10917441554041334,44.0,116.0919540229885
9.8,0.44,0.47,2.5,0.063,9.0,28.0,0.9981,3.24,0.65,10.8,6,medium,red,85.212,0.11500727597052059,32.142857142857146,110.20408163265304
12.0,0.39,0.66,3.0,0.093,12.0,30.0,0.9996,3.18,0.63,10.8,7,medium,red,85.212,0.1408252358822701,40.0,90.0
10.4,0.34,0.58,3.7,0.174,6.0,16.0,0.997,3.19,0.7,11.3,6,medium,red,89.15700000000001,0.11664815998743788,37.5,108.65384615384616
12.5,0.46,0.49,4.5,0.07,26.0,49.0,0.9981,3.05,0.57,9.6,4,low,red,75.744,0.16502957329953527,53.06122448979592,76.8
9.0,0.43,0.34,2.5,0.08,26.0,86.0,0.9987,3.38,0.62,9.5,6,medium,red,74.955,0.12007204322593557,30.23255813953488,105.55555555555556
9.1,0.45,0.35,2.4,0.08,23.0,78.0,0.9987,3.38,0.62,9.5,5,low,red,74.955,0.12140617703955707,29.48717948717949,104.39560439560441
7.1,0.735,0.16,1.9,0.1,15.0,77.0,0.9966,3.27,0.64,9.3,5,low,red,73.37700000000001,0.09676056529975331,19.480519480519483,130.98591549295776
9.9,0.4,0.53,6.7,0.097,6.0,19.0,0.9986,3.27,0.82,11.7,7,medium,red,92.313,0.10724383347957493,31.57894736842105,118.18181818181816
8.8,0.52,0.34,2.7,0.087,24.0,122.0,0.9982,3.26,0.61,9.5,5,low,red,74.955,0.11740377559869256,19.672131147540984,107.95454545454544
8.6,0.725,0.24,6.6,0.117,31.0,134.0,1.0014,3.32,1.07,9.3,5,low,red,73.37700000000001,0.11720293825040543,23.134328358208954,108.13953488372094
10.6,0.48,0.64,2.2,0.111,6.0,20.0,0.997,3.26,0.66,11.7,6,medium,red,92.313,0.11482673079631253,30.0,110.37735849056602
7.0,0.58,0.12,1.9,0.091,34.0,124.0,0.9956,3.44,0.48,10.5,5,low,red,82.845,0.08449514152936206,27.419354838709676,150.0
11.9,0.38,0.51,2.0,0.121,7.0,20.0,0.9996,3.24,0.76,10.4,6,medium,red,82.056,0.14502291118260702,35.0,87.39495798319328
6.8,0.77,0.0,1.8,0.066,34.0,52.0,0.9976,3.62,0.68,9.9,5,low,red,78.111,0.08705560036358514,65.38461538461539,145.58823529411765
9.5,0.56,0.33,2.4,0.089,35.0,67.0,0.9972,3.28,0.73,11.8,7,medium,red,93.102,0.10203862430452622,52.23880597014925,124.21052631578948
6.6,0.84,0.03,2.3,0.059,32.0,48.0,0.9952,3.52,0.56,12.3,7,medium,red,97.04700000000001,0.06800828464558409,66.66666666666666,186.36363636363637
7.7,0.96,0.2,2.0,0.047,15.0,60.0,0.9955,3.36,0.44,10.9,5,low,red,86.001,0.08953384262973686,25.0,141.55844155844156
10.5,0.24,0.47,2.1,0.066,6.0,24.0,0.9978,3.15,0.9,11.0,7,medium,red,86.79,0.12098167991704112,25.0,104.76190476190477
7.7,0.96,0.2,2.0,0.047,15.0,60.0,0.9955,3.36,0.44,10.9,5,low,red,86.001,0.08953384262973686,25.0,141.55844155844156
6.6,0.84,0.03,2.3,0.059,32.0,48.0,0.9952,3.52,0.56,12.3,7,medium,red,97.04700000000001,0.06800828464558409,66.66666666666666,186.36363636363637
6.4,0.67,0.08,2.1,0.045,19.0,48.0,0.9949,3.49,0.49,11.4,6,medium,red,89.946,0.071153803393147,39.58333333333333,178.125
9.5,0.78,0.22,1.9,0.077,6.0,32.0,0.9988,3.26,0.56,10.6,6,medium,red,83.634,0.11359016667862352,18.75,111.57894736842104
9.1,0.52,0.33,1.3,0.07,9.0,30.0,0.9978,3.24,0.6,9.3,5,low,red,73.37700000000001,0.12401706256728946,30.0,102.19780219780222
12.8,0.84,0.63,2.4,0.088,13.0,35.0,0.9997,3.1,0.6,10.4,6,medium,red,82.056,0.15599103051574537,37.142857142857146,81.25
10.5,0.24,0.47,2.1,0.066,6.0,24.0,0.9978,3.15,0.9,11.0,7,medium,red,86.79,0.12098167991704112,25.0,104.76190476190477
7.8,0.55,0.35,2.2,0.074,21.0,66.0,0.9974,3.25,0.56,9.2,5,low,red,72.58800000000001,0.10745577781451478,31.818181818181817,117.94871794871796
11.9,0.37,0.69,2.3,0.078,12.0,24.0,0.9958,3.0,0.65,12.8,6,medium,red,100.992,0.11783111533586818,50.0,107.56302521008404
12.3,0.39,0.63,2.3,0.091,6.0,18.0,1.0004,3.16,0.49,9.5,5,low,red,74.955,0.1640984590754453,33.33333333333333,77.23577235772358
10.4,0.41,0.55,3.2,0.076,22.0,54.0,0.9996,3.15,0.89,9.9,6,medium,red,78.111,0.13314385937960083,40.74074074074074,95.1923076923077
12.3,0.39,0.63,2.3,0.091,6.0,18.0,1.0004,3.16,0.49,9.5,5,low,red,74.955,0.1640984590754453,33.33333333333333,77.23577235772358
8.0,0.67,0.3,2.0,0.06,38.0,62.0,0.9958,3.26,0.56,10.2,6,medium,red,80.47800000000001,0.099406048858073,61.29032258064516,127.49999999999999
11.1,0.45,0.73,3.2,0.066,6.0,22.0,0.9986,3.17,0.66,11.2,6,medium,red,88.36800000000001,0.12561108093427484,27.27272727272727,100.9009009009009
10.4,0.41,0.55,3.2,0.076,22.0,54.0,0.9996,3.15,0.89,9.9,6,medium,red,78.111,0.13314385937960083,40.74074074074074,95.1923076923077
7.0,0.62,0.18,1.5,0.062,7.0,50.0,0.9951,3.08,0.6,9.3,5,low,red,73.37700000000001,0.09539774043637651,14.000000000000002,132.85714285714286
12.6,0.31,0.72,2.2,0.072,6.0,29.0,0.9987,2.88,0.82,9.8,8,high,red,77.322,0.16295491580662683,20.689655172413794,77.77777777777779
11.9,0.4,0.65,2.15,0.068,7.0,27.0,0.9988,3.06,0.68,11.3,6,medium,red,89.15700000000001,0.13347241383177988,25.925925925925924,94.95798319327731
15.6,0.685,0.76,3.7,0.1,6.0,43.0,1.0032,2.95,0.68,11.2,7,medium,red,88.36800000000001,0.17653449212384573,13.953488372093023,71.7948717948718
10.0,0.44,0.49,2.7,0.077,11.0,19.0,0.9963,3.23,0.63,11.6,7,medium,red,91.524,0.10926095887417508,57.89473684210527,115.99999999999999
5.3,0.57,0.01,1.7,0.054,5.0,27.0,0.9934,3.57,0.84,12.5,7,medium,red,98.625,0.05373891001267427,18.51851851851852,235.8490566037736
9.5,0.735,0.1,2.1,0.079,6.0,31.0,0.9986,3.23,0.56,10.1,6,medium,red,79.68900000000001,0.11921344225677319,19.35483870967742,106.3157894736842
12.5,0.38,0.6,2.6,0.081,31.0,72.0,0.9996,3.1,0.73,10.5,5,low,red,82.845,0.15088418130243225,43.05555555555556,84.0
9.3,0.48,0.29,2.1,0.127,6.0,16.0,0.9968,3.22,0.72,11.2,5,low,red,88.36800000000001,0.10524171645844649,37.5,120.4301075268817
8.6,0.53,0.22,2.0,0.1,7.0,27.0,0.9967,3.2,0.56,10.2,6,medium,red,80.47800000000001,0.10686150252242847,25.925925925925924,118.60465116279069
11.9,0.39,0.69,2.8,0.095,17.0,35.0,0.9994,3.1,0.61,10.8,6,medium,red,85.212,0.13965169224991786,48.57142857142857,90.75630252100841
11.9,0.39,0.69,2.8,0.095,17.0,35.0,0.9994,3.1,0.61,10.8,6,medium,red,85.212,0.13965169224991786,48.57142857142857,90.75630252100841
8.4,0.37,0.53,1.8,0.413,9.0,26.0,0.9979,3.06,1.06,9.1,6,medium,red,71.799,0.116993272886809,34.61538461538461,108.33333333333333
6.8,0.56,0.03,1.7,0.084,18.0,35.0,0.9968,3.44,0.63,10.0,6,medium,red,78.9,0.0861850443599493,51.42857142857142,147.05882352941177
10.4,0.33,0.63,2.8,0.084,5.0,22.0,0.9998,3.26,0.74,11.2,7,medium,red,88.36800000000001,0.11768966141589715,22.727272727272727,107.6923076923077
7.0,0.23,0.4,1.6,0.063,21.0,67.0,0.9952,3.5,0.63,11.1,5,low,red,87.57900000000001,0.07992783658182898,31.343283582089555,158.57142857142856
11.3,0.62,0.67,5.2,0.086,6.0,19.0,0.9988,3.22,0.69,13.4,8,high,red,105.726,0.1068800484270662,31.57894736842105,118.58407079646018
8.9,0.59,0.39,2.3,0.095,5.0,22.0,0.9986,3.37,0.58,10.3,5,low,red,81.26700000000001,0.10951554751621198,22.727272727272727,115.73033707865167
9.2,0.63,0.21,2.7,0.097,29.0,65.0,0.9988,3.28,0.58,9.6,5,low,red,75.744,0.12146176594845795,44.61538461538462,104.34782608695652
10.4,0.33,0.63,2.8,0.084,5.0,22.0,0.9998,3.26,0.74,11.2,7,medium,red,88.36800000000001,0.11768966141589715,22.727272727272727,107.6923076923077
11.6,0.58,0.66,2.2,0.074,10.0,47.0,1.0008,3.25,0.57,9.0,3,low,red,71.01,0.1633572736234333,21.27659574468085,77.58620689655173
9.2,0.43,0.52,2.3,0.083,14.0,23.0,0.9976,3.35,0.61,11.3,6,medium,red,89.15700000000001,0.10318875691196426,60.86956521739131,122.82608695652175
8.3,0.615,0.22,2.6,0.087,6.0,19.0,0.9982,3.26,0.61,9.3,5,low,red,73.37700000000001,0.11311446366027501,31.57894736842105,112.04819277108433
11.0,0.26,0.68,2.55,0.085,10.0,25.0,0.997,3.18,0.61,11.8,5,low,red,93.102,0.11814998603681982,40.0,107.27272727272728
8.1,0.66,0.7,2.2,0.098,25.0,129.0,0.9972,3.08,0.53,9.0,5,low,red,71.01,0.11406844106463877,19.379844961240313,111.11111111111111
11.5,0.315,0.54,2.1,0.084,5.0,15.0,0.9987,2.98,0.7,9.2,6,medium,red,72.58800000000001,0.15842839036755385,33.33333333333333,80.0
10.0,0.29,0.4,2.9,0.098,10.0,26.0,1.0006,3.48,0.91,9.7,5,low,red,76.533,0.13066258999385885,38.46153846153847,97.0
10.3,0.5,0.42,2.0,0.069,21.0,51.0,0.9982,3.16,0.72,11.5,6,medium,red,90.735,0.11351738579379513,41.17647058823529,111.6504854368932
8.8,0.46,0.45,2.6,0.065,7.0,18.0,0.9947,3.32,0.79,14.0,6,medium,red,110.46000000000001,0.07966684772768423,38.88888888888889,159.0909090909091
11.4,0.36,0.69,2.1,0.09,6.0,21.0,1.0,3.17,0.62,9.2,6,medium,red,72.58800000000001,0.15705075219044468,28.57142857142857,80.7017543859649
8.7,0.82,0.02,1.2,0.07,36.0,48.0,0.9952,3.2,0.58,9.8,5,low,red,77.322,0.11251648948552803,75.0,112.64367816091956
13.0,0.32,0.65,2.6,0.093,15.0,47.0,0.9996,3.05,0.61,10.6,5,low,red,83.634,0.1554391754549585,31.914893617021278,81.53846153846153
9.6,0.54,0.42,2.4,0.081,25.0,52.0,0.997,3.2,0.71,11.4,6,medium,red,89.946,0.1067307050897205,48.07692307692308,118.75
12.5,0.37,0.55,2.6,0.083,25.0,68.0,0.9995,3.15,0.82,10.4,6,medium,red,82.056,0.15233499073803256,36.76470588235294,83.2
9.9,0.35,0.55,2.1,0.062,5.0,14.0,0.9971,3.26,0.79,10.6,5,low,red,83.634,0.1183729105387761,35.714285714285715,107.07070707070707
10.5,0.28,0.51,1.7,0.08,10.0,24.0,0.9982,3.2,0.89,9.4,6,medium,red,74.166,0.1415743062858992,41.66666666666667,89.52380952380953
9.6,0.68,0.24,2.2,0.087,5.0,28.0,0.9988,3.14,0.6,10.2,5,low,red,80.47800000000001,0.1192872586296876,17.857142857142858,106.25
9.3,0.27,0.41,2.0,0.091,6.0,16.0,0.998,3.28,0.7,9.7,5,low,red,76.533,0.12151620869428875,37.5,104.30107526881717
10.4,0.24,0.49,1.8,0.075,6.0,20.0,0.9977,3.18,1.06,11.0,6,medium,red,86.79,0.11982947344164074,30.0,105.76923076923077
9.6,0.68,0.24,2.2,0.087,5.0,28.0,0.9988,3.14,0.6,10.2,5,low,red,80.47800000000001,0.1192872586296876,17.857142857142858,106.25
9.4,0.685,0.11,2.7,0.077,6.0,31.0,0.9984,3.19,0.7,10.1,6,medium,red,79.68900000000001,0.11795856391722821,19.35483870967742,107.44680851063828
10.6,0.28,0.39,15.5,0.069,6.0,23.0,1.0026,3.12,0.66,9.2,5,low,red,72.58800000000001,0.14602964677357136,26.08695652173913,86.79245283018867
9.4,0.3,0.56,2.8,0.08,6.0,17.0,0.9964,3.15,0.92,11.7,8,high,red,92.313,0.10182747825333377,35.294117647058826,124.46808510638296
10.6,0.36,0.59,2.2,0.152,6.0,18.0,0.9986,3.04,1.05,9.4,5,low,red,74.166,0.14292263301243158,33.33333333333333,88.67924528301887
10.6,0.36,0.6,2.2,0.152,7.0,18.0,0.9986,3.04,1.06,9.4,5,low,red,74.166,0.14292263301243158,38.88888888888889,88.67924528301887
10.6,0.44,0.68,4.1,0.114,6.0,24.0,0.997,3.06,0.66,13.4,6,medium,red,105.726,0.10025916047140722,25.0,126.41509433962266
10.2,0.67,0.39,1.9,0.054,6.0,17.0,0.9976,3.17,0.47,10.0,5,low,red,78.9,0.12927756653992395,35.294117647058826,98.03921568627452
10.2,0.67,0.39,1.9,0.054,6.0,17.0,0.9976,3.17,0.47,10.0,5,low,red,78.9,0.12927756653992395,35.294117647058826,98.03921568627452
10.2,0.645,0.36,1.8,0.053,5.0,14.0,0.9982,3.17,0.42,10.0,6,medium,red,78.9,0.12927756653992395,35.714285714285715,98.03921568627452
11.6,0.32,0.55,2.8,0.081,35.0,67.0,1.0002,3.32,0.92,10.8,7,medium,red,85.212,0.1361310613528611,52.23880597014925,93.10344827586208
9.3,0.39,0.4,2.6,0.073,10.0,26.0,0.9984,3.34,0.75,10.2,6,medium,red,80.47800000000001,0.11555953179750987,38.46153846153847,109.6774193548387
9.3,0.775,0.27,2.8,0.078,24.0,56.0,0.9984,3.31,0.67,10.6,6,medium,red,83.634,0.11119879474854726,42.857142857142854,113.9784946236559
9.2,0.41,0.5,2.5,0.055,12.0,25.0,0.9952,3.34,0.79,13.3,7,medium,red,104.937,0.08767165060941326,48.0,144.56521739130437
8.9,0.4,0.51,2.6,0.052,13.0,27.0,0.995,3.32,0.9,13.4,7,medium,red,105.726,0.08417986115052116,48.148148148148145,150.56179775280899
8.7,0.69,0.31,3.0,0.086,23.0,81.0,1.0002,3.48,0.74,11.6,6,medium,red,91.524,0.09505703422053231,28.39506172839506,133.33333333333334
6.5,0.39,0.23,8.3,0.051,28.0,91.0,0.9952,3.44,0.55,12.1,6,medium,red,95.46900000000001,0.06808492809184133,30.76923076923077,186.15384615384616
10.7,0.35,0.53,2.6,0.07,5.0,16.0,0.9972,3.15,0.65,11.0,8,high,red,86.79,0.1232860928678419,31.25,102.80373831775702
7.8,0.52,0.25,1.9,0.081,14.0,38.0,0.9984,3.43,0.65,9.0,6,medium,red,71.01,0.10984368398817067,36.84210526315789,115.3846153846154
7.2,0.34,0.32,2.5,0.09,43.0,113.0,0.9966,3.32,0.79,11.1,5,low,red,87.57900000000001,0.08221148905559551,38.05309734513274,154.16666666666666
10.7,0.35,0.53,2.6,0.07,5.0,16.0,0.9972,3.15,0.65,11.0,8,high,red,86.79,0.1232860928678419,31.25,102.80373831775702
8.7,0.69,0.31,3.0,0.086,23.0,81.0,1.0002,3.48,0.74,11.6,6,medium,red,91.524,0.09505703422053231,28.39506172839506,133.33333333333334
7.8,0.52,0.25,1.9,0.081,14.0,38.0,0.9984,3.43,0.65,9.0,6,medium,red,71.01,0.10984368398817067,36.84210526315789,115.3846153846154
10.4,0.44,0.73,6.55,0.074,38.0,76.0,0.999,3.17,0.85,12.0,7,medium,red,94.68,0.10984368398817068,50.0,115.38461538461537
10.4,0.44,0.73,6.55,0.074,38.0,76.0,0.999,3.17,0.85,12.0,7,medium,red,94.68,0.10984368398817068,50.0,115.38461538461537
10.5,0.26,0.47,1.9,0.078,6.0,24.0,0.9976,3.18,1.04,10.9,7,medium,red,86.001,0.12209160358600481,25.0,103.80952380952382
10.5,0.24,0.42,1.8,0.077,6.0,22.0,0.9976,3.21,1.05,10.8,7,medium,red,85.212,0.12322208139698633,27.27272727272727,102.85714285714288
10.2,0.49,0.63,2.9,0.072,10.0,26.0,0.9968,3.16,0.78,12.5,7,medium,red,98.625,0.10342205323193916,38.46153846153847,122.54901960784315
10.4,0.24,0.46,1.8,0.075,6.0,21.0,0.9976,3.25,1.02,10.8,7,medium,red,85.212,0.12204853776463409,28.57142857142857,103.84615384615385
11.2,0.67,0.55,2.3,0.084,6.0,13.0,1.0,3.17,0.71,9.5,6,medium,red,74.955,0.1494229871256087,46.15384615384615,84.82142857142858
10.0,0.59,0.31,2.2,0.09,26.0,62.0,0.9994,3.18,0.63,10.2,6,medium,red,80.47800000000001,0.12425756107259125,41.935483870967744,102.0
13.3,0.29,0.75,2.8,0.084,23.0,43.0,0.9986,3.04,0.68,11.4,7,medium,red,89.946,0.14786649767638363,53.48837209302325,85.71428571428571
12.4,0.42,0.49,4.6,0.073,19.0,43.0,0.9978,3.02,0.61,9.5,5,low,red,74.955,0.16543259288906678,44.18604651162791,76.61290322580645
10.0,0.59,0.31,2.2,0.09,26.0,62.0,0.9994,3.18,0.63,10.2,6,medium,red,80.47800000000001,0.12425756107259125,41.935483870967744,102.0
10.7,0.4,0.48,2.1,0.125,15.0,49.0,0.998,3.03,0.81,9.7,6,medium,red,76.533,0.13980897129342898,30.612244897959183,90.65420560747664
10.5,0.51,0.64,2.4,0.107,6.0,15.0,0.9973,3.09,0.66,11.8,7,medium,red,93.102,0.11277953212605529,40.0,112.38095238095238
10.5,0.51,0.64,2.4,0.107,6.0,15.0,0.9973,3.09,0.66,11.8,7,medium,red,93.102,0.11277953212605529,40.0,112.38095238095238
8.5,0.655,0.49,6.1,0.122,34.0,151.0,1.001,3.31,1.14,9.3,5,low,red,73.37700000000001,0.11584011338702861,22.516556291390728,109.41176470588236
12.5,0.6,0.49,4.3,0.1,5.0,14.0,1.001,3.25,0.74,11.9,6,medium,red,93.891,0.13313310114920493,35.714285714285715,95.2
10.4,0.61,0.49,2.1,0.2,5.0,16.0,0.9994,3.16,0.63,8.4,3,low,red,66.276,0.15691954855452955,31.25,80.76923076923077
10.9,0.21,0.49,2.8,0.088,11.0,32.0,0.9972,3.22,0.68,11.7,6,medium,red,92.313,0.11807654393205724,34.375,107.33944954128441
7.3,0.365,0.49,2.5,0.088,39.0,106.0,0.9966,3.36,0.78,11.0,5,low,red,86.79,0.08411107270422859,36.79245283018868,150.68493150684932
9.8,0.25,0.49,2.7,0.088,15.0,33.0,0.9982,3.42,0.9,10.0,6,medium,red,78.9,0.12420785804816223,45.45454545454545,102.04081632653062
7.6,0.41,0.49,2.0,0.088,16.0,43.0,0.998,3.48,0.64,9.1,5,low,red,71.799,0.10585105642139861,37.2093023255814,119.73684210526316
8.2,0.39,0.49,2.3,0.099,47.0,133.0,0.9979,3.38,0.99,9.8,5,low,red,77.322,0.10605002457256665,35.338345864661655,119.51219512195124
9.3,0.4,0.49,2.5,0.085,38.0,142.0,0.9978,3.22,0.55,9.4,5,low,red,74.166,0.12539438556751073,26.76056338028169,101.0752688172043
9.2,0.43,0.49,2.4,0.086,23.0,116.0,0.9976,3.23,0.64,9.5,5,low,red,74.955,0.12274031085317856,19.82758620689655,103.2608695652174
10.4,0.64,0.24,2.8,0.105,29.0,53.0,0.9998,3.24,0.67,9.9,5,low,red,78.111,0.13314385937960083,54.71698113207547,95.1923076923077
7.3,0.365,0.49,2.5,0.088,39.0,106.0,0.9966,3.36,0.78,11.0,5,low,red,86.79,0.08411107270422859,36.79245283018868,150.68493150684932
7.0,0.38,0.49,2.5,0.097,33.0,85.0,0.9962,3.39,0.77,11.4,6,medium,red,89.946,0.07782447246125453,38.82352941176471,162.85714285714286
8.2,0.42,0.49,2.6,0.084,32.0,55.0,0.9988,3.34,0.75,8.7,6,medium,red,68.643,0.11945864836909807,58.18181818181818,106.09756097560977
9.9,0.63,0.24,2.4,0.077,6.0,33.0,0.9974,3.09,0.57,9.4,5,low,red,74.166,0.13348434592670497,18.181818181818183,94.94949494949495
9.1,0.22,0.24,2.1,0.078,1.0,28.0,0.999,3.41,0.87,10.3,6,medium,red,81.26700000000001,0.11197657105590213,3.571428571428571,113.18681318681321
11.9,0.38,0.49,2.7,0.098,12.0,42.0,1.0004,3.16,0.61,10.3,5,low,red,81.26700000000001,0.14643090061156433,28.57142857142857,86.5546218487395
11.9,0.38,0.49,2.7,0.098,12.0,42.0,1.0004,3.16,0.61,10.3,5,low,red,81.26700000000001,0.14643090061156433,28.57142857142857,86.5546218487395
10.3,0.27,0.24,2.1,0.072,15.0,33.0,0.9956,3.22,0.66,12.8,6,medium,red,100.992,0.1019882762991128,45.45454545454545,124.27184466019416
10.0,0.48,0.24,2.7,0.102,13.0,32.0,1.0,3.28,0.56,10.0,6,medium,red,78.9,0.12674271229404308,40.625,100.0
9.1,0.22,0.24,2.1,0.078,1.0,28.0,0.999,3.41,0.87,10.3,6,medium,red,81.26700000000001,0.11197657105590213,3.571428571428571,113.18681318681321
9.9,0.63,0.24,2.4,0.077,6.0,33.0,0.9974,3.09,0.57,9.4,5,low,red,74.166,0.13348434592670497,18.181818181818183,94.94949494949495
8.1,0.825,0.24,2.1,0.084,5.0,13.0,0.9972,3.37,0.77,10.7,6,medium,red,84.423,0.09594541771792046,38.46153846153847,132.09876543209876
12.9,0.35,0.49,5.8,0.066,5.0,35.0,1.0014,3.2,0.66,12.0,7,medium,red,94.68,0.1362484157160963,14.285714285714285,93.02325581395348
11.2,0.5,0.74,5.15,0.1,5.0,17.0,0.9996,3.22,0.62,11.2,5,low,red,88.36800000000001,0.12674271229404308,29.411764705882355,100.0
9.2,0.59,0.24,3.3,0.101,20.0,47.0,0.9988,3.26,0.67,9.6,5,low,red,75.744,0.12146176594845795,42.5531914893617,104.34782608695652
9.5,0.46,0.49,6.3,0.064,5.0,17.0,0.9988,3.21,0.73,11.0,6,medium,red,86.79,0.1094596151630372,29.411764705882355,115.78947368421053
9.3,0.715,0.24,2.1,0.07,5.0,20.0,0.9966,3.12,0.59,9.9,5,low,red,78.111,0.11906133579137382,25.0,106.4516129032258
11.2,0.66,0.24,2.5,0.085,16.0,53.0,0.9993,3.06,0.72,11.0,6,medium,red,86.79,0.12904712524484385,30.18867924528302,98.21428571428572
14.3,0.31,0.74,1.8,0.075,6.0,15.0,1.0008,2.86,0.79,8.4,6,medium,red,66.276,0.21576437926247816,40.0,58.74125874125874
9.1,0.47,0.49,2.6,0.094,38.0,106.0,0.9982,3.08,0.59,9.1,5,low,red,71.799,0.12674271229404308,35.84905660377358,100.0
7.5,0.55,0.24,2.0,0.078,10.0,28.0,0.9983,3.45,0.78,9.5,6,medium,red,74.955,0.10006003602161297,35.714285714285715,126.66666666666666
10.6,0.31,0.49,2.5,0.067,6.0,21.0,0.9987,3.26,0.86,10.7,6,medium,red,84.423,0.1255582009641922,28.57142857142857,100.94339622641509
12.4,0.35,0.49,2.6,0.079,27.0,69.0,0.9994,3.12,0.75,10.4,6,medium,red,82.056,0.1511163108121283,39.130434782608695,83.87096774193549
9.0,0.53,0.49,1.9,0.171,6.0,25.0,0.9975,3.27,0.61,9.4,6,medium,red,74.166,0.1213494053879136,24.0,104.44444444444446
6.8,0.51,0.01,2.1,0.074,9.0,25.0,0.9958,3.33,0.56,9.5,6,medium,red,74.955,0.09072109932626242,36.0,139.7058823529412
9.4,0.43,0.24,2.8,0.092,14.0,45.0,0.998,3.19,0.73,10.0,6,medium,red,78.9,0.11913814955640051,31.11111111111111,106.38297872340425
9.5,0.46,0.24,2.7,0.092,14.0,44.0,0.998,3.12,0.74,10.0,6,medium,red,78.9,0.12040557667934093,31.818181818181817,105.26315789473684
5.0,1.04,0.24,1.6,0.05,32.0,96.0,0.9934,3.74,0.62,11.5,5,low,red,90.735,0.055105527084366564,33.33333333333333,229.99999999999997
15.5,0.645,0.49,4.2,0.095,10.0,23.0,1.00315,2.92,0.74,11.1,5,low,red,87.57900000000001,0.176983066716907,43.47826086956522,71.61290322580645
15.5,0.645,0.49,4.2,0.095,10.0,23.0,1.00315,2.92,0.74,11.1,5,low,red,87.57900000000001,0.176983066716907,43.47826086956522,71.61290322580645
10.9,0.53,0.49,4.6,0.118,10.0,17.0,1.0002,3.07,0.56,11.7,6,medium,red,92.313,0.11807654393205724,58.82352941176471,107.33944954128441
15.6,0.645,0.49,4.2,0.095,10.0,23.0,1.00315,2.92,0.74,11.1,5,low,red,87.57900000000001,0.17812489295379028,43.47826086956522,71.15384615384616
10.9,0.53,0.49,4.6,0.118,10.0,17.0,1.0002,3.07,0.56,11.7,6,medium,red,92.313,0.11807654393205724,58.82352941176471,107.33944954128441
13.0,0.47,0.49,4.3,0.085,6.0,47.0,1.0021,3.3,0.68,12.7,6,medium,red,100.203,0.12973663463169766,12.76595744680851,97.6923076923077
12.7,0.6,0.49,2.8,0.075,5.0,19.0,0.9994,3.14,0.57,11.4,5,low,red,89.946,0.14119582860827606,26.31578947368421,89.76377952755907
9.0,0.44,0.49,2.4,0.078,26.0,121.0,0.9978,3.23,0.58,9.2,5,low,red,72.58800000000001,0.12398743593982475,21.487603305785125,102.22222222222221
9.0,0.54,0.49,2.9,0.094,41.0,110.0,0.9982,3.08,0.61,9.2,5,low,red,72.58800000000001,0.12398743593982475,37.27272727272727,102.22222222222221
7.6,0.29,0.49,2.7,0.092,25.0,60.0,0.9971,3.31,0.61,10.1,6,medium,red,79.68900000000001,0.09537075380541855,41.66666666666667,132.89473684210526
13.0,0.47,0.49,4.3,0.085,6.0,47.0,1.0021,3.3,0.68,12.7,6,medium,red,100.203,0.12973663463169766,12.76595744680851,97.6923076923077
12.7,0.6,0.49,2.8,0.075,5.0,19.0,0.9994,3.14,0.57,11.4,5,low,red,89.946,0.14119582860827606,26.31578947368421,89.76377952755907
8.7,0.7,0.24,2.5,0.226,5.0,15.0,0.9991,3.32,0.6,9.0,6,medium,red,71.01,0.12251795521757497,33.33333333333333,103.44827586206897
8.7,0.7,0.24,2.5,0.226,5.0,15.0,0.9991,3.32,0.6,9.0,6,medium,red,71.01,0.12251795521757497,33.33333333333333,103.44827586206897
9.8,0.5,0.49,2.6,0.25,5.0,20.0,0.999,3.31,0.79,10.7,6,medium,red,84.423,0.11608211032538526,25.0,109.18367346938773
6.2,0.36,0.24,2.2,0.095,19.0,42.0,0.9946,3.57,0.57,11.7,6,medium,red,92.313,0.06716280480539036,45.23809523809524,188.70967741935482
11.5,0.35,0.49,3.3,0.07,10.0,37.0,1.0003,3.32,0.91,11.0,6,medium,red,86.79,0.13250374467104503,27.027027027027028,95.65217391304348
6.2,0.36,0.24,2.2,0.095,19.0,42.0,0.9946,3.57,0.57,11.7,6,medium,red,92.313,0.06716280480539036,45.23809523809524,188.70967741935482
10.2,0.24,0.49,2.4,0.075,10.0,28.0,0.9978,3.14,0.61,10.4,5,low,red,82.056,0.12430535244223456,35.714285714285715,101.96078431372551
10.5,0.59,0.49,2.1,0.07,14.0,47.0,0.9991,3.3,0.56,9.6,4,low,red,75.744,0.13862484157160962,29.78723404255319,91.42857142857143
10.6,0.34,0.49,3.2,0.078,20.0,78.0,0.9992,3.19,0.7,10.0,6,medium,red,78.9,0.13434727503168567,25.64102564102564,94.33962264150944
12.3,0.27,0.49,3.1,0.079,28.0,46.0,0.9993,3.2,0.8,10.2,6,medium,red,80.47800000000001,0.15283680011928724,60.86956521739131,82.92682926829266
9.9,0.5,0.24,2.3,0.103,6.0,14.0,0.9978,3.34,0.52,10.0,4,low,red,78.9,0.12547528517110265,42.857142857142854,101.01010101010101
8.8,0.44,0.49,2.8,0.083,18.0,111.0,0.9982,3.3,0.6,9.5,5,low,red,74.955,0.11740377559869256,16.216216216216218,107.95454545454544
8.8,0.47,0.49,2.9,0.085,17.0,110.0,0.9982,3.29,0.6,9.8,5,low,red,77.322,0.11380978246812033,15.454545454545453,111.36363636363636
10.6,0.31,0.49,2.2,0.063,18.0,40.0,0.9976,3.14,0.51,9.8,6,medium,red,77.322,0.13708905615478129,45.0,92.45283018867926
12.3,0.5,0.49,2.2,0.089,5.0,14.0,1.0002,3.19,0.44,9.6,5,low,red,75.744,0.16238910012674274,35.714285714285715,78.04878048780488
12.3,0.5,0.49,2.2,0.089,5.0,14.0,1.0002,3.19,0.44,9.6,5,low,red,75.744,0.16238910012674274,35.714285714285715,78.04878048780488
11.7,0.49,0.49,2.2,0.083,5.0,15.0,1.0,3.19,0.43,9.2,5,low,red,72.58800000000001,0.16118366672177217,33.33333333333333,78.63247863247864
12.0,0.28,0.49,1.9,0.074,10.0,21.0,0.9976,2.98,0.66,9.9,7,medium,red,78.111,0.15362753005338556,47.61904761904761,82.5
11.8,0.33,0.49,3.4,0.093,54.0,80.0,1.0002,3.3,0.76,10.7,7,medium,red,84.423,0.13977233692240268,67.5,90.6779661016949
7.6,0.51,0.24,2.4,0.091,8.0,38.0,0.998,3.47,0.66,9.6,6,medium,red,75.744,0.10033798056611744,21.052631578947366,126.3157894736842
11.1,0.31,0.49,2.7,0.094,16.0,47.0,0.9986,3.12,1.02,10.6,7,medium,red,83.634,0.1327211421192338,34.04255319148936,95.4954954954955
7.3,0.73,0.24,1.9,0.108,18.0,102.0,0.9967,3.26,0.59,9.3,5,low,red,73.37700000000001,0.09948621502650692,17.647058823529413,127.39726027397262
5.0,0.42,0.24,2.0,0.06,19.0,50.0,0.9917,3.72,0.74,14.0,8,high,red,110.46000000000001,0.045265254390729676,38.0,280.0
10.2,0.29,0.49,2.6,0.059,5.0,13.0,0.9976,3.05,0.74,10.5,7,medium,red,82.845,0.12312149194278471,38.46153846153847,102.94117647058825
9.0,0.45,0.49,2.6,0.084,21.0,75.0,0.9987,3.35,0.57,9.7,5,low,red,76.533,0.11759633099447298,28.000000000000004,107.77777777777777
6.6,0.39,0.49,1.7,0.07,23.0,149.0,0.9922,3.12,0.5,11.5,6,medium,red,90.735,0.07273929575136386,15.436241610738255,174.24242424242425
9.0,0.45,0.49,2.6,0.084,21.0,75.0,0.9987,3.35,0.57,9.7,5,low,red,76.533,0.11759633099447298,28.000000000000004,107.77777777777777
9.9,0.49,0.58,3.5,0.094,9.0,43.0,1.0004,3.29,0.58,9.0,5,low,red,71.01,0.1394169835234474,20.930232558139537,90.9090909090909
7.9,0.72,0.17,2.6,0.096,20.0,38.0,0.9978,3.4,0.53,9.5,5,low,red,74.955,0.105396571276099,52.63157894736842,120.25316455696202
8.9,0.595,0.41,7.9,0.086,30.0,109.0,0.9998,3.27,0.57,9.3,5,low,red,73.37700000000001,0.12129141284053585,27.522935779816514,104.49438202247192
12.4,0.4,0.51,2.0,0.059,6.0,24.0,0.9994,3.04,0.6,9.3,6,medium,red,73.37700000000001,0.1689902830587241,25.0,75.0
11.9,0.58,0.58,1.9,0.071,5.0,18.0,0.998,3.09,0.63,10.0,6,medium,red,78.9,0.15082382762991128,27.77777777777778,84.03361344537815
8.5,0.585,0.18,2.1,0.078,5.0,30.0,0.9967,3.2,0.48,9.8,6,medium,red,77.322,0.1099299035203435,16.666666666666664,115.29411764705884
12.7,0.59,0.45,2.3,0.082,11.0,22.0,1.0,3.0,0.7,9.3,6,medium,red,73.37700000000001,0.17307875764885453,50.0,73.22834645669293
8.2,0.915,0.27,2.1,0.088,7.0,23.0,0.9962,3.26,0.47,10.0,4,low,red,78.9,0.10392902408111532,30.434782608695656,121.95121951219514
13.2,0.46,0.52,2.2,0.071,12.0,35.0,1.0006,3.1,0.56,9.0,6,medium,red,71.01,0.18588931136459652,34.285714285714285,68.18181818181819
7.7,0.835,0.0,2.6,0.081,6.0,14.0,0.9975,3.3,0.52,9.3,5,low,red,73.37700000000001,0.10493751448001416,42.857142857142854,120.7792207792208
13.2,0.46,0.52,2.2,0.071,12.0,35.0,1.0006,3.1,0.56,9.0,6,medium,red,71.01,0.18588931136459652,34.285714285714285,68.18181818181819
8.3,0.58,0.13,2.9,0.096,14.0,63.0,0.9984,3.17,0.62,9.1,6,medium,red,71.799,0.11560049582863272,22.22222222222222,109.63855421686746
8.3,0.6,0.13,2.6,0.085,6.0,24.0,0.9984,3.31,0.59,9.2,6,medium,red,72.58800000000001,0.11434396870006061,25.0,110.84337349397589
9.4,0.41,0.48,4.6,0.072,10.0,20.0,0.9973,3.34,0.79,12.2,7,medium,red,96.25800000000001,0.09765422094786926,50.0,129.7872340425532
8.8,0.48,0.41,3.3,0.092,26.0,52.0,0.9982,3.31,0.53,10.5,6,medium,red,82.845,0.10622246363691232,50.0,119.31818181818181
10.1,0.65,0.37,5.1,0.11,11.0,65.0,1.0026,3.32,0.64,10.4,6,medium,red,82.056,0.1230866725163303,16.923076923076923,102.97029702970298
6.3,0.36,0.19,3.2,0.075,15.0,39.0,0.9956,3.56,0.52,12.7,6,medium,red,100.203,0.06287236909074578,38.46153846153847,201.58730158730157
8.8,0.24,0.54,2.5,0.083,25.0,57.0,0.9983,3.39,0.54,9.2,5,low,red,72.58800000000001,0.12123215958560643,43.859649122807014,104.54545454545452
13.2,0.38,0.55,2.7,0.081,5.0,16.0,1.0006,2.98,0.54,9.4,5,low,red,74.166,0.17797912790227327,31.25,71.21212121212122
7.5,0.64,0.0,2.4,0.077,18.0,29.0,0.9965,3.32,0.6,10.0,6,medium,red,78.9,0.09505703422053231,62.06896551724138,133.33333333333331
8.2,0.39,0.38,1.5,0.058,10.0,29.0,0.9962,3.26,0.74,9.8,5,low,red,77.322,0.10605002457256665,34.48275862068966,119.51219512195124
9.2,0.755,0.18,2.2,0.148,10.0,103.0,0.9969,2.87,1.36,10.2,6,medium,red,80.47800000000001,0.11431695618678395,9.70873786407767,110.86956521739131
9.6,0.6,0.5,2.3,0.079,28.0,71.0,0.9997,3.5,0.57,9.7,5,low,red,76.533,0.1254360863941045,39.436619718309856,101.04166666666667
9.6,0.6,0.5,2.3,0.079,28.0,71.0,0.9997,3.5,0.57,9.7,5,low,red,76.533,0.1254360863941045,39.436619718309856,101.04166666666667
11.5,0.31,0.51,2.2,0.079,14.0,28.0,0.9982,3.03,0.93,9.8,6,medium,red,77.322,0.14872869299811178,50.0,85.21739130434783
11.4,0.46,0.5,2.7,0.122,4.0,17.0,1.0006,3.13,0.7,10.2,5,low,red,80.47800000000001,0.14165361962275402,23.52941176470588,89.4736842105263
11.3,0.37,0.41,2.3,0.088,6.0,16.0,0.9988,3.09,0.8,9.3,5,low,red,73.37700000000001,0.15399920956157923,37.5,82.30088495575222
8.3,0.54,0.24,3.4,0.076,16.0,112.0,0.9976,3.27,0.61,9.4,5,low,red,74.166,0.111911118302187,14.285714285714285,113.25301204819276
8.2,0.56,0.23,3.4,0.078,14.0,104.0,0.9976,3.28,0.62,9.4,5,low,red,74.166,0.1105627915756546,13.461538461538462,114.63414634146343
10.0,0.58,0.22,1.9,0.08,9.0,32.0,0.9974,3.13,0.55,9.5,5,low,red,74.955,0.13341338136215064,28.125,95.0
7.9,0.51,0.25,2.9,0.077,21.0,45.0,0.9974,3.49,0.96,12.1,6,medium,red,95.46900000000001,0.08274937414239177,46.666666666666664,153.1645569620253
6.8,0.69,0.0,5.6,0.124,21.0,58.0,0.9997,3.46,0.72,10.2,5,low,red,80.47800000000001,0.08449514152936205,36.206896551724135,150.0
6.8,0.69,0.0,5.6,0.124,21.0,58.0,0.9997,3.46,0.72,10.2,5,low,red,80.47800000000001,0.08449514152936205,36.206896551724135,150.0
8.8,0.6,0.29,2.2,0.098,5.0,15.0,0.9988,3.36,0.49,9.1,5,low,red,71.799,0.1225643811195142,33.33333333333333,103.40909090909089
8.8,0.6,0.29,2.2,0.098,5.0,15.0,0.9988,3.36,0.49,9.1,5,low,red,71.799,0.1225643811195142,33.33333333333333,103.40909090909089
8.7,0.54,0.26,2.5,0.097,7.0,31.0,0.9976,3.27,0.6,9.3,6,medium,red,73.37700000000001,0.11856576311378222,22.58064516129032,106.89655172413795
7.6,0.685,0.23,2.3,0.111,20.0,84.0,0.9964,3.21,0.61,9.3,5,low,red,73.37700000000001,0.10357468961663735,23.809523809523807,122.36842105263159
8.7,0.54,0.26,2.5,0.097,7.0,31.0,0.9976,3.27,0.6,9.3,6,medium,red,73.37700000000001,0.11856576311378222,22.58064516129032,106.89655172413795
10.4,0.28,0.54,2.7,0.105,5.0,19.0,0.9988,3.25,0.63,9.5,5,low,red,74.955,0.13874991661663666,26.31578947368421,91.34615384615384
7.6,0.41,0.14,3.0,0.087,21.0,43.0,0.9964,3.32,0.57,10.5,6,medium,red,82.845,0.0917375822318788,48.837209302325576,138.1578947368421
10.1,0.935,0.22,3.4,0.105,11.0,86.0,1.001,3.43,0.64,11.3,4,low,red,89.15700000000001,0.11328330921856947,12.790697674418606,111.88118811881189
7.9,0.35,0.21,1.9,0.073,46.0,102.0,0.9964,3.27,0.58,9.5,5,low,red,74.955,0.105396571276099,45.09803921568628,120.25316455696202
8.7,0.84,0.0,1.4,0.065,24.0,33.0,0.9954,3.27,0.55,9.7,5,low,red,76.533,0.1136764532946572,72.72727272727273,111.49425287356323
9.6,0.88,0.28,2.4,0.086,30.0,147.0,0.9979,3.24,0.53,9.4,5,low,red,74.166,0.12943936574710785,20.408163265306122,97.91666666666667
9.5,0.885,0.27,2.3,0.084,31.0,145.0,0.9978,3.24,0.53,9.4,5,low,red,74.166,0.12809103902057548,21.379310344827587,98.94736842105264
7.7,0.915,0.12,2.2,0.143,7.0,23.0,0.9964,3.35,0.65,10.2,7,medium,red,80.47800000000001,0.09567832202589527,30.434782608695656,132.46753246753244
8.9,0.29,0.35,1.9,0.067,25.0,57.0,0.997,3.18,1.36,10.3,6,medium,red,81.26700000000001,0.10951554751621198,43.859649122807014,115.73033707865167
9.9,0.54,0.45,2.3,0.071,16.0,40.0,0.9991,3.39,0.62,9.4,5,low,red,74.166,0.13348434592670497,40.0,94.94949494949495
9.5,0.59,0.44,2.3,0.071,21.0,68.0,0.9992,3.46,0.63,9.5,5,low,red,74.955,0.1267427122940431,30.88235294117647,100.0
9.9,0.54,0.45,2.3,0.071,16.0,40.0,0.9991,3.39,0.62,9.4,5,low,red,74.166,0.13348434592670497,40.0,94.94949494949495
9.5,0.59,0.44,2.3,0.071,21.0,68.0,0.9992,3.46,0.63,9.5,5,low,red,74.955,0.1267427122940431,30.88235294117647,100.0
9.9,0.54,0.45,2.3,0.071,16.0,40.0,0.9991,3.39,0.62,9.4,5,low,red,74.166,0.13348434592670497,40.0,94.94949494949495
7.8,0.64,0.1,6.0,0.115,5.0,11.0,0.9984,3.37,0.69,10.1,7,medium,red,79.68900000000001,0.09788051048450852,45.45454545454545,129.4871794871795
7.3,0.67,0.05,3.6,0.107,6.0,20.0,0.9972,3.4,0.63,10.1,5,low,red,79.68900000000001,0.09160611878678361,30.0,138.35616438356163
8.3,0.845,0.01,2.2,0.07,5.0,14.0,0.9967,3.32,0.58,11.0,4,low,red,86.79,0.09563313745823251,35.714285714285715,132.5301204819277
8.7,0.48,0.3,2.8,0.066,10.0,28.0,0.9964,3.33,0.67,11.2,7,medium,red,88.36800000000001,0.09845192829983702,35.714285714285715,128.73563218390805
6.7,0.42,0.27,8.6,0.068,24.0,148.0,0.9948,3.16,0.57,11.3,6,medium,red,89.15700000000001,0.07514833383806094,16.216216216216218,168.65671641791045
10.7,0.43,0.39,2.2,0.106,8.0,32.0,0.9986,2.89,0.5,9.6,5,low,red,75.744,0.14126531474440218,25.0,89.7196261682243
9.8,0.88,0.25,2.5,0.104,35.0,155.0,1.001,3.41,0.67,11.2,5,low,red,88.36800000000001,0.1108998732572877,22.58064516129032,114.28571428571428
15.9,0.36,0.65,7.5,0.096,22.0,71.0,0.9976,2.98,0.84,14.9,5,low,red,117.561,0.1352489345956567,30.985915492957744,93.71069182389937
9.4,0.33,0.59,2.8,0.079,9.0,30.0,0.9976,3.12,0.54,12.0,6,medium,red,94.68,0.09928179129700042,30.0,127.6595744680851
8.6,0.47,0.47,2.4,0.074,7.0,29.0,0.9979,3.08,0.46,9.5,5,low,red,74.955,0.11473550797144953,24.137931034482758,110.46511627906976
9.7,0.55,0.17,2.9,0.087,20.0,53.0,1.0004,3.14,0.61,9.4,5,low,red,74.166,0.13078769247364022,37.735849056603776,96.90721649484537
10.7,0.43,0.39,2.2,0.106,8.0,32.0,0.9986,2.89,0.5,9.6,5,low,red,75.744,0.14126531474440218,25.0,89.7196261682243
12.0,0.5,0.59,1.4,0.073,23.0,42.0,0.998,2.92,0.68,10.5,7,medium,red,82.845,0.14484881405033498,54.761904761904766,87.5
7.2,0.52,0.07,1.4,0.074,5.0,20.0,0.9973,3.32,0.81,9.6,6,medium,red,75.744,0.09505703422053233,25.0,133.33333333333331
7.1,0.84,0.02,4.4,0.096,5.0,13.0,0.997,3.41,0.57,11.0,4,low,red,86.79,0.08180665975342781,38.46153846153847,154.92957746478874
7.2,0.52,0.07,1.4,0.074,5.0,20.0,0.9973,3.32,0.81,9.6,6,medium,red,75.744,0.09505703422053233,25.0,133.33333333333331
7.5,0.42,0.31,1.6,0.08,15.0,42.0,0.9978,3.31,0.64,9.0,5,low,red,71.01,0.10561892691170258,35.714285714285715,120.0
7.2,0.57,0.06,1.6,0.076,9.0,27.0,0.9972,3.36,0.7,9.6,6,medium,red,75.744,0.09505703422053233,33.33333333333333,133.33333333333331
10.1,0.28,0.46,1.8,0.05,5.0,13.0,0.9974,3.04,0.79,10.2,6,medium,red,80.47800000000001,0.12550013668331716,38.46153846153847,100.99009900990099
12.1,0.4,0.52,2.0,0.092,15.0,54.0,1.0,3.03,0.66,10.2,5,low,red,80.47800000000001,0.15035164889783542,27.77777777777778,84.29752066115702
9.4,0.59,0.14,2.0,0.084,25.0,48.0,0.9981,3.14,0.56,9.7,5,low,red,76.533,0.12282283459422733,52.083333333333336,103.19148936170212
8.3,0.49,0.36,1.8,0.222,6.0,16.0,0.998,3.18,0.6,9.5,6,medium,red,74.955,0.11073310653058503,37.5,114.45783132530119
11.3,0.34,0.45,2.0,0.082,6.0,15.0,0.9988,2.94,0.66,9.2,6,medium,red,72.58800000000001,0.15567311401333553,40.0,81.41592920353982
10.0,0.73,0.43,2.3,0.059,15.0,31.0,0.9966,3.15,0.57,11.0,5,low,red,86.79,0.11522064754003916,48.38709677419355,110.00000000000001
11.3,0.34,0.45,2.0,0.082,6.0,15.0,0.9988,2.94,0.66,9.2,6,medium,red,72.58800000000001,0.15567311401333553,40.0,81.41592920353982
6.9,0.4,0.24,2.5,0.083,30.0,45.0,0.9959,3.26,0.58,10.0,5,low,red,78.9,0.08745247148288973,66.66666666666666,144.92753623188406
8.2,0.73,0.21,1.7,0.074,5.0,13.0,0.9968,3.2,0.52,9.5,5,low,red,74.955,0.1093989727169635,38.46153846153847,115.85365853658539
9.8,1.24,0.34,2.0,0.079,32.0,151.0,0.998,3.15,0.53,9.5,5,low,red,74.955,0.13074511373490763,21.192052980132452,96.93877551020408
8.2,0.73,0.21,1.7,0.074,5.0,13.0,0.9968,3.2,0.52,9.5,5,low,red,74.955,0.1093989727169635,38.46153846153847,115.85365853658539
10.8,0.4,0.41,2.2,0.084,7.0,17.0,0.9984,3.08,0.67,9.3,6,medium,red,73.37700000000001,0.1471850852446952,41.17647058823529,86.11111111111111
9.3,0.41,0.39,2.2,0.064,12.0,31.0,0.9984,3.26,0.65,10.2,5,low,red,80.47800000000001,0.11555953179750987,38.70967741935484,109.6774193548387
10.8,0.4,0.41,2.2,0.084,7.0,17.0,0.9984,3.08,0.67,9.3,6,medium,red,73.37700000000001,0.1471850852446952,41.17647058823529,86.11111111111111
8.6,0.8,0.11,2.3,0.084,12.0,31.0,0.9979,3.4,0.48,9.9,5,low,red,78.111,0.11009972987159299,38.70967741935484,115.11627906976744
8.3,0.78,0.1,2.6,0.081,45.0,87.0,0.9983,3.48,0.53,10.0,5,low,red,78.9,0.10519645120405577,51.724137931034484,120.48192771084337
10.8,0.26,0.45,3.3,0.06,20.0,49.0,0.9972,3.13,0.54,9.6,5,low,red,75.744,0.14258555133079848,40.816326530612244,88.88888888888889
13.3,0.43,0.58,1.9,0.07,15.0,40.0,1.0004,3.06,0.49,9.0,5,low,red,71.01,0.18729756372341924,37.5,67.66917293233082
8.0,0.45,0.23,2.2,0.094,16.0,29.0,0.9962,3.21,0.49,10.2,6,medium,red,80.47800000000001,0.099406048858073,55.172413793103445,127.49999999999999
8.5,0.46,0.31,2.25,0.078,32.0,58.0,0.998,3.33,0.54,9.8,5,low,red,77.322,0.1099299035203435,55.172413793103445,115.29411764705884
8.1,0.78,0.23,2.6,0.059,5.0,15.0,0.997,3.37,0.56,11.3,5,low,red,89.15700000000001,0.0908509707594468,33.33333333333333,139.5061728395062
9.8,0.98,0.32,2.3,0.078,35.0,152.0,0.998,3.25,0.48,9.4,5,low,red,74.166,0.1321360192001726,23.026315789473685,95.91836734693877
8.1,0.78,0.23,2.6,0.059,5.0,15.0,0.997,3.37,0.56,11.3,5,low,red,89.15700000000001,0.0908509707594468,33.33333333333333,139.5061728395062
7.1,0.65,0.18,1.8,0.07,13.0,40.0,0.997,3.44,0.6,9.1,5,low,red,71.799,0.09888717113051712,32.5,128.16901408450704
9.1,0.64,0.23,3.1,0.095,13.0,38.0,0.9998,3.28,0.59,9.7,5,low,red,76.533,0.11890295689441155,34.21052631578947,106.5934065934066
7.7,0.66,0.04,1.6,0.039,4.0,9.0,0.9962,3.4,0.47,9.4,5,low,red,74.166,0.10382115794299275,44.44444444444444,122.07792207792207
8.1,0.38,0.48,1.8,0.157,5.0,17.0,0.9976,3.3,1.05,9.4,5,low,red,74.166,0.10921446484912224,29.411764705882355,116.0493827160494
7.4,1.185,0.0,4.25,0.097,5.0,14.0,0.9966,3.63,0.54,10.7,3,low,red,84.423,0.08765383840896439,35.714285714285715,144.59459459459458
9.2,0.92,0.24,2.6,0.087,12.0,93.0,0.9998,3.48,0.54,9.8,5,low,red,77.322,0.11898295439848942,12.903225806451612,106.5217391304348
8.6,0.49,0.51,2.0,0.422,16.0,62.0,0.9979,3.03,1.17,9.0,5,low,red,71.01,0.12110970285875228,25.806451612903224,104.65116279069768
9.0,0.48,0.32,2.8,0.084,21.0,122.0,0.9984,3.32,0.62,9.4,5,low,red,74.166,0.1213494053879136,17.21311475409836,104.44444444444446
9.0,0.47,0.31,2.7,0.084,24.0,125.0,0.9984,3.31,0.61,9.4,5,low,red,74.166,0.1213494053879136,19.2,104.44444444444446
5.1,0.47,0.02,1.3,0.034,18.0,44.0,0.9921,3.9,0.62,12.8,6,medium,red,100.992,0.050499049429657786,40.909090909090914,250.9803921568628
7.0,0.65,0.02,2.1,0.066,8.0,25.0,0.9972,3.47,0.67,9.5,6,medium,red,74.955,0.09338936695350544,32.0,135.71428571428572
7.0,0.65,0.02,2.1,0.066,8.0,25.0,0.9972,3.47,0.67,9.5,6,medium,red,74.955,0.09338936695350544,32.0,135.71428571428572
9.4,0.615,0.28,3.2,0.087,18.0,72.0,1.0001,3.31,0.53,9.7,5,low,red,76.533,0.12282283459422733,25.0,103.19148936170212
11.8,0.38,0.55,2.1,0.071,5.0,19.0,0.9986,3.11,0.62,10.8,6,medium,red,85.212,0.1384781486175656,26.31578947368421,91.52542372881356
10.6,1.02,0.43,2.9,0.076,26.0,88.0,0.9984,3.08,0.57,10.1,6,medium,red,79.68900000000001,0.13301710399176797,29.545454545454547,95.28301886792453
7.0,0.65,0.02,2.1,0.066,8.0,25.0,0.9972,3.47,0.67,9.5,6,medium,red,74.955,0.09338936695350544,32.0,135.71428571428572
7.0,0.64,0.02,2.1,0.067,9.0,23.0,0.997,3.47,0.67,9.4,6,medium,red,74.166,0.09438287085726614,39.130434782608695,134.2857142857143
7.5,0.38,0.48,2.6,0.073,22.0,84.0,0.9972,3.32,0.7,9.6,4,low,red,75.744,0.09901774397972117,26.190476190476193,128.0
9.1,0.765,0.04,1.6,0.078,4.0,14.0,0.998,3.29,0.54,9.7,4,low,red,76.533,0.11890295689441155,28.57142857142857,106.5934065934066
8.4,1.035,0.15,6.0,0.073,11.0,54.0,0.999,3.37,0.49,9.9,5,low,red,78.111,0.10753927103736989,20.37037037037037,117.85714285714286
7.0,0.78,0.08,2.0,0.093,10.0,19.0,0.9956,3.4,0.47,10.0,5,low,red,78.9,0.08871989860583016,52.63157894736842,142.85714285714286
7.4,0.49,0.19,3.0,0.077,16.0,37.0,0.9966,3.37,0.51,10.5,5,low,red,82.845,0.0893234353310399,43.24324324324324,141.89189189189187
7.8,0.545,0.12,2.5,0.068,11.0,35.0,0.996,3.34,0.61,11.6,6,medium,red,91.524,0.08522354792185656,31.428571428571427,148.71794871794873
9.7,0.31,0.47,1.6,0.062,13.0,33.0,0.9983,3.27,0.66,10.0,6,medium,red,78.9,0.12294043092522178,39.39393939393939,103.09278350515466
10.6,1.025,0.43,2.8,0.08,21.0,84.0,0.9985,3.06,0.57,10.1,5,low,red,79.68900000000001,0.13301710399176797,25.0,95.28301886792453
8.9,0.565,0.34,3.0,0.093,16.0,112.0,0.9998,3.38,0.61,9.5,5,low,red,74.955,0.11873790941231406,14.285714285714285,106.74157303370787
8.7,0.69,0.0,3.2,0.084,13.0,33.0,0.9992,3.36,0.45,9.4,5,low,red,74.166,0.11730442520831648,39.39393939393939,108.04597701149427
8.0,0.43,0.36,2.3,0.075,10.0,48.0,0.9976,3.34,0.46,9.4,5,low,red,74.166,0.10786613812258987,20.833333333333336,117.5
9.9,0.74,0.28,2.6,0.078,21.0,77.0,0.998,3.28,0.51,9.8,5,low,red,77.322,0.12803600527663536,27.27272727272727,98.98989898989899
7.2,0.49,0.18,2.7,0.069,13.0,34.0,0.9967,3.29,0.48,9.2,6,medium,red,72.58800000000001,0.0991899487518598,38.23529411764706,127.77777777777777
8.0,0.43,0.36,2.3,0.075,10.0,48.0,0.9976,3.34,0.46,9.4,5,low,red,74.166,0.10786613812258987,20.833333333333336,117.5
7.6,0.46,0.11,2.6,0.079,12.0,49.0,0.9968,3.21,0.57,10.0,5,low,red,78.9,0.09632446134347274,24.489795918367346,131.57894736842107
8.4,0.56,0.04,2.0,0.082,10.0,22.0,0.9976,3.22,0.44,9.6,5,low,red,75.744,0.11089987325728771,45.45454545454545,114.28571428571428
7.1,0.66,0.0,3.9,0.086,17.0,45.0,0.9976,3.46,0.54,9.5,5,low,red,74.955,0.09472350076712693,37.77777777777778,133.80281690140845
8.4,0.56,0.04,2.0,0.082,10.0,22.0,0.9976,3.22,0.44,9.6,5,low,red,75.744,0.11089987325728771,45.45454545454545,114.28571428571428
8.9,0.48,0.24,2.85,0.094,35.0,106.0,0.9982,3.1,0.53,9.2,5,low,red,72.58800000000001,0.12260979776271559,33.0188679245283,103.37078651685391
7.6,0.42,0.08,2.7,0.084,15.0,48.0,0.9968,3.21,0.59,10.0,5,low,red,78.9,0.09632446134347274,31.25,131.57894736842107
7.1,0.31,0.3,2.2,0.053,36.0,127.0,0.9965,2.94,1.62,9.5,5,low,red,74.955,0.09472350076712693,28.346456692913385,133.80281690140845
7.5,1.115,0.1,3.1,0.086,5.0,12.0,0.9958,3.54,0.6,11.2,4,low,red,88.36800000000001,0.08487235198261814,41.66666666666667,149.33333333333331
9.0,0.66,0.17,3.0,0.077,5.0,13.0,0.9976,3.29,0.55,10.4,5,low,red,82.056,0.10968119333138344,38.46153846153847,115.55555555555557
8.1,0.72,0.09,2.8,0.084,18.0,49.0,0.9994,3.43,0.72,11.1,6,medium,red,87.57900000000001,0.09248792518754495,36.734693877551024,137.03703703703704
6.4,0.57,0.02,1.8,0.067,4.0,11.0,0.997,3.46,0.68,9.5,5,low,red,74.955,0.0853845640717764,36.36363636363637,148.4375
6.4,0.57,0.02,1.8,0.067,4.0,11.0,0.997,3.46,0.68,9.5,5,low,red,74.955,0.0853845640717764,36.36363636363637,148.4375
6.4,0.865,0.03,3.2,0.071,27.0,58.0,0.995,3.61,0.49,12.7,6,medium,red,100.203,0.0638703432032973,46.55172413793103,198.43749999999997
9.5,0.55,0.66,2.3,0.387,12.0,37.0,0.9982,3.17,0.67,9.6,5,low,red,75.744,0.1254224757076468,32.432432432432435,101.05263157894737
8.9,0.875,0.13,3.45,0.088,4.0,14.0,0.9994,3.44,0.52,11.5,5,low,red,90.735,0.09808783821017249,28.57142857142857,129.21348314606743
7.3,0.835,0.03,2.1,0.092,10.0,19.0,0.9966,3.39,0.47,9.6,5,low,red,75.744,0.0963772708069286,52.63157894736842,131.50684931506848
7.0,0.45,0.34,2.7,0.082,16.0,72.0,0.998,3.55,0.6,9.5,5,low,red,74.955,0.09338936695350544,22.22222222222222,135.71428571428572
7.7,0.56,0.2,2.0,0.075,9.0,39.0,0.9987,3.48,0.62,9.3,5,low,red,73.37700000000001,0.10493751448001416,23.076923076923077,120.7792207792208
7.7,0.965,0.1,2.1,0.112,11.0,22.0,0.9963,3.26,0.5,9.5,5,low,red,74.955,0.10272830364885599,50.0,123.37662337662339
7.7,0.965,0.1,2.1,0.112,11.0,22.0,0.9963,3.26,0.5,9.5,5,low,red,74.955,0.10272830364885599,50.0,123.37662337662339
8.2,0.59,0.0,2.5,0.093,19.0,58.0,1.0002,3.5,0.65,9.3,6,medium,red,73.37700000000001,0.11175163879689819,32.758620689655174,113.41463414634147
9.0,0.46,0.23,2.8,0.092,28.0,104.0,0.9983,3.1,0.56,9.2,5,low,red,72.58800000000001,0.12398743593982475,26.923076923076923,102.22222222222221
9.0,0.69,0.0,2.4,0.088,19.0,38.0,0.999,3.35,0.6,9.3,5,low,red,73.37700000000001,0.12265423770391265,50.0,103.33333333333334
8.3,0.76,0.29,4.2,0.075,12.0,16.0,0.9965,3.45,0.68,11.5,6,medium,red,90.735,0.0914751749600485,75.0,138.55421686746988
9.2,0.53,0.24,2.6,0.078,28.0,139.0,0.99788,3.21,0.57,9.5,5,low,red,74.955,0.12274031085317856,20.14388489208633,103.2608695652174
6.5,0.615,0.0,1.9,0.065,9.0,18.0,0.9972,3.46,0.65,9.2,5,low,red,72.58800000000001,0.08954648151209565,50.0,141.53846153846152
11.6,0.41,0.58,2.8,0.096,25.0,101.0,1.00024,3.13,0.53,10.0,5,low,red,78.9,0.14702154626108999,24.752475247524753,86.20689655172414
11.1,0.39,0.54,2.7,0.095,21.0,101.0,1.0001,3.13,0.51,9.5,5,low,red,74.955,0.14808885331198718,20.792079207920793,85.58558558558559
7.3,0.51,0.18,2.1,0.07,12.0,28.0,0.99768,3.52,0.73,9.5,6,medium,red,74.955,0.09739176839436996,42.857142857142854,130.13698630136986
8.2,0.34,0.38,2.5,0.08,12.0,57.0,0.9978,3.3,0.47,9.0,6,medium,red,71.01,0.11547669342346147,21.052631578947366,109.75609756097562
8.6,0.33,0.4,2.6,0.083,16.0,68.0,0.99782,3.3,0.48,9.4,5,low,red,74.166,0.1159560984817841,23.52941176470588,109.30232558139537
7.2,0.5,0.18,2.1,0.071,12.0,31.0,0.99761,3.52,0.72,9.6,6,medium,red,75.744,0.09505703422053233,38.70967741935484,133.33333333333331
7.3,0.51,0.18,2.1,0.07,12.0,28.0,0.99768,3.52,0.73,9.5,6,medium,red,74.955,0.09739176839436996,42.857142857142854,130.13698630136986
8.3,0.65,0.1,2.9,0.089,17.0,40.0,0.99803,3.29,0.55,9.5,5,low,red,74.955,0.11073310653058503,42.5,114.45783132530119
8.3,0.65,0.1,2.9,0.089,17.0,40.0,0.99803,3.29,0.55,9.5,5,low,red,74.955,0.11073310653058503,42.5,114.45783132530119
7.6,0.54,0.13,2.5,0.097,24.0,66.0,0.99785,3.39,0.61,9.4,5,low,red,74.166,0.10247283121646038,36.36363636363637,123.6842105263158
8.3,0.65,0.1,2.9,0.089,17.0,40.0,0.99803,3.29,0.55,9.5,5,low,red,74.955,0.11073310653058503,42.5,114.45783132530119
7.8,0.48,0.68,1.7,0.415,14.0,32.0,0.99656,3.09,1.06,9.1,6,medium,red,71.799,0.10863661053775121,43.75,116.66666666666667
7.8,0.91,0.07,1.9,0.058,22.0,47.0,0.99525,3.51,0.43,10.7,6,medium,red,84.423,0.09239188372836786,46.808510638297875,137.17948717948718
6.3,0.98,0.01,2.0,0.057,15.0,33.0,0.99488,3.6,0.46,11.2,6,medium,red,88.36800000000001,0.07129277566539922,45.45454545454545,177.77777777777777
8.1,0.87,0.0,2.2,0.084,10.0,31.0,0.99656,3.25,0.5,9.8,5,low,red,77.322,0.10475673158997438,32.25806451612903,120.98765432098766
8.1,0.87,0.0,2.2,0.084,10.0,31.0,0.99656,3.25,0.5,9.8,5,low,red,77.322,0.10475673158997438,32.25806451612903,120.98765432098766
8.8,0.42,0.21,2.5,0.092,33.0,88.0,0.99823,3.19,0.52,9.2,5,low,red,72.58800000000001,0.12123215958560643,37.5,104.54545454545452
9.0,0.58,0.25,2.8,0.075,9.0,104.0,0.99779,3.23,0.57,9.7,5,low,red,76.533,0.11759633099447298,8.653846153846153,107.77777777777777
9.3,0.655,0.26,2.0,0.096,5.0,35.0,0.99738,3.25,0.42,9.6,5,low,red,75.744,0.12278200253485426,14.285714285714285,103.2258064516129
8.8,0.7,0.0,1.7,0.069,8.0,19.0,0.99701,3.31,0.53,10.0,6,medium,red,78.9,0.11153358681875793,42.10526315789473,113.63636363636363
9.3,0.655,0.26,2.0,0.096,5.0,35.0,0.99738,3.25,0.42,9.6,5,low,red,75.744,0.12278200253485426,14.285714285714285,103.2258064516129
9.1,0.68,0.11,2.8,0.093,11.0,44.0,0.99888,3.31,0.55,9.5,6,medium,red,74.955,0.12140617703955707,25.0,104.39560439560441
9.2,0.67,0.1,3.0,0.091,12.0,48.0,0.99888,3.31,0.54,9.5,6,medium,red,74.955,0.12274031085317856,25.0,103.2608695652174
8.8,0.59,0.18,2.9,0.089,12.0,74.0,0.99738,3.14,0.54,9.4,5,low,red,74.166,0.11865275193484887,16.216216216216218,106.81818181818181
7.5,0.6,0.32,2.7,0.103,13.0,98.0,0.99938,3.45,0.62,9.5,5,low,red,74.955,0.10006003602161297,13.26530612244898,126.66666666666666
7.1,0.59,0.02,2.3,0.082,24.0,94.0,0.99744,3.55,0.53,9.7,6,medium,red,76.533,0.09277043889563978,25.53191489361702,136.61971830985914
7.9,0.72,0.01,1.9,0.076,7.0,32.0,0.99668,3.39,0.54,9.6,5,low,red,75.744,0.1042986903253063,21.875,121.51898734177213
7.1,0.59,0.02,2.3,0.082,24.0,94.0,0.99744,3.55,0.53,9.7,6,medium,red,76.533,0.09277043889563978,25.53191489361702,136.61971830985914
9.4,0.685,0.26,2.4,0.082,23.0,143.0,0.9978,3.28,0.55,9.4,5,low,red,74.166,0.1267427122940431,16.083916083916083,100.0
9.5,0.57,0.27,2.3,0.082,23.0,144.0,0.99782,3.27,0.55,9.4,5,low,red,74.166,0.12809103902057548,15.972222222222221,98.94736842105264
7.9,0.4,0.29,1.8,0.157,1.0,44.0,0.9973,3.3,0.92,9.5,6,medium,red,74.955,0.105396571276099,2.272727272727273,120.25316455696202
7.9,0.4,0.3,1.8,0.157,2.0,45.0,0.99727,3.31,0.91,9.5,6,medium,red,74.955,0.105396571276099,4.444444444444445,120.25316455696202
7.2,1.0,0.0,3.0,0.102,7.0,16.0,0.99586,3.43,0.46,10.0,5,low,red,78.9,0.09125475285171102,43.75,138.88888888888889
6.9,0.765,0.18,2.4,0.243,5.5,48.0,0.99612,3.4,0.6,10.3,6,medium,red,81.26700000000001,0.08490531211931042,11.458333333333332,149.27536231884056
6.9,0.635,0.17,2.4,0.241,6.0,18.0,0.9961,3.4,0.59,10.3,6,medium,red,81.26700000000001,0.08490531211931042,33.33333333333333,149.27536231884056
8.3,0.43,0.3,3.4,0.079,7.0,34.0,0.99788,3.36,0.61,10.5,5,low,red,82.845,0.10018709638481503,20.588235294117645,126.50602409638554
7.1,0.52,0.03,2.6,0.076,21.0,92.0,0.99745,3.5,0.6,9.8,5,low,red,77.322,0.09182380176405162,22.82608695652174,138.0281690140845
7.0,0.57,0.0,2.0,0.19,12.0,45.0,0.99676,3.31,0.6,9.4,6,medium,red,74.166,0.09438287085726614,26.666666666666668,134.2857142857143
6.5,0.46,0.14,2.4,0.114,9.0,37.0,0.99732,3.66,0.65,9.8,5,low,red,77.322,0.08406404386849797,24.324324324324326,150.7692307692308
9.0,0.82,0.05,2.4,0.081,26.0,96.0,0.99814,3.36,0.53,10.0,5,low,red,78.9,0.11406844106463877,27.083333333333332,111.11111111111111
6.5,0.46,0.14,2.4,0.114,9.0,37.0,0.99732,3.66,0.65,9.8,5,low,red,77.322,0.08406404386849797,24.324324324324326,150.7692307692308
7.1,0.59,0.01,2.5,0.077,20.0,85.0,0.99746,3.55,0.59,9.8,5,low,red,77.322,0.09182380176405162,23.52941176470588,138.0281690140845
9.9,0.35,0.41,2.3,0.083,11.0,61.0,0.9982,3.21,0.5,9.5,5,low,red,74.955,0.13207924754852912,18.0327868852459,95.95959595959596
9.9,0.35,0.41,2.3,0.083,11.0,61.0,0.9982,3.21,0.5,9.5,5,low,red,74.955,0.13207924754852912,18.0327868852459,95.95959595959596
10.0,0.56,0.24,2.2,0.079,19.0,58.0,0.9991,3.18,0.56,10.1,6,medium,red,79.68900000000001,0.1254878339544981,32.758620689655174,101.0
10.0,0.56,0.24,2.2,0.079,19.0,58.0,0.9991,3.18,0.56,10.1,6,medium,red,79.68900000000001,0.1254878339544981,32.758620689655174,101.0
8.6,0.63,0.17,2.9,0.099,21.0,119.0,0.998,3.09,0.52,9.3,5,low,red,73.37700000000001,0.11720293825040543,17.647058823529413,108.13953488372094
7.4,0.37,0.43,2.6,0.082,18.0,82.0,0.99708,3.33,0.68,9.7,6,medium,red,76.533,0.09669031659545556,21.951219512195124,131.08108108108107
8.8,0.64,0.17,2.9,0.084,25.0,130.0,0.99818,3.23,0.54,9.6,5,low,red,75.744,0.11618081960287284,19.230769230769234,109.09090909090908
7.1,0.61,0.02,2.5,0.081,17.0,87.0,0.99745,3.48,0.6,9.7,6,medium,red,76.533,0.09277043889563978,19.54022988505747,136.61971830985914
7.7,0.6,0.0,2.6,0.055,7.0,13.0,0.99639,3.38,0.56,10.8,5,low,red,85.212,0.09036285969112332,53.84615384615385,140.25974025974025
10.1,0.27,0.54,2.3,0.065,7.0,26.0,0.99531,3.17,0.53,12.5,6,medium,red,98.625,0.10240811153358681,26.923076923076923,123.76237623762376
10.8,0.89,0.3,2.6,0.132,7.0,60.0,0.99786,2.99,1.18,10.2,5,low,red,80.47800000000001,0.13419816595839856,11.666666666666666,94.44444444444443
8.7,0.46,0.31,2.5,0.126,24.0,64.0,0.99746,3.1,0.74,9.6,5,low,red,75.744,0.11486058301647654,37.5,110.34482758620689
9.3,0.37,0.44,1.6,0.038,21.0,42.0,0.99526,3.24,0.81,10.8,7,medium,red,85.212,0.10913955780875934,50.0,116.12903225806453
9.4,0.5,0.34,3.6,0.082,5.0,14.0,0.9987,3.29,0.52,10.7,6,medium,red,84.423,0.11134406500598179,35.714285714285715,113.82978723404253
9.4,0.5,0.34,3.6,0.082,5.0,14.0,0.9987,3.29,0.52,10.7,6,medium,red,84.423,0.11134406500598179,35.714285714285715,113.82978723404253
7.2,0.61,0.08,4.0,0.082,26.0,108.0,0.99641,3.25,0.51,9.4,5,low,red,74.166,0.09707952431033089,24.074074074074073,130.55555555555557
8.6,0.55,0.09,3.3,0.068,8.0,17.0,0.99735,3.23,0.44,10.0,5,low,red,78.9,0.10899873257287705,47.05882352941176,116.27906976744187
5.1,0.585,0.0,1.7,0.044,14.0,86.0,0.99264,3.56,0.94,12.9,7,medium,red,101.781,0.05010758393020308,16.27906976744186,252.94117647058826
7.7,0.56,0.08,2.5,0.114,14.0,46.0,0.9971,3.24,0.66,9.6,6,medium,red,75.744,0.10165821715251373,30.434782608695656,124.67532467532467
8.4,0.52,0.22,2.7,0.084,4.0,18.0,0.99682,3.26,0.57,9.9,6,medium,red,78.111,0.10753927103736989,22.22222222222222,117.85714285714286
8.2,0.28,0.4,2.4,0.052,4.0,10.0,0.99356,3.33,0.7,12.8,7,medium,red,100.992,0.08119455006337134,40.0,156.09756097560978
8.4,0.25,0.39,2.0,0.041,4.0,10.0,0.99386,3.27,0.71,12.5,7,medium,red,98.625,0.08517110266159696,40.0,148.80952380952382
8.2,0.28,0.4,2.4,0.052,4.0,10.0,0.99356,3.33,0.7,12.8,7,medium,red,100.992,0.08119455006337134,40.0,156.09756097560978
7.4,0.53,0.12,1.9,0.165,4.0,12.0,0.99702,3.26,0.86,9.2,5,low,red,72.58800000000001,0.10194522510607813,33.33333333333333,124.3243243243243
7.6,0.48,0.31,2.8,0.07,4.0,15.0,0.99693,3.22,0.55,10.3,6,medium,red,81.26700000000001,0.09351889450822595,26.666666666666668,135.5263157894737
7.3,0.49,0.1,2.6,0.068,4.0,14.0,0.99562,3.3,0.47,10.5,5,low,red,82.845,0.08811636188062043,28.57142857142857,143.83561643835617
12.9,0.5,0.55,2.8,0.072,7.0,24.0,1.00012,3.09,0.68,10.9,6,medium,red,86.001,0.14999825583423448,29.166666666666668,84.49612403100775
10.8,0.45,0.33,2.5,0.099,20.0,38.0,0.99818,3.24,0.71,10.8,5,low,red,85.212,0.1267427122940431,52.63157894736842,100.0
6.9,0.39,0.24,2.1,0.102,4.0,7.0,0.99462,3.44,0.58,11.4,4,low,red,89.946,0.07671269428323661,57.14285714285714,165.2173913043478
12.6,0.41,0.54,2.8,0.103,19.0,41.0,0.99939,3.21,0.76,11.3,6,medium,red,89.15700000000001,0.1413237322924728,46.34146341463415,89.68253968253968
10.8,0.45,0.33,2.5,0.099,20.0,38.0,0.99818,3.24,0.71,10.8,5,low,red,85.212,0.1267427122940431,52.63157894736842,100.0
9.8,0.51,0.19,3.2,0.081,8.0,30.0,0.9984,3.23,0.58,10.5,6,medium,red,82.845,0.11829319814110689,26.666666666666668,107.14285714285714
10.8,0.29,0.42,1.6,0.084,19.0,27.0,0.99545,3.28,0.73,11.9,6,medium,red,93.891,0.11502699939291305,70.37037037037037,110.18518518518519
7.1,0.715,0.0,2.35,0.071,21.0,47.0,0.99632,3.29,0.45,9.4,5,low,red,74.166,0.0957311975837985,44.680851063829785,132.3943661971831
9.1,0.66,0.15,3.2,0.097,9.0,59.0,0.99976,3.28,0.54,9.6,5,low,red,75.744,0.12014152936206168,15.254237288135593,105.4945054945055
7.0,0.685,0.0,1.9,0.099,9.0,22.0,0.99606,3.34,0.6,9.7,5,low,red,76.533,0.0914638129957012,40.909090909090914,138.57142857142856
4.9,0.42,0.0,2.1,0.048,16.0,42.0,0.99154,3.71,0.74,14.0,7,medium,red,110.46000000000001,0.044359949302915085,38.095238095238095,285.71428571428567
6.7,0.54,0.13,2.0,0.076,15.0,36.0,0.9973,3.61,0.64,9.8,5,low,red,77.322,0.08665062983368252,41.66666666666667,146.26865671641792
6.7,0.54,0.13,2.0,0.076,15.0,36.0,0.9973,3.61,0.64,9.8,5,low,red,77.322,0.08665062983368252,41.66666666666667,146.26865671641792
7.1,0.48,0.28,2.8,0.068,6.0,16.0,0.99682,3.24,0.53,10.3,5,low,red,81.26700000000001,0.08736633565900057,37.5,145.07042253521126
7.1,0.46,0.14,2.8,0.076,15.0,37.0,0.99624,3.36,0.49,10.7,5,low,red,84.423,0.08410030441941177,40.54054054054054,150.70422535211267
7.5,0.27,0.34,2.3,0.05,4.0,8.0,0.9951,3.4,0.64,11.0,7,medium,red,86.79,0.08641548565502938,50.0,146.66666666666666
7.1,0.46,0.14,2.8,0.076,15.0,37.0,0.99624,3.36,0.49,10.7,5,low,red,84.423,0.08410030441941177,40.54054054054054,150.70422535211267
7.8,0.57,0.09,2.3,0.065,34.0,45.0,0.99417,3.46,0.74,12.7,8,high,red,100.203,0.07784198077901859,75.55555555555556,162.82051282051282
5.9,0.61,0.08,2.1,0.071,16.0,24.0,0.99376,3.56,0.77,11.1,6,medium,red,87.57900000000001,0.06736774797611299,66.66666666666666,188.13559322033896
7.5,0.685,0.07,2.5,0.058,5.0,9.0,0.99632,3.38,0.55,10.9,4,low,red,86.001,0.08720828827571772,55.55555555555556,145.33333333333334
5.9,0.61,0.08,2.1,0.071,16.0,24.0,0.99376,3.56,0.77,11.1,6,medium,red,87.57900000000001,0.06736774797611299,66.66666666666666,188.13559322033896
10.4,0.44,0.42,1.5,0.145,34.0,48.0,0.99832,3.38,0.86,9.9,3,low,red,78.111,0.13314385937960083,70.83333333333334,95.1923076923077
11.6,0.47,0.44,1.6,0.147,36.0,51.0,0.99836,3.38,0.86,9.9,4,low,red,78.111,0.14850661238493937,70.58823529411765,85.3448275862069
8.8,0.685,0.26,1.6,0.088,16.0,23.0,0.99694,3.32,0.47,9.4,5,low,red,74.166,0.11865275193484887,69.56521739130434,106.81818181818181
7.6,0.665,0.1,1.5,0.066,27.0,55.0,0.99655,3.39,0.51,9.3,5,low,red,73.37700000000001,0.10357468961663735,49.09090909090909,122.36842105263159
6.7,0.28,0.28,2.4,0.012,36.0,100.0,0.99064,3.26,0.39,11.7,7,medium,red,92.313,0.07257916003163152,36.0,174.62686567164178
6.7,0.28,0.28,2.4,0.012,36.0,100.0,0.99064,3.26,0.39,11.7,7,medium,red,92.313,0.07257916003163152,36.0,174.62686567164178
10.1,0.31,0.35,1.6,0.075,9.0,28.0,0.99672,3.24,0.83,11.2,7,medium,red,88.36800000000001,0.11429476733659241,32.142857142857146,110.89108910891088
6.0,0.5,0.04,2.2,0.092,13.0,26.0,0.99647,3.46,0.47,10.0,5,low,red,78.9,0.07604562737642585,50.0,166.66666666666669
11.1,0.42,0.47,2.65,0.085,9.0,34.0,0.99736,3.24,0.77,12.1,7,medium,red,95.46900000000001,0.11626810797222134,26.47058823529412,109.009009009009
6.6,0.66,0.0,3.0,0.115,21.0,31.0,0.99629,3.45,0.63,10.3,5,low,red,81.26700000000001,0.08121377680977516,67.74193548387096,156.0606060606061
10.6,0.5,0.45,2.6,0.119,34.0,68.0,0.99708,3.23,0.72,10.9,6,medium,red,86.001,0.12325438076301437,50.0,102.8301886792453
7.1,0.685,0.35,2.0,0.088,9.0,92.0,0.9963,3.28,0.62,9.4,5,low,red,74.166,0.0957311975837985,9.782608695652174,132.3943661971831
9.9,0.25,0.46,1.7,0.062,26.0,42.0,0.9959,3.18,0.83,10.6,6,medium,red,83.634,0.1183729105387761,61.904761904761905,107.07070707070707
6.4,0.64,0.21,1.8,0.081,14.0,31.0,0.99689,3.59,0.66,9.8,5,low,red,77.322,0.0827707508859057,45.16129032258064,153.125
6.4,0.64,0.21,1.8,0.081,14.0,31.0,0.99689,3.59,0.66,9.8,5,low,red,77.322,0.0827707508859057,45.16129032258064,153.125
7.4,0.68,0.16,1.8,0.078,12.0,39.0,0.9977,3.5,0.7,9.9,6,medium,red,78.111,0.09473697686625443,30.76923076923077,133.78378378378378
6.4,0.64,0.21,1.8,0.081,14.0,31.0,0.99689,3.59,0.66,9.8,5,low,red,77.322,0.0827707508859057,45.16129032258064,153.125
6.4,0.63,0.21,1.6,0.08,12.0,32.0,0.99689,3.58,0.66,9.8,5,low,red,77.322,0.0827707508859057,37.5,153.125
9.3,0.43,0.44,1.9,0.085,9.0,22.0,0.99708,3.28,0.55,9.5,5,low,red,74.955,0.1240744446668001,40.909090909090914,102.15053763440861
9.3,0.43,0.44,1.9,0.085,9.0,22.0,0.99708,3.28,0.55,9.5,5,low,red,74.955,0.1240744446668001,40.909090909090914,102.15053763440861
8.0,0.42,0.32,2.5,0.08,26.0,122.0,0.99801,3.22,1.07,9.7,5,low,red,76.533,0.10453007199508708,21.311475409836063,121.24999999999999
9.3,0.36,0.39,1.5,0.08,41.0,55.0,0.99652,3.47,0.73,10.9,6,medium,red,86.001,0.10813827746188998,74.54545454545455,117.2043010752688
9.3,0.36,0.39,1.5,0.08,41.0,55.0,0.99652,3.47,0.73,10.9,6,medium,red,86.001,0.10813827746188998,74.54545454545455,117.2043010752688
7.6,0.735,0.02,2.5,0.071,10.0,14.0,0.99538,3.51,0.71,11.7,7,medium,red,92.313,0.0823285994388656,71.42857142857143,153.94736842105263
9.3,0.36,0.39,1.5,0.08,41.0,55.0,0.99652,3.47,0.73,10.9,6,medium,red,86.001,0.10813827746188998,74.54545454545455,117.2043010752688
8.2,0.26,0.34,2.5,0.073,16.0,47.0,0.99594,3.4,0.78,11.3,7,medium,red,89.15700000000001,0.09197258768240293,34.04255319148936,137.8048780487805
11.7,0.28,0.47,1.7,0.054,17.0,32.0,0.99686,3.15,0.67,10.6,7,medium,red,83.634,0.13989525790946264,53.125,90.5982905982906
6.8,0.56,0.22,1.8,0.074,15.0,24.0,0.99438,3.4,0.82,11.2,6,medium,red,88.36800000000001,0.07695093246424044,62.5,164.70588235294116
7.2,0.62,0.06,2.7,0.077,15.0,85.0,0.99746,3.51,0.54,9.5,5,low,red,74.955,0.09605763458074845,17.647058823529413,131.94444444444443
5.8,1.01,0.66,2.0,0.039,15.0,88.0,0.99357,3.66,0.6,11.5,6,medium,red,90.735,0.06392241141786521,17.045454545454543,198.27586206896552
7.5,0.42,0.32,2.7,0.067,7.0,25.0,0.99628,3.24,0.44,10.4,5,low,red,82.056,0.09140099444281954,28.000000000000004,138.66666666666669
7.2,0.62,0.06,2.5,0.078,17.0,84.0,0.99746,3.51,0.53,9.7,5,low,red,76.533,0.09407706479557838,20.238095238095237,134.7222222222222
7.2,0.62,0.06,2.7,0.077,15.0,85.0,0.99746,3.51,0.54,9.5,5,low,red,74.955,0.09605763458074845,17.647058823529413,131.94444444444443
7.2,0.635,0.07,2.6,0.077,16.0,86.0,0.99748,3.51,0.54,9.7,5,low,red,76.533,0.09407706479557838,18.6046511627907,134.7222222222222
6.8,0.49,0.22,2.3,0.071,13.0,24.0,0.99438,3.41,0.83,11.3,6,medium,red,89.15700000000001,0.07626995076101707,54.166666666666664,166.1764705882353
6.9,0.51,0.23,2.0,0.072,13.0,22.0,0.99438,3.4,0.84,11.2,6,medium,red,88.36800000000001,0.07808256382400869,59.09090909090909,162.31884057971013
6.8,0.56,0.22,1.8,0.074,15.0,24.0,0.99438,3.4,0.82,11.2,6,medium,red,88.36800000000001,0.07695093246424044,62.5,164.70588235294116
7.6,0.63,0.03,2.0,0.08,27.0,43.0,0.99578,3.44,0.64,10.9,6,medium,red,86.001,0.08837106545272728,62.7906976744186,143.42105263157896
7.7,0.715,0.01,2.1,0.064,31.0,43.0,0.99371,3.41,0.57,11.8,6,medium,red,93.102,0.08270499022577388,72.09302325581395,153.24675324675326
6.9,0.56,0.03,1.5,0.086,36.0,46.0,0.99522,3.53,0.57,10.6,5,low,red,83.634,0.08250233158763183,78.26086956521739,153.6231884057971
7.3,0.35,0.24,2.0,0.067,28.0,48.0,0.99576,3.43,0.54,10.0,4,low,red,78.9,0.09252217997465145,58.333333333333336,136.986301369863
9.1,0.21,0.37,1.6,0.067,6.0,10.0,0.99552,3.23,0.58,11.1,7,medium,red,87.57900000000001,0.10390618755637766,60.0,121.97802197802199
10.4,0.38,0.46,2.1,0.104,6.0,10.0,0.99664,3.12,0.65,11.8,7,medium,red,93.102,0.11170544134390238,60.0,113.46153846153845
8.8,0.31,0.4,2.8,0.109,7.0,16.0,0.99614,3.31,0.79,11.8,7,medium,red,93.102,0.09451998882945586,43.75,134.0909090909091
7.1,0.47,0.0,2.2,0.067,7.0,14.0,0.99517,3.4,0.58,10.9,4,low,red,86.001,0.08255717956767944,50.0,153.5211267605634
7.7,0.715,0.01,2.1,0.064,31.0,43.0,0.99371,3.41,0.57,11.8,6,medium,red,93.102,0.08270499022577388,72.09302325581395,153.24675324675326
8.8,0.61,0.19,4.0,0.094,30.0,69.0,0.99787,3.22,0.5,10.0,6,medium,red,78.9,0.11153358681875793,43.47826086956522,113.63636363636363
7.2,0.6,0.04,2.5,0.076,18.0,88.0,0.99745,3.53,0.55,9.5,5,low,red,74.955,0.09605763458074845,20.454545454545457,131.94444444444443
9.2,0.56,0.18,1.6,0.078,10.0,21.0,0.99576,3.15,0.49,9.9,5,low,red,78.111,0.11778110637426226,47.61904761904761,107.60869565217392
7.6,0.715,0.0,2.1,0.068,30.0,35.0,0.99533,3.48,0.65,11.4,6,medium,red,89.946,0.08449514152936206,85.71428571428571,150.00000000000003
8.4,0.31,0.29,3.1,0.194,14.0,26.0,0.99536,3.22,0.78,12.0,6,medium,red,94.68,0.08871989860583016,53.84615384615385,142.85714285714286
7.2,0.6,0.04,2.5,0.076,18.0,88.0,0.99745,3.53,0.55,9.5,5,low,red,74.955,0.09605763458074845,20.454545454545457,131.94444444444443
8.8,0.61,0.19,4.0,0.094,30.0,69.0,0.99787,3.22,0.5,10.0,6,medium,red,78.9,0.11153358681875793,43.47826086956522,113.63636363636363
8.9,0.75,0.14,2.5,0.086,9.0,30.0,0.99824,3.34,0.64,10.5,5,low,red,82.845,0.10742953708733177,30.0,117.97752808988764
9.0,0.8,0.12,2.4,0.083,8.0,28.0,0.99836,3.33,0.65,10.4,6,medium,red,82.056,0.10968119333138344,28.57142857142857,115.55555555555557
10.7,0.52,0.38,2.6,0.066,29.0,56.0,0.99577,3.15,0.79,12.1,7,medium,red,95.46900000000001,0.11207826624349264,51.78571428571429,113.08411214953271
6.8,0.57,0.0,2.5,0.072,32.0,64.0,0.99491,3.43,0.56,11.2,6,medium,red,88.36800000000001,0.07695093246424044,50.0,164.70588235294116
10.7,0.9,0.34,6.6,0.112,23.0,99.0,1.00289,3.22,0.68,9.3,5,low,red,73.37700000000001,0.14582226038131837,23.232323232323232,86.9158878504673
7.2,0.34,0.24,2.0,0.071,30.0,52.0,0.99576,3.44,0.58,10.1,5,low,red,79.68900000000001,0.09035124044723863,57.692307692307686,140.27777777777777
7.2,0.66,0.03,2.3,0.078,16.0,86.0,0.99743,3.53,0.57,9.7,5,low,red,76.533,0.09407706479557838,18.6046511627907,134.7222222222222
10.1,0.45,0.23,1.9,0.082,10.0,18.0,0.99774,3.22,0.65,9.3,6,medium,red,73.37700000000001,0.13764531120105752,55.55555555555556,92.0792079207921
7.2,0.66,0.03,2.3,0.078,16.0,86.0,0.99743,3.53,0.57,9.7,5,low,red,76.533,0.09407706479557838,18.6046511627907,134.7222222222222
7.2,0.63,0.03,2.2,0.08,17.0,88.0,0.99745,3.53,0.58,9.8,6,medium,red,77.322,0.0931170947466439,19.318181818181817,136.11111111111111
7.1,0.59,0.01,2.3,0.08,27.0,43.0,0.9955,3.42,0.58,10.7,6,medium,red,84.423,0.08410030441941177,62.7906976744186,150.70422535211267
8.3,0.31,0.39,2.4,0.078,17.0,43.0,0.99444,3.31,0.77,12.5,7,medium,red,98.625,0.08415716096324462,39.53488372093023,150.6024096385542
7.1,0.59,0.01,2.3,0.08,27.0,43.0,0.9955,3.42,0.58,10.7,6,medium,red,84.423,0.08410030441941177,62.7906976744186,150.70422535211267
8.3,0.31,0.39,2.4,0.078,17.0,43.0,0.99444,3.31,0.77,12.5,7,medium,red,98.625,0.08415716096324462,39.53488372093023,150.6024096385542
8.3,1.02,0.02,3.4,0.084,6.0,11.0,0.99892,3.48,0.49,11.0,3,low,red,86.79,0.09563313745823251,54.54545454545454,132.5301204819277
8.9,0.31,0.36,2.6,0.056,10.0,39.0,0.99562,3.4,0.69,11.8,5,low,red,93.102,0.09559407961160878,25.64102564102564,132.58426966292137
7.4,0.635,0.1,2.4,0.08,16.0,33.0,0.99736,3.58,0.69,10.8,7,medium,red,85.212,0.08684222879406657,48.484848484848484,145.94594594594594
7.4,0.635,0.1,2.4,0.08,16.0,33.0,0.99736,3.58,0.69,10.8,7,medium,red,85.212,0.08684222879406657,48.484848484848484,145.94594594594594
6.8,0.59,0.06,6.0,0.06,11.0,18.0,0.9962,3.41,0.59,10.8,7,medium,red,85.212,0.07980096699995305,61.111111111111114,158.82352941176472
6.8,0.59,0.06,6.0,0.06,11.0,18.0,0.9962,3.41,0.59,10.8,7,medium,red,85.212,0.07980096699995305,61.111111111111114,158.82352941176472
9.2,0.58,0.2,3.0,0.081,15.0,115.0,0.998,3.23,0.59,9.5,5,low,red,74.955,0.12274031085317856,13.043478260869565,103.2608695652174
7.2,0.54,0.27,2.6,0.084,12.0,78.0,0.9964,3.39,0.71,11.0,5,low,red,86.79,0.0829588662288282,15.384615384615385,152.77777777777777
6.1,0.56,0.0,2.2,0.079,6.0,9.0,0.9948,3.59,0.54,11.5,6,medium,red,90.735,0.0672287430429272,66.66666666666666,188.52459016393445
7.4,0.52,0.13,2.4,0.078,34.0,61.0,0.99528,3.43,0.59,10.8,6,medium,red,85.212,0.08684222879406657,55.73770491803278,145.94594594594594
7.3,0.305,0.39,1.2,0.059,7.0,11.0,0.99331,3.29,0.52,11.5,6,medium,red,90.735,0.08045406954317517,63.63636363636363,157.53424657534248
9.3,0.38,0.48,3.8,0.132,3.0,11.0,0.99577,3.23,0.57,13.2,6,medium,red,104.14800000000001,0.08929600184353036,27.27272727272727,141.93548387096772
9.1,0.28,0.46,9.0,0.114,3.0,9.0,0.99901,3.18,0.6,10.9,6,medium,red,86.001,0.10581272310787083,33.33333333333333,119.7802197802198
10.0,0.46,0.44,2.9,0.065,4.0,8.0,0.99674,3.33,0.62,12.2,6,medium,red,96.25800000000001,0.10388746909347793,50.0,122.0
9.4,0.395,0.46,4.6,0.094,3.0,10.0,0.99639,3.27,0.64,12.2,7,medium,red,96.25800000000001,0.09765422094786926,30.0,129.7872340425532
7.3,0.305,0.39,1.2,0.059,7.0,11.0,0.99331,3.29,0.52,11.5,6,medium,red,90.735,0.08045406954317517,63.63636363636363,157.53424657534248
8.6,0.315,0.4,2.2,0.079,3.0,6.0,0.99512,3.27,0.67,11.9,6,medium,red,93.891,0.09159557359065298,50.0,138.37209302325581
5.3,0.715,0.19,1.5,0.161,7.0,62.0,0.99395,3.62,0.61,11.0,5,low,red,86.79,0.06106694319622075,11.29032258064516,207.54716981132074
6.8,0.41,0.31,8.8,0.084,26.0,45.0,0.99824,3.38,0.64,10.1,6,medium,red,79.68900000000001,0.0853317270890587,57.77777777777777,148.52941176470588
8.4,0.36,0.32,2.2,0.081,32.0,79.0,0.9964,3.3,0.72,11.0,6,medium,red,86.79,0.0967853439336329,40.50632911392405,130.95238095238096
8.4,0.62,0.12,1.8,0.072,38.0,46.0,0.99504,3.38,0.89,11.8,6,medium,red,93.102,0.09022362570084423,82.6086956521739,140.47619047619048
9.6,0.41,0.37,2.3,0.091,10.0,23.0,0.99786,3.24,0.56,10.5,5,low,red,82.845,0.11587905124026797,43.47826086956522,109.375
8.4,0.36,0.32,2.2,0.081,32.0,79.0,0.9964,3.3,0.72,11.0,6,medium,red,86.79,0.0967853439336329,40.50632911392405,130.95238095238096
8.4,0.62,0.12,1.8,0.072,38.0,46.0,0.99504,3.38,0.89,11.8,6,medium,red,93.102,0.09022362570084423,82.6086956521739,140.47619047619048
6.8,0.41,0.31,8.8,0.084,26.0,45.0,0.99824,3.38,0.64,10.1,6,medium,red,79.68900000000001,0.0853317270890587,57.77777777777777,148.52941176470588
8.6,0.47,0.27,2.3,0.055,14.0,28.0,0.99516,3.18,0.8,11.2,5,low,red,88.36800000000001,0.09732029694006879,50.0,130.23255813953486
8.6,0.22,0.36,1.9,0.064,53.0,77.0,0.99604,3.47,0.87,11.0,7,medium,red,86.79,0.09908975688443368,68.83116883116884,127.90697674418605
9.4,0.24,0.33,2.3,0.061,52.0,73.0,0.99786,3.47,0.9,10.2,6,medium,red,80.47800000000001,0.11680210740823578,71.23287671232876,108.51063829787233
8.4,0.67,0.19,2.2,0.093,11.0,75.0,0.99736,3.2,0.59,9.2,4,low,red,72.58800000000001,0.11572160687716977,14.666666666666666,109.52380952380952
8.6,0.47,0.27,2.3,0.055,14.0,28.0,0.99516,3.18,0.8,11.2,5,low,red,88.36800000000001,0.09732029694006879,50.0,130.23255813953486
8.7,0.33,0.38,3.3,0.063,10.0,19.0,0.99468,3.3,0.73,12.0,7,medium,red,94.68,0.09188846641318123,52.63157894736842,137.93103448275863
6.6,0.61,0.01,1.9,0.08,8.0,25.0,0.99746,3.69,0.73,10.5,5,low,red,82.845,0.07966684772768423,32.0,159.0909090909091
7.4,0.61,0.01,2.0,0.074,13.0,38.0,0.99748,3.48,0.65,9.8,5,low,red,77.322,0.09570368071182846,34.21052631578947,132.43243243243242
7.6,0.4,0.29,1.9,0.078,29.0,66.0,0.9971,3.45,0.59,9.5,6,medium,red,74.955,0.10139416983523447,43.93939393939394,125.0
7.4,0.61,0.01,2.0,0.074,13.0,38.0,0.99748,3.48,0.65,9.8,5,low,red,77.322,0.09570368071182846,34.21052631578947,132.43243243243242
6.6,0.61,0.01,1.9,0.08,8.0,25.0,0.99746,3.69,0.73,10.5,5,low,red,82.845,0.07966684772768423,32.0,159.0909090909091
8.8,0.3,0.38,2.3,0.06,19.0,72.0,0.99543,3.39,0.72,11.8,6,medium,red,93.102,0.09451998882945586,26.38888888888889,134.0909090909091
8.8,0.3,0.38,2.3,0.06,19.0,72.0,0.99543,3.39,0.72,11.8,6,medium,red,93.102,0.09451998882945586,26.38888888888889,134.0909090909091
12.0,0.63,0.5,1.4,0.071,6.0,26.0,0.99791,3.07,0.6,10.4,4,low,red,82.056,0.14624159110851126,23.076923076923077,86.66666666666667
7.2,0.38,0.38,2.8,0.068,23.0,42.0,0.99356,3.34,0.72,12.9,7,medium,red,101.781,0.07074011848969847,54.761904761904766,179.16666666666669
6.2,0.46,0.17,1.6,0.073,7.0,11.0,0.99425,3.61,0.54,11.4,5,low,red,89.946,0.06893024703711116,63.63636363636363,183.8709677419355
9.6,0.33,0.52,2.2,0.074,13.0,25.0,0.99509,3.36,0.76,12.4,7,medium,red,97.836,0.09812339016313014,52.0,129.16666666666669
9.9,0.27,0.49,5.0,0.082,9.0,17.0,0.99484,3.19,0.52,12.5,7,medium,red,98.625,0.10038022813688213,52.94117647058824,126.26262626262626
10.1,0.43,0.4,2.6,0.092,13.0,52.0,0.99834,3.22,0.64,10.0,7,medium,red,78.9,0.1280101394169835,25.0,99.00990099009901
9.8,0.5,0.34,2.3,0.094,10.0,45.0,0.99864,3.24,0.6,9.7,7,medium,red,76.533,0.12804933819398168,22.22222222222222,98.97959183673468
8.3,0.3,0.49,3.8,0.09,11.0,24.0,0.99498,3.27,0.64,12.1,7,medium,red,95.46900000000001,0.08693921587112047,45.83333333333333,145.78313253012047
10.2,0.44,0.42,2.0,0.071,7.0,20.0,0.99566,3.14,0.79,11.1,7,medium,red,87.57900000000001,0.11646627616209364,35.0,108.82352941176472
10.2,0.44,0.58,4.1,0.092,11.0,24.0,0.99745,3.29,0.99,12.0,7,medium,red,94.68,0.10773130544993662,45.83333333333333,117.64705882352942
8.3,0.28,0.48,2.1,0.093,6.0,12.0,0.99408,3.26,0.62,12.4,7,medium,red,97.836,0.08483584774520628,50.0,149.39759036144576
8.9,0.12,0.45,1.8,0.075,10.0,21.0,0.99552,3.41,0.76,11.9,7,medium,red,93.891,0.09479076801823391,47.61904761904761,133.7078651685393
8.9,0.12,0.45,1.8,0.075,10.0,21.0,0.99552,3.41,0.76,11.9,7,medium,red,93.891,0.09479076801823391,47.61904761904761,133.7078651685393
8.9,0.12,0.45,1.8,0.075,10.0,21.0,0.99552,3.41,0.76,11.9,7,medium,red,93.891,0.09479076801823391,47.61904761904761,133.7078651685393
8.3,0.28,0.48,2.1,0.093,6.0,12.0,0.99408,3.26,0.62,12.4,7,medium,red,97.836,0.08483584774520628,50.0,149.39759036144576
8.2,0.31,0.4,2.2,0.058,6.0,10.0,0.99536,3.31,0.68,11.2,7,medium,red,88.36800000000001,0.09279377150099581,60.0,136.58536585365854
10.2,0.34,0.48,2.1,0.052,5.0,9.0,0.99458,3.2,0.69,12.1,7,medium,red,95.46900000000001,0.10684096408258176,55.55555555555556,118.62745098039215
7.6,0.43,0.4,2.7,0.082,6.0,11.0,0.99538,3.44,0.54,12.2,6,medium,red,96.25800000000001,0.07895447651104323,54.54545454545454,160.52631578947367
8.5,0.21,0.52,1.9,0.09,9.0,23.0,0.99648,3.36,0.67,10.4,5,low,red,82.056,0.10358779370186215,39.130434782608695,122.3529411764706
9.0,0.36,0.52,2.1,0.111,5.0,10.0,0.99568,3.31,0.62,11.3,6,medium,red,89.15700000000001,0.100945523066052,50.0,125.55555555555556
9.5,0.37,0.52,2.0,0.088,12.0,51.0,0.99613,3.29,0.58,11.1,6,medium,red,87.57900000000001,0.10847349250391075,23.52941176470588,116.84210526315788
6.4,0.57,0.12,2.3,0.12,25.0,36.0,0.99519,3.47,0.71,11.3,7,medium,red,89.15700000000001,0.07178348306919255,69.44444444444444,176.5625
8.0,0.59,0.05,2.0,0.089,12.0,32.0,0.99735,3.36,0.61,10.0,5,low,red,78.9,0.10139416983523447,37.5,125.0
8.5,0.47,0.27,1.9,0.058,18.0,38.0,0.99518,3.16,0.85,11.1,6,medium,red,87.57900000000001,0.09705523013507804,47.368421052631575,130.58823529411765
7.1,0.56,0.14,1.6,0.078,7.0,18.0,0.99592,3.27,0.62,9.3,5,low,red,73.37700000000001,0.09676056529975331,38.88888888888889,130.98591549295776
6.6,0.57,0.02,2.1,0.115,6.0,16.0,0.99654,3.38,0.69,9.5,5,low,red,74.955,0.08805283169901941,37.5,143.93939393939394
8.8,0.27,0.39,2.0,0.1,20.0,27.0,0.99546,3.15,0.69,11.2,6,medium,red,88.36800000000001,0.09958355965960529,74.07407407407408,127.27272727272725
8.5,0.47,0.27,1.9,0.058,18.0,38.0,0.99518,3.16,0.85,11.1,6,medium,red,87.57900000000001,0.09705523013507804,47.368421052631575,130.58823529411765
8.3,0.34,0.4,2.4,0.065,24.0,48.0,0.99554,3.34,0.86,11.0,6,medium,red,86.79,0.09563313745823251,50.0,132.5301204819277
9.0,0.38,0.41,2.4,0.103,6.0,10.0,0.99604,3.13,0.58,11.9,7,medium,red,93.891,0.09585583282742755,60.0,132.22222222222223
8.5,0.66,0.2,2.1,0.097,23.0,113.0,0.99733,3.13,0.48,9.2,5,low,red,72.58800000000001,0.11709924505427893,20.353982300884958,108.23529411764706
9.0,0.4,0.43,2.4,0.068,29.0,46.0,0.9943,3.2,0.6,12.2,6,medium,red,96.25800000000001,0.09349872218413013,63.04347826086957,135.55555555555554
6.7,0.56,0.09,2.9,0.079,7.0,22.0,0.99669,3.46,0.61,10.2,5,low,red,80.47800000000001,0.08325256591863614,31.818181818181817,152.23880597014926
10.4,0.26,0.48,1.9,0.066,6.0,10.0,0.99724,3.33,0.87,10.9,6,medium,red,86.001,0.12092882640899524,60.0,104.8076923076923
10.4,0.26,0.48,1.9,0.066,6.0,10.0,0.99724,3.33,0.87,10.9,6,medium,red,86.001,0.12092882640899524,60.0,104.8076923076923
10.1,0.38,0.5,2.4,0.104,6.0,13.0,0.99643,3.22,0.65,11.6,7,medium,red,91.524,0.11035356846291683,46.15384615384615,114.85148514851484
8.5,0.34,0.44,1.7,0.079,6.0,12.0,0.99605,3.52,0.63,10.7,5,low,red,84.423,0.10068346303732395,50.0,125.88235294117646
8.8,0.33,0.41,5.9,0.073,7.0,13.0,0.99658,3.3,0.62,12.1,7,medium,red,95.46900000000001,0.09217651803203133,53.84615384615385,137.49999999999997
7.2,0.41,0.3,2.1,0.083,35.0,72.0,0.997,3.44,0.52,9.4,5,low,red,74.166,0.09707952431033089,48.61111111111111,130.55555555555557
7.2,0.41,0.3,2.1,0.083,35.0,72.0,0.997,3.44,0.52,9.4,5,low,red,74.166,0.09707952431033089,48.61111111111111,130.55555555555557
8.4,0.59,0.29,2.6,0.109,31.0,119.0,0.99801,3.15,0.5,9.1,5,low,red,71.799,0.116993272886809,26.05042016806723,108.33333333333333
7.0,0.4,0.32,3.6,0.061,9.0,29.0,0.99416,3.28,0.49,11.3,7,medium,red,89.15700000000001,0.07851318460692934,31.03448275862069,161.42857142857144
12.2,0.45,0.49,1.4,0.075,3.0,6.0,0.9969,3.13,0.63,10.4,5,low,red,82.056,0.14867895096031977,50.0,85.24590163934427
9.1,0.5,0.3,1.9,0.065,8.0,17.0,0.99774,3.32,0.71,10.5,6,medium,red,82.845,0.10984368398817068,47.05882352941176,115.3846153846154
9.5,0.86,0.26,1.9,0.079,13.0,28.0,0.99712,3.25,0.62,10.0,5,low,red,78.9,0.12040557667934093,46.42857142857143,105.26315789473684
7.3,0.52,0.32,2.1,0.07,51.0,70.0,0.99418,3.34,0.82,12.9,6,medium,red,101.781,0.07172262013538871,72.85714285714285,176.7123287671233
9.1,0.5,0.3,1.9,0.065,8.0,17.0,0.99774,3.32,0.71,10.5,6,medium,red,82.845,0.10984368398817068,47.05882352941176,115.3846153846154
12.2,0.45,0.49,1.4,0.075,3.0,6.0,0.9969,3.13,0.63,10.4,5,low,red,82.056,0.14867895096031977,50.0,85.24590163934427
7.4,0.58,0.0,2.0,0.064,7.0,11.0,0.99562,3.45,0.58,11.3,6,medium,red,89.15700000000001,0.08299965229875388,63.63636363636363,152.7027027027027
9.8,0.34,0.39,1.4,0.066,3.0,7.0,0.9947,3.19,0.55,11.4,7,medium,red,89.946,0.10895426144575636,42.857142857142854,116.3265306122449
7.1,0.36,0.3,1.6,0.08,35.0,70.0,0.99693,3.44,0.5,9.4,5,low,red,74.166,0.0957311975837985,50.0,132.3943661971831
7.7,0.39,0.12,1.7,0.097,19.0,27.0,0.99596,3.16,0.49,9.4,5,low,red,74.166,0.10382115794299275,70.37037037037037,122.07792207792207
9.7,0.295,0.4,1.5,0.073,14.0,21.0,0.99556,3.14,0.51,10.9,6,medium,red,86.001,0.11278938616992824,66.66666666666666,112.37113402061858
7.7,0.39,0.12,1.7,0.097,19.0,27.0,0.99596,3.16,0.49,9.4,5,low,red,74.166,0.10382115794299275,70.37037037037037,122.07792207792207
7.1,0.34,0.28,2.0,0.082,31.0,68.0,0.99694,3.45,0.48,9.4,5,low,red,74.166,0.0957311975837985,45.588235294117645,132.3943661971831
6.5,0.4,0.1,2.0,0.076,30.0,47.0,0.99554,3.36,0.48,9.4,6,medium,red,74.166,0.08764123722460428,63.829787234042556,144.6153846153846
7.1,0.34,0.28,2.0,0.082,31.0,68.0,0.99694,3.45,0.48,9.4,5,low,red,74.166,0.0957311975837985,45.588235294117645,132.3943661971831
10.0,0.35,0.45,2.5,0.092,20.0,88.0,0.99918,3.15,0.43,9.4,5,low,red,74.166,0.13483267265323734,22.727272727272727,94.0
7.7,0.6,0.06,2.0,0.079,19.0,41.0,0.99697,3.39,0.62,10.1,6,medium,red,79.68900000000001,0.09662563214496354,46.34146341463415,131.16883116883116
5.6,0.66,0.0,2.2,0.087,3.0,11.0,0.99378,3.71,0.63,12.8,7,medium,red,100.992,0.055449936628643844,27.27272727272727,228.5714285714286
5.6,0.66,0.0,2.2,0.087,3.0,11.0,0.99378,3.71,0.63,12.8,7,medium,red,100.992,0.055449936628643844,27.27272727272727,228.5714285714286
8.9,0.84,0.34,1.4,0.05,4.0,10.0,0.99554,3.12,0.48,9.1,6,medium,red,71.799,0.12395715817769049,40.0,102.24719101123594
6.4,0.69,0.0,1.65,0.055,7.0,12.0,0.99162,3.47,0.53,12.9,6,medium,red,101.781,0.06288010532417641,58.333333333333336,201.5625
7.5,0.43,0.3,2.2,0.062,6.0,12.0,0.99495,3.44,0.72,11.5,7,medium,red,90.735,0.08265829062654985,50.0,153.33333333333334
9.9,0.35,0.38,1.5,0.058,31.0,47.0,0.99676,3.26,0.82,10.6,7,medium,red,83.634,0.1183729105387761,65.95744680851064,107.07070707070707
9.1,0.29,0.33,2.05,0.063,13.0,27.0,0.99516,3.26,0.84,11.7,7,medium,red,92.313,0.09857766511758907,48.148148148148145,128.57142857142856
6.8,0.36,0.32,1.8,0.067,4.0,8.0,0.9928,3.36,0.55,12.8,7,medium,red,100.992,0.0673320659062104,50.0,188.23529411764707
8.2,0.43,0.29,1.6,0.081,27.0,45.0,0.99603,3.25,0.54,10.3,5,low,red,81.26700000000001,0.10090196512729642,60.0,125.609756097561
6.8,0.36,0.32,1.8,0.067,4.0,8.0,0.9928,3.36,0.55,12.8,7,medium,red,100.992,0.0673320659062104,50.0,188.23529411764707
9.1,0.29,0.33,2.05,0.063,13.0,27.0,0.99516,3.26,0.84,11.7,7,medium,red,92.313,0.09857766511758907,48.148148148148145,128.57142857142856
9.1,0.3,0.34,2.0,0.064,12.0,25.0,0.99516,3.26,0.84,11.7,7,medium,red,92.313,0.09857766511758907,48.0,128.57142857142856
8.9,0.35,0.4,3.6,0.11,12.0,24.0,0.99549,3.23,0.7,12.0,7,medium,red,94.68,0.0940008449514153,50.0,134.8314606741573
9.6,0.5,0.36,2.8,0.116,26.0,55.0,0.99722,3.18,0.68,10.9,5,low,red,86.001,0.11162660899291868,47.27272727272727,113.54166666666667
8.9,0.28,0.45,1.7,0.067,7.0,12.0,0.99354,3.25,0.55,12.3,7,medium,red,97.04700000000001,0.09170814141601491,58.333333333333336,138.20224719101125
8.9,0.32,0.31,2.0,0.088,12.0,19.0,0.9957,3.17,0.55,10.4,6,medium,red,82.056,0.10846251340547919,63.1578947368421,116.85393258426966
7.7,1.005,0.15,2.1,0.102,11.0,32.0,0.99604,3.23,0.48,10.0,5,low,red,78.9,0.09759188846641317,34.375,129.87012987012986
7.5,0.71,0.0,1.6,0.092,22.0,31.0,0.99635,3.38,0.58,10.0,6,medium,red,78.9,0.09505703422053231,70.96774193548387,133.33333333333331
8.0,0.58,0.16,2.0,0.12,3.0,7.0,0.99454,3.22,0.58,11.2,6,medium,red,88.36800000000001,0.09053050878145934,42.857142857142854,140.0
10.5,0.39,0.46,2.2,0.075,14.0,27.0,0.99598,3.06,0.84,11.4,6,medium,red,89.946,0.1167367086918818,51.85185185185185,108.57142857142858
8.9,0.38,0.4,2.2,0.068,12.0,28.0,0.99486,3.27,0.75,12.6,7,medium,red,99.414,0.08952461423944313,42.857142857142854,141.57303370786516
8.0,0.18,0.37,0.9,0.049,36.0,109.0,0.99007,2.89,0.44,12.7,6,medium,red,100.203,0.07983792900412164,33.02752293577982,158.75
8.0,0.18,0.37,0.9,0.049,36.0,109.0,0.99007,2.89,0.44,12.7,6,medium,red,100.203,0.07983792900412164,33.02752293577982,158.75
7.0,0.5,0.14,1.8,0.078,10.0,23.0,0.99636,3.53,0.61,10.4,5,low,red,82.056,0.08530759481329823,43.47826086956522,148.57142857142858
11.3,0.36,0.66,2.4,0.123,3.0,8.0,0.99642,3.2,0.53,11.9,6,medium,red,93.891,0.12035232343888126,37.5,105.30973451327432
11.3,0.36,0.66,2.4,0.123,3.0,8.0,0.99642,3.2,0.53,11.9,6,medium,red,93.891,0.12035232343888126,37.5,105.30973451327432
7.0,0.51,0.09,2.1,0.062,4.0,9.0,0.99584,3.35,0.54,10.5,5,low,red,82.845,0.08449514152936206,44.44444444444444,150.0
8.2,0.32,0.42,2.3,0.098,3.0,9.0,0.99506,3.27,0.55,12.3,6,medium,red,97.04700000000001,0.08449514152936205,33.33333333333333,150.00000000000003
7.7,0.58,0.01,1.8,0.088,12.0,18.0,0.99568,3.32,0.56,10.5,7,medium,red,82.845,0.09294465568229827,66.66666666666666,136.36363636363635
8.6,0.83,0.0,2.8,0.095,17.0,43.0,0.99822,3.33,0.6,10.4,6,medium,red,82.056,0.1048064736277664,39.53488372093023,120.93023255813955
7.9,0.31,0.32,1.9,0.066,14.0,36.0,0.99364,3.41,0.56,12.6,6,medium,red,99.414,0.079465668819281,38.88888888888889,159.49367088607593
6.4,0.795,0.0,2.2,0.065,28.0,52.0,0.99378,3.49,0.52,11.6,5,low,red,91.524,0.06992701367947206,53.84615384615385,181.24999999999997
7.2,0.34,0.21,2.5,0.075,41.0,68.0,0.99586,3.37,0.54,10.1,6,medium,red,79.68900000000001,0.09035124044723863,60.29411764705882,140.27777777777777
7.7,0.58,0.01,1.8,0.088,12.0,18.0,0.99568,3.32,0.56,10.5,7,medium,red,82.845,0.09294465568229827,66.66666666666666,136.36363636363635
7.1,0.59,0.0,2.1,0.091,9.0,14.0,0.99488,3.42,0.55,11.5,7,medium,red,90.735,0.07824984845980051,64.28571428571429,161.9718309859155
7.3,0.55,0.01,1.8,0.093,9.0,15.0,0.99514,3.35,0.58,11.0,7,medium,red,86.79,0.08411107270422859,60.0,150.68493150684932
8.1,0.82,0.0,4.1,0.095,5.0,14.0,0.99854,3.36,0.53,9.6,5,low,red,75.744,0.10693916349809886,35.714285714285715,118.5185185185185
7.5,0.57,0.08,2.6,0.089,14.0,27.0,0.99592,3.3,0.59,10.4,6,medium,red,82.056,0.09140099444281954,51.85185185185185,138.66666666666669
8.9,0.745,0.18,2.5,0.077,15.0,48.0,0.99739,3.2,0.47,9.7,6,medium,red,76.533,0.11628970509453439,31.25,108.98876404494379
10.1,0.37,0.34,2.4,0.085,5.0,17.0,0.99683,3.17,0.65,10.6,7,medium,red,83.634,0.12076428246885237,29.411764705882355,104.95049504950495
7.6,0.31,0.34,2.5,0.082,26.0,35.0,0.99356,3.22,0.59,12.5,7,medium,red,98.625,0.07705956907477819,74.28571428571429,164.47368421052633
7.3,0.91,0.1,1.8,0.074,20.0,56.0,0.99672,3.35,0.56,9.2,5,low,red,72.58800000000001,0.10056758692896896,35.714285714285715,126.02739726027397
8.7,0.41,0.41,6.2,0.078,25.0,42.0,0.9953,3.24,0.77,12.6,7,medium,red,99.414,0.0875128251554107,59.523809523809526,144.82758620689654
8.9,0.5,0.21,2.2,0.088,21.0,39.0,0.99692,3.33,0.83,11.1,6,medium,red,87.57900000000001,0.10162253508261113,53.84615384615385,124.7191011235955
7.4,0.965,0.0,2.2,0.088,16.0,32.0,0.99756,3.58,0.67,10.2,5,low,red,80.47800000000001,0.09195059519371754,50.0,137.83783783783784
6.9,0.49,0.19,1.7,0.079,13.0,26.0,0.99547,3.38,0.64,9.8,6,medium,red,77.322,0.08923721579886708,50.0,142.02898550724638
8.9,0.5,0.21,2.2,0.088,21.0,39.0,0.99692,3.33,0.83,11.1,6,medium,red,87.57900000000001,0.10162253508261113,53.84615384615385,124.7191011235955
9.5,0.39,0.41,8.9,0.069,18.0,39.0,0.99859,3.29,0.81,10.9,7,medium,red,86.001,0.11046383181590912,46.15384615384615,114.73684210526316
6.4,0.39,0.33,3.3,0.046,12.0,53.0,0.99294,3.36,0.62,12.2,6,medium,red,96.25800000000001,0.06648798021982588,22.641509433962266,190.62499999999997
6.9,0.44,0.0,1.4,0.07,32.0,38.0,0.99438,3.32,0.58,11.4,6,medium,red,89.946,0.07671269428323661,84.21052631578947,165.2173913043478
7.6,0.78,0.0,1.7,0.076,33.0,45.0,0.99612,3.31,0.62,10.7,6,medium,red,84.423,0.09002286106866611,73.33333333333333,140.78947368421052
7.1,0.43,0.17,1.8,0.082,27.0,51.0,0.99634,3.49,0.64,10.4,5,low,red,82.056,0.08652627473920249,52.94117647058824,146.47887323943664
9.3,0.49,0.36,1.7,0.081,3.0,14.0,0.99702,3.27,0.78,10.9,6,medium,red,86.001,0.10813827746188998,21.428571428571427,117.2043010752688
9.3,0.5,0.36,1.8,0.084,6.0,17.0,0.99704,3.27,0.77,10.8,6,medium,red,85.212,0.10913955780875934,35.294117647058826,116.12903225806453
7.1,0.43,0.17,1.8,0.082,27.0,51.0,0.99634,3.49,0.64,10.4,5,low,red,82.056,0.08652627473920249,52.94117647058824,146.47887323943664
8.5,0.46,0.59,1.4,0.414,16.0,45.0,0.99702,3.03,1.34,9.2,5,low,red,72.58800000000001,0.11709924505427893,35.55555555555556,108.23529411764706
5.6,0.605,0.05,2.4,0.073,19.0,25.0,0.99258,3.56,0.55,12.9,5,low,red,101.781,0.05502009215865436,76.0,230.3571428571429
8.3,0.33,0.42,2.3,0.07,9.0,20.0,0.99426,3.38,0.77,12.7,7,medium,red,100.203,0.0828318513417762,45.0,153.01204819277106
8.2,0.64,0.27,2.0,0.095,5.0,77.0,0.99747,3.13,0.62,9.1,6,medium,red,71.799,0.11420771877045639,6.493506493506493,110.97560975609757
8.2,0.64,0.27,2.0,0.095,5.0,77.0,0.99747,3.13,0.62,9.1,6,medium,red,71.799,0.11420771877045639,6.493506493506493,110.97560975609757
8.9,0.48,0.53,4.0,0.101,3.0,10.0,0.99586,3.21,0.59,12.1,7,medium,red,95.46900000000001,0.09322397846421351,30.0,135.95505617977528
7.6,0.42,0.25,3.9,0.104,28.0,90.0,0.99784,3.15,0.57,9.1,5,low,red,71.799,0.10585105642139861,31.11111111111111,119.73684210526316
9.9,0.53,0.57,2.4,0.093,30.0,52.0,0.9971,3.19,0.76,11.6,7,medium,red,91.524,0.10816834928543333,57.692307692307686,117.17171717171718
8.9,0.48,0.53,4.0,0.101,3.0,10.0,0.99586,3.21,0.59,12.1,7,medium,red,95.46900000000001,0.09322397846421351,30.0,135.95505617977528
11.6,0.23,0.57,1.8,0.074,3.0,8.0,0.9981,3.14,0.7,9.9,6,medium,red,78.111,0.14850661238493937,37.5,85.3448275862069
9.1,0.4,0.5,1.8,0.071,7.0,16.0,0.99462,3.21,0.69,12.5,8,high,red,98.625,0.09226869455006337,43.75,137.36263736263737
8.0,0.38,0.44,1.9,0.098,6.0,15.0,0.9956,3.3,0.64,11.4,6,medium,red,89.946,0.08894225424143375,40.0,142.5
10.2,0.29,0.65,2.4,0.075,6.0,17.0,0.99565,3.22,0.63,11.8,6,medium,red,93.102,0.10955725977959656,35.294117647058826,115.68627450980394
8.2,0.74,0.09,2.0,0.067,5.0,10.0,0.99418,3.28,0.57,11.8,6,medium,red,93.102,0.08807544413653841,50.0,143.90243902439025
7.7,0.61,0.18,2.4,0.083,6.0,20.0,0.9963,3.29,0.6,10.2,6,medium,red,80.47800000000001,0.09567832202589527,30.0,132.46753246753244
6.6,0.52,0.08,2.4,0.07,13.0,26.0,0.99358,3.4,0.72,12.5,7,medium,red,98.625,0.06692015209125475,50.0,189.3939393939394
11.1,0.31,0.53,2.2,0.06,3.0,10.0,0.99572,3.02,0.83,10.9,7,medium,red,86.001,0.12906826664806223,30.0,98.1981981981982
11.1,0.31,0.53,2.2,0.06,3.0,10.0,0.99572,3.02,0.83,10.9,7,medium,red,86.001,0.12906826664806223,30.0,98.1981981981982
8.0,0.62,0.35,2.8,0.086,28.0,52.0,0.997,3.31,0.62,10.8,5,low,red,85.212,0.09388349058818006,53.84615384615385,135.0
9.3,0.33,0.45,1.5,0.057,19.0,37.0,0.99498,3.18,0.89,11.1,7,medium,red,87.57900000000001,0.10618984003014421,51.35135135135135,119.35483870967741
7.5,0.77,0.2,8.1,0.098,30.0,92.0,0.99892,3.2,0.58,9.2,5,low,red,72.58800000000001,0.1033228632831873,32.608695652173914,122.66666666666666
7.2,0.35,0.26,1.8,0.083,33.0,75.0,0.9968,3.4,0.58,9.5,6,medium,red,74.955,0.09605763458074845,44.0,131.94444444444443
8.0,0.62,0.33,2.7,0.088,16.0,37.0,0.9972,3.31,0.58,10.7,6,medium,red,84.423,0.0947609063880696,43.24324324324324,133.75
7.5,0.77,0.2,8.1,0.098,30.0,92.0,0.99892,3.2,0.58,9.2,5,low,red,72.58800000000001,0.1033228632831873,32.608695652173914,122.66666666666666
9.1,0.25,0.34,2.0,0.071,45.0,67.0,0.99769,3.44,0.86,10.2,7,medium,red,80.47800000000001,0.11307438057605804,67.16417910447761,112.08791208791209
9.9,0.32,0.56,2.0,0.073,3.0,8.0,0.99534,3.15,0.73,11.4,6,medium,red,89.946,0.11006603962377427,37.5,115.15151515151516
8.6,0.37,0.65,6.4,0.08,3.0,8.0,0.99817,3.27,0.58,11.0,5,low,red,86.79,0.09908975688443368,37.5,127.90697674418605
8.6,0.37,0.65,6.4,0.08,3.0,8.0,0.99817,3.27,0.58,11.0,5,low,red,86.79,0.09908975688443368,37.5,127.90697674418605
7.9,0.3,0.68,8.3,0.05,37.5,278.0,0.99316,3.01,0.51,12.3,7,medium,red,97.04700000000001,0.08140385586365369,13.489208633093524,155.69620253164558
10.3,0.27,0.56,1.4,0.047,3.0,8.0,0.99471,3.16,0.51,11.8,6,medium,red,93.102,0.11063135056174948,37.5,114.5631067961165
7.9,0.3,0.68,8.3,0.05,37.5,289.0,0.99316,3.01,0.51,12.3,7,medium,red,97.04700000000001,0.08140385586365369,12.975778546712801,155.69620253164558
7.2,0.38,0.3,1.8,0.073,31.0,70.0,0.99685,3.42,0.59,9.5,6,medium,red,74.955,0.09605763458074845,44.285714285714285,131.94444444444443
8.7,0.42,0.45,2.4,0.072,32.0,59.0,0.99617,3.33,0.77,12.0,6,medium,red,94.68,0.09188846641318123,54.23728813559322,137.93103448275863
7.2,0.38,0.3,1.8,0.073,31.0,70.0,0.99685,3.42,0.59,9.5,6,medium,red,74.955,0.09605763458074845,44.285714285714285,131.94444444444443
6.8,0.48,0.08,1.8,0.074,40.0,64.0,0.99529,3.12,0.49,9.6,5,low,red,75.744,0.08977608787494719,62.5,141.1764705882353
8.5,0.34,0.4,4.7,0.055,3.0,9.0,0.99738,3.38,0.66,11.6,7,medium,red,91.524,0.09287181504304881,33.33333333333333,136.47058823529412
7.9,0.19,0.42,1.6,0.057,18.0,30.0,0.994,3.29,0.69,11.2,6,medium,red,88.36800000000001,0.0893988774216911,60.0,141.77215189873417
11.6,0.41,0.54,1.5,0.095,22.0,41.0,0.99735,3.02,0.76,9.9,7,medium,red,78.111,0.14850661238493937,53.65853658536586,85.3448275862069
11.6,0.41,0.54,1.5,0.095,22.0,41.0,0.99735,3.02,0.76,9.9,7,medium,red,78.111,0.14850661238493937,53.65853658536586,85.3448275862069
10.0,0.26,0.54,1.9,0.083,42.0,74.0,0.99451,2.98,0.63,11.8,8,high,red,93.102,0.10740907821529075,56.75675675675676,118.00000000000001
7.9,0.34,0.42,2.0,0.086,8.0,19.0,0.99546,3.35,0.6,11.4,6,medium,red,89.946,0.08783047606341583,42.10526315789473,144.30379746835442
7.0,0.54,0.09,2.0,0.081,10.0,16.0,0.99479,3.43,0.59,11.5,6,medium,red,90.735,0.07714773791811319,62.5,164.28571428571428
9.2,0.31,0.36,2.2,0.079,11.0,31.0,0.99615,3.33,0.86,12.0,7,medium,red,94.68,0.09716941275876635,35.483870967741936,130.43478260869566
6.6,0.725,0.09,5.5,0.117,9.0,17.0,0.99655,3.35,0.49,10.8,6,medium,red,85.212,0.07745387973524855,52.94117647058824,163.63636363636365
9.4,0.4,0.47,2.5,0.087,6.0,20.0,0.99772,3.15,0.5,10.5,5,low,red,82.845,0.11346490433942906,30.0,111.70212765957446
6.6,0.725,0.09,5.5,0.117,9.0,17.0,0.99655,3.35,0.49,10.8,6,medium,red,85.212,0.07745387973524855,52.94117647058824,163.63636363636365
8.6,0.52,0.38,1.5,0.096,5.0,18.0,0.99666,3.2,0.52,9.4,5,low,red,74.166,0.1159560984817841,27.77777777777778,109.30232558139537
8.0,0.31,0.45,2.1,0.216,5.0,16.0,0.99358,3.15,0.81,12.5,7,medium,red,98.625,0.08111533586818757,31.25,156.25
8.6,0.52,0.38,1.5,0.096,5.0,18.0,0.99666,3.2,0.52,9.4,5,low,red,74.166,0.1159560984817841,27.77777777777778,109.30232558139537
8.4,0.34,0.42,2.1,0.072,23.0,36.0,0.99392,3.11,0.78,12.4,6,medium,red,97.836,0.08585796639273888,63.888888888888886,147.61904761904762
7.4,0.49,0.27,2.1,0.071,14.0,25.0,0.99388,3.35,0.63,12.0,6,medium,red,94.68,0.0781580059146599,56.00000000000001,162.16216216216216
6.1,0.48,0.09,1.7,0.078,18.0,30.0,0.99402,3.45,0.54,11.2,6,medium,red,88.36800000000001,0.06902951294586275,60.0,183.60655737704917
7.4,0.49,0.27,2.1,0.071,14.0,25.0,0.99388,3.35,0.63,12.0,6,medium,red,94.68,0.0781580059146599,56.00000000000001,162.16216216216216
8.0,0.48,0.34,2.2,0.073,16.0,25.0,0.9936,3.28,0.66,12.4,6,medium,red,97.836,0.08176949180260845,64.0,155.0
6.3,0.57,0.28,2.1,0.048,13.0,49.0,0.99374,3.41,0.6,12.8,5,low,red,100.992,0.06238117870722433,26.53061224489796,203.17460317460322
8.2,0.23,0.42,1.9,0.069,9.0,17.0,0.99376,3.21,0.54,12.3,6,medium,red,97.04700000000001,0.08449514152936205,52.94117647058824,150.00000000000003
9.1,0.3,0.41,2.0,0.068,10.0,24.0,0.99523,3.27,0.85,11.7,7,medium,red,92.313,0.09857766511758907,41.66666666666667,128.57142857142856
8.1,0.78,0.1,3.3,0.09,4.0,13.0,0.99855,3.36,0.49,9.5,5,low,red,74.955,0.10806483890334201,30.76923076923077,117.28395061728396
10.8,0.47,0.43,2.1,0.171,27.0,66.0,0.9982,3.17,0.76,10.8,6,medium,red,85.212,0.1267427122940431,40.909090909090914,100.0
8.3,0.53,0.0,1.4,0.07,6.0,14.0,0.99593,3.25,0.64,10.0,6,medium,red,78.9,0.10519645120405577,42.857142857142854,120.48192771084337
5.4,0.42,0.27,2.0,0.092,23.0,55.0,0.99471,3.78,0.64,12.3,7,medium,red,97.04700000000001,0.055643141982750624,41.81818181818181,227.77777777777777
7.9,0.33,0.41,1.5,0.056,6.0,35.0,0.99396,3.29,0.71,11.0,6,medium,red,86.79,0.09102431155663095,17.142857142857142,139.2405063291139
8.9,0.24,0.39,1.6,0.074,3.0,10.0,0.99698,3.12,0.59,9.5,6,medium,red,74.955,0.11873790941231406,30.0,106.74157303370787
5.0,0.4,0.5,4.3,0.046,29.0,80.0,0.9902,3.49,0.66,13.6,6,medium,red,107.304,0.046596585402221724,36.25,272.0
7.0,0.69,0.07,2.5,0.091,15.0,21.0,0.99572,3.38,0.6,11.3,6,medium,red,89.15700000000001,0.07851318460692934,71.42857142857143,161.42857142857144
7.0,0.69,0.07,2.5,0.091,15.0,21.0,0.99572,3.38,0.6,11.3,6,medium,red,89.15700000000001,0.07851318460692934,71.42857142857143,161.42857142857144
7.0,0.69,0.07,2.5,0.091,15.0,21.0,0.99572,3.38,0.6,11.3,6,medium,red,89.15700000000001,0.07851318460692934,71.42857142857143,161.42857142857144
7.1,0.39,0.12,2.1,0.065,14.0,24.0,0.99252,3.3,0.53,13.3,6,medium,red,104.937,0.06765964340509067,58.333333333333336,187.32394366197184
5.6,0.66,0.0,2.5,0.066,7.0,15.0,0.99256,3.52,0.58,12.9,5,low,red,101.781,0.05502009215865436,46.666666666666664,230.3571428571429
7.9,0.54,0.34,2.5,0.076,8.0,17.0,0.99235,3.2,0.72,13.1,8,high,red,103.35900000000001,0.07643262802465194,47.05882352941176,165.82278481012656
6.6,0.5,0.0,1.8,0.062,21.0,28.0,0.99352,3.44,0.55,12.3,6,medium,red,97.04700000000001,0.06800828464558409,75.0,186.36363636363637
6.3,0.47,0.0,1.4,0.055,27.0,33.0,0.9922,3.45,0.48,12.3,6,medium,red,97.04700000000001,0.06491699897987573,81.81818181818183,195.23809523809524
10.7,0.4,0.37,1.9,0.081,17.0,29.0,0.99674,3.12,0.65,11.2,6,medium,red,88.36800000000001,0.12108455549520186,58.620689655172406,104.67289719626167
6.5,0.58,0.0,2.2,0.096,3.0,13.0,0.99557,3.62,0.62,11.5,4,low,red,90.735,0.07163718520967653,23.076923076923077,176.9230769230769
8.8,0.24,0.35,1.7,0.055,13.0,27.0,0.99394,3.14,0.59,11.3,7,medium,red,89.15700000000001,0.09870228922013975,48.148148148148145,128.4090909090909
5.8,0.29,0.26,1.7,0.063,3.0,11.0,0.9915,3.39,0.54,13.5,6,medium,red,106.515,0.05445242454114444,27.27272727272727,232.75862068965517
6.3,0.76,0.0,2.9,0.072,26.0,52.0,0.99379,3.51,0.6,11.5,6,medium,red,90.735,0.06943296412630187,50.0,182.53968253968253
10.0,0.43,0.33,2.7,0.095,28.0,89.0,0.9984,3.22,0.68,10.0,5,low,red,78.9,0.12674271229404308,31.46067415730337,100.0
10.5,0.43,0.35,3.3,0.092,24.0,70.0,0.99798,3.21,0.69,10.5,6,medium,red,82.845,0.1267427122940431,34.285714285714285,100.0
9.1,0.6,0.0,1.9,0.058,5.0,10.0,0.9977,3.18,0.63,10.4,6,medium,red,82.056,0.1108998732572877,50.0,114.2857142857143
5.9,0.19,0.21,1.7,0.045,57.0,135.0,0.99341,3.32,0.44,9.5,5,low,red,74.955,0.07871389500366888,42.22222222222222,161.01694915254237
7.4,0.36,0.34,1.8,0.075,18.0,38.0,0.9933,3.38,0.88,13.6,7,medium,red,107.304,0.06896294639528816,47.368421052631575,183.78378378378378
7.2,0.48,0.07,5.5,0.089,10.0,18.0,0.99684,3.37,0.68,11.2,7,medium,red,88.36800000000001,0.08147745790331341,55.55555555555556,155.55555555555554
8.5,0.28,0.35,1.7,0.061,6.0,15.0,0.99524,3.3,0.74,11.8,7,medium,red,93.102,0.09129771648299714,40.0,138.82352941176472
8.0,0.25,0.43,1.7,0.067,22.0,50.0,0.9946,3.38,0.6,11.9,6,medium,red,93.891,0.08520518473549114,44.0,148.75
10.4,0.52,0.45,2.0,0.08,6.0,13.0,0.99774,3.22,0.76,11.4,6,medium,red,89.946,0.11562493051386388,46.15384615384615,109.61538461538463
10.4,0.52,0.45,2.0,0.08,6.0,13.0,0.99774,3.22,0.76,11.4,6,medium,red,89.946,0.11562493051386388,46.15384615384615,109.61538461538463
7.5,0.41,0.15,3.7,0.104,29.0,94.0,0.99786,3.14,0.58,9.1,5,low,red,71.799,0.10445827936322231,30.851063829787233,121.33333333333334
8.2,0.51,0.24,2.0,0.079,16.0,86.0,0.99764,3.34,0.64,9.5,6,medium,red,74.955,0.1093989727169635,18.6046511627907,115.85365853658539
7.3,0.4,0.3,1.7,0.08,33.0,79.0,0.9969,3.41,0.65,9.5,6,medium,red,74.955,0.09739176839436996,41.77215189873418,130.13698630136986
8.2,0.38,0.32,2.5,0.08,24.0,71.0,0.99624,3.27,0.85,11.0,6,medium,red,86.79,0.09448093098283211,33.80281690140845,134.14634146341464
6.9,0.45,0.11,2.4,0.043,6.0,12.0,0.99354,3.3,0.65,11.4,6,medium,red,89.946,0.07671269428323661,50.0,165.2173913043478
7.0,0.22,0.3,1.8,0.065,16.0,20.0,0.99672,3.61,0.82,10.0,6,medium,red,78.9,0.08871989860583016,80.0,142.85714285714286
7.3,0.32,0.23,2.3,0.066,35.0,70.0,0.99588,3.43,0.62,10.1,5,low,red,79.68900000000001,0.09160611878678361,50.0,138.35616438356163
8.2,0.2,0.43,2.5,0.076,31.0,51.0,0.99672,3.53,0.81,10.4,6,medium,red,82.056,0.09993175392414935,60.78431372549019,126.82926829268295
7.8,0.5,0.12,1.8,0.178,6.0,21.0,0.996,3.28,0.87,9.8,6,medium,red,77.322,0.10087685264219756,28.57142857142857,125.64102564102566
10.0,0.41,0.45,6.2,0.071,6.0,14.0,0.99702,3.21,0.49,11.8,7,medium,red,93.102,0.10740907821529075,42.857142857142854,118.00000000000001
7.8,0.39,0.42,2.0,0.086,9.0,21.0,0.99526,3.39,0.66,11.6,6,medium,red,91.524,0.08522354792185656,42.857142857142854,148.71794871794873
10.0,0.35,0.47,2.0,0.061,6.0,11.0,0.99585,3.23,0.52,12.0,6,medium,red,94.68,0.10561892691170258,54.54545454545454,120.0
8.2,0.33,0.32,2.8,0.067,4.0,12.0,0.99473,3.3,0.76,12.8,7,medium,red,100.992,0.08119455006337134,33.33333333333333,156.09756097560978
6.1,0.58,0.23,2.5,0.044,16.0,70.0,0.99352,3.46,0.65,12.5,6,medium,red,98.625,0.06185044359949302,22.857142857142858,204.91803278688528
8.3,0.6,0.25,2.2,0.118,9.0,38.0,0.99616,3.15,0.53,9.8,5,low,red,77.322,0.10734331755515895,23.684210526315788,118.07228915662651
9.6,0.42,0.35,2.1,0.083,17.0,38.0,0.99622,3.23,0.66,11.1,6,medium,red,87.57900000000001,0.10961531874079401,44.73684210526316,115.625
6.6,0.58,0.0,2.2,0.1,50.0,63.0,0.99544,3.59,0.68,11.4,6,medium,red,89.946,0.07337735974918284,79.36507936507937,172.72727272727275
8.3,0.6,0.25,2.2,0.118,9.0,38.0,0.99616,3.15,0.53,9.8,5,low,red,77.322,0.10734331755515895,23.684210526315788,118.07228915662651
8.5,0.18,0.51,1.75,0.071,45.0,88.0,0.99524,3.33,0.76,11.8,7,medium,red,93.102,0.09129771648299714,51.13636363636363,138.82352941176472
5.1,0.51,0.18,2.1,0.042,16.0,101.0,0.9924,3.46,0.87,12.9,7,medium,red,101.781,0.05010758393020308,15.841584158415841,252.94117647058826
6.7,0.41,0.43,2.8,0.076,22.0,54.0,0.99572,3.42,1.16,10.6,6,medium,red,83.634,0.08011095965755555,40.74074074074074,158.2089552238806
10.2,0.41,0.43,2.2,0.11,11.0,37.0,0.99728,3.16,0.67,10.8,5,low,red,85.212,0.11970145049992957,29.72972972972973,105.88235294117649
10.6,0.36,0.57,2.3,0.087,6.0,20.0,0.99676,3.14,0.72,11.1,7,medium,red,87.57900000000001,0.12103358110962673,30.0,104.71698113207549
8.8,0.45,0.43,1.4,0.076,12.0,21.0,0.99551,3.21,0.75,10.2,6,medium,red,80.47800000000001,0.1093466537438803,57.14285714285714,115.90909090909089
8.5,0.32,0.42,2.3,0.075,12.0,19.0,0.99434,3.14,0.71,11.8,7,medium,red,93.102,0.09129771648299714,63.1578947368421,138.82352941176472
9.0,0.785,0.24,1.7,0.078,10.0,21.0,0.99692,3.29,0.67,10.0,5,low,red,78.9,0.11406844106463877,47.61904761904761,111.11111111111111
9.0,0.785,0.24,1.7,0.078,10.0,21.0,0.99692,3.29,0.67,10.0,5,low,red,78.9,0.11406844106463877,47.61904761904761,111.11111111111111
8.5,0.44,0.5,1.9,0.369,15.0,38.0,0.99634,3.01,1.1,9.4,5,low,red,74.166,0.11460777175525173,39.473684210526315,110.58823529411765
9.9,0.54,0.26,2.0,0.111,7.0,60.0,0.99709,2.94,0.98,10.2,5,low,red,80.47800000000001,0.12301498546186534,11.666666666666666,103.03030303030303
8.2,0.33,0.39,2.5,0.074,29.0,48.0,0.99528,3.32,0.88,12.4,7,medium,red,97.836,0.08381372909767365,60.416666666666664,151.21951219512198
6.5,0.34,0.27,2.8,0.067,8.0,44.0,0.99384,3.21,0.56,12.0,6,medium,red,94.68,0.06865230249260668,18.181818181818183,184.6153846153846
7.6,0.5,0.29,2.3,0.086,5.0,14.0,0.99502,3.32,0.62,11.5,6,medium,red,90.735,0.08376040116823717,35.714285714285715,151.31578947368422
9.2,0.36,0.34,1.6,0.062,5.0,12.0,0.99667,3.2,0.67,10.5,6,medium,red,82.845,0.11105075743859014,41.66666666666667,114.13043478260872
7.1,0.59,0.0,2.2,0.078,26.0,44.0,0.99522,3.42,0.68,10.8,6,medium,red,85.212,0.0833215978970098,59.09090909090909,152.11267605633805
9.7,0.42,0.46,2.1,0.074,5.0,16.0,0.99649,3.27,0.74,12.3,6,medium,red,97.04700000000001,0.09995156985790388,31.25,126.80412371134022
7.6,0.36,0.31,1.7,0.079,26.0,65.0,0.99716,3.46,0.62,9.5,6,medium,red,74.955,0.10139416983523447,40.0,125.0
7.6,0.36,0.31,1.7,0.079,26.0,65.0,0.99716,3.46,0.62,9.5,6,medium,red,74.955,0.10139416983523447,40.0,125.0
6.5,0.61,0.0,2.2,0.095,48.0,59.0,0.99541,3.61,0.7,11.5,6,medium,red,90.735,0.07163718520967653,81.35593220338984,176.9230769230769
6.5,0.88,0.03,5.6,0.079,23.0,47.0,0.99572,3.58,0.5,11.2,4,low,red,88.36800000000001,0.07355603838493571,48.93617021276596,172.3076923076923
7.1,0.66,0.0,2.4,0.052,6.0,11.0,0.99318,3.35,0.66,12.7,7,medium,red,100.203,0.07085616199115795,54.54545454545454,178.8732394366197
5.6,0.915,0.0,2.1,0.041,17.0,78.0,0.99346,3.68,0.73,11.4,5,low,red,89.946,0.062259577969003624,21.794871794871796,203.5714285714286
8.2,0.35,0.33,2.4,0.076,11.0,47.0,0.99599,3.27,0.81,11.0,6,medium,red,86.79,0.09448093098283211,23.404255319148938,134.14634146341464
8.2,0.35,0.33,2.4,0.076,11.0,47.0,0.99599,3.27,0.81,11.0,6,medium,red,86.79,0.09448093098283211,23.404255319148938,134.14634146341464
9.8,0.39,0.43,1.65,0.068,5.0,11.0,0.99478,3.19,0.46,11.4,5,low,red,89.946,0.10895426144575636,45.45454545454545,116.3265306122449
10.2,0.4,0.4,2.5,0.068,41.0,54.0,0.99754,3.38,0.86,10.5,6,medium,red,82.845,0.12312149194278471,75.92592592592592,102.94117647058825
6.8,0.66,0.07,1.6,0.07,16.0,61.0,0.99572,3.29,0.6,9.3,5,low,red,73.37700000000001,0.09267209070962289,26.229508196721312,136.76470588235296
6.7,0.64,0.23,2.1,0.08,11.0,119.0,0.99538,3.36,0.7,10.9,5,low,red,86.001,0.07790607085964117,9.243697478991598,162.6865671641791
7.0,0.43,0.3,2.0,0.085,6.0,39.0,0.99346,3.33,0.46,11.9,6,medium,red,93.891,0.07455453664355476,15.384615384615385,170.0
6.6,0.8,0.03,7.8,0.079,6.0,12.0,0.9963,3.52,0.5,12.2,5,low,red,96.25800000000001,0.06856572960169544,50.0,184.84848484848484
7.0,0.43,0.3,2.0,0.085,6.0,39.0,0.99346,3.33,0.46,11.9,6,medium,red,93.891,0.07455453664355476,15.384615384615385,170.0
6.7,0.64,0.23,2.1,0.08,11.0,119.0,0.99538,3.36,0.7,10.9,5,low,red,86.001,0.07790607085964117,9.243697478991598,162.6865671641791
8.8,0.955,0.05,1.8,0.075,5.0,19.0,0.99616,3.3,0.44,9.6,4,low,red,75.744,0.11618081960287284,26.31578947368421,109.09090909090908
9.1,0.4,0.57,4.6,0.08,6.0,20.0,0.99652,3.28,0.57,12.5,6,medium,red,98.625,0.09226869455006337,30.0,137.36263736263737
6.5,0.885,0.0,2.3,0.166,6.0,12.0,0.99551,3.56,0.51,10.8,5,low,red,85.212,0.0762803361028963,50.0,166.15384615384616
7.2,0.25,0.37,2.5,0.063,11.0,41.0,0.99439,3.52,0.8,12.4,7,medium,red,97.836,0.0735925426223476,26.82926829268293,172.22222222222223
6.4,0.885,0.0,2.3,0.166,6.0,12.0,0.99551,3.56,0.51,10.8,5,low,red,85.212,0.07510679247054405,50.0,168.75
7.0,0.745,0.12,1.8,0.114,15.0,64.0,0.99588,3.22,0.59,9.5,6,medium,red,74.955,0.09338936695350544,23.4375,135.71428571428572
6.2,0.43,0.22,1.8,0.078,21.0,56.0,0.99633,3.52,0.6,9.5,6,medium,red,74.955,0.08271629644453339,37.5,153.2258064516129
7.9,0.58,0.23,2.3,0.076,23.0,94.0,0.99686,3.21,0.58,9.5,6,medium,red,74.955,0.105396571276099,24.46808510638298,120.25316455696202
7.7,0.57,0.21,1.5,0.069,4.0,9.0,0.99458,3.16,0.54,9.8,6,medium,red,77.322,0.09958355965960529,44.44444444444444,127.27272727272727
7.7,0.26,0.26,2.0,0.052,19.0,77.0,0.9951,3.15,0.79,10.9,6,medium,red,86.001,0.08953384262973686,24.675324675324674,141.55844155844156
7.9,0.58,0.23,2.3,0.076,23.0,94.0,0.99686,3.21,0.58,9.5,6,medium,red,74.955,0.105396571276099,24.46808510638298,120.25316455696202
7.7,0.57,0.21,1.5,0.069,4.0,9.0,0.99458,3.16,0.54,9.8,6,medium,red,77.322,0.09958355965960529,44.44444444444444,127.27272727272727
7.9,0.34,0.36,1.9,0.065,5.0,10.0,0.99419,3.27,0.54,11.2,7,medium,red,88.36800000000001,0.0893988774216911,50.0,141.77215189873417
8.6,0.42,0.39,1.8,0.068,6.0,12.0,0.99516,3.35,0.69,11.7,8,high,red,92.313,0.09316130989134791,50.0,136.04651162790697
9.9,0.74,0.19,5.8,0.111,33.0,76.0,0.99878,3.14,0.55,9.4,5,low,red,74.166,0.13348434592670497,43.42105263157895,94.94949494949495
7.2,0.36,0.46,2.1,0.074,24.0,44.0,0.99534,3.4,0.85,11.0,7,medium,red,86.79,0.0829588662288282,54.54545454545454,152.77777777777777
7.2,0.36,0.46,2.1,0.074,24.0,44.0,0.99534,3.4,0.85,11.0,7,medium,red,86.79,0.0829588662288282,54.54545454545454,152.77777777777777
7.2,0.36,0.46,2.1,0.074,24.0,44.0,0.99534,3.4,0.85,11.0,7,medium,red,86.79,0.0829588662288282,54.54545454545454,152.77777777777777
9.9,0.72,0.55,1.7,0.136,24.0,52.0,0.99752,3.35,0.94,10.0,5,low,red,78.9,0.12547528517110265,46.15384615384615,101.01010101010101
7.2,0.36,0.46,2.1,0.074,24.0,44.0,0.99534,3.4,0.85,11.0,7,medium,red,86.79,0.0829588662288282,54.54545454545454,152.77777777777777
6.2,0.39,0.43,2.0,0.071,14.0,24.0,0.99428,3.45,0.87,11.2,7,medium,red,88.36800000000001,0.07016114430563099,58.333333333333336,180.64516129032256
6.8,0.65,0.02,2.1,0.078,8.0,15.0,0.99498,3.35,0.62,10.4,6,medium,red,82.056,0.08287023496148971,53.333333333333336,152.94117647058826
6.6,0.44,0.15,2.1,0.076,22.0,53.0,0.9957,3.32,0.62,9.3,5,low,red,73.37700000000001,0.08994644098286927,41.509433962264154,140.9090909090909
6.8,0.65,0.02,2.1,0.078,8.0,15.0,0.99498,3.35,0.62,10.4,6,medium,red,82.056,0.08287023496148971,53.333333333333336,152.94117647058826
9.6,0.38,0.42,1.9,0.071,5.0,13.0,0.99659,3.15,0.75,10.5,6,medium,red,82.845,0.11587905124026797,38.46153846153847,109.375
10.2,0.33,0.46,1.9,0.081,6.0,9.0,0.99628,3.1,0.48,10.4,6,medium,red,82.056,0.12430535244223456,66.66666666666666,101.96078431372551
8.8,0.27,0.46,2.1,0.095,20.0,29.0,0.99488,3.26,0.56,11.3,6,medium,red,89.15700000000001,0.09870228922013975,68.96551724137932,128.4090909090909
7.9,0.57,0.31,2.0,0.079,10.0,79.0,0.99677,3.29,0.69,9.5,6,medium,red,74.955,0.105396571276099,12.658227848101266,120.25316455696202
8.2,0.34,0.37,1.9,0.057,43.0,74.0,0.99408,3.23,0.81,12.0,6,medium,red,94.68,0.0866075200675961,58.108108108108105,146.34146341463418
8.2,0.4,0.31,1.9,0.082,8.0,24.0,0.996,3.24,0.69,10.6,6,medium,red,83.634,0.09804624913312766,33.33333333333333,129.26829268292684
9.0,0.39,0.4,1.3,0.044,25.0,50.0,0.99478,3.2,0.83,10.9,6,medium,red,86.001,0.10464994593086126,50.0,121.11111111111113
10.9,0.32,0.52,1.8,0.132,17.0,44.0,0.99734,3.28,0.77,11.5,6,medium,red,90.735,0.12013004904391911,38.63636363636363,105.50458715596329
10.9,0.32,0.52,1.8,0.132,17.0,44.0,0.99734,3.28,0.77,11.5,6,medium,red,90.735,0.12013004904391911,38.63636363636363,105.50458715596329
8.1,0.53,0.22,2.2,0.078,33.0,89.0,0.99678,3.26,0.46,9.6,6,medium,red,75.744,0.10693916349809886,37.07865168539326,118.5185185185185
10.5,0.36,0.47,2.2,0.074,9.0,23.0,0.99638,3.23,0.76,12.0,6,medium,red,94.68,0.1108998732572877,39.130434782608695,114.28571428571428
12.6,0.39,0.49,2.5,0.08,8.0,20.0,0.9992,3.07,0.82,10.3,6,medium,red,81.26700000000001,0.15504448300047988,40.0,81.74603174603176
9.2,0.46,0.23,2.6,0.091,18.0,77.0,0.99922,3.15,0.51,9.4,5,low,red,74.166,0.12404605884097834,23.376623376623375,102.17391304347827
7.5,0.58,0.03,4.1,0.08,27.0,46.0,0.99592,3.02,0.47,9.2,5,low,red,72.58800000000001,0.1033228632831873,58.69565217391305,122.66666666666666
9.0,0.58,0.25,2.0,0.104,8.0,21.0,0.99769,3.27,0.72,9.6,5,low,red,75.744,0.1188212927756654,38.095238095238095,106.66666666666667
5.1,0.42,0.0,1.8,0.044,18.0,88.0,0.99157,3.68,0.73,13.6,7,medium,red,107.304,0.04752851711026616,20.454545454545457,266.6666666666667
7.6,0.43,0.29,2.1,0.075,19.0,66.0,0.99718,3.4,0.64,9.5,5,low,red,74.955,0.10139416983523447,28.78787878787879,125.0
7.7,0.18,0.34,2.7,0.066,15.0,58.0,0.9947,3.37,0.78,11.8,6,medium,red,93.102,0.08270499022577388,25.862068965517242,153.24675324675326
7.8,0.815,0.01,2.6,0.074,48.0,90.0,0.99621,3.38,0.62,10.8,5,low,red,85.212,0.09153640332347557,53.333333333333336,138.46153846153848
7.6,0.43,0.29,2.1,0.075,19.0,66.0,0.99718,3.4,0.64,9.5,5,low,red,74.955,0.10139416983523447,28.78787878787879,125.0
10.2,0.23,0.37,2.2,0.057,14.0,36.0,0.99614,3.23,0.49,9.3,4,low,red,73.37700000000001,0.13900813606443432,38.88888888888889,91.1764705882353
7.1,0.75,0.01,2.2,0.059,11.0,18.0,0.99242,3.39,0.4,12.8,6,medium,red,100.992,0.07030259822560202,61.111111111111114,180.2816901408451
6.0,0.33,0.32,12.9,0.054,6.0,113.0,0.99572,3.3,0.56,11.5,4,low,red,90.735,0.06612663250123987,5.3097345132743365,191.66666666666669
7.8,0.55,0.0,1.7,0.07,7.0,17.0,0.99659,3.26,0.64,9.4,6,medium,red,74.166,0.10516948466952512,41.17647058823529,120.51282051282053
7.1,0.75,0.01,2.2,0.059,11.0,18.0,0.99242,3.39,0.4,12.8,6,medium,red,100.992,0.07030259822560202,61.111111111111114,180.2816901408451
8.1,0.73,0.0,2.5,0.081,12.0,24.0,0.99798,3.38,0.46,9.6,4,low,red,75.744,0.10693916349809886,50.0,118.5185185185185
6.5,0.67,0.0,4.3,0.057,11.0,20.0,0.99488,3.45,0.56,11.8,4,low,red,93.102,0.069815900839939,55.00000000000001,181.53846153846155
7.5,0.61,0.2,1.7,0.076,36.0,60.0,0.99494,3.1,0.4,9.3,5,low,red,73.37700000000001,0.10221186475326055,60.0,124.0
9.8,0.37,0.39,2.5,0.079,28.0,65.0,0.99729,3.16,0.59,9.8,5,low,red,77.322,0.1267427122940431,43.07692307692308,100.0
9.0,0.4,0.41,2.0,0.058,15.0,40.0,0.99414,3.22,0.6,12.2,6,medium,red,96.25800000000001,0.09349872218413013,37.5,135.55555555555554
8.3,0.56,0.22,2.4,0.082,10.0,86.0,0.9983,3.37,0.62,9.5,5,low,red,74.955,0.11073310653058503,11.627906976744185,114.45783132530119
5.9,0.29,0.25,13.4,0.067,72.0,160.0,0.99721,3.33,0.54,10.3,6,medium,red,81.26700000000001,0.07260019442085963,45.0,174.5762711864407
7.4,0.55,0.19,1.8,0.082,15.0,34.0,0.99655,3.49,0.68,10.5,5,low,red,82.845,0.0893234353310399,44.11764705882353,141.89189189189187
7.4,0.74,0.07,1.7,0.086,15.0,48.0,0.99502,3.12,0.48,10.0,5,low,red,78.9,0.09378960709759189,31.25,135.13513513513513
7.4,0.55,0.19,1.8,0.082,15.0,34.0,0.99655,3.49,0.68,10.5,5,low,red,82.845,0.0893234353310399,44.11764705882353,141.89189189189187
6.9,0.41,0.33,2.2,0.081,22.0,36.0,0.9949,3.41,0.75,11.1,6,medium,red,87.57900000000001,0.0787860103449457,61.111111111111114,160.86956521739128
7.1,0.6,0.01,2.3,0.079,24.0,37.0,0.99514,3.4,0.61,10.9,6,medium,red,86.001,0.08255717956767944,64.86486486486487,153.5211267605634
7.1,0.6,0.01,2.3,0.079,24.0,37.0,0.99514,3.4,0.61,10.9,6,medium,red,86.001,0.08255717956767944,64.86486486486487,153.5211267605634
7.5,0.58,0.14,2.2,0.077,27.0,60.0,0.9963,3.28,0.59,9.8,5,low,red,77.322,0.09699697369442073,45.0,130.66666666666669
7.1,0.72,0.0,1.8,0.123,6.0,14.0,0.99627,3.45,0.58,9.8,5,low,red,77.322,0.09182380176405162,42.857142857142854,138.0281690140845
7.9,0.66,0.0,1.4,0.096,6.0,13.0,0.99569,3.43,0.58,9.5,5,low,red,74.955,0.105396571276099,46.15384615384615,120.25316455696202
7.8,0.7,0.06,1.9,0.079,20.0,35.0,0.99628,3.4,0.69,10.9,5,low,red,86.001,0.09069661980674643,57.14285714285714,139.74358974358975
6.1,0.64,0.02,2.4,0.069,26.0,46.0,0.99358,3.47,0.45,11.0,5,low,red,86.79,0.07028459499942388,56.52173913043478,180.327868852459
7.5,0.59,0.22,1.8,0.082,43.0,60.0,0.99499,3.1,0.42,9.2,5,low,red,72.58800000000001,0.1033228632831873,71.66666666666667,122.66666666666666
7.0,0.58,0.28,4.8,0.085,12.0,69.0,0.99633,3.32,0.7,11.0,6,medium,red,86.79,0.08065445327802742,17.391304347826086,157.14285714285714
6.8,0.64,0.0,2.7,0.123,15.0,33.0,0.99538,3.44,0.63,11.3,6,medium,red,89.15700000000001,0.07626995076101707,45.45454545454545,166.1764705882353
6.8,0.64,0.0,2.7,0.123,15.0,33.0,0.99538,3.44,0.63,11.3,6,medium,red,89.15700000000001,0.07626995076101707,45.45454545454545,166.1764705882353
8.6,0.635,0.68,1.8,0.403,19.0,56.0,0.99632,3.02,1.15,9.3,5,low,red,73.37700000000001,0.11720293825040543,33.92857142857143,108.13953488372094
6.3,1.02,0.0,2.0,0.083,17.0,24.0,0.99437,3.59,0.55,11.2,4,low,red,88.36800000000001,0.07129277566539922,70.83333333333334,177.77777777777777
9.8,0.45,0.38,2.5,0.081,34.0,66.0,0.99726,3.15,0.58,9.8,5,low,red,77.322,0.1267427122940431,51.515151515151516,100.0
8.2,0.78,0.0,2.2,0.089,13.0,26.0,0.9978,3.37,0.46,9.6,4,low,red,75.744,0.10825940008449514,50.0,117.07317073170734
8.5,0.37,0.32,1.8,0.066,26.0,51.0,0.99456,3.38,0.72,11.8,6,medium,red,93.102,0.09129771648299714,50.98039215686274,138.82352941176472
7.2,0.57,0.05,2.3,0.081,16.0,36.0,0.99564,3.38,0.6,10.3,6,medium,red,81.26700000000001,0.08859684742884565,44.44444444444444,143.05555555555557
7.2,0.57,0.05,2.3,0.081,16.0,36.0,0.99564,3.38,0.6,10.3,6,medium,red,81.26700000000001,0.08859684742884565,44.44444444444444,143.05555555555557
10.4,0.43,0.5,2.3,0.068,13.0,19.0,0.996,3.1,0.87,11.4,6,medium,red,89.946,0.11562493051386388,68.42105263157895,109.61538461538463
6.9,0.41,0.31,2.0,0.079,21.0,51.0,0.99668,3.47,0.55,9.5,6,medium,red,74.955,0.09205523313988394,41.17647058823529,137.68115942028984
5.5,0.49,0.03,1.8,0.044,28.0,87.0,0.9908,3.5,0.82,14.0,8,high,red,110.46000000000001,0.04979177982980264,32.18390804597701,254.54545454545453
5.0,0.38,0.01,1.6,0.048,26.0,60.0,0.99084,3.7,0.75,14.0,6,medium,red,110.46000000000001,0.045265254390729676,43.333333333333336,280.0
7.3,0.44,0.2,1.6,0.049,24.0,64.0,0.9935,3.38,0.57,11.7,6,medium,red,92.313,0.0790787863031209,37.5,160.27397260273972
5.9,0.46,0.0,1.9,0.077,25.0,44.0,0.99385,3.5,0.53,11.2,5,low,red,88.36800000000001,0.06676625022632626,56.81818181818182,189.83050847457625
7.5,0.58,0.2,2.0,0.073,34.0,44.0,0.99494,3.1,0.43,9.3,5,low,red,73.37700000000001,0.10221186475326055,77.27272727272727,124.0
7.8,0.58,0.13,2.1,0.102,17.0,36.0,0.9944,3.24,0.53,11.2,6,medium,red,88.36800000000001,0.08826724606192286,47.22222222222222,143.5897435897436
8.0,0.715,0.22,2.3,0.075,13.0,81.0,0.99688,3.24,0.54,9.5,6,medium,red,74.955,0.1067307050897205,16.049382716049383,118.75
8.5,0.4,0.4,6.3,0.05,3.0,10.0,0.99566,3.28,0.56,12.0,4,low,red,94.68,0.08977608787494719,30.0,141.1764705882353
7.0,0.69,0.0,1.9,0.114,3.0,10.0,0.99636,3.35,0.6,9.7,6,medium,red,76.533,0.0914638129957012,30.0,138.57142857142856
8.0,0.715,0.22,2.3,0.075,13.0,81.0,0.99688,3.24,0.54,9.5,6,medium,red,74.955,0.1067307050897205,16.049382716049383,118.75
9.8,0.3,0.39,1.7,0.062,3.0,9.0,0.9948,3.14,0.57,11.5,7,medium,red,90.735,0.10800683308535847,33.33333333333333,117.3469387755102
7.1,0.46,0.2,1.9,0.077,28.0,54.0,0.9956,3.37,0.64,10.4,6,medium,red,82.056,0.08652627473920249,51.85185185185185,146.47887323943664
7.1,0.46,0.2,1.9,0.077,28.0,54.0,0.9956,3.37,0.64,10.4,6,medium,red,82.056,0.08652627473920249,51.85185185185185,146.47887323943664
7.9,0.765,0.0,2.0,0.084,9.0,22.0,0.99619,3.33,0.68,10.9,6,medium,red,86.001,0.091859396983756,40.909090909090914,137.9746835443038
8.7,0.63,0.28,2.7,0.096,17.0,69.0,0.99734,3.26,0.63,10.2,6,medium,red,80.47800000000001,0.10810407813315438,24.637681159420293,117.24137931034484
7.0,0.42,0.19,2.3,0.071,18.0,36.0,0.99476,3.39,0.56,10.9,5,low,red,86.001,0.08139440239066988,50.0,155.71428571428572
11.3,0.37,0.5,1.8,0.09,20.0,47.0,0.99734,3.15,0.57,10.5,5,low,red,82.845,0.13639929989739877,42.5531914893617,92.92035398230087
7.1,0.16,0.44,2.5,0.068,17.0,31.0,0.99328,3.35,0.54,12.4,6,medium,red,97.836,0.07257042397481499,54.83870967741935,174.64788732394368
8.0,0.6,0.08,2.6,0.056,3.0,7.0,0.99286,3.22,0.37,13.0,5,low,red,102.57000000000001,0.07799551525787267,42.857142857142854,162.5
7.0,0.6,0.3,4.5,0.068,20.0,110.0,0.99914,3.3,1.17,10.2,5,low,red,80.47800000000001,0.08698029275081388,18.181818181818183,145.7142857142857
7.0,0.6,0.3,4.5,0.068,20.0,110.0,0.99914,3.3,1.17,10.2,5,low,red,80.47800000000001,0.08698029275081388,18.181818181818183,145.7142857142857
7.6,0.74,0.0,1.9,0.1,6.0,12.0,0.99521,3.36,0.59,11.0,5,low,red,86.79,0.08756769213042977,50.0,144.73684210526315
8.2,0.635,0.1,2.1,0.073,25.0,60.0,0.99638,3.29,0.75,10.9,6,medium,red,86.001,0.0953477285147847,41.66666666666667,132.9268292682927
5.9,0.395,0.13,2.4,0.056,14.0,28.0,0.99362,3.62,0.67,12.4,6,medium,red,97.836,0.06030500020442373,50.0,210.1694915254237
7.5,0.755,0.0,1.9,0.084,6.0,12.0,0.99672,3.34,0.49,9.7,4,low,red,76.533,0.09799694249539415,50.0,129.33333333333331
8.2,0.635,0.1,2.1,0.073,25.0,60.0,0.99638,3.29,0.75,10.9,6,medium,red,86.001,0.0953477285147847,41.66666666666667,132.9268292682927
6.6,0.63,0.0,4.3,0.093,51.0,77.5,0.99558,3.2,0.45,9.5,5,low,red,74.955,0.08805283169901941,65.80645161290323,143.93939393939394
6.6,0.63,0.0,4.3,0.093,51.0,77.5,0.99558,3.2,0.45,9.5,5,low,red,74.955,0.08805283169901941,65.80645161290323,143.93939393939394
7.2,0.53,0.14,2.1,0.064,15.0,29.0,0.99323,3.35,0.61,12.1,6,medium,red,95.46900000000001,0.07541715111711654,51.724137931034484,168.05555555555554
5.7,0.6,0.0,1.4,0.063,11.0,18.0,0.99191,3.45,0.56,12.2,6,medium,red,96.25800000000001,0.05921585738328242,61.111111111111114,214.03508771929825
7.6,1.58,0.0,2.1,0.137,5.0,9.0,0.99476,3.5,0.4,10.9,3,low,red,86.001,0.08837106545272728,55.55555555555556,143.42105263157896
5.2,0.645,0.0,2.15,0.08,15.0,28.0,0.99444,3.78,0.61,12.5,6,medium,red,98.625,0.05272496831432193,53.57142857142857,240.3846153846154
6.7,0.86,0.07,2.0,0.1,20.0,57.0,0.99598,3.6,0.74,11.7,6,medium,red,92.313,0.07257916003163152,35.08771929824561,174.62686567164178
9.1,0.37,0.32,2.1,0.064,4.0,15.0,0.99576,3.3,0.8,11.2,6,medium,red,88.36800000000001,0.10297845373891,26.666666666666668,123.07692307692308
8.0,0.28,0.44,1.8,0.081,28.0,68.0,0.99501,3.36,0.66,11.2,5,low,red,88.36800000000001,0.09053050878145934,41.17647058823529,140.0
7.6,0.79,0.21,2.3,0.087,21.0,68.0,0.9955,3.12,0.44,9.2,5,low,red,72.58800000000001,0.10470050146029646,30.88235294117647,121.05263157894737
7.5,0.61,0.26,1.9,0.073,24.0,88.0,0.99612,3.3,0.53,9.8,5,low,red,77.322,0.09699697369442073,27.27272727272727,130.66666666666669
9.7,0.69,0.32,2.5,0.088,22.0,91.0,0.9979,3.29,0.62,10.1,5,low,red,79.68900000000001,0.12172319893586314,24.175824175824175,104.1237113402062
6.8,0.68,0.09,3.9,0.068,15.0,29.0,0.99524,3.41,0.52,11.1,4,low,red,87.57900000000001,0.07764418410806243,51.724137931034484,163.23529411764704
9.7,0.69,0.32,2.5,0.088,22.0,91.0,0.9979,3.29,0.62,10.1,5,low,red,79.68900000000001,0.12172319893586314,24.175824175824175,104.1237113402062
7.0,0.62,0.1,1.4,0.071,27.0,63.0,0.996,3.28,0.61,9.2,5,low,red,72.58800000000001,0.09643467239764147,42.857142857142854,131.42857142857142
7.5,0.61,0.26,1.9,0.073,24.0,88.0,0.99612,3.3,0.53,9.8,5,low,red,77.322,0.09699697369442073,27.27272727272727,130.66666666666669
6.5,0.51,0.15,3.0,0.064,12.0,27.0,0.9929,3.33,0.59,12.8,6,medium,red,100.992,0.06436153358681876,44.44444444444444,196.92307692307693
8.0,1.18,0.21,1.9,0.083,14.0,41.0,0.99532,3.34,0.47,10.5,5,low,red,82.845,0.09656587603355664,34.146341463414636,131.25
7.0,0.36,0.21,2.3,0.086,20.0,65.0,0.99558,3.4,0.54,10.1,6,medium,red,79.68900000000001,0.08784148376814867,30.76923076923077,144.28571428571428
7.0,0.36,0.21,2.4,0.086,24.0,69.0,0.99556,3.4,0.53,10.1,6,medium,red,79.68900000000001,0.08784148376814867,34.78260869565217,144.28571428571428
7.5,0.63,0.27,2.0,0.083,17.0,91.0,0.99616,3.26,0.58,9.8,6,medium,red,77.322,0.09699697369442073,18.681318681318682,130.66666666666669
5.4,0.74,0.0,1.2,0.041,16.0,46.0,0.99258,4.01,0.59,12.5,6,medium,red,98.625,0.05475285171102662,34.78260869565217,231.4814814814815
9.9,0.44,0.46,2.2,0.091,10.0,41.0,0.99638,3.18,0.69,11.9,6,medium,red,93.891,0.1054414161101703,24.390243902439025,120.2020202020202
7.5,0.63,0.27,2.0,0.083,17.0,91.0,0.99616,3.26,0.58,9.8,6,medium,red,77.322,0.09699697369442073,18.681318681318682,130.66666666666669
9.1,0.76,0.68,1.7,0.414,18.0,64.0,0.99652,2.9,1.33,9.1,6,medium,red,71.799,0.12674271229404308,28.125,100.0
9.7,0.66,0.34,2.6,0.094,12.0,88.0,0.99796,3.26,0.66,10.1,5,low,red,79.68900000000001,0.12172319893586314,13.636363636363635,104.1237113402062
5.0,0.74,0.0,1.2,0.041,16.0,46.0,0.99258,4.01,0.59,12.5,6,medium,red,98.625,0.050697084917617236,34.78260869565217,250.0
9.1,0.34,0.42,1.8,0.058,9.0,18.0,0.99392,3.18,0.55,11.4,5,low,red,89.946,0.1011718141996309,50.0,125.27472527472527
9.1,0.36,0.39,1.8,0.06,21.0,55.0,0.99495,3.18,0.82,11.0,7,medium,red,86.79,0.10485078926143564,38.18181818181819,120.87912087912089
6.7,0.46,0.24,1.7,0.077,18.0,34.0,0.9948,3.39,0.6,10.6,6,medium,red,83.634,0.08011095965755555,52.94117647058824,158.2089552238806
6.7,0.46,0.24,1.7,0.077,18.0,34.0,0.9948,3.39,0.6,10.6,6,medium,red,83.634,0.08011095965755555,52.94117647058824,158.2089552238806
6.7,0.46,0.24,1.7,0.077,18.0,34.0,0.9948,3.39,0.6,10.6,6,medium,red,83.634,0.08011095965755555,52.94117647058824,158.2089552238806
6.7,0.46,0.24,1.7,0.077,18.0,34.0,0.9948,3.39,0.6,10.6,6,medium,red,83.634,0.08011095965755555,52.94117647058824,158.2089552238806
6.5,0.52,0.11,1.8,0.073,13.0,38.0,0.9955,3.34,0.52,9.3,5,low,red,73.37700000000001,0.08858361611949248,34.21052631578947,143.07692307692307
7.4,0.6,0.26,2.1,0.083,17.0,91.0,0.99616,3.29,0.56,9.8,6,medium,red,77.322,0.09570368071182846,18.681318681318682,132.43243243243242
7.4,0.6,0.26,2.1,0.083,17.0,91.0,0.99616,3.29,0.56,9.8,6,medium,red,77.322,0.09570368071182846,18.681318681318682,132.43243243243242
7.8,0.87,0.26,3.8,0.107,31.0,67.0,0.99668,3.26,0.46,9.2,5,low,red,72.58800000000001,0.10745577781451478,46.26865671641791,117.94871794871796
8.4,0.39,0.1,1.7,0.075,6.0,25.0,0.99581,3.09,0.43,9.7,6,medium,red,76.533,0.10975657559484145,24.0,115.47619047619047
9.1,0.775,0.22,2.2,0.079,12.0,48.0,0.9976,3.18,0.51,9.6,5,low,red,75.744,0.12014152936206168,25.0,105.4945054945055
7.2,0.835,0.0,2.0,0.166,4.0,11.0,0.99608,3.39,0.52,10.0,5,low,red,78.9,0.09125475285171102,36.36363636363637,138.88888888888889
6.6,0.58,0.02,2.4,0.069,19.0,40.0,0.99387,3.38,0.66,12.6,6,medium,red,99.414,0.06638903977307019,47.5,190.9090909090909
6.0,0.5,0.0,1.4,0.057,15.0,26.0,0.99448,3.36,0.45,9.5,5,low,red,74.955,0.08004802881729038,57.692307692307686,158.33333333333331
6.0,0.5,0.0,1.4,0.057,15.0,26.0,0.99448,3.36,0.45,9.5,5,low,red,74.955,0.08004802881729038,57.692307692307686,158.33333333333331
6.0,0.5,0.0,1.4,0.057,15.0,26.0,0.99448,3.36,0.45,9.5,5,low,red,74.955,0.08004802881729038,57.692307692307686,158.33333333333331
7.5,0.51,0.02,1.7,0.084,13.0,31.0,0.99538,3.36,0.54,10.5,6,medium,red,82.845,0.09053050878145935,41.935483870967744,140.0
7.5,0.51,0.02,1.7,0.084,13.0,31.0,0.99538,3.36,0.54,10.5,6,medium,red,82.845,0.09053050878145935,41.935483870967744,140.0
7.5,0.51,0.02,1.7,0.084,13.0,31.0,0.99538,3.36,0.54,10.5,6,medium,red,82.845,0.09053050878145935,41.935483870967744,140.0
7.6,0.54,0.02,1.7,0.085,17.0,31.0,0.99589,3.37,0.51,10.4,6,medium,red,82.056,0.0926196743687238,54.83870967741935,136.8421052631579
7.5,0.51,0.02,1.7,0.084,13.0,31.0,0.99538,3.36,0.54,10.5,6,medium,red,82.845,0.09053050878145935,41.935483870967744,140.0
11.5,0.42,0.48,2.6,0.077,8.0,20.0,0.99852,3.09,0.53,11.0,5,low,red,86.79,0.13250374467104503,40.0,95.65217391304348
8.2,0.44,0.24,2.3,0.063,10.0,28.0,0.99613,3.25,0.53,10.2,6,medium,red,80.47800000000001,0.10189120007952482,35.714285714285715,124.39024390243902
6.1,0.59,0.01,2.1,0.056,5.0,13.0,0.99472,3.52,0.56,11.4,5,low,red,89.946,0.06781846885909323,38.46153846153847,186.88524590163937
7.2,0.655,0.03,1.8,0.078,7.0,12.0,0.99587,3.34,0.39,9.5,5,low,red,74.955,0.09605763458074845,58.333333333333336,131.94444444444443
7.2,0.655,0.03,1.8,0.078,7.0,12.0,0.99587,3.34,0.39,9.5,5,low,red,74.955,0.09605763458074845,58.333333333333336,131.94444444444443
6.9,0.57,0.0,2.8,0.081,21.0,41.0,0.99518,3.41,0.52,10.8,5,low,red,85.212,0.0809745106323053,51.21951219512195,156.52173913043478
9.0,0.6,0.29,2.0,0.069,32.0,73.0,0.99654,3.34,0.57,10.0,5,low,red,78.9,0.11406844106463877,43.83561643835616,111.11111111111111
7.2,0.62,0.01,2.3,0.065,8.0,46.0,0.99332,3.32,0.51,11.8,6,medium,red,93.102,0.07733453631500935,17.391304347826086,163.88888888888889
7.6,0.645,0.03,1.9,0.086,14.0,57.0,0.9969,3.37,0.46,10.3,5,low,red,81.26700000000001,0.09351889450822595,24.561403508771928,135.5263157894737
7.6,0.645,0.03,1.9,0.086,14.0,57.0,0.9969,3.37,0.46,10.3,5,low,red,81.26700000000001,0.09351889450822595,24.561403508771928,135.5263157894737
7.2,0.58,0.03,2.3,0.077,7.0,28.0,0.99568,3.35,0.52,10.0,5,low,red,78.9,0.09125475285171102,25.0,138.88888888888889
6.1,0.32,0.25,1.8,0.086,5.0,32.0,0.99464,3.36,0.44,10.1,5,low,red,79.68900000000001,0.07654757871224384,15.625,165.5737704918033
6.1,0.34,0.25,1.8,0.084,4.0,28.0,0.99464,3.36,0.44,10.1,5,low,red,79.68900000000001,0.07654757871224384,14.285714285714285,165.5737704918033
7.3,0.43,0.24,2.5,0.078,27.0,67.0,0.99648,3.6,0.59,11.1,6,medium,red,87.57900000000001,0.08335331529247877,40.298507462686565,152.05479452054794
7.4,0.64,0.17,5.4,0.168,52.0,98.0,0.99736,3.28,0.5,9.5,5,low,red,74.955,0.09872590220799146,53.06122448979592,128.3783783783784
11.6,0.475,0.4,1.4,0.091,6.0,28.0,0.99704,3.07,0.65,10.0333333333333,6,medium,red,79.16299999999974,0.14653310258580446,21.428571428571427,86.49425287356293
9.2,0.54,0.31,2.3,0.112,11.0,38.0,0.99699,3.24,0.56,10.9,5,low,red,86.001,0.1069755002848804,28.947368421052634,118.47826086956523
8.3,0.85,0.14,2.5,0.093,13.0,54.0,0.99724,3.36,0.54,10.1,5,low,red,79.68900000000001,0.10415490218223343,24.074074074074073,121.68674698795179
11.6,0.475,0.4,1.4,0.091,6.0,28.0,0.99704,3.07,0.65,10.0333333333333,6,medium,red,79.16299999999974,0.14653310258580446,21.428571428571427,86.49425287356293
8.0,0.83,0.27,2.0,0.08,11.0,63.0,0.99652,3.29,0.48,9.8,4,low,red,77.322,0.10346343860738211,17.46031746031746,122.50000000000001
7.2,0.605,0.02,1.9,0.096,10.0,31.0,0.995,3.46,0.53,11.8,6,medium,red,93.102,0.07733453631500935,32.25806451612903,163.88888888888889
7.8,0.5,0.09,2.2,0.115,10.0,42.0,0.9971,3.18,0.62,9.5,5,low,red,74.955,0.10406243746247748,23.809523809523807,121.79487179487181
7.3,0.74,0.08,1.7,0.094,10.0,45.0,0.99576,3.24,0.5,9.8,5,low,red,77.322,0.09441038772923617,22.22222222222222,134.24657534246575
6.9,0.54,0.3,2.2,0.088,9.0,105.0,0.99725,3.25,1.18,10.5,6,medium,red,82.845,0.08328806807894261,8.571428571428571,152.17391304347825
8.0,0.77,0.32,2.1,0.079,16.0,74.0,0.99656,3.27,0.5,9.8,6,medium,red,77.322,0.10346343860738211,21.62162162162162,122.50000000000001
6.6,0.61,0.0,1.6,0.069,4.0,8.0,0.99396,3.33,0.37,10.4,4,low,red,82.056,0.0804328751096812,50.0,157.5757575757576
8.7,0.78,0.51,1.7,0.415,12.0,66.0,0.99623,3.0,1.17,9.2,5,low,red,72.58800000000001,0.11985452140849726,18.181818181818183,105.74712643678161
7.5,0.58,0.56,3.1,0.153,5.0,14.0,0.99476,3.21,1.03,11.6,6,medium,red,91.524,0.08194571915563131,35.714285714285715,154.66666666666666
8.7,0.78,0.51,1.7,0.415,12.0,66.0,0.99623,3.0,1.17,9.2,5,low,red,72.58800000000001,0.11985452140849726,18.181818181818183,105.74712643678161
7.7,0.75,0.27,3.8,0.11,34.0,89.0,0.99664,3.24,0.45,9.3,5,low,red,73.37700000000001,0.10493751448001416,38.20224719101123,120.7792207792208
6.8,0.815,0.0,1.2,0.267,16.0,29.0,0.99471,3.32,0.51,9.8,3,low,red,77.322,0.08794392281627479,55.172413793103445,144.11764705882354
7.2,0.56,0.26,2.0,0.083,13.0,100.0,0.99586,3.26,0.52,9.9,5,low,red,78.111,0.09217651803203133,13.0,137.5
8.2,0.885,0.2,1.4,0.086,7.0,31.0,0.9946,3.11,0.46,10.0,5,low,red,78.9,0.10392902408111532,22.58064516129032,121.95121951219514
5.2,0.49,0.26,2.3,0.09,23.0,74.0,0.9953,3.71,0.62,12.2,6,medium,red,96.25800000000001,0.054021483928608525,31.08108108108108,234.61538461538458
7.2,0.45,0.15,2.0,0.078,10.0,28.0,0.99609,3.29,0.51,9.9,6,medium,red,78.111,0.09217651803203133,35.714285714285715,137.5
7.5,0.57,0.02,2.6,0.077,11.0,35.0,0.99557,3.36,0.62,10.8,6,medium,red,85.212,0.08801577242641881,31.428571428571427,144.00000000000003
7.5,0.57,0.02,2.6,0.077,11.0,35.0,0.99557,3.36,0.62,10.8,6,medium,red,85.212,0.08801577242641881,31.428571428571427,144.00000000000003
6.8,0.83,0.09,1.8,0.074,4.0,25.0,0.99534,3.38,0.45,9.6,5,low,red,75.744,0.08977608787494719,16.0,141.1764705882353
8.0,0.6,0.22,2.1,0.08,25.0,105.0,0.99613,3.3,0.49,9.9,5,low,red,78.111,0.1024183533689237,23.809523809523807,123.75
8.0,0.6,0.22,2.1,0.08,25.0,105.0,0.99613,3.3,0.49,9.9,5,low,red,78.111,0.1024183533689237,23.809523809523807,123.75
7.1,0.755,0.15,1.8,0.107,20.0,84.0,0.99593,3.19,0.5,9.5,5,low,red,74.955,0.09472350076712693,23.809523809523807,133.80281690140845
8.0,0.81,0.25,3.4,0.076,34.0,85.0,0.99668,3.19,0.42,9.2,5,low,red,72.58800000000001,0.11021105416873311,40.0,114.99999999999999
7.4,0.64,0.07,1.8,0.1,8.0,23.0,0.9961,3.3,0.58,9.6,5,low,red,75.744,0.09769750739332489,34.78260869565217,129.7297297297297
7.4,0.64,0.07,1.8,0.1,8.0,23.0,0.9961,3.3,0.58,9.6,5,low,red,75.744,0.09769750739332489,34.78260869565217,129.7297297297297
6.6,0.64,0.31,6.1,0.083,7.0,49.0,0.99718,3.35,0.68,10.3,5,low,red,81.26700000000001,0.08121377680977516,14.285714285714285,156.0606060606061
6.7,0.48,0.02,2.2,0.08,36.0,111.0,0.99524,3.1,0.53,9.7,5,low,red,76.533,0.08754393529588543,32.432432432432435,144.77611940298507
6.0,0.49,0.0,2.3,0.068,15.0,33.0,0.99292,3.58,0.59,12.5,6,medium,red,98.625,0.060836501901140684,45.45454545454545,208.33333333333334
8.0,0.64,0.22,2.4,0.094,5.0,33.0,0.99612,3.37,0.58,11.0,5,low,red,86.79,0.09217651803203133,15.151515151515152,137.5
7.1,0.62,0.06,1.3,0.07,5.0,12.0,0.9942,3.17,0.48,9.8,5,low,red,77.322,0.09182380176405162,41.66666666666667,138.0281690140845
8.0,0.52,0.25,2.0,0.078,19.0,59.0,0.99612,3.3,0.48,10.2,5,low,red,80.47800000000001,0.099406048858073,32.20338983050847,127.49999999999999
6.4,0.57,0.14,3.9,0.07,27.0,73.0,0.99669,3.32,0.48,9.2,5,low,red,72.58800000000001,0.0881688433349865,36.986301369863014,143.74999999999997
8.6,0.685,0.1,1.6,0.092,3.0,12.0,0.99745,3.31,0.65,9.55,6,medium,red,75.3495,0.11413479850563041,25.0,111.046511627907
8.7,0.675,0.1,1.6,0.09,4.0,11.0,0.99745,3.31,0.65,9.55,5,low,red,75.3495,0.11546194732546332,36.36363636363637,109.77011494252875
7.3,0.59,0.26,2.0,0.08,17.0,104.0,0.99584,3.28,0.52,9.9,5,low,red,78.111,0.09345674744914288,16.346153846153847,135.6164383561644
7.0,0.6,0.12,2.2,0.083,13.0,28.0,0.9966,3.52,0.62,10.2,7,medium,red,80.47800000000001,0.08698029275081388,46.42857142857143,145.7142857142857
7.2,0.67,0.0,2.2,0.068,10.0,24.0,0.9956,3.42,0.72,11.1,6,medium,red,87.57900000000001,0.08221148905559551,41.66666666666667,154.16666666666666
7.9,0.69,0.21,2.1,0.08,33.0,141.0,0.9962,3.25,0.51,9.9,5,low,red,78.111,0.10113812395181217,23.404255319148938,125.31645569620254
7.9,0.69,0.21,2.1,0.08,33.0,141.0,0.9962,3.25,0.51,9.9,5,low,red,78.111,0.10113812395181217,23.404255319148938,125.31645569620254
7.6,0.3,0.42,2.0,0.052,6.0,24.0,0.9963,3.44,0.82,11.9,6,medium,red,93.891,0.08094492549871658,25.0,156.57894736842107
7.2,0.33,0.33,1.7,0.061,3.0,13.0,0.996,3.23,1.1,10.0,8,high,red,78.9,0.09125475285171102,23.076923076923077,138.88888888888889
8.0,0.5,0.39,2.6,0.082,12.0,46.0,0.9985,3.43,0.62,10.7,6,medium,red,84.423,0.0947609063880696,26.08695652173913,133.75
7.7,0.28,0.3,2.0,0.062,18.0,34.0,0.9952,3.28,0.9,11.3,7,medium,red,89.15700000000001,0.08636450306762228,52.94117647058824,146.75324675324677
8.2,0.24,0.34,5.1,0.062,8.0,22.0,0.9974,3.22,0.94,10.9,6,medium,red,86.001,0.0953477285147847,36.36363636363637,132.9268292682927
6.0,0.51,0.0,2.1,0.064,40.0,54.0,0.995,3.54,0.93,10.7,6,medium,red,84.423,0.0710706797910522,74.07407407407408,178.33333333333331
8.1,0.29,0.36,2.2,0.048,35.0,53.0,0.995,3.27,1.01,12.4,7,medium,red,97.836,0.08279161045014105,66.0377358490566,153.08641975308643
6.0,0.51,0.0,2.1,0.064,40.0,54.0,0.995,3.54,0.93,10.7,6,medium,red,84.423,0.0710706797910522,74.07407407407408,178.33333333333331
6.6,0.96,0.0,1.8,0.082,5.0,16.0,0.9936,3.5,0.44,11.9,6,medium,red,93.891,0.0702942774067802,31.25,180.3030303030303
6.4,0.47,0.4,2.4,0.071,8.0,19.0,0.9963,3.56,0.73,10.6,6,medium,red,83.634,0.07652390176244112,42.10526315789473,165.62499999999997
8.2,0.24,0.34,5.1,0.062,8.0,22.0,0.9974,3.22,0.94,10.9,6,medium,red,86.001,0.0953477285147847,36.36363636363637,132.9268292682927
9.9,0.57,0.25,2.0,0.104,12.0,89.0,0.9963,3.04,0.9,10.1,5,low,red,79.68900000000001,0.12423295561495312,13.48314606741573,102.020202020202
10.0,0.32,0.59,2.2,0.077,3.0,15.0,0.9994,3.2,0.78,9.6,5,low,red,75.744,0.13202365863962823,20.0,96.0
6.2,0.58,0.0,1.6,0.065,8.0,18.0,0.9966,3.56,0.84,9.4,5,low,red,74.166,0.08359625704500716,44.44444444444444,151.61290322580646
10.0,0.32,0.59,2.2,0.077,3.0,15.0,0.9994,3.2,0.78,9.6,5,low,red,75.744,0.13202365863962823,20.0,96.0
7.3,0.34,0.33,2.5,0.064,21.0,37.0,0.9952,3.35,0.77,12.1,7,medium,red,95.46900000000001,0.07646461154929872,56.75675675675676,165.75342465753425
7.8,0.53,0.01,1.6,0.077,3.0,19.0,0.995,3.16,0.46,9.8,5,low,red,77.322,0.10087685264219756,15.789473684210526,125.64102564102566
7.7,0.64,0.21,2.2,0.077,32.0,133.0,0.9956,3.27,0.45,9.9,5,low,red,78.111,0.09857766511758907,24.06015037593985,128.57142857142858
7.8,0.53,0.01,1.6,0.077,3.0,19.0,0.995,3.16,0.46,9.8,5,low,red,77.322,0.10087685264219756,15.789473684210526,125.64102564102566
7.5,0.4,0.18,1.6,0.079,24.0,58.0,0.9965,3.34,0.58,9.4,5,low,red,74.166,0.101124504489928,41.37931034482759,125.33333333333334
7.0,0.54,0.0,2.1,0.079,39.0,55.0,0.9956,3.39,0.84,11.4,6,medium,red,89.946,0.07782447246125453,70.9090909090909,162.85714285714286
6.4,0.53,0.09,3.9,0.123,14.0,31.0,0.9968,3.5,0.67,11.0,4,low,red,86.79,0.07374121442562508,45.16129032258064,171.875
8.3,0.26,0.37,1.4,0.076,8.0,23.0,0.9974,3.26,0.7,9.6,6,medium,red,75.744,0.10957963667089143,34.78260869565217,115.66265060240963
8.3,0.26,0.37,1.4,0.076,8.0,23.0,0.9974,3.26,0.7,9.6,6,medium,red,75.744,0.10957963667089143,34.78260869565217,115.66265060240963
7.7,0.23,0.37,1.8,0.046,23.0,60.0,0.9971,3.41,0.71,12.1,6,medium,red,95.46900000000001,0.08065445327802742,38.333333333333336,157.14285714285714
7.6,0.41,0.33,2.5,0.078,6.0,23.0,0.9957,3.3,0.58,11.2,5,low,red,88.36800000000001,0.08600398334238638,26.08695652173913,147.36842105263156
7.8,0.64,0.0,1.9,0.072,27.0,55.0,0.9962,3.31,0.63,11.0,5,low,red,86.79,0.08987210508123054,49.09090909090909,141.02564102564102
7.9,0.18,0.4,2.2,0.049,38.0,67.0,0.996,3.33,0.93,11.3,5,low,red,89.15700000000001,0.08860773691353455,56.71641791044776,143.03797468354432
7.4,0.41,0.24,1.8,0.066,18.0,47.0,0.9956,3.37,0.62,10.4,5,low,red,82.056,0.09018231451691529,38.297872340425535,140.54054054054055
7.6,0.43,0.31,2.1,0.069,13.0,74.0,0.9958,3.26,0.54,9.9,6,medium,red,78.111,0.09729743570047751,17.56756756756757,130.26315789473685
5.9,0.44,0.0,1.6,0.042,3.0,11.0,0.9944,3.48,0.85,11.7,6,medium,red,92.313,0.06391299166964566,27.27272727272727,198.30508474576268
6.1,0.4,0.16,1.8,0.069,11.0,25.0,0.9955,3.42,0.74,10.1,7,medium,red,79.68900000000001,0.07654757871224384,44.0,165.5737704918033
10.2,0.54,0.37,15.4,0.214,55.0,95.0,1.00369,3.18,0.77,9.0,6,medium,red,71.01,0.1436417405999155,57.89473684210527,88.23529411764707
10.2,0.54,0.37,15.4,0.214,55.0,95.0,1.00369,3.18,0.77,9.0,6,medium,red,71.01,0.1436417405999155,57.89473684210527,88.23529411764707
10.0,0.38,0.38,1.6,0.169,27.0,90.0,0.99914,3.15,0.65,8.5,5,low,red,67.065,0.14910907328710954,30.0,85.0
6.8,0.915,0.29,4.8,0.07,15.0,39.0,0.99577,3.53,0.54,11.1,5,low,red,87.57900000000001,0.07764418410806243,38.46153846153847,163.23529411764704
7.0,0.59,0.0,1.7,0.052,3.0,8.0,0.996,3.41,0.47,10.3,5,low,red,81.26700000000001,0.08613582388915549,37.5,147.14285714285717
7.3,0.67,0.02,2.2,0.072,31.0,92.0,0.99566,3.32,0.68,11.0666666666667,6,medium,red,87.31600000000027,0.08360437949516672,33.69565217391305,151.59817351598218
7.2,0.37,0.32,2.0,0.062,15.0,28.0,0.9947,3.23,0.73,11.3,7,medium,red,89.15700000000001,0.08075641845284161,53.57142857142857,156.94444444444443
7.4,0.785,0.19,5.2,0.094,19.0,98.0,0.99713,3.16,0.52,9.56666666666667,6,medium,red,75.48100000000002,0.09803791682675107,19.387755102040817,129.2792792792793
6.9,0.63,0.02,1.9,0.078,18.0,30.0,0.99712,3.4,0.75,9.8,5,low,red,77.322,0.08923721579886708,60.0,142.02898550724638
6.9,0.58,0.2,1.75,0.058,8.0,22.0,0.99322,3.38,0.49,11.7,5,low,red,92.313,0.07474570212212799,36.36363636363637,169.56521739130432
7.3,0.67,0.02,2.2,0.072,31.0,92.0,0.99566,3.32,0.68,11.1,6,medium,red,87.57900000000001,0.08335331529247877,33.69565217391305,152.05479452054794
7.4,0.785,0.19,5.2,0.094,19.0,98.0,0.99713,3.16,0.52,9.6,6,medium,red,75.744,0.09769750739332489,19.387755102040817,129.7297297297297
6.9,0.63,0.02,1.9,0.078,18.0,30.0,0.99712,3.4,0.75,9.8,5,low,red,77.322,0.08923721579886708,60.0,142.02898550724638
6.8,0.67,0.0,1.9,0.08,22.0,39.0,0.99701,3.4,0.74,9.7,5,low,red,76.533,0.08885056119582402,56.41025641025641,142.64705882352942
6.9,0.58,0.01,1.9,0.08,40.0,54.0,0.99683,3.4,0.73,9.7,5,low,red,76.533,0.09015718709576262,74.07407407407408,140.5797101449275
7.2,0.38,0.31,2.0,0.056,15.0,29.0,0.99472,3.23,0.76,11.3,8,high,red,89.15700000000001,0.08075641845284161,51.724137931034484,156.94444444444443
7.2,0.37,0.32,2.0,0.062,15.0,28.0,0.9947,3.23,0.73,11.3,7,medium,red,89.15700000000001,0.08075641845284161,53.57142857142857,156.94444444444443
7.8,0.32,0.44,2.7,0.104,8.0,17.0,0.99732,3.33,0.78,11.0,7,medium,red,86.79,0.08987210508123054,47.05882352941176,141.02564102564102
6.6,0.58,0.02,2.0,0.062,37.0,53.0,0.99374,3.35,0.76,11.6,7,medium,red,91.524,0.07211223285695555,69.81132075471697,175.75757575757575
7.6,0.49,0.33,1.9,0.074,27.0,85.0,0.99706,3.41,0.58,9.0,5,low,red,71.01,0.10702717927052527,31.76470588235294,118.42105263157896
11.7,0.45,0.63,2.2,0.073,7.0,23.0,0.99974,3.21,0.69,10.9,6,medium,red,86.001,0.13604492971011964,30.434782608695656,93.16239316239317
6.5,0.9,0.0,1.6,0.052,9.0,17.0,0.99467,3.5,0.63,10.9,6,medium,red,86.001,0.07558051650562202,52.94117647058824,167.6923076923077
6.0,0.54,0.06,1.8,0.05,38.0,89.0,0.99236,3.3,0.5,10.55,6,medium,red,83.2395,0.07208116338997711,42.69662921348314,175.83333333333334
7.6,0.49,0.33,1.9,0.074,27.0,85.0,0.99706,3.41,0.58,9.0,5,low,red,71.01,0.10702717927052527,31.76470588235294,118.42105263157896
8.4,0.29,0.4,1.7,0.067,8.0,20.0,0.99603,3.39,0.6,10.5,5,low,red,82.845,0.10139416983523449,40.0,125.0
7.9,0.2,0.35,1.7,0.054,7.0,15.0,0.99458,3.32,0.8,11.9,7,medium,red,93.891,0.08414011992629751,46.666666666666664,150.63291139240508
6.4,0.42,0.09,2.3,0.054,34.0,64.0,0.99724,3.41,0.68,10.4,6,medium,red,82.056,0.07799551525787268,53.125,162.5
6.2,0.785,0.0,2.1,0.06,6.0,13.0,0.99664,3.59,0.61,10.0,4,low,red,78.9,0.07858048162230671,46.15384615384615,161.29032258064515
6.8,0.64,0.03,2.3,0.075,14.0,31.0,0.99545,3.36,0.58,10.4,6,medium,red,82.056,0.08287023496148971,45.16129032258064,152.94117647058826
6.9,0.63,0.01,2.4,0.076,14.0,39.0,0.99522,3.34,0.53,10.8,6,medium,red,85.212,0.0809745106323053,35.8974358974359,156.52173913043478
6.8,0.59,0.1,1.7,0.063,34.0,53.0,0.9958,3.41,0.67,9.7,5,low,red,76.533,0.08885056119582402,64.15094339622641,142.64705882352942
6.8,0.59,0.1,1.7,0.063,34.0,53.0,0.9958,3.41,0.67,9.7,5,low,red,76.533,0.08885056119582402,64.15094339622641,142.64705882352942
7.3,0.48,0.32,2.1,0.062,31.0,54.0,0.99728,3.3,0.65,10.0,7,medium,red,78.9,0.09252217997465145,57.407407407407405,136.986301369863
6.7,1.04,0.08,2.3,0.067,19.0,32.0,0.99648,3.52,0.57,11.0,4,low,red,86.79,0.07719783385182624,59.375,164.17910447761193
7.3,0.48,0.32,2.1,0.062,31.0,54.0,0.99728,3.3,0.65,10.0,7,medium,red,78.9,0.09252217997465145,57.407407407407405,136.986301369863
7.3,0.98,0.05,2.1,0.061,20.0,49.0,0.99705,3.31,0.55,9.7,3,low,red,76.533,0.09538369069551696,40.816326530612244,132.87671232876713
10.0,0.69,0.11,1.4,0.084,8.0,24.0,0.99578,2.88,0.47,9.7,5,low,red,76.533,0.13066258999385885,33.33333333333333,97.0
6.7,0.7,0.08,3.75,0.067,8.0,16.0,0.99334,3.43,0.52,12.6,5,low,red,99.414,0.0673949343150864,50.0,188.0597014925373
7.6,0.35,0.6,2.6,0.073,23.0,44.0,0.99656,3.38,0.79,11.1,6,medium,red,87.57900000000001,0.08677879400312859,52.27272727272727,146.05263157894737
6.1,0.6,0.08,1.8,0.071,14.0,45.0,0.99336,3.38,0.54,11.0,5,low,red,86.79,0.07028459499942388,31.11111111111111,180.327868852459
9.9,0.5,0.5,13.8,0.205,48.0,82.0,1.00242,3.16,0.75,8.8,5,low,red,69.432,0.14258555133079848,58.536585365853654,88.8888888888889
5.3,0.47,0.11,2.2,0.048,16.0,89.0,0.99182,3.54,0.88,13.5666666666667,7,medium,red,107.04100000000027,0.049513737726665355,17.97752808988764,255.97484276729622
9.9,0.5,0.5,13.8,0.205,48.0,82.0,1.00242,3.16,0.75,8.8,5,low,red,69.432,0.14258555133079848,58.536585365853654,88.8888888888889
5.3,0.47,0.11,2.2,0.048,16.0,89.0,0.99182,3.54,0.88,13.6,7,medium,red,107.304,0.04939238052635503,17.97752808988764,256.60377358490564
7.1,0.875,0.05,5.7,0.082,3.0,14.0,0.99808,3.4,0.52,10.2,3,low,red,80.47800000000001,0.08822286836153978,21.428571428571427,143.6619718309859
8.2,0.28,0.6,3.0,0.104,10.0,22.0,0.99828,3.39,0.68,10.6,5,low,red,83.634,0.09804624913312766,45.45454545454545,129.26829268292684
5.6,0.62,0.03,1.5,0.08,6.0,13.0,0.99498,3.66,0.62,10.1,4,low,red,79.68900000000001,0.07027318701451893,46.15384615384615,180.35714285714286
8.2,0.28,0.6,3.0,0.104,10.0,22.0,0.99828,3.39,0.68,10.6,5,low,red,83.634,0.09804624913312766,45.45454545454545,129.26829268292684
7.2,0.58,0.54,2.1,0.114,3.0,9.0,0.99719,3.33,0.57,10.3,4,low,red,81.26700000000001,0.08859684742884565,33.33333333333333,143.05555555555557
8.1,0.33,0.44,1.5,0.042,6.0,12.0,0.99542,3.35,0.61,10.7,5,low,red,84.423,0.09594541771792046,50.0,132.09876543209876
6.8,0.91,0.06,2.0,0.06,4.0,11.0,0.99592,3.53,0.64,10.9,4,low,red,86.001,0.07906884803665074,36.36363636363637,160.29411764705884
7.0,0.655,0.16,2.1,0.074,8.0,25.0,0.99606,3.37,0.55,9.7,5,low,red,76.533,0.0914638129957012,32.0,138.57142857142856
6.8,0.68,0.21,2.1,0.07,9.0,23.0,0.99546,3.38,0.6,10.3,5,low,red,81.26700000000001,0.08367480034946533,39.130434782608695,151.47058823529414
6.0,0.64,0.05,1.9,0.066,9.0,17.0,0.99496,3.52,0.78,10.6,5,low,red,83.634,0.07174115790228855,52.94117647058824,176.66666666666666
5.6,0.54,0.04,1.7,0.049,5.0,13.0,0.9942,3.72,0.58,11.4,5,low,red,89.946,0.062259577969003624,38.46153846153847,203.5714285714286
6.2,0.57,0.1,2.1,0.048,4.0,11.0,0.99448,3.44,0.76,10.8,6,medium,red,85.212,0.07275970520583955,36.36363636363637,174.19354838709677
7.1,0.22,0.49,1.8,0.039,8.0,18.0,0.99344,3.39,0.56,12.4,6,medium,red,97.836,0.07257042397481499,44.44444444444444,174.64788732394368
5.6,0.54,0.04,1.7,0.049,5.0,13.0,0.9942,3.72,0.58,11.4,5,low,red,89.946,0.062259577969003624,38.46153846153847,203.5714285714286
6.2,0.65,0.06,1.6,0.05,6.0,18.0,0.99348,3.57,0.54,11.95,5,low,red,94.2855,0.06575772520695124,33.33333333333333,192.74193548387095
7.7,0.54,0.26,1.9,0.089,23.0,147.0,0.99636,3.26,0.59,9.7,5,low,red,76.533,0.10061019429527132,15.646258503401361,125.97402597402596
6.4,0.31,0.09,1.4,0.066,15.0,28.0,0.99459,3.42,0.7,10.0,7,medium,red,78.9,0.08111533586818757,53.57142857142857,156.25
7.0,0.43,0.02,1.9,0.08,15.0,28.0,0.99492,3.35,0.81,10.6,6,medium,red,83.634,0.08369801755266996,53.57142857142857,151.42857142857142
7.7,0.54,0.26,1.9,0.089,23.0,147.0,0.99636,3.26,0.59,9.7,5,low,red,76.533,0.10061019429527132,15.646258503401361,125.97402597402596
6.9,0.74,0.03,2.3,0.054,7.0,16.0,0.99508,3.45,0.63,11.5,6,medium,red,90.735,0.07604562737642585,43.75,166.66666666666666
6.6,0.895,0.04,2.3,0.068,7.0,13.0,0.99582,3.53,0.58,10.8,6,medium,red,85.212,0.07745387973524855,53.84615384615385,163.63636363636365
6.9,0.74,0.03,2.3,0.054,7.0,16.0,0.99508,3.45,0.63,11.5,6,medium,red,90.735,0.07604562737642585,43.75,166.66666666666666
7.5,0.725,0.04,1.5,0.076,8.0,15.0,0.99508,3.26,0.53,9.6,5,low,red,75.744,0.09901774397972117,53.333333333333336,128.0
7.8,0.82,0.29,4.3,0.083,21.0,64.0,0.99642,3.16,0.53,9.4,5,low,red,74.166,0.10516948466952512,32.8125,120.51282051282053
7.3,0.585,0.18,2.4,0.078,15.0,60.0,0.99638,3.31,0.54,9.8,5,low,red,77.322,0.09441038772923617,25.0,134.24657534246575
6.2,0.44,0.39,2.5,0.077,6.0,14.0,0.99555,3.51,0.69,11.0,6,medium,red,86.79,0.07143680147482429,42.857142857142854,177.41935483870967
7.5,0.38,0.57,2.3,0.106,5.0,12.0,0.99605,3.36,0.55,11.4,6,medium,red,89.946,0.08338336335134414,41.66666666666667,152.0
6.7,0.76,0.02,1.8,0.078,6.0,12.0,0.996,3.55,0.63,9.95,3,low,red,78.5055,0.08534433893166721,50.0,148.50746268656715
6.8,0.81,0.05,2.0,0.07,6.0,14.0,0.99562,3.51,0.66,10.8,6,medium,red,85.212,0.07980096699995305,42.857142857142854,158.82352941176472
7.5,0.38,0.57,2.3,0.106,5.0,12.0,0.99605,3.36,0.55,11.4,6,medium,red,89.946,0.08338336335134414,41.66666666666667,152.0
7.1,0.27,0.6,2.1,0.074,17.0,25.0,0.99814,3.38,0.72,10.6,6,medium,red,83.634,0.0848937035177081,68.0,149.29577464788733
7.9,0.18,0.4,1.8,0.062,7.0,20.0,0.9941,3.28,0.7,11.1,5,low,red,87.57900000000001,0.09020427271377841,35.0,140.50632911392404
6.4,0.36,0.21,2.2,0.047,26.0,48.0,0.99661,3.47,0.77,9.7,6,medium,red,76.533,0.08362405759606967,54.166666666666664,151.56249999999997
7.1,0.69,0.04,2.1,0.068,19.0,27.0,0.99712,3.44,0.67,9.8,5,low,red,77.322,0.09182380176405162,70.37037037037037,138.0281690140845
6.4,0.79,0.04,2.2,0.061,11.0,17.0,0.99588,3.53,0.65,10.4,6,medium,red,82.056,0.07799551525787268,64.70588235294117,162.5
6.4,0.56,0.15,1.8,0.078,17.0,65.0,0.99294,3.33,0.6,10.5,6,medium,red,82.845,0.07725270082684532,26.153846153846157,164.0625
6.9,0.84,0.21,4.1,0.074,16.0,65.0,0.99842,3.53,0.72,9.23333333333333,6,medium,red,72.85099999999998,0.09471386803201057,24.615384615384617,133.8164251207729
6.9,0.84,0.21,4.1,0.074,16.0,65.0,0.99842,3.53,0.72,9.25,6,medium,red,72.9825,0.09454321241393485,24.615384615384617,134.05797101449275
6.1,0.32,0.25,2.3,0.071,23.0,58.0,0.99633,3.42,0.97,10.6,5,low,red,83.634,0.07293684386732668,39.6551724137931,173.7704918032787
6.5,0.53,0.06,2.0,0.063,29.0,44.0,0.99489,3.38,0.83,10.3,6,medium,red,81.26700000000001,0.0799832650399301,65.9090909090909,158.46153846153848
7.4,0.47,0.46,2.2,0.114,7.0,20.0,0.99647,3.32,0.63,10.5,5,low,red,82.845,0.0893234353310399,35.0,141.89189189189187
6.6,0.7,0.08,2.6,0.106,14.0,27.0,0.99665,3.44,0.58,10.2,5,low,red,80.47800000000001,0.08200999030791023,51.85185185185185,154.54545454545453
6.5,0.53,0.06,2.0,0.063,29.0,44.0,0.99489,3.38,0.83,10.3,6,medium,red,81.26700000000001,0.0799832650399301,65.9090909090909,158.46153846153848
6.9,0.48,0.2,1.9,0.082,9.0,23.0,0.99585,3.39,0.43,9.05,4,low,red,71.4045,0.0966325651744638,39.130434782608695,131.15942028985506
6.1,0.32,0.25,2.3,0.071,23.0,58.0,0.99633,3.42,0.97,10.6,5,low,red,83.634,0.07293684386732668,39.6551724137931,173.7704918032787
6.8,0.48,0.25,2.0,0.076,29.0,61.0,0.9953,3.34,0.6,10.4,5,low,red,82.056,0.08287023496148971,47.540983606557376,152.94117647058826
6.0,0.42,0.19,2.0,0.075,22.0,47.0,0.99522,3.39,0.78,10.0,6,medium,red,78.9,0.07604562737642585,46.808510638297875,166.66666666666669
6.7,0.48,0.08,2.1,0.064,18.0,34.0,0.99552,3.33,0.64,9.7,5,low,red,76.533,0.08754393529588543,52.94117647058824,144.77611940298507
6.8,0.47,0.08,2.2,0.064,18.0,38.0,0.99553,3.3,0.65,9.6,6,medium,red,75.744,0.08977608787494719,47.368421052631575,141.1764705882353
7.1,0.53,0.07,1.7,0.071,15.0,24.0,0.9951,3.29,0.66,10.8,6,medium,red,85.212,0.0833215978970098,62.5,152.11267605633805
7.9,0.29,0.49,2.2,0.096,21.0,59.0,0.99714,3.31,0.67,10.1,6,medium,red,79.68900000000001,0.0991353888240535,35.59322033898305,127.84810126582278
7.1,0.69,0.08,2.1,0.063,42.0,52.0,0.99608,3.42,0.6,10.2,6,medium,red,80.47800000000001,0.08822286836153978,80.76923076923077,143.6619718309859
6.6,0.44,0.09,2.2,0.063,9.0,18.0,0.99444,3.42,0.69,11.3,6,medium,red,89.15700000000001,0.0740267169151048,50.0,171.21212121212125
6.1,0.705,0.1,2.8,0.081,13.0,28.0,0.99631,3.6,0.66,10.2,5,low,red,80.47800000000001,0.07579711225428067,46.42857142857143,167.21311475409837
7.2,0.53,0.13,2.0,0.058,18.0,22.0,0.99573,3.21,0.68,9.9,6,medium,red,78.111,0.09217651803203133,81.81818181818183,137.5
8.0,0.39,0.3,1.9,0.074,32.0,84.0,0.99717,3.39,0.61,9.0,5,low,red,71.01,0.11266018870581608,38.095238095238095,112.5
6.6,0.56,0.14,2.4,0.064,13.0,29.0,0.99397,3.42,0.62,11.7,7,medium,red,92.313,0.07149588898638327,44.827586206896555,177.27272727272728
7.0,0.55,0.13,2.2,0.075,15.0,35.0,0.9959,3.36,0.59,9.7,6,medium,red,76.533,0.0914638129957012,42.857142857142854,138.57142857142856
6.1,0.53,0.08,1.9,0.077,24.0,45.0,0.99528,3.6,0.68,10.3,6,medium,red,81.26700000000001,0.07506121796054978,53.333333333333336,168.85245901639348
5.4,0.58,0.08,1.9,0.059,20.0,31.0,0.99484,3.5,0.64,10.2,6,medium,red,80.47800000000001,0.06709908297919928,64.51612903225806,188.88888888888886
6.2,0.64,0.09,2.5,0.081,15.0,26.0,0.99538,3.57,0.63,12.0,5,low,red,94.68,0.06548373468525559,57.692307692307686,193.54838709677418
7.2,0.39,0.32,1.8,0.065,34.0,60.0,0.99714,3.46,0.78,9.9,5,low,red,78.111,0.09217651803203133,56.666666666666664,137.5
6.2,0.52,0.08,4.4,0.071,11.0,32.0,0.99646,3.56,0.63,11.6,6,medium,red,91.524,0.06774179450198856,34.375,187.09677419354838
7.4,0.25,0.29,2.2,0.054,19.0,49.0,0.99666,3.4,0.76,10.9,7,medium,red,86.001,0.08604551109870816,38.775510204081634,147.2972972972973
6.7,0.855,0.02,1.9,0.064,29.0,38.0,0.99472,3.3,0.56,10.75,6,medium,red,84.81750000000001,0.07899313231349663,76.31578947368422,160.44776119402982
11.1,0.44,0.42,2.2,0.064,14.0,19.0,0.99758,3.25,0.57,10.4,6,medium,red,82.056,0.1352734717753729,73.68421052631578,93.6936936936937
8.4,0.37,0.43,2.3,0.063,12.0,19.0,0.9955,3.17,0.81,11.2,7,medium,red,88.36800000000001,0.09505703422053231,63.1578947368421,133.33333333333331
6.5,0.63,0.33,1.8,0.059,16.0,28.0,0.99531,3.36,0.64,10.1,6,medium,red,79.68900000000001,0.08156709207042377,57.14285714285714,155.3846153846154
7.0,0.57,0.02,2.0,0.072,17.0,26.0,0.99575,3.36,0.61,10.2,5,low,red,80.47800000000001,0.08698029275081388,65.38461538461539,145.7142857142857
6.3,0.6,0.1,1.6,0.048,12.0,26.0,0.99306,3.55,0.51,12.1,5,low,red,95.46900000000001,0.06599000722747697,46.15384615384615,192.06349206349208
11.2,0.4,0.5,2.0,0.099,19.0,50.0,0.99783,3.1,0.58,10.4,5,low,red,82.056,0.13649215170127718,38.0,92.85714285714288
7.4,0.36,0.3,1.8,0.074,17.0,24.0,0.99419,3.24,0.7,11.4,8,high,red,89.946,0.08227158517332622,70.83333333333334,154.05405405405406
7.1,0.68,0.0,2.3,0.087,17.0,26.0,0.99783,3.45,0.53,9.5,5,low,red,74.955,0.09472350076712693,65.38461538461539,133.80281690140845
7.1,0.67,0.0,2.3,0.083,18.0,27.0,0.99768,3.44,0.54,9.4,5,low,red,74.166,0.0957311975837985,66.66666666666666,132.3943661971831
6.3,0.68,0.01,3.7,0.103,32.0,54.0,0.99586,3.51,0.66,11.3,6,medium,red,89.15700000000001,0.0706618661462364,59.25925925925925,179.36507936507937
7.3,0.735,0.0,2.2,0.08,18.0,28.0,0.99765,3.41,0.6,9.4,5,low,red,74.166,0.09842785103686326,64.28571428571429,128.76712328767124
6.6,0.855,0.02,2.4,0.062,15.0,23.0,0.99627,3.54,0.6,11.0,6,medium,red,86.79,0.07604562737642584,65.21739130434783,166.66666666666669
7.0,0.56,0.17,1.7,0.065,15.0,24.0,0.99514,3.44,0.68,10.55,7,medium,red,83.2395,0.08409469062163996,62.5,150.71428571428572
6.6,0.88,0.04,2.2,0.066,12.0,20.0,0.99636,3.53,0.56,9.9,5,low,red,78.111,0.08449514152936205,60.0,150.00000000000003
6.6,0.855,0.02,2.4,0.062,15.0,23.0,0.99627,3.54,0.6,11.0,6,medium,red,86.79,0.07604562737642584,65.21739130434783,166.66666666666669
6.9,0.63,0.33,6.7,0.235,66.0,115.0,0.99787,3.22,0.56,9.5,5,low,red,74.955,0.09205523313988394,57.391304347826086,137.68115942028984
7.8,0.6,0.26,2.0,0.08,31.0,131.0,0.99622,3.21,0.52,9.9,5,low,red,78.111,0.0998578945347006,23.66412213740458,126.92307692307693
7.8,0.6,0.26,2.0,0.08,31.0,131.0,0.99622,3.21,0.52,9.9,5,low,red,78.111,0.0998578945347006,23.66412213740458,126.92307692307693
7.8,0.6,0.26,2.0,0.08,31.0,131.0,0.99622,3.21,0.52,9.9,5,low,red,78.111,0.0998578945347006,23.66412213740458,126.92307692307693
7.2,0.695,0.13,2.0,0.076,12.0,20.0,0.99546,3.29,0.54,10.1,5,low,red,79.68900000000001,0.09035124044723863,60.0,140.27777777777777
7.2,0.695,0.13,2.0,0.076,12.0,20.0,0.99546,3.29,0.54,10.1,5,low,red,79.68900000000001,0.09035124044723863,60.0,140.27777777777777
7.2,0.695,0.13,2.0,0.076,12.0,20.0,0.99546,3.29,0.54,10.1,5,low,red,79.68900000000001,0.09035124044723863,60.0,140.27777777777777
6.7,0.67,0.02,1.9,0.061,26.0,42.0,0.99489,3.39,0.82,10.9,6,medium,red,86.001,0.07790607085964117,61.904761904761905,162.6865671641791
6.7,0.16,0.64,2.1,0.059,24.0,52.0,0.99494,3.34,0.71,11.2,6,medium,red,88.36800000000001,0.0758193011044722,46.15384615384615,167.1641791044776
7.2,0.695,0.13,2.0,0.076,12.0,20.0,0.99546,3.29,0.54,10.1,5,low,red,79.68900000000001,0.09035124044723863,60.0,140.27777777777777
7.0,0.56,0.13,1.6,0.077,25.0,42.0,0.99629,3.34,0.59,9.2,5,low,red,72.58800000000001,0.09643467239764147,59.523809523809526,131.42857142857142
6.2,0.51,0.14,1.9,0.056,15.0,34.0,0.99396,3.48,0.57,11.5,6,medium,red,90.735,0.06833085358461453,44.11764705882353,185.48387096774192
6.4,0.36,0.53,2.2,0.23,19.0,35.0,0.9934,3.37,0.93,12.4,6,medium,red,97.836,0.06541559344208676,54.285714285714285,193.75
6.4,0.38,0.14,2.2,0.038,15.0,25.0,0.99514,3.44,0.65,11.1,6,medium,red,87.57900000000001,0.07307687916052935,60.0,173.43749999999997
7.3,0.69,0.32,2.2,0.069,35.0,104.0,0.99632,3.33,0.51,9.5,5,low,red,74.955,0.09739176839436996,33.65384615384615,130.13698630136986
6.0,0.58,0.2,2.4,0.075,15.0,50.0,0.99467,3.58,0.67,12.5,6,medium,red,98.625,0.060836501901140684,30.0,208.33333333333334
5.6,0.31,0.78,13.9,0.074,23.0,92.0,0.99677,3.39,0.48,10.5,6,medium,red,82.845,0.06759611322348964,25.0,187.50000000000003
7.5,0.52,0.4,2.2,0.06,12.0,20.0,0.99474,3.26,0.64,11.8,6,medium,red,93.102,0.08055680866146807,60.0,157.33333333333334
8.0,0.3,0.63,1.6,0.081,16.0,29.0,0.99588,3.3,0.78,10.8,6,medium,red,85.212,0.09388349058818006,55.172413793103445,135.0
6.2,0.7,0.15,5.1,0.076,13.0,27.0,0.99622,3.54,0.6,11.9,6,medium,red,93.891,0.06603401817000565,48.148148148148145,191.93548387096774
6.8,0.67,0.15,1.8,0.118,13.0,20.0,0.9954,3.42,0.67,11.3,6,medium,red,89.15700000000001,0.07626995076101707,65.0,166.1764705882353
6.2,0.56,0.09,1.7,0.053,24.0,32.0,0.99402,3.54,0.6,11.3,5,low,red,89.15700000000001,0.06954024922328027,75.0,182.25806451612905
7.4,0.35,0.33,2.4,0.068,9.0,26.0,0.9947,3.36,0.6,11.9,6,medium,red,93.891,0.07881479588032932,34.61538461538461,160.8108108108108
6.2,0.56,0.09,1.7,0.053,24.0,32.0,0.99402,3.54,0.6,11.3,5,low,red,89.15700000000001,0.06954024922328027,75.0,182.25806451612905
6.1,0.715,0.1,2.6,0.053,13.0,27.0,0.99362,3.57,0.5,11.9,5,low,red,93.891,0.064968953360812,48.148148148148145,195.08196721311478
6.2,0.46,0.29,2.1,0.074,32.0,98.0,0.99578,3.33,0.62,9.8,5,low,red,77.322,0.08018416492072114,32.6530612244898,158.06451612903228
6.7,0.32,0.44,2.4,0.061,24.0,34.0,0.99484,3.29,0.8,11.6,7,medium,red,91.524,0.0732048424456973,70.58823529411765,173.13432835820893
7.2,0.39,0.44,2.6,0.066,22.0,48.0,0.99494,3.3,0.84,11.5,6,medium,red,90.735,0.07935195900148785,45.83333333333333,159.7222222222222
7.5,0.31,0.41,2.4,0.065,34.0,60.0,0.99492,3.34,0.85,11.4,6,medium,red,89.946,0.08338336335134414,56.666666666666664,152.0
5.8,0.61,0.11,1.8,0.066,18.0,28.0,0.99483,3.55,0.66,10.9,6,medium,red,86.001,0.06744107626655503,64.28571428571429,187.93103448275863
7.2,0.66,0.33,2.5,0.068,34.0,102.0,0.99414,3.27,0.78,12.8,6,medium,red,100.992,0.07129277566539924,33.33333333333333,177.7777777777778
6.6,0.725,0.2,7.8,0.073,29.0,79.0,0.9977,3.29,0.54,9.2,5,low,red,72.58800000000001,0.09092411968920482,36.708860759493675,139.39393939393938
6.3,0.55,0.15,1.8,0.077,26.0,35.0,0.99314,3.32,0.82,11.6,6,medium,red,91.524,0.0688344040907303,74.28571428571429,184.12698412698413
5.4,0.74,0.09,1.7,0.089,16.0,26.0,0.99402,3.67,0.56,11.6,6,medium,red,91.524,0.05900091779205455,61.53846153846154,214.81481481481478
6.3,0.51,0.13,2.3,0.076,29.0,40.0,0.99574,3.42,0.75,11.0,6,medium,red,86.79,0.07258900795022467,72.5,174.6031746031746
6.8,0.62,0.08,1.9,0.068,28.0,38.0,0.99651,3.42,0.82,9.5,6,medium,red,74.955,0.09072109932626242,73.68421052631578,139.7058823529412
6.2,0.6,0.08,2.0,0.09,32.0,44.0,0.9949,3.45,0.58,10.5,5,low,red,82.845,0.0748385539260064,72.72727272727273,169.35483870967744
5.9,0.55,0.1,2.2,0.062,39.0,51.0,0.99512,3.52,0.76,11.2,6,medium,red,88.36800000000001,0.06676625022632626,76.47058823529412,189.83050847457625
6.3,0.51,0.13,2.3,0.076,29.0,40.0,0.99574,3.42,0.75,11.0,6,medium,red,86.79,0.07258900795022467,72.5,174.6031746031746
5.9,0.645,0.12,2.0,0.075,32.0,44.0,0.99547,3.57,0.71,10.2,5,low,red,80.47800000000001,0.07331196103282885,72.72727272727273,172.88135593220338
6.0,0.31,0.47,3.6,0.067,18.0,42.0,0.99549,3.39,0.66,11.0,6,medium,red,86.79,0.0691323885240235,42.857142857142854,183.33333333333331
7.0,0.27,0.36,20.7,0.045,45.0,170.0,1.001,3.0,0.45,8.8,6,medium,white,69.432,0.10081806659753427,26.47058823529412,125.71428571428574
6.3,0.3,0.34,1.6,0.049,14.0,132.0,0.994,3.3,0.49,9.5,6,medium,white,74.955,0.0840504302581549,10.606060606060606,150.79365079365078
8.1,0.28,0.4,6.9,0.05,30.0,97.0,0.9951,3.26,0.44,10.1,6,medium,white,79.68900000000001,0.10164514550314345,30.927835051546392,124.69135802469135
7.2,0.23,0.32,8.5,0.058,47.0,186.0,0.9956,3.19,0.4,9.9,6,medium,white,78.111,0.09217651803203133,25.268817204301076,137.5
7.2,0.23,0.32,8.5,0.058,47.0,186.0,0.9956,3.19,0.4,9.9,6,medium,white,78.111,0.09217651803203133,25.268817204301076,137.5
8.1,0.28,0.4,6.9,0.05,30.0,97.0,0.9951,3.26,0.44,10.1,6,medium,white,79.68900000000001,0.10164514550314345,30.927835051546392,124.69135802469135
6.2,0.32,0.16,7.0,0.045,30.0,136.0,0.9949,3.18,0.47,9.6,6,medium,white,75.744,0.0818546683565695,22.058823529411764,154.83870967741936
7.0,0.27,0.36,20.7,0.045,45.0,170.0,1.001,3.0,0.45,8.8,6,medium,white,69.432,0.10081806659753427,26.47058823529412,125.71428571428574
6.3,0.3,0.34,1.6,0.049,14.0,132.0,0.994,3.3,0.49,9.5,6,medium,white,74.955,0.0840504302581549,10.606060606060606,150.79365079365078
8.1,0.22,0.43,1.5,0.044,28.0,129.0,0.9938,3.22,0.45,11.0,6,medium,white,86.79,0.09332872450743172,21.705426356589147,135.80246913580248
8.1,0.27,0.41,1.45,0.033,11.0,63.0,0.9908,2.99,0.56,12.0,5,low,white,94.68,0.08555133079847908,17.46031746031746,148.14814814814815
8.6,0.23,0.4,4.2,0.035,17.0,109.0,0.9947,3.14,0.53,9.7,5,low,white,76.533,0.11236982739471861,15.59633027522936,112.79069767441861
7.9,0.18,0.37,1.2,0.04,16.0,75.0,0.992,3.18,0.63,10.8,5,low,white,85.212,0.09270994695582782,21.333333333333336,136.70886075949366
6.6,0.16,0.4,1.5,0.044,48.0,143.0,0.9912,3.54,0.52,12.4,7,medium,white,97.836,0.06745983073715196,33.56643356643357,187.87878787878788
8.3,0.42,0.62,19.25,0.04,41.0,172.0,1.0002,2.98,0.67,9.7,5,low,white,76.533,0.10844994969490286,23.837209302325583,116.86746987951805
6.6,0.17,0.38,1.5,0.032,28.0,112.0,0.9914,3.25,0.55,11.4,7,medium,white,89.946,0.07337735974918284,25.0,172.72727272727275
6.3,0.48,0.04,1.1,0.046,30.0,99.0,0.9928,3.24,0.36,9.6,6,medium,white,75.744,0.08317490494296578,30.303030303030305,152.38095238095238
6.2,0.66,0.48,1.2,0.029,29.0,75.0,0.9892,3.33,0.39,12.8,8,high,white,100.992,0.06139100126742712,38.666666666666664,206.4516129032258
7.4,0.34,0.42,1.1,0.033,17.0,171.0,0.9917,3.12,0.53,11.3,6,medium,white,89.15700000000001,0.08299965229875388,9.941520467836257,152.7027027027027
6.5,0.31,0.14,7.5,0.044,34.0,133.0,0.9955,3.22,0.5,9.5,5,low,white,74.955,0.0867186978853979,25.563909774436087,146.15384615384613
6.2,0.66,0.48,1.2,0.029,29.0,75.0,0.9892,3.33,0.39,12.8,8,high,white,100.992,0.06139100126742712,38.666666666666664,206.4516129032258
6.4,0.31,0.38,2.9,0.038,19.0,102.0,0.9912,3.17,0.35,11.0,7,medium,white,86.79,0.07374121442562508,18.627450980392158,171.875
6.8,0.26,0.42,1.7,0.049,41.0,122.0,0.993,3.47,0.48,10.5,8,high,white,82.845,0.08208099462852314,33.60655737704918,154.41176470588235
7.6,0.67,0.14,1.5,0.074,25.0,168.0,0.9937,3.05,0.51,9.3,5,low,white,73.37700000000001,0.10357468961663735,14.880952380952381,122.36842105263159
6.6,0.27,0.41,1.3,0.052,16.0,142.0,0.9951,3.42,0.47,10.0,6,medium,white,78.9,0.08365019011406843,11.267605633802818,151.5151515151515
7.0,0.25,0.32,9.0,0.046,56.0,245.0,0.9955,3.25,0.5,10.4,6,medium,white,82.056,0.08530759481329823,22.857142857142858,148.57142857142858
6.9,0.24,0.35,1.0,0.052,35.0,146.0,0.993,3.45,0.44,10.0,6,medium,white,78.9,0.08745247148288973,23.972602739726025,144.92753623188406
7.0,0.28,0.39,8.7,0.051,32.0,141.0,0.9961,3.38,0.53,10.5,6,medium,white,82.845,0.08449514152936206,22.69503546099291,150.0
7.4,0.27,0.48,1.1,0.047,17.0,132.0,0.9914,3.19,0.49,11.6,6,medium,white,91.524,0.08085310956688956,12.878787878787879,156.75675675675674
7.2,0.32,0.36,2.0,0.033,37.0,114.0,0.9906,3.1,0.71,12.3,7,medium,white,97.04700000000001,0.07419085597700083,32.45614035087719,170.83333333333334
8.5,0.24,0.39,10.4,0.044,20.0,142.0,0.9974,3.2,0.53,10.0,6,medium,white,78.9,0.10773130544993662,14.084507042253522,117.64705882352942
8.3,0.14,0.34,1.1,0.042,7.0,47.0,0.9934,3.47,0.4,10.2,6,medium,white,80.47800000000001,0.10313377569025076,14.893617021276595,122.89156626506022
7.4,0.25,0.36,2.05,0.05,31.0,100.0,0.992,3.19,0.44,10.8,6,medium,white,85.212,0.08684222879406657,31.0,145.94594594594594
6.2,0.12,0.34,1.5,0.045,43.0,117.0,0.9939,3.42,0.51,9.0,6,medium,white,71.01,0.08731164624700746,36.75213675213676,145.16129032258064
5.8,0.27,0.2,14.95,0.044,22.0,179.0,0.9962,3.37,0.37,10.2,5,low,white,80.47800000000001,0.07206938542210292,12.290502793296088,175.86206896551724
7.3,0.28,0.43,1.7,0.08,21.0,123.0,0.9905,3.19,0.42,12.8,5,low,white,100.992,0.07228295310519645,17.073170731707318,175.34246575342468
6.5,0.39,0.23,5.4,0.051,25.0,149.0,0.9934,3.24,0.35,10.0,5,low,white,78.9,0.082382762991128,16.778523489932887,153.84615384615387
7.0,0.33,0.32,1.2,0.053,38.0,138.0,0.9906,3.13,0.28,11.2,6,medium,white,88.36800000000001,0.07921419518377693,27.536231884057973,160.0
7.3,0.24,0.39,17.95,0.057,45.0,149.0,0.9999,3.21,0.36,8.6,5,low,white,67.854,0.10758393020308309,30.201342281879196,117.8082191780822
7.3,0.24,0.39,17.95,0.057,45.0,149.0,0.9999,3.21,0.36,8.6,5,low,white,67.854,0.10758393020308309,30.201342281879196,117.8082191780822
6.7,0.23,0.39,2.5,0.172,63.0,158.0,0.9937,3.11,0.36,9.4,6,medium,white,74.166,0.09033789067766902,39.87341772151899,140.2985074626866
6.7,0.24,0.39,2.9,0.173,63.0,157.0,0.9937,3.1,0.34,9.4,6,medium,white,74.166,0.09033789067766902,40.12738853503185,140.2985074626866
7.0,0.31,0.26,7.4,0.069,28.0,160.0,0.9954,3.13,0.46,9.8,6,medium,white,77.322,0.09053050878145935,17.5,140.0
6.6,0.24,0.27,1.4,0.057,33.0,152.0,0.9934,3.22,0.56,9.5,6,medium,white,74.955,0.08805283169901941,21.710526315789476,143.93939393939394
6.7,0.23,0.26,1.4,0.06,33.0,154.0,0.9934,3.24,0.56,9.5,6,medium,white,74.955,0.08938696551264093,21.428571428571427,141.79104477611938
7.4,0.18,0.31,1.4,0.058,38.0,167.0,0.9931,3.16,0.53,10.0,7,medium,white,78.9,0.09378960709759189,22.75449101796407,135.13513513513513
6.2,0.45,0.26,4.4,0.063,63.0,206.0,0.994,3.27,0.52,9.8,4,low,white,77.322,0.08018416492072114,30.582524271844658,158.06451612903228
6.2,0.46,0.25,4.4,0.066,62.0,207.0,0.9939,3.25,0.52,9.8,5,low,white,77.322,0.08018416492072114,29.951690821256037,158.06451612903228
7.0,0.31,0.26,7.4,0.069,28.0,160.0,0.9954,3.13,0.46,9.8,6,medium,white,77.322,0.09053050878145935,17.5,140.0
6.9,0.19,0.35,5.0,0.067,32.0,150.0,0.995,3.36,0.48,9.8,5,low,white,77.322,0.08923721579886708,21.333333333333336,142.02898550724638
7.2,0.19,0.31,1.6,0.062,31.0,173.0,0.9917,3.35,0.44,11.7,6,medium,white,92.313,0.07799551525787267,17.91907514450867,162.49999999999997
6.6,0.25,0.29,1.1,0.068,39.0,124.0,0.9914,3.34,0.58,11.0,7,medium,white,86.79,0.07604562737642584,31.451612903225808,166.66666666666669
6.2,0.16,0.33,1.1,0.057,21.0,82.0,0.991,3.32,0.46,10.9,7,medium,white,86.001,0.07209218497459331,25.609756097560975,175.80645161290323
6.4,0.18,0.35,1.0,0.045,39.0,108.0,0.9911,3.31,0.35,10.9,6,medium,white,86.001,0.07441773932861245,36.11111111111111,170.3125
6.8,0.2,0.59,0.9,0.147,38.0,132.0,0.993,3.05,0.38,9.1,6,medium,white,71.799,0.09470883995598824,28.78787878787879,133.8235294117647
6.9,0.25,0.35,1.3,0.039,29.0,191.0,0.9908,3.13,0.52,11.0,6,medium,white,86.79,0.07950224680262703,15.18324607329843,159.42028985507247
7.2,0.21,0.34,11.9,0.043,37.0,213.0,0.9962,3.09,0.5,9.6,6,medium,white,75.744,0.09505703422053233,17.370892018779344,133.33333333333331
6.0,0.19,0.26,12.4,0.048,50.0,147.0,0.9972,3.3,0.36,8.9,6,medium,white,70.221,0.08544452514205152,34.01360544217687,148.33333333333334
6.6,0.38,0.15,4.6,0.044,25.0,78.0,0.9931,3.11,0.38,10.2,6,medium,white,80.47800000000001,0.08200999030791023,32.05128205128205,154.54545454545453
7.4,0.2,0.36,1.2,0.038,44.0,111.0,0.9926,3.36,0.34,9.9,6,medium,white,78.111,0.09473697686625443,39.63963963963964,133.78378378378378
6.8,0.22,0.24,4.9,0.092,30.0,123.0,0.9951,3.03,0.46,8.6,6,medium,white,67.854,0.10021516786040617,24.390243902439025,126.47058823529412
6.0,0.19,0.26,12.4,0.048,50.0,147.0,0.9972,3.3,0.36,8.9,6,medium,white,70.221,0.08544452514205152,34.01360544217687,148.33333333333334
7.0,0.47,0.07,1.1,0.035,17.0,151.0,0.991,3.02,0.34,10.5,5,low,white,82.845,0.08449514152936206,11.258278145695364,150.0
6.6,0.38,0.15,4.6,0.044,25.0,78.0,0.9931,3.11,0.38,10.2,6,medium,white,80.47800000000001,0.08200999030791023,32.05128205128205,154.54545454545453
7.2,0.24,0.27,1.4,0.038,31.0,122.0,0.9927,3.15,0.46,10.3,6,medium,white,81.26700000000001,0.08859684742884565,25.40983606557377,143.05555555555557
6.2,0.35,0.03,1.2,0.064,29.0,120.0,0.9934,3.22,0.54,9.1,5,low,white,71.799,0.08635217760693045,24.166666666666668,146.77419354838707
6.4,0.26,0.24,6.4,0.04,27.0,124.0,0.9903,3.22,0.49,12.6,7,medium,white,99.414,0.06437725068903777,21.774193548387096,196.87499999999997
6.7,0.25,0.13,1.2,0.041,81.0,174.0,0.992,3.14,0.42,9.8,5,low,white,77.322,0.08665062983368252,46.55172413793103,146.26865671641792
6.7,0.23,0.31,2.1,0.046,30.0,96.0,0.9926,3.33,0.64,10.7,8,high,white,84.423,0.0793622591000083,31.25,159.7014925373134
7.4,0.24,0.29,10.1,0.05,21.0,105.0,0.9962,3.13,0.35,9.5,5,low,white,74.955,0.09872590220799146,20.0,128.3783783783784
6.2,0.27,0.43,7.8,0.056,48.0,244.0,0.9956,3.1,0.51,9.0,6,medium,white,71.01,0.08731164624700746,19.672131147540984,145.16129032258064
6.8,0.3,0.23,4.6,0.061,50.5,238.5,0.9958,3.32,0.6,9.5,5,low,white,74.955,0.09072109932626242,21.17400419287212,139.7058823529412
6.0,0.27,0.28,4.8,0.063,31.0,201.0,0.9964,3.69,0.71,10.0,5,low,white,78.9,0.07604562737642585,15.422885572139302,166.66666666666669
8.6,0.23,0.46,1.0,0.054,9.0,72.0,0.9941,2.95,0.49,9.1,6,medium,white,71.799,0.11977882700316159,12.5,105.8139534883721
6.7,0.23,0.31,2.1,0.046,30.0,96.0,0.9926,3.33,0.64,10.7,8,high,white,84.423,0.0793622591000083,31.25,159.7014925373134
7.4,0.24,0.29,10.1,0.05,21.0,105.0,0.9962,3.13,0.35,9.5,5,low,white,74.955,0.09872590220799146,20.0,128.3783783783784
7.1,0.18,0.36,1.4,0.043,31.0,87.0,0.9898,3.26,0.37,12.7,7,medium,white,100.203,0.07085616199115795,35.63218390804598,178.8732394366197
7.0,0.32,0.34,1.3,0.042,20.0,69.0,0.9912,3.31,0.65,12.0,7,medium,white,94.68,0.0739332488381918,28.985507246376812,171.42857142857142
7.4,0.18,0.3,8.8,0.064,26.0,103.0,0.9961,2.94,0.56,9.3,5,low,white,73.37700000000001,0.10084903988988374,25.24271844660194,125.67567567567568
6.7,0.54,0.28,5.4,0.06,21.0,105.0,0.9949,3.27,0.37,9.0,5,low,white,71.01,0.09435290804112097,20.0,134.32835820895522
6.8,0.22,0.31,1.4,0.053,34.0,114.0,0.9929,3.39,0.77,10.6,6,medium,white,83.634,0.08130664562259368,29.82456140350877,155.88235294117646
7.1,0.2,0.34,16.0,0.05,51.0,166.0,0.9985,3.21,0.6,9.2,6,medium,white,72.58800000000001,0.09781231057475064,30.72289156626506,129.5774647887324
7.1,0.34,0.2,6.1,0.063,47.0,164.0,0.9946,3.17,0.42,10.0,5,low,white,78.9,0.08998732572877058,28.65853658536585,140.84507042253523
7.3,0.22,0.3,8.2,0.047,42.0,207.0,0.9966,3.33,0.46,9.5,6,medium,white,74.955,0.09739176839436996,20.28985507246377,130.13698630136986
7.1,0.43,0.61,11.8,0.045,54.0,155.0,0.9974,3.11,0.45,8.7,5,low,white,68.643,0.10343370773421907,34.83870967741935,122.53521126760563
7.1,0.44,0.62,11.8,0.044,52.0,152.0,0.9975,3.12,0.46,8.7,6,medium,white,68.643,0.10343370773421907,34.21052631578947,122.53521126760563
7.2,0.39,0.63,11.0,0.044,55.0,156.0,0.9974,3.09,0.44,8.7,6,medium,white,68.643,0.10489052051920808,35.256410256410255,120.83333333333333
6.8,0.25,0.31,13.3,0.05,69.0,202.0,0.9972,3.22,0.48,9.7,6,medium,white,76.533,0.08885056119582402,34.15841584158416,142.64705882352942
7.1,0.43,0.61,11.8,0.045,54.0,155.0,0.9974,3.11,0.45,8.7,5,low,white,68.643,0.10343370773421907,34.83870967741935,122.53521126760563
7.1,0.44,0.62,11.8,0.044,52.0,152.0,0.9975,3.12,0.46,8.7,6,medium,white,68.643,0.10343370773421907,34.21052631578947,122.53521126760563
7.2,0.39,0.63,11.0,0.044,55.0,156.0,0.9974,3.09,0.44,8.7,6,medium,white,68.643,0.10489052051920808,35.256410256410255,120.83333333333333
6.1,0.27,0.43,7.5,0.049,65.0,243.0,0.9957,3.12,0.47,9.0,5,low,white,71.01,0.08590339388818476,26.74897119341564,147.54098360655738
6.9,0.24,0.33,1.7,0.035,47.0,136.0,0.99,3.26,0.4,12.6,7,medium,white,99.414,0.06940672339911884,34.55882352941176,182.6086956521739
6.9,0.21,0.33,1.8,0.034,48.0,136.0,0.9899,3.25,0.41,12.6,7,medium,white,99.414,0.06940672339911884,35.294117647058826,182.6086956521739
7.5,0.17,0.32,1.7,0.04,51.0,148.0,0.9916,3.21,0.44,11.5,7,medium,white,90.735,0.08265829062654985,34.45945945945946,153.33333333333334
7.1,0.26,0.29,12.4,0.044,62.0,240.0,0.9969,3.04,0.42,9.2,6,medium,white,72.58800000000001,0.09781231057475064,25.833333333333336,129.5774647887324
6.0,0.34,0.66,15.9,0.046,26.0,164.0,0.9979,3.14,0.5,8.8,6,medium,white,69.432,0.08641548565502938,15.853658536585366,146.66666666666669
8.6,0.265,0.36,1.2,0.034,15.0,80.0,0.9913,2.95,0.36,11.4,7,medium,white,89.946,0.09561292330954128,18.75,132.55813953488374
9.8,0.36,0.46,10.5,0.038,4.0,83.0,0.9956,2.89,0.3,10.1,4,low,white,79.68900000000001,0.12297807727540815,4.819277108433735,103.0612244897959
6.0,0.34,0.66,15.9,0.046,26.0,164.0,0.9979,3.14,0.5,8.8,6,medium,white,69.432,0.08641548565502938,15.853658536585366,146.66666666666669
7.4,0.25,0.37,13.5,0.06,52.0,192.0,0.9975,3.0,0.44,9.1,5,low,white,71.799,0.10306550230504603,27.083333333333332,122.97297297297295
7.1,0.12,0.32,9.6,0.054,64.0,162.0,0.9962,3.4,0.41,9.4,5,low,white,74.166,0.0957311975837985,39.50617283950617,132.3943661971831
6.0,0.21,0.24,12.1,0.05,55.0,164.0,0.997,3.34,0.39,9.4,5,low,white,74.166,0.0808996035919424,33.53658536585366,156.66666666666666
7.5,0.305,0.4,18.9,0.059,44.0,170.0,1.0,2.99,0.46,9.0,5,low,white,71.01,0.10561892691170258,25.882352941176475,120.0
7.4,0.25,0.37,13.5,0.06,52.0,192.0,0.9975,3.0,0.44,9.1,5,low,white,71.799,0.10306550230504603,27.083333333333332,122.97297297297295
7.3,0.13,0.32,14.4,0.051,34.0,109.0,0.9974,3.2,0.35,9.2,6,medium,white,72.58800000000001,0.10056758692896896,31.19266055045872,126.02739726027397
7.1,0.12,0.32,9.6,0.054,64.0,162.0,0.9962,3.4,0.41,9.4,5,low,white,74.166,0.0957311975837985,39.50617283950617,132.3943661971831
7.1,0.23,0.35,16.5,0.04,60.0,171.0,0.999,3.16,0.59,9.1,6,medium,white,71.799,0.09888717113051712,35.08771929824561,128.16901408450704
7.1,0.23,0.35,16.5,0.04,60.0,171.0,0.999,3.16,0.59,9.1,6,medium,white,71.799,0.09888717113051712,35.08771929824561,128.16901408450704
6.9,0.33,0.28,1.3,0.051,37.0,187.0,0.9927,3.27,0.6,10.3,5,low,white,81.26700000000001,0.08490531211931042,19.786096256684495,149.27536231884056
6.5,0.17,0.54,8.5,0.082,64.0,163.0,0.9959,2.89,0.39,8.8,6,medium,white,69.432,0.09361677612628183,39.263803680981596,135.3846153846154
7.2,0.27,0.46,18.75,0.052,45.0,255.0,1.0,3.04,0.52,8.9,5,low,white,70.221,0.10253343017046182,17.647058823529413,123.61111111111111
7.2,0.31,0.5,13.3,0.056,68.0,195.0,0.9982,3.01,0.47,9.2,5,low,white,72.58800000000001,0.0991899487518598,34.87179487179487,127.77777777777777
6.7,0.41,0.34,9.2,0.049,29.0,150.0,0.9968,3.22,0.51,9.1,5,low,white,71.799,0.09331606289781194,19.333333333333332,135.82089552238804
6.7,0.41,0.34,9.2,0.049,29.0,150.0,0.9968,3.22,0.51,9.1,5,low,white,71.799,0.09331606289781194,19.333333333333332,135.82089552238804
5.5,0.485,0.0,1.5,0.065,8.0,103.0,0.994,3.63,0.4,9.7,4,low,white,76.533,0.07186442449662236,7.766990291262135,176.36363636363635
6.0,0.31,0.24,3.3,0.041,25.0,143.0,0.9914,3.31,0.44,11.3,6,medium,white,89.15700000000001,0.067297015377368,17.482517482517483,188.33333333333334
7.0,0.14,0.4,1.7,0.035,16.0,85.0,0.9911,3.19,0.42,11.8,6,medium,white,93.102,0.07518635475070352,18.823529411764707,168.57142857142858
7.2,0.31,0.5,13.3,0.056,68.0,195.0,0.9982,3.01,0.47,9.2,5,low,white,72.58800000000001,0.0991899487518598,34.87179487179487,127.77777777777777
7.3,0.32,0.48,13.3,0.06,57.0,196.0,0.9982,3.04,0.5,9.2,5,low,white,72.58800000000001,0.10056758692896896,29.081632653061224,126.02739726027397
5.9,0.36,0.04,5.7,0.046,21.0,87.0,0.9934,3.22,0.51,10.2,5,low,white,80.47800000000001,0.07331196103282885,24.137931034482758,172.88135593220338
7.8,0.24,0.32,12.2,0.054,42.0,138.0,0.9984,3.01,0.54,8.8,5,low,white,69.432,0.11234013135153818,30.434782608695656,112.82051282051285
7.4,0.16,0.31,6.85,0.059,31.0,131.0,0.9952,3.29,0.34,9.7,5,low,white,76.533,0.09669031659545556,23.66412213740458,131.08108108108107
6.9,0.19,0.28,5.0,0.058,14.0,146.0,0.9952,3.29,0.36,9.1,6,medium,white,71.799,0.09610161701416454,9.58904109589041,131.88405797101447
6.4,0.13,0.47,1.6,0.092,40.0,158.0,0.9928,3.21,0.36,9.8,6,medium,white,77.322,0.0827707508859057,25.31645569620253,153.125
6.7,0.19,0.36,1.1,0.026,63.0,143.0,0.9912,3.27,0.48,11.0,6,medium,white,86.79,0.07719783385182624,44.05594405594406,164.17910447761193
7.4,0.39,0.23,7.0,0.033,29.0,126.0,0.994,3.14,0.42,10.5,5,low,white,82.845,0.0893234353310399,23.015873015873016,141.89189189189187
6.5,0.24,0.32,7.6,0.038,48.0,203.0,0.9958,3.45,0.54,9.7,7,medium,white,76.533,0.08493068349600826,23.645320197044335,149.2307692307692
6.1,0.3,0.56,2.8,0.044,47.0,179.0,0.9924,3.3,0.57,10.9,7,medium,white,86.001,0.07092940779758374,26.256983240223462,178.68852459016395
6.1,0.3,0.56,2.7,0.046,46.0,184.0,0.9924,3.31,0.57,10.9,6,medium,white,86.001,0.07092940779758374,25.0,178.68852459016395
5.7,0.26,0.25,10.4,0.02,7.0,57.0,0.994,3.39,0.37,10.6,5,low,white,83.634,0.06815410000717412,12.280701754385964,185.96491228070172
6.5,0.24,0.32,7.6,0.038,48.0,203.0,0.9958,3.45,0.54,9.7,7,medium,white,76.533,0.08493068349600826,23.645320197044335,149.2307692307692
6.5,0.425,0.4,13.1,0.038,59.0,241.0,0.9979,3.23,0.57,9.0,5,low,white,71.01,0.09153640332347555,24.481327800829874,138.46153846153845
6.6,0.24,0.27,15.8,0.035,46.0,188.0,0.9982,3.24,0.51,9.2,5,low,white,72.58800000000001,0.09092411968920482,24.46808510638298,139.39393939393938
6.8,0.27,0.22,8.1,0.034,55.0,203.0,0.9961,3.19,0.52,8.9,5,low,white,70.221,0.09683712849432505,27.093596059113302,130.88235294117646
6.7,0.27,0.31,15.7,0.036,44.0,179.0,0.9979,3.26,0.56,9.6,5,low,white,75.744,0.08845585128855091,24.581005586592177,143.28358208955223
8.2,0.23,0.4,1.2,0.027,36.0,121.0,0.992,3.12,0.38,10.7,6,medium,white,84.423,0.09712992904777133,29.75206611570248,130.4878048780488
7.1,0.37,0.67,10.5,0.045,49.0,155.0,0.9975,3.16,0.44,8.7,5,low,white,68.643,0.10343370773421907,31.61290322580645,122.53521126760563
6.8,0.19,0.36,1.9,0.035,30.0,96.0,0.9917,3.15,0.54,10.8,7,medium,white,85.212,0.07980096699995305,31.25,158.82352941176472
8.1,0.28,0.39,1.9,0.029,18.0,79.0,0.9923,3.23,0.52,11.8,6,medium,white,93.102,0.08700135335438551,22.78481012658228,145.67901234567904
6.3,0.31,0.34,2.2,0.045,20.0,77.0,0.9927,3.3,0.43,10.2,5,low,white,80.47800000000001,0.07828226347573249,25.97402597402597,161.9047619047619
7.1,0.37,0.67,10.5,0.045,49.0,155.0,0.9975,3.16,0.44,8.7,5,low,white,68.643,0.10343370773421907,31.61290322580645,122.53521126760563
7.9,0.21,0.4,1.2,0.039,38.0,107.0,0.992,3.21,0.54,10.8,6,medium,white,85.212,0.09270994695582782,35.51401869158878,136.70886075949366
8.5,0.21,0.41,4.3,0.036,24.0,99.0,0.9947,3.18,0.53,9.7,6,medium,white,76.533,0.11106320149478002,24.242424242424242,114.11764705882352
8.1,0.2,0.4,2.0,0.037,19.0,87.0,0.9921,3.12,0.54,11.2,6,medium,white,88.36800000000001,0.09166214014122757,21.839080459770116,138.2716049382716
6.3,0.255,0.37,1.1,0.04,37.0,114.0,0.9905,3.0,0.39,10.9,6,medium,white,86.001,0.07325496215160288,32.45614035087719,173.015873015873
5.6,0.16,0.27,1.4,0.044,53.0,168.0,0.9918,3.28,0.37,10.1,6,medium,white,79.68900000000001,0.07027318701451893,31.547619047619047,180.35714285714286
6.4,0.595,0.14,5.2,0.058,15.0,97.0,0.9951,3.38,0.36,9.0,4,low,white,71.01,0.09012815096465286,15.463917525773196,140.625
6.3,0.34,0.33,4.6,0.034,19.0,80.0,0.9917,3.38,0.58,12.0,7,medium,white,94.68,0.06653992395437262,23.75,190.47619047619048
6.9,0.25,0.3,4.1,0.054,23.0,116.0,0.994,2.99,0.38,9.4,6,medium,white,74.166,0.09303454413073377,19.82758620689655,136.23188405797103
7.9,0.22,0.38,8.0,0.043,46.0,152.0,0.9934,3.12,0.32,11.5,7,medium,white,90.735,0.08706673279329917,30.263157894736842,145.56962025316454
7.6,0.18,0.46,10.2,0.055,58.0,135.0,0.9968,3.14,0.43,9.9,6,medium,white,78.111,0.09729743570047751,42.96296296296296,130.26315789473685
6.9,0.25,0.3,4.1,0.054,23.0,116.0,0.994,2.99,0.38,9.4,6,medium,white,74.166,0.09303454413073377,19.82758620689655,136.23188405797103
7.2,0.18,0.41,1.2,0.048,41.0,97.0,0.9919,3.14,0.45,10.4,5,low,white,82.056,0.08774495466510676,42.2680412371134,144.44444444444443
8.2,0.23,0.4,7.5,0.049,12.0,76.0,0.9966,3.06,0.84,9.7,6,medium,white,76.533,0.10714332379496425,15.789473684210526,118.29268292682926
7.4,0.24,0.42,14.0,0.066,48.0,198.0,0.9979,2.89,0.42,8.9,6,medium,white,70.221,0.1053815810085302,24.242424242424242,120.27027027027026
7.4,0.24,0.42,14.0,0.066,48.0,198.0,0.9979,2.89,0.42,8.9,6,medium,white,70.221,0.1053815810085302,24.242424242424242,120.27027027027026
6.1,0.32,0.24,1.5,0.036,38.0,124.0,0.9898,3.29,0.42,12.4,7,medium,white,97.836,0.06234923749948894,30.64516129032258,203.27868852459017
5.2,0.44,0.04,1.4,0.036,43.0,119.0,0.9894,3.36,0.33,12.1,8,high,white,95.46900000000001,0.054467942473473065,36.134453781512605,232.69230769230768
5.2,0.44,0.04,1.4,0.036,43.0,119.0,0.9894,3.36,0.33,12.1,8,high,white,95.46900000000001,0.054467942473473065,36.134453781512605,232.69230769230768
6.1,0.32,0.24,1.5,0.036,38.0,124.0,0.9898,3.29,0.42,12.4,7,medium,white,97.836,0.06234923749948894,30.64516129032258,203.27868852459017
6.4,0.22,0.56,14.5,0.055,27.0,159.0,0.998,2.98,0.4,9.1,5,low,white,71.799,0.08913773172328306,16.9811320754717,142.18749999999997
6.3,0.36,0.3,4.8,0.049,14.0,85.0,0.9932,3.28,0.39,10.6,5,low,white,83.634,0.07532821579740297,16.470588235294116,168.25396825396825
7.4,0.24,0.42,14.0,0.066,48.0,198.0,0.9979,2.89,0.42,8.9,6,medium,white,70.221,0.1053815810085302,24.242424242424242,120.27027027027026
6.7,0.24,0.35,13.1,0.05,64.0,205.0,0.997,3.15,0.5,9.5,5,low,white,74.955,0.08938696551264093,31.21951219512195,141.79104477611938
7.0,0.23,0.36,13.0,0.051,72.0,177.0,0.9972,3.16,0.49,9.8,5,low,white,77.322,0.09053050878145935,40.67796610169492,140.0
8.4,0.27,0.46,8.7,0.048,39.0,197.0,0.9974,3.14,0.59,9.6,6,medium,white,75.744,0.11089987325728771,19.796954314720814,114.28571428571428
6.7,0.46,0.18,2.4,0.034,25.0,98.0,0.9896,3.08,0.44,12.6,7,medium,white,99.414,0.0673949343150864,25.510204081632654,188.0597014925373
7.5,0.29,0.31,8.95,0.055,20.0,151.0,0.9968,3.08,0.54,9.3,5,low,white,73.37700000000001,0.10221186475326055,13.245033112582782,124.0
9.8,0.42,0.48,9.85,0.034,5.0,110.0,0.9958,2.87,0.29,10.0,5,low,white,78.9,0.12420785804816223,4.545454545454546,102.04081632653062
7.1,0.3,0.46,1.5,0.066,29.0,133.0,0.9906,3.12,0.54,12.7,6,medium,white,100.203,0.07085616199115795,21.804511278195488,178.8732394366197
7.9,0.19,0.45,1.5,0.045,17.0,96.0,0.9917,3.13,0.39,11.0,6,medium,white,86.79,0.09102431155663095,17.708333333333336,139.2405063291139
7.6,0.48,0.37,0.8,0.037,4.0,100.0,0.9902,3.03,0.39,11.4,4,low,white,89.946,0.08449514152936206,4.0,150.00000000000003
6.3,0.22,0.43,4.55,0.038,31.0,130.0,0.9918,3.35,0.33,11.5,7,medium,white,90.735,0.06943296412630187,23.846153846153847,182.53968253968253
7.5,0.27,0.31,17.7,0.051,33.0,173.0,0.999,3.09,0.64,10.2,5,low,white,80.47800000000001,0.09319317080444343,19.07514450867052,136.0
6.9,0.23,0.4,7.5,0.04,50.0,151.0,0.9927,3.11,0.27,11.4,6,medium,white,89.946,0.07671269428323661,33.11258278145696,165.2173913043478
7.2,0.32,0.47,5.1,0.044,19.0,65.0,0.991,3.03,0.41,12.6,4,low,white,99.414,0.07242440702516748,29.230769230769234,175.0
5.9,0.23,0.3,12.9,0.054,57.0,170.0,0.9972,3.28,0.39,9.4,5,low,white,74.166,0.07955127686541004,33.52941176470588,159.32203389830508
6.0,0.67,0.07,1.2,0.06,9.0,108.0,0.9931,3.11,0.35,8.7,4,low,white,68.643,0.08740876709934006,8.333333333333332,145.0
6.4,0.25,0.32,5.5,0.049,41.0,176.0,0.995,3.19,0.68,9.2,6,medium,white,72.58800000000001,0.0881688433349865,23.295454545454543,143.74999999999997
6.4,0.33,0.31,5.5,0.048,42.0,173.0,0.9951,3.19,0.66,9.3,6,medium,white,73.37700000000001,0.08722079125611568,24.277456647398843,145.3125
7.1,0.34,0.15,1.2,0.053,61.0,183.0,0.9936,3.09,0.43,9.2,5,low,white,72.58800000000001,0.09781231057475064,33.33333333333333,129.5774647887324
6.8,0.28,0.4,22.0,0.048,48.0,167.0,1.001,2.93,0.5,8.7,5,low,white,68.643,0.09906326937925207,28.74251497005988,127.94117647058823
6.9,0.27,0.4,14.0,0.05,64.0,227.0,0.9979,3.18,0.58,9.6,6,medium,white,75.744,0.09109632446134348,28.193832599118945,139.1304347826087
6.8,0.26,0.56,11.9,0.043,64.0,226.0,0.997,3.02,0.63,9.3,5,low,white,73.37700000000001,0.09267209070962289,28.31858407079646,136.76470588235296
6.8,0.29,0.56,11.9,0.043,66.0,230.0,0.9972,3.02,0.63,9.3,5,low,white,73.37700000000001,0.09267209070962289,28.695652173913043,136.76470588235296
6.7,0.24,0.41,9.4,0.04,49.0,166.0,0.9954,3.12,0.61,9.9,6,medium,white,78.111,0.08577537094647361,29.518072289156628,147.76119402985074
5.9,0.3,0.23,4.2,0.038,42.0,119.0,0.9924,3.15,0.5,11.0,5,low,white,86.79,0.0679801820486231,35.294117647058826,186.44067796610167
6.8,0.53,0.35,3.8,0.034,26.0,109.0,0.9906,3.26,0.57,12.7,8,high,white,100.203,0.06786223965350338,23.853211009174313,186.76470588235296
6.5,0.28,0.28,8.5,0.047,54.0,210.0,0.9962,3.09,0.54,8.9,4,low,white,70.221,0.09256490223722248,25.71428571428571,136.92307692307693
6.6,0.28,0.28,8.5,0.052,55.0,211.0,0.9962,3.09,0.55,8.9,6,medium,white,70.221,0.09398897765625666,26.066350710900476,134.84848484848487
6.8,0.28,0.4,22.0,0.048,48.0,167.0,1.001,2.93,0.5,8.7,5,low,white,68.643,0.09906326937925207,28.74251497005988,127.94117647058823
6.8,0.28,0.36,8.0,0.045,28.0,123.0,0.9928,3.02,0.37,11.4,6,medium,white,89.946,0.07560091610521869,22.76422764227642,167.64705882352942
6.6,0.15,0.34,5.1,0.055,34.0,125.0,0.9942,3.36,0.42,9.6,5,low,white,75.744,0.08713561470215463,27.200000000000003,145.45454545454547
6.4,0.29,0.44,3.6,0.2,75.0,181.0,0.9942,3.02,0.41,9.1,5,low,white,71.799,0.08913773172328306,41.43646408839779,142.18749999999997
6.4,0.3,0.45,3.5,0.197,76.0,180.0,0.9942,3.02,0.39,9.1,6,medium,white,71.799,0.08913773172328306,42.22222222222222,142.18749999999997
6.4,0.29,0.44,3.6,0.197,75.0,183.0,0.9942,3.01,0.38,9.1,5,low,white,71.799,0.08913773172328306,40.98360655737705,142.18749999999997
6.8,0.26,0.24,7.8,0.052,54.0,214.0,0.9961,3.13,0.47,8.9,5,low,white,70.221,0.09683712849432505,25.233644859813083,130.88235294117646
7.1,0.32,0.24,13.1,0.05,52.0,204.0,0.998,3.1,0.49,8.8,5,low,white,69.432,0.10225832469178477,25.49019607843137,123.943661971831
6.8,0.26,0.24,7.8,0.052,54.0,214.0,0.9961,3.13,0.47,8.9,5,low,white,70.221,0.09683712849432505,25.233644859813083,130.88235294117646
6.8,0.27,0.26,16.1,0.049,55.0,196.0,0.9984,3.15,0.5,9.3,5,low,white,73.37700000000001,0.09267209070962289,28.061224489795915,136.76470588235296
7.1,0.32,0.24,13.1,0.05,52.0,204.0,0.998,3.1,0.49,8.8,5,low,white,69.432,0.10225832469178477,25.49019607843137,123.943661971831
6.9,0.54,0.32,13.2,0.05,53.0,236.0,0.9973,3.2,0.5,9.6,5,low,white,75.744,0.09109632446134348,22.45762711864407,139.1304347826087
6.8,0.26,0.34,13.9,0.034,39.0,134.0,0.9949,3.33,0.53,12.0,6,medium,white,94.68,0.07182087029995775,29.1044776119403,176.47058823529412
5.8,0.28,0.35,2.3,0.053,36.0,114.0,0.9924,3.28,0.5,10.2,4,low,white,80.47800000000001,0.07206938542210292,31.57894736842105,175.86206896551724
6.4,0.21,0.5,11.6,0.042,45.0,153.0,0.9972,3.15,0.43,8.8,5,low,white,69.432,0.09217651803203135,29.411764705882355,137.5
7.0,0.16,0.32,8.3,0.045,38.0,126.0,0.9958,3.21,0.34,9.2,5,low,white,72.58800000000001,0.09643467239764147,30.158730158730158,131.42857142857142
10.2,0.44,0.88,6.2,0.049,20.0,124.0,0.9968,2.99,0.51,9.9,4,low,white,78.111,0.1305834005453777,16.129032258064516,97.05882352941177
6.8,0.57,0.29,2.2,0.04,15.0,77.0,0.9938,3.32,0.74,10.2,5,low,white,80.47800000000001,0.08449514152936205,19.480519480519483,150.0
6.1,0.4,0.31,0.9,0.048,23.0,170.0,0.993,3.22,0.77,9.5,6,medium,white,74.955,0.08138216263091187,13.529411764705882,155.73770491803282
5.6,0.245,0.25,9.7,0.032,12.0,68.0,0.994,3.31,0.34,10.5,5,low,white,82.845,0.06759611322348964,17.647058823529413,187.50000000000003
6.8,0.18,0.38,1.4,0.038,35.0,111.0,0.9918,3.32,0.59,11.2,7,medium,white,88.36800000000001,0.07695093246424044,31.53153153153153,164.70588235294116
7.0,0.16,0.32,8.3,0.045,38.0,126.0,0.9958,3.21,0.34,9.2,5,low,white,72.58800000000001,0.09643467239764147,30.158730158730158,131.42857142857142
6.7,0.13,0.29,5.3,0.051,31.0,122.0,0.9944,3.44,0.37,9.7,6,medium,white,76.533,0.08754393529588543,25.40983606557377,144.77611940298507
6.2,0.25,0.25,1.4,0.03,35.0,105.0,0.9912,3.3,0.44,11.1,7,medium,white,87.57900000000001,0.0707932266867628,33.33333333333333,179.03225806451613
5.8,0.26,0.24,9.2,0.044,55.0,152.0,0.9961,3.31,0.38,9.4,5,low,white,74.166,0.07820295013887765,36.18421052631579,162.0689655172414
7.5,0.27,0.36,7.0,0.036,45.0,164.0,0.9939,3.03,0.33,11.0,5,low,white,86.79,0.08641548565502938,27.439024390243905,146.66666666666666
5.8,0.26,0.24,9.2,0.044,55.0,152.0,0.9961,3.31,0.38,9.4,5,low,white,74.166,0.07820295013887765,36.18421052631579,162.0689655172414
5.7,0.28,0.24,17.5,0.044,60.0,167.0,0.9989,3.31,0.44,9.4,5,low,white,74.166,0.07685462341234528,35.92814371257485,164.91228070175438
7.5,0.23,0.36,7.0,0.036,43.0,161.0,0.9938,3.04,0.32,11.0,5,low,white,86.79,0.08641548565502938,26.70807453416149,146.66666666666666
7.5,0.27,0.36,7.0,0.036,45.0,164.0,0.9939,3.03,0.33,11.0,5,low,white,86.79,0.08641548565502938,27.439024390243905,146.66666666666666
7.2,0.685,0.21,9.5,0.07,33.0,172.0,0.9971,3.0,0.55,9.1,6,medium,white,71.799,0.10027994818869343,19.186046511627907,126.38888888888889
6.2,0.25,0.25,1.4,0.03,35.0,105.0,0.9912,3.3,0.44,11.1,7,medium,white,87.57900000000001,0.0707932266867628,33.33333333333333,179.03225806451613
6.5,0.19,0.3,0.8,0.043,33.0,144.0,0.9936,3.42,0.39,9.1,6,medium,white,71.799,0.09053050878145934,22.916666666666664,140.0
6.3,0.495,0.22,1.8,0.046,31.0,140.0,0.9929,3.39,0.54,10.4,6,medium,white,82.056,0.07677683533196841,22.142857142857142,165.0793650793651
7.1,0.24,0.41,17.8,0.046,39.0,145.0,0.9998,3.32,0.39,8.7,5,low,white,68.643,0.10343370773421907,26.89655172413793,122.53521126760563
6.4,0.17,0.32,2.4,0.048,41.0,200.0,0.9938,3.5,0.5,9.7,6,medium,white,76.533,0.08362405759606967,20.5,151.56249999999997
7.1,0.25,0.32,10.3,0.041,66.0,272.0,0.9969,3.17,0.52,9.1,6,medium,white,71.799,0.09888717113051712,24.264705882352942,128.16901408450704
6.4,0.17,0.32,2.4,0.048,41.0,200.0,0.9938,3.5,0.5,9.7,6,medium,white,76.533,0.08362405759606967,20.5,151.56249999999997
7.1,0.24,0.41,17.8,0.046,39.0,145.0,0.9998,3.32,0.39,8.7,5,low,white,68.643,0.10343370773421907,26.89655172413793,122.53521126760563
6.8,0.64,0.08,9.7,0.062,26.0,142.0,0.9972,3.37,0.46,8.9,4,low,white,70.221,0.09683712849432505,18.30985915492958,130.88235294117646
8.3,0.28,0.4,7.8,0.041,38.0,194.0,0.9976,3.34,0.51,9.6,6,medium,white,75.744,0.10957963667089143,19.587628865979383,115.66265060240963
8.2,0.27,0.39,7.8,0.039,49.0,208.0,0.9976,3.31,0.51,9.5,6,medium,white,74.955,0.1093989727169635,23.557692307692307,115.85365853658539
7.2,0.23,0.38,14.3,0.058,55.0,194.0,0.9979,3.09,0.44,9.0,6,medium,white,71.01,0.10139416983523447,28.350515463917525,125.0
7.2,0.23,0.38,14.3,0.058,55.0,194.0,0.9979,3.09,0.44,9.0,6,medium,white,71.01,0.10139416983523447,28.350515463917525,125.0
7.2,0.23,0.38,14.3,0.058,55.0,194.0,0.9979,3.09,0.44,9.0,6,medium,white,71.01,0.10139416983523447,28.350515463917525,125.0
7.2,0.23,0.38,14.3,0.058,55.0,194.0,0.9979,3.09,0.44,9.0,6,medium,white,71.01,0.10139416983523447,28.350515463917525,125.0
6.8,0.52,0.32,13.2,0.044,54.0,221.0,0.9972,3.27,0.5,9.6,6,medium,white,75.744,0.08977608787494719,24.43438914027149,141.1764705882353
7.0,0.26,0.59,1.4,0.037,40.0,120.0,0.9918,3.34,0.41,11.1,7,medium,white,87.57900000000001,0.07992783658182898,33.33333333333333,158.57142857142856
6.2,0.25,0.21,15.55,0.039,28.0,159.0,0.9982,3.48,0.64,9.6,6,medium,white,75.744,0.0818546683565695,17.61006289308176,154.83870967741936
7.3,0.32,0.23,13.7,0.05,49.0,197.0,0.9985,3.2,0.46,8.7,5,low,white,68.643,0.10634733330419707,24.873096446700508,119.17808219178082
7.7,0.31,0.26,7.8,0.031,23.0,90.0,0.9944,3.13,0.5,10.4,5,low,white,82.056,0.09383835429462807,25.555555555555554,135.06493506493507
7.1,0.21,0.37,2.4,0.026,23.0,100.0,0.9903,3.15,0.38,11.4,7,medium,white,89.946,0.07893625063927245,23.0,160.56338028169014
6.8,0.24,0.34,2.7,0.047,64.5,218.5,0.9934,3.3,0.58,9.7,6,medium,white,76.533,0.08885056119582402,29.51945080091533,142.64705882352942
6.9,0.4,0.56,11.2,0.043,40.0,142.0,0.9975,3.14,0.46,8.7,5,low,white,68.643,0.10052008216424108,28.169014084507044,126.08695652173911
6.1,0.18,0.36,2.0,0.038,20.0,249.5,0.9923,3.37,0.79,11.3,6,medium,white,89.15700000000001,0.06841863230032413,8.016032064128256,185.24590163934428
6.8,0.21,0.27,2.1,0.03,26.0,139.0,0.99,3.16,0.61,12.6,7,medium,white,99.414,0.06840082885710262,18.705035971223023,185.29411764705884
5.8,0.2,0.27,1.4,0.031,12.0,77.0,0.9905,3.25,0.36,10.9,7,medium,white,86.001,0.06744107626655503,15.584415584415584,187.93103448275863
5.6,0.19,0.26,1.4,0.03,12.0,76.0,0.9905,3.25,0.37,10.9,7,medium,white,86.001,0.06511552191253589,15.789473684210526,194.64285714285717
6.1,0.41,0.14,10.4,0.037,18.0,119.0,0.996,3.38,0.45,10.0,5,low,white,78.9,0.07731305449936628,15.126050420168067,163.9344262295082
5.9,0.21,0.28,4.6,0.053,40.0,199.0,0.9964,3.72,0.7,10.0,4,low,white,78.9,0.07477820025348543,20.100502512562816,169.4915254237288
8.5,0.26,0.21,16.2,0.074,41.0,197.0,0.998,3.02,0.5,9.8,3,low,white,77.322,0.1099299035203435,20.812182741116754,115.29411764705884
6.9,0.4,0.56,11.2,0.043,40.0,142.0,0.9975,3.14,0.46,8.7,5,low,white,68.643,0.10052008216424108,28.169014084507044,126.08695652173911
5.8,0.24,0.44,3.5,0.029,5.0,109.0,0.9913,3.53,0.43,11.7,3,low,white,92.313,0.06282972062439743,4.587155963302752,201.72413793103448
5.8,0.24,0.39,1.5,0.054,37.0,158.0,0.9932,3.21,0.52,9.3,6,medium,white,73.37700000000001,0.07904384207585483,23.417721518987342,160.34482758620692
6.7,0.26,0.39,1.1,0.04,45.0,147.0,0.9935,3.32,0.58,9.6,8,high,white,75.744,0.08845585128855091,30.612244897959183,143.28358208955223
6.3,0.35,0.3,5.7,0.035,8.0,97.0,0.9927,3.27,0.41,11.0,7,medium,white,86.79,0.07258900795022467,8.24742268041237,174.6031746031746
6.3,0.35,0.3,5.7,0.035,8.0,97.0,0.9927,3.27,0.41,11.0,7,medium,white,86.79,0.07258900795022467,8.24742268041237,174.6031746031746
6.4,0.23,0.39,1.8,0.032,23.0,118.0,0.9912,3.32,0.5,11.8,6,medium,white,93.102,0.06874181005778608,19.491525423728813,184.375
5.8,0.36,0.38,0.9,0.037,3.0,75.0,0.9904,3.28,0.34,11.4,4,low,white,89.946,0.06448313432503947,4.0,196.55172413793105
6.9,0.115,0.35,5.4,0.048,36.0,108.0,0.9939,3.32,0.42,10.2,6,medium,white,80.47800000000001,0.08573771714008797,33.33333333333333,147.82608695652172
6.9,0.29,0.4,19.45,0.043,36.0,156.0,0.9996,2.93,0.47,8.9,5,low,white,70.221,0.09826120391335925,23.076923076923077,128.9855072463768
6.9,0.28,0.4,8.2,0.036,15.0,95.0,0.9944,3.17,0.33,10.2,5,low,white,80.47800000000001,0.08573771714008797,15.789473684210526,147.82608695652172
7.2,0.29,0.4,13.6,0.045,66.0,231.0,0.9977,3.08,0.59,9.6,6,medium,white,75.744,0.09505703422053233,28.57142857142857,133.33333333333331
6.2,0.24,0.35,1.2,0.038,22.0,167.0,0.9912,3.1,0.48,10.6,6,medium,white,83.634,0.07413252983236483,13.17365269461078,170.96774193548384
6.9,0.29,0.4,19.45,0.043,36.0,156.0,0.9996,2.93,0.47,8.9,5,low,white,70.221,0.09826120391335925,23.076923076923077,128.9855072463768
6.9,0.32,0.26,8.3,0.053,32.0,180.0,0.9965,3.25,0.51,9.2,6,medium,white,72.58800000000001,0.09505703422053231,17.77777777777778,133.33333333333331
5.3,0.58,0.07,6.9,0.043,34.0,149.0,0.9944,3.34,0.57,9.7,5,low,white,76.533,0.06925117269674519,22.818791946308725,183.0188679245283
5.3,0.585,0.07,7.1,0.044,34.0,145.0,0.9945,3.34,0.57,9.7,6,medium,white,76.533,0.06925117269674519,23.448275862068964,183.0188679245283
5.4,0.59,0.07,7.0,0.045,36.0,147.0,0.9944,3.34,0.57,9.7,6,medium,white,76.533,0.07055779859668379,24.489795918367346,179.62962962962962
6.9,0.32,0.26,8.3,0.053,32.0,180.0,0.9965,3.25,0.51,9.2,6,medium,white,72.58800000000001,0.09505703422053231,17.77777777777778,133.33333333333331
5.2,0.6,0.07,7.0,0.044,33.0,147.0,0.9944,3.33,0.58,9.7,5,low,white,76.533,0.0679445467968066,22.448979591836736,186.53846153846152
5.8,0.25,0.26,13.1,0.051,44.0,148.0,0.9972,3.29,0.38,9.3,5,low,white,73.37700000000001,0.07904384207585483,29.72972972972973,160.34482758620692
6.6,0.58,0.3,5.1,0.057,30.0,123.0,0.9949,3.24,0.38,9.0,5,low,white,71.01,0.09294465568229826,24.390243902439025,136.36363636363637
7.0,0.29,0.54,10.7,0.046,59.0,234.0,0.9966,3.05,0.61,9.5,5,low,white,74.955,0.09338936695350544,25.213675213675213,135.71428571428572
6.6,0.19,0.41,8.9,0.046,51.0,169.0,0.9954,3.14,0.57,9.8,6,medium,white,77.322,0.08535733685109023,30.17751479289941,148.4848484848485
6.7,0.2,0.41,9.1,0.044,50.0,166.0,0.9954,3.14,0.58,9.8,6,medium,white,77.322,0.08665062983368252,30.120481927710845,146.26865671641792
7.7,0.26,0.4,1.1,0.042,9.0,60.0,0.9915,2.89,0.5,10.6,5,low,white,83.634,0.09206781930793696,15.0,137.66233766233768
6.8,0.32,0.34,1.2,0.044,14.0,67.0,0.9919,3.05,0.47,10.6,4,low,white,83.634,0.08130664562259368,20.8955223880597,155.88235294117646
7.0,0.3,0.49,4.7,0.036,17.0,105.0,0.9916,3.26,0.68,12.4,7,medium,white,97.836,0.07154830532728239,16.19047619047619,177.14285714285717
7.0,0.24,0.36,2.8,0.034,22.0,112.0,0.99,3.19,0.38,12.6,8,high,white,99.414,0.07041261794113506,19.642857142857142,180.0
6.1,0.31,0.58,5.0,0.039,36.0,114.0,0.9909,3.3,0.6,12.3,8,high,white,97.04700000000001,0.06285614186940347,31.57894736842105,201.6393442622951
6.8,0.44,0.37,5.1,0.047,46.0,201.0,0.9938,3.08,0.65,10.5,4,low,white,82.845,0.08208099462852314,22.885572139303484,154.41176470588235
6.7,0.34,0.3,15.6,0.054,51.0,196.0,0.9982,3.19,0.49,9.3,5,low,white,73.37700000000001,0.09130926584624609,26.02040816326531,138.80597014925374
7.1,0.35,0.24,15.4,0.055,46.0,198.0,0.9988,3.12,0.49,8.8,5,low,white,69.432,0.10225832469178477,23.232323232323232,123.943661971831
7.3,0.32,0.25,7.2,0.056,47.0,180.0,0.9961,3.08,0.47,8.8,5,low,white,69.432,0.10513884088028574,26.111111111111114,120.54794520547946
6.5,0.28,0.33,15.7,0.053,51.0,190.0,0.9978,3.22,0.51,9.7,6,medium,white,76.533,0.08493068349600826,26.842105263157894,149.2307692307692
7.2,0.23,0.39,14.2,0.058,49.0,192.0,0.9979,2.98,0.48,9.0,7,medium,white,71.01,0.10139416983523447,25.520833333333332,125.0
7.2,0.23,0.39,14.2,0.058,49.0,192.0,0.9979,2.98,0.48,9.0,7,medium,white,71.01,0.10139416983523447,25.520833333333332,125.0
7.2,0.23,0.39,14.2,0.058,49.0,192.0,0.9979,2.98,0.48,9.0,7,medium,white,71.01,0.10139416983523447,25.520833333333332,125.0
7.2,0.23,0.39,14.2,0.058,49.0,192.0,0.9979,2.98,0.48,9.0,7,medium,white,71.01,0.10139416983523447,25.520833333333332,125.0
5.9,0.15,0.31,5.8,0.041,53.0,155.0,0.9945,3.52,0.46,10.5,6,medium,white,82.845,0.07121733357474803,34.193548387096776,177.96610169491524
7.4,0.28,0.42,19.8,0.066,53.0,195.0,1.0,2.96,0.44,9.1,5,low,white,71.799,0.10306550230504603,27.17948717948718,122.97297297297295
6.2,0.28,0.22,7.3,0.041,26.0,157.0,0.9957,3.44,0.64,9.8,7,medium,white,77.322,0.08018416492072114,16.560509554140125,158.06451612903228
9.1,0.59,0.38,1.6,0.066,34.0,182.0,0.9968,3.23,0.38,8.5,3,low,white,67.065,0.13568925669126966,18.681318681318682,93.4065934065934
6.3,0.33,0.27,1.2,0.046,34.0,175.0,0.9934,3.37,0.54,9.4,6,medium,white,74.166,0.08494458377153952,19.428571428571427,149.20634920634922
8.3,0.39,0.7,10.6,0.045,33.0,169.0,0.9976,3.09,0.57,9.4,5,low,white,74.166,0.111911118302187,19.526627218934912,113.25301204819276
7.2,0.19,0.46,3.8,0.041,82.0,187.0,0.9932,3.19,0.6,11.2,7,medium,white,88.36800000000001,0.08147745790331341,43.85026737967914,155.55555555555554
7.5,0.17,0.44,11.3,0.046,65.0,146.0,0.997,3.17,0.45,10.0,6,medium,white,78.9,0.09505703422053231,44.52054794520548,133.33333333333331
6.7,0.17,0.5,2.1,0.043,27.0,122.0,0.9923,3.15,0.45,10.3,6,medium,white,81.26700000000001,0.08244428857962026,22.131147540983605,153.73134328358208
6.1,0.41,0.0,1.6,0.063,36.0,87.0,0.9914,3.27,0.67,10.8,6,medium,white,85.212,0.0715861615734873,41.37931034482759,177.04918032786887
8.3,0.2,0.35,0.9,0.05,12.0,74.0,0.992,3.13,0.38,10.5,6,medium,white,82.845,0.10018709638481503,16.216216216216218,126.50602409638554
6.1,0.41,0.0,1.6,0.063,36.0,87.0,0.9914,3.27,0.67,10.8,6,medium,white,85.212,0.0715861615734873,41.37931034482759,177.04918032786887
6.0,0.29,0.21,1.3,0.055,42.0,168.0,0.9914,3.32,0.43,11.1,6,medium,white,87.57900000000001,0.06850957421299626,25.0,185.0
7.3,0.41,0.24,6.8,0.057,41.0,163.0,0.9949,3.2,0.41,9.9,6,medium,white,78.111,0.09345674744914288,25.153374233128833,135.6164383561644
7.3,0.41,0.24,6.8,0.057,41.0,163.0,0.9949,3.2,0.41,9.9,6,medium,white,78.111,0.09345674744914288,25.153374233128833,135.6164383561644
7.2,0.43,0.24,6.7,0.058,40.0,163.0,0.995,3.2,0.41,9.9,5,low,white,78.111,0.09217651803203133,24.539877300613497,137.5
7.3,0.4,0.24,6.7,0.058,41.0,166.0,0.995,3.2,0.41,9.9,6,medium,white,78.111,0.09345674744914288,24.69879518072289,135.6164383561644
6.2,0.33,0.27,4.9,0.036,30.0,134.0,0.9927,3.2,0.42,10.4,7,medium,white,82.056,0.07555815540606416,22.388059701492537,167.74193548387098
6.2,0.31,0.26,4.8,0.037,36.0,148.0,0.9928,3.21,0.41,10.4,6,medium,white,82.056,0.07555815540606416,24.324324324324326,167.74193548387098
6.1,0.36,0.27,2.1,0.035,16.0,100.0,0.9917,3.4,0.71,11.5,7,medium,white,90.735,0.0672287430429272,16.0,188.52459016393445
5.0,0.55,0.14,8.3,0.032,35.0,164.0,0.9918,3.53,0.51,12.5,8,high,white,98.625,0.050697084917617236,21.341463414634145,250.0
7.8,0.25,0.41,3.7,0.042,37.0,149.0,0.9954,3.36,0.45,10.0,6,medium,white,78.9,0.0988593155893536,24.832214765100673,128.2051282051282
5.7,0.36,0.21,6.7,0.038,51.0,166.0,0.9941,3.29,0.63,10.0,6,medium,white,78.9,0.07224334600760456,30.72289156626506,175.43859649122805
5.8,0.34,0.21,6.6,0.04,50.0,167.0,0.9941,3.29,0.62,10.0,5,low,white,78.9,0.07351077313054499,29.94011976047904,172.41379310344828
6.8,0.28,0.6,1.1,0.132,42.0,127.0,0.9934,3.09,0.44,9.1,6,medium,white,71.799,0.09470883995598824,33.07086614173229,133.8235294117647
6.8,0.25,0.34,4.7,0.031,34.0,134.0,0.9927,3.21,0.38,10.6,6,medium,white,83.634,0.08130664562259368,25.37313432835821,155.88235294117646
6.6,0.24,0.35,7.7,0.031,36.0,135.0,0.9938,3.19,0.37,10.5,5,low,white,82.845,0.07966684772768423,26.666666666666668,159.0909090909091
5.9,0.3,0.47,7.85,0.03,19.0,133.0,0.9933,3.52,0.43,11.5,7,medium,white,90.735,0.06502452195955255,14.285714285714285,194.91525423728814
6.1,0.125,0.25,3.3,0.04,10.0,69.0,0.9934,3.54,0.59,10.1,6,medium,white,79.68900000000001,0.07654757871224384,14.492753623188406,165.5737704918033
6.0,0.1,0.24,1.1,0.041,15.0,65.0,0.9927,3.61,0.61,10.3,7,medium,white,81.26700000000001,0.0738307061907047,23.076923076923077,171.66666666666669
6.6,0.24,0.35,7.7,0.031,36.0,135.0,0.9938,3.19,0.37,10.5,5,low,white,82.845,0.07966684772768423,26.666666666666668,159.0909090909091
6.8,0.25,0.34,4.7,0.031,34.0,134.0,0.9927,3.21,0.38,10.6,6,medium,white,83.634,0.08130664562259368,25.37313432835821,155.88235294117646
6.8,0.28,0.44,9.3,0.031,35.0,137.0,0.9946,3.16,0.36,10.4,6,medium,white,82.056,0.08287023496148971,25.547445255474454,152.94117647058826
8.3,0.41,0.51,2.0,0.046,11.0,207.0,0.993,3.02,0.55,11.4,5,low,white,89.946,0.09227758877548753,5.314009661835748,137.34939759036143
7.5,0.27,0.31,5.8,0.057,131.0,313.0,0.9946,3.18,0.59,10.5,5,low,white,82.845,0.09053050878145935,41.853035143769965,140.0
7.9,0.26,0.41,15.15,0.04,38.0,216.0,0.9976,2.96,0.6,10.0,6,medium,white,78.9,0.10012674271229403,17.59259259259259,126.58227848101265
6.4,0.34,0.23,6.3,0.039,37.0,143.0,0.9944,3.19,0.65,10.0,6,medium,white,78.9,0.08111533586818757,25.874125874125873,156.25
6.5,0.28,0.35,15.4,0.042,55.0,195.0,0.9978,3.23,0.5,9.6,6,medium,white,75.744,0.08581537811575835,28.205128205128204,147.69230769230768
7.2,0.21,0.41,1.3,0.036,33.0,85.0,0.992,3.17,0.51,10.4,5,low,white,82.056,0.08774495466510676,38.82352941176471,144.44444444444443
6.4,0.32,0.35,4.8,0.03,34.0,101.0,0.9912,3.36,0.6,12.5,8,high,white,98.625,0.06489226869455007,33.663366336633665,195.3125
6.8,0.24,0.34,4.6,0.032,37.0,135.0,0.9927,3.2,0.39,10.6,5,low,white,83.634,0.08130664562259368,27.40740740740741,155.88235294117646
6.3,0.23,0.3,1.8,0.033,16.0,91.0,0.9906,3.28,0.4,11.8,6,medium,white,93.102,0.06766771927563317,17.582417582417584,187.30158730158732
6.5,0.28,0.34,9.9,0.038,30.0,133.0,0.9954,3.11,0.44,9.8,5,low,white,77.322,0.08406404386849797,22.55639097744361,150.7692307692308
5.6,0.26,0.26,5.7,0.031,12.0,80.0,0.9923,3.25,0.38,10.8,5,low,white,85.212,0.06571844341172604,15.0,192.8571428571429
6.3,0.23,0.3,1.8,0.033,16.0,91.0,0.9906,3.28,0.4,11.8,6,medium,white,93.102,0.06766771927563317,17.582417582417584,187.30158730158732
6.3,0.23,0.33,1.5,0.036,15.0,105.0,0.991,3.32,0.42,11.2,6,medium,white,88.36800000000001,0.07129277566539922,14.285714285714285,177.77777777777777
5.8,0.27,0.27,12.3,0.045,55.0,170.0,0.9972,3.28,0.42,9.3,6,medium,white,73.37700000000001,0.07904384207585483,32.35294117647059,160.34482758620692
5.9,0.26,0.4,1.3,0.047,12.0,139.0,0.9945,3.45,0.53,10.4,5,low,white,82.056,0.07190211562835137,8.633093525179856,176.27118644067795
6.6,0.18,0.35,1.5,0.049,49.0,141.0,0.9934,3.43,0.85,10.2,7,medium,white,80.47800000000001,0.08200999030791023,34.751773049645394,154.54545454545453
7.4,0.2,0.43,7.8,0.045,27.0,153.0,0.9964,3.19,0.55,9.0,7,medium,white,71.01,0.10421067455287987,17.647058823529413,121.62162162162163
8.0,0.24,0.36,1.5,0.047,17.0,129.0,0.9948,3.2,0.54,10.0,6,medium,white,78.9,0.10139416983523447,13.178294573643413,125.0
6.4,0.26,0.42,9.7,0.044,30.0,140.0,0.9962,3.18,0.47,9.1,6,medium,white,71.799,0.08913773172328306,21.428571428571427,142.18749999999997
5.4,0.31,0.47,3.0,0.053,46.0,144.0,0.9931,3.29,0.76,10.0,5,low,white,78.9,0.06844106463878327,31.944444444444443,185.18518518518516
5.4,0.29,0.47,3.0,0.052,47.0,145.0,0.993,3.29,0.75,10.0,6,medium,white,78.9,0.06844106463878327,32.41379310344827,185.18518518518516
7.1,0.145,0.33,4.6,0.05,33.0,131.0,0.9942,3.28,0.4,9.6,6,medium,white,75.744,0.09373679763413603,25.190839694656486,135.2112676056338
5.6,0.34,0.1,1.3,0.031,20.0,68.0,0.9906,3.36,0.51,11.2,7,medium,white,88.36800000000001,0.06337135614702154,29.411764705882355,200.0
6.7,0.19,0.41,15.6,0.056,75.0,155.0,0.9995,3.2,0.44,8.8,6,medium,white,69.432,0.09649729231478281,48.38709677419355,131.34328358208955
7.8,0.18,0.46,13.6,0.052,38.0,118.0,0.998,3.15,0.5,10.0,6,medium,white,78.9,0.0988593155893536,32.20338983050847,128.2051282051282
7.6,0.17,0.45,11.2,0.054,56.0,137.0,0.997,3.15,0.47,10.0,5,low,white,78.9,0.09632446134347274,40.87591240875913,131.57894736842107
6.3,0.12,0.36,2.1,0.044,47.0,146.0,0.9914,3.27,0.74,11.4,7,medium,white,89.946,0.07004202521512908,32.19178082191781,180.95238095238096
7.3,0.33,0.4,6.85,0.038,32.0,138.0,0.992,3.03,0.3,11.9,7,medium,white,93.891,0.07774973107113567,23.18840579710145,163.013698630137
5.5,0.335,0.3,2.5,0.071,27.0,128.0,0.9924,3.14,0.51,9.6,6,medium,white,75.744,0.07261301225179552,21.09375,174.54545454545453
7.3,0.33,0.4,6.85,0.038,32.0,138.0,0.992,3.03,0.3,11.9,7,medium,white,93.891,0.07774973107113567,23.18840579710145,163.013698630137
5.8,0.4,0.42,4.4,0.047,38.5,245.0,0.9937,3.25,0.57,9.6,6,medium,white,75.744,0.07657372201098436,15.714285714285714,165.51724137931035
7.3,0.22,0.37,14.3,0.063,48.0,191.0,0.9978,2.89,0.38,9.0,6,medium,white,71.01,0.10280242219405716,25.13089005235602,123.28767123287672
7.3,0.22,0.37,14.3,0.063,48.0,191.0,0.9978,2.89,0.38,9.0,6,medium,white,71.01,0.10280242219405716,25.13089005235602,123.28767123287672
6.1,0.36,0.33,1.1,0.05,24.0,169.0,0.9927,3.15,0.78,9.5,6,medium,white,74.955,0.08138216263091187,14.201183431952662,155.73770491803282
10.0,0.2,0.39,1.4,0.05,19.0,152.0,0.994,3.0,0.42,10.4,6,medium,white,82.056,0.12186799259042605,12.5,104.0
6.9,0.24,0.34,4.7,0.04,43.0,161.0,0.9935,3.2,0.59,10.6,6,medium,white,83.634,0.08250233158763183,26.70807453416149,153.6231884057971
6.4,0.24,0.32,14.9,0.047,54.0,162.0,0.9968,3.28,0.5,10.2,6,medium,white,80.47800000000001,0.07952483908645841,33.33333333333333,159.37499999999997
7.1,0.365,0.14,1.2,0.055,24.0,84.0,0.9941,3.15,0.43,8.9,5,low,white,70.221,0.10110935475142763,28.57142857142857,125.35211267605635
6.8,0.15,0.3,5.3,0.05,40.0,127.0,0.9942,3.4,0.39,9.7,6,medium,white,76.533,0.08885056119582402,31.496062992125985,142.64705882352942
7.3,0.22,0.37,14.3,0.063,48.0,191.0,0.9978,2.89,0.38,9.0,6,medium,white,71.01,0.10280242219405716,25.13089005235602,123.28767123287672
6.8,0.16,0.4,2.3,0.037,18.0,102.0,0.9923,3.49,0.42,11.4,7,medium,white,89.946,0.07560091610521869,17.647058823529413,167.64705882352942
6.0,0.26,0.32,3.5,0.028,29.0,113.0,0.9912,3.4,0.71,12.3,7,medium,white,97.04700000000001,0.061825713314167356,25.663716814159294,205.00000000000003
6.0,0.18,0.27,1.5,0.089,40.0,143.0,0.9923,3.49,0.62,10.8,6,medium,white,85.212,0.07041261794113506,27.972027972027973,180.0
6.9,0.33,0.21,1.0,0.053,39.0,148.0,0.9927,3.12,0.45,9.4,6,medium,white,74.166,0.09303454413073377,26.351351351351347,136.23188405797103
7.7,0.29,0.48,2.3,0.049,36.0,178.0,0.9931,3.17,0.64,10.6,6,medium,white,83.634,0.09206781930793696,20.224719101123593,137.66233766233768
7.1,0.39,0.35,12.5,0.044,26.0,72.0,0.9941,3.17,0.29,11.6,5,low,white,91.524,0.0775752808006643,36.11111111111111,163.38028169014086
6.9,0.33,0.21,1.0,0.053,39.0,148.0,0.9927,3.12,0.45,9.4,6,medium,white,74.166,0.09303454413073377,26.351351351351347,136.23188405797103
7.7,0.29,0.48,2.3,0.049,36.0,178.0,0.9931,3.17,0.64,10.6,6,medium,white,83.634,0.09206781930793696,20.224719101123593,137.66233766233768
6.6,0.905,0.19,0.8,0.048,17.0,204.0,0.9934,3.34,0.56,10.0,5,low,white,78.9,0.08365019011406843,8.333333333333332,151.5151515151515
7.2,0.27,0.27,2.4,0.048,30.0,149.0,0.9936,3.1,0.51,9.2,6,medium,white,72.58800000000001,0.0991899487518598,20.13422818791946,127.77777777777777
5.1,0.33,0.22,1.6,0.027,18.0,89.0,0.9893,3.51,0.38,12.5,7,medium,white,98.625,0.05171102661596958,20.224719101123593,245.0980392156863
5.1,0.33,0.22,1.6,0.027,18.0,89.0,0.9893,3.51,0.38,12.5,7,medium,white,98.625,0.05171102661596958,20.224719101123593,245.0980392156863
6.4,0.31,0.28,1.5,0.037,12.0,119.0,0.9919,3.32,0.51,10.4,7,medium,white,82.056,0.07799551525787268,10.084033613445378,162.5
7.3,0.2,0.44,1.4,0.045,21.0,98.0,0.9924,3.15,0.46,10.0,7,medium,white,78.9,0.09252217997465145,21.428571428571427,136.986301369863
5.7,0.32,0.5,2.6,0.049,17.0,155.0,0.9927,3.22,0.64,10.0,6,medium,white,78.9,0.07224334600760456,10.967741935483872,175.43859649122805
6.4,0.31,0.28,1.5,0.037,12.0,119.0,0.9919,3.32,0.51,10.4,7,medium,white,82.056,0.07799551525787268,10.084033613445378,162.5
7.3,0.2,0.44,1.4,0.045,21.0,98.0,0.9924,3.15,0.46,10.0,7,medium,white,78.9,0.09252217997465145,21.428571428571427,136.986301369863
7.2,0.28,0.26,12.5,0.046,48.0,179.0,0.9975,3.1,0.52,9.0,6,medium,white,71.01,0.10139416983523447,26.81564245810056,125.0
7.5,0.35,0.28,9.6,0.051,26.0,157.0,0.9969,3.12,0.53,9.2,6,medium,white,72.58800000000001,0.1033228632831873,16.560509554140125,122.66666666666666
7.2,0.27,0.27,2.4,0.048,30.0,149.0,0.9936,3.1,0.51,9.2,6,medium,white,72.58800000000001,0.0991899487518598,20.13422818791946,127.77777777777777
6.0,0.36,0.39,3.2,0.027,20.0,125.0,0.991,3.38,0.39,11.3,7,medium,white,89.15700000000001,0.067297015377368,16.0,188.33333333333334
5.1,0.33,0.22,1.6,0.027,18.0,89.0,0.9893,3.51,0.38,12.5,7,medium,white,98.625,0.05171102661596958,20.224719101123593,245.0980392156863
5.0,0.17,0.56,1.5,0.026,24.0,115.0,0.9906,3.48,0.39,10.8,7,medium,white,85.212,0.05867718161761254,20.869565217391305,216.0
6.3,0.39,0.35,5.9,0.04,82.5,260.0,0.9941,3.12,0.66,10.1,5,low,white,79.68900000000001,0.0790573353913338,31.73076923076923,160.31746031746033
6.7,0.21,0.32,5.4,0.047,29.0,140.0,0.995,3.39,0.46,9.7,6,medium,white,76.533,0.08754393529588543,20.714285714285715,144.77611940298507
7.0,0.3,0.38,14.9,0.032,60.0,181.0,0.9983,3.18,0.61,9.3,7,medium,white,73.37700000000001,0.09539774043637651,33.14917127071823,132.85714285714286
7.0,0.3,0.38,14.9,0.032,60.0,181.0,0.9983,3.18,0.61,9.3,7,medium,white,73.37700000000001,0.09539774043637651,33.14917127071823,132.85714285714286
6.5,0.36,0.32,1.1,0.031,13.0,66.0,0.9916,3.1,0.46,10.6,5,low,white,83.634,0.07771958772747925,19.696969696969695,163.07692307692307
6.1,0.55,0.15,9.8,0.031,19.0,125.0,0.9957,3.36,0.47,10.2,6,medium,white,80.47800000000001,0.07579711225428067,15.2,167.21311475409837
7.3,0.24,0.43,2.0,0.021,20.0,69.0,0.99,3.08,0.56,12.2,6,medium,white,96.25800000000001,0.07583785243823889,28.985507246376812,167.12328767123287
6.8,0.37,0.51,11.8,0.044,62.0,163.0,0.9976,3.19,0.44,8.8,5,low,white,69.432,0.09793755040903329,38.036809815950924,129.41176470588235
6.8,0.27,0.12,1.3,0.04,87.0,168.0,0.992,3.18,0.41,10.0,5,low,white,78.9,0.0861850443599493,51.78571428571429,147.05882352941177
8.2,0.28,0.42,1.8,0.031,30.0,93.0,0.9917,3.09,0.39,11.4,5,low,white,89.946,0.09116581059746959,32.25806451612903,139.02439024390245
6.3,0.2,0.4,1.5,0.037,35.0,107.0,0.9917,3.46,0.5,11.4,6,medium,white,89.946,0.07004202521512908,32.71028037383177,180.95238095238096
5.9,0.26,0.27,18.2,0.048,52.0,168.0,0.9993,3.35,0.44,9.4,5,low,white,74.166,0.07955127686541004,30.952380952380953,159.32203389830508
6.4,0.19,0.42,2.9,0.032,32.0,83.0,0.9908,3.3,0.41,11.7,6,medium,white,92.313,0.06932934689588682,38.55421686746988,182.81249999999997
6.3,0.2,0.4,1.5,0.037,35.0,107.0,0.9917,3.46,0.5,11.4,6,medium,white,89.946,0.07004202521512908,32.71028037383177,180.95238095238096
6.8,0.37,0.51,11.8,0.044,62.0,163.0,0.9976,3.19,0.44,8.8,5,low,white,69.432,0.09793755040903329,38.036809815950924,129.41176470588235
6.1,0.35,0.07,1.4,0.069,22.0,108.0,0.9934,3.23,0.52,9.2,5,low,white,72.58800000000001,0.084035928803659,20.37037037037037,150.81967213114754
7.1,0.27,0.31,18.2,0.046,55.0,252.0,1.0,3.07,0.56,8.7,5,low,white,68.643,0.10343370773421907,21.825396825396826,122.53521126760563
6.8,0.22,0.31,6.3,0.035,33.0,170.0,0.9918,3.24,0.66,12.6,6,medium,white,99.414,0.06840082885710262,19.411764705882355,185.29411764705884
6.8,0.27,0.12,1.3,0.04,87.0,168.0,0.992,3.18,0.41,10.0,5,low,white,78.9,0.0861850443599493,51.78571428571429,147.05882352941177
5.8,0.28,0.34,4.0,0.031,40.0,99.0,0.9896,3.39,0.39,12.8,7,medium,white,100.992,0.05743029150823827,40.4040404040404,220.68965517241378
6.9,0.49,0.24,1.2,0.049,13.0,125.0,0.9932,3.17,0.51,9.4,5,low,white,74.166,0.09303454413073377,10.4,136.23188405797103
6.3,0.14,0.39,1.2,0.044,26.0,116.0,0.992,3.26,0.53,10.3,6,medium,white,81.26700000000001,0.07752224150023994,22.413793103448278,163.49206349206352
8.2,0.28,0.42,1.8,0.031,30.0,93.0,0.9917,3.09,0.39,11.4,5,low,white,89.946,0.09116581059746959,32.25806451612903,139.02439024390245
7.2,0.25,0.39,18.95,0.038,42.0,155.0,0.9999,2.97,0.47,9.0,6,medium,white,71.01,0.10139416983523447,27.09677419354839,125.0
7.3,0.28,0.36,12.7,0.04,38.0,140.0,0.998,3.3,0.79,9.6,6,medium,white,75.744,0.0963772708069286,27.142857142857142,131.50684931506848
7.2,0.19,0.39,1.2,0.036,32.0,85.0,0.9918,3.16,0.5,10.5,5,low,white,82.845,0.08690928843020099,37.64705882352941,145.83333333333331
7.2,0.19,0.39,1.2,0.036,32.0,85.0,0.9918,3.16,0.5,10.5,5,low,white,82.845,0.08690928843020099,37.64705882352941,145.83333333333331
7.2,0.25,0.39,18.95,0.038,42.0,155.0,0.9999,2.97,0.47,9.0,6,medium,white,71.01,0.10139416983523447,27.09677419354839,125.0
7.3,0.28,0.36,12.7,0.04,38.0,140.0,0.998,3.3,0.79,9.6,6,medium,white,75.744,0.0963772708069286,27.142857142857142,131.50684931506848
7.4,0.21,0.27,1.2,0.041,27.0,99.0,0.9927,3.19,0.33,9.8,6,medium,white,77.322,0.09570368071182846,27.27272727272727,132.43243243243242
6.8,0.26,0.22,7.7,0.047,57.0,210.0,0.9959,3.1,0.47,9.0,5,low,white,71.01,0.09576116039994366,27.142857142857142,132.35294117647058
7.4,0.21,0.27,1.2,0.041,27.0,99.0,0.9927,3.19,0.33,9.8,6,medium,white,77.322,0.09570368071182846,27.27272727272727,132.43243243243242
7.4,0.31,0.28,1.6,0.05,33.0,137.0,0.9929,3.31,0.56,10.5,6,medium,white,82.845,0.0893234353310399,24.087591240875913,141.89189189189187
7.0,0.22,0.31,2.7,0.03,41.0,136.0,0.9898,3.16,0.37,12.7,7,medium,white,100.203,0.06985818787860643,30.14705882352941,181.42857142857142
7.0,0.21,0.28,8.7,0.045,37.0,222.0,0.9954,3.25,0.54,10.4,6,medium,white,82.056,0.08530759481329823,16.666666666666664,148.57142857142858
7.0,0.21,0.28,8.6,0.045,37.0,221.0,0.9954,3.25,0.54,10.4,6,medium,white,82.056,0.08530759481329823,16.7420814479638,148.57142857142858
7.0,0.21,0.28,8.6,0.045,37.0,221.0,0.9954,3.25,0.54,10.4,6,medium,white,82.056,0.08530759481329823,16.7420814479638,148.57142857142858
6.9,0.23,0.38,8.3,0.047,47.0,162.0,0.9954,3.34,0.52,10.5,7,medium,white,82.845,0.08328806807894261,29.01234567901235,152.17391304347825
7.0,0.21,0.28,8.7,0.045,37.0,222.0,0.9954,3.25,0.54,10.4,6,medium,white,82.056,0.08530759481329823,16.666666666666664,148.57142857142858
7.0,0.21,0.28,8.6,0.045,37.0,221.0,0.9954,3.25,0.54,10.4,6,medium,white,82.056,0.08530759481329823,16.7420814479638,148.57142857142858
6.8,0.29,0.5,13.3,0.053,48.0,194.0,0.9974,3.09,0.45,9.4,5,low,white,74.166,0.09168621740420138,24.742268041237114,138.23529411764707
7.8,0.21,0.27,1.2,0.051,20.0,89.0,0.9936,3.06,0.46,9.1,5,low,white,71.799,0.10863661053775121,22.47191011235955,116.66666666666667
7.1,0.31,0.47,13.6,0.056,54.0,197.0,0.9978,3.1,0.49,9.3,5,low,white,73.37700000000001,0.09676056529975331,27.411167512690355,130.98591549295776
6.8,0.29,0.5,13.3,0.053,48.0,194.0,0.9974,3.09,0.45,9.4,5,low,white,74.166,0.09168621740420138,24.742268041237114,138.23529411764707
6.4,0.34,0.1,1.1,0.048,19.0,84.0,0.9927,3.21,0.38,9.8,5,low,white,77.322,0.0827707508859057,22.61904761904762,153.125
7.4,0.155,0.34,2.3,0.045,73.5,214.0,0.9934,3.18,0.61,9.9,7,medium,white,78.111,0.09473697686625443,34.345794392523366,133.78378378378378
7.2,0.55,0.09,1.5,0.108,16.0,151.0,0.9938,3.07,0.57,9.2,4,low,white,72.58800000000001,0.0991899487518598,10.596026490066226,127.77777777777777
7.0,0.23,0.36,7.1,0.028,31.0,104.0,0.9922,3.35,0.47,12.1,8,high,white,95.46900000000001,0.0733222302527522,29.807692307692307,172.85714285714283
6.9,0.2,0.37,6.2,0.027,24.0,97.0,0.992,3.38,0.49,12.2,7,medium,white,96.25800000000001,0.07168235367449978,24.742268041237114,176.81159420289853
6.1,0.28,0.32,2.5,0.042,23.0,218.5,0.9935,3.27,0.6,9.8,5,low,white,77.322,0.07889087193812885,10.526315789473683,160.65573770491807
6.6,0.16,0.32,1.4,0.035,49.0,186.0,0.9906,3.35,0.64,12.4,8,high,white,97.836,0.06745983073715196,26.344086021505376,187.87878787878788
7.4,0.155,0.34,2.3,0.045,73.5,214.0,0.9934,3.18,0.61,9.9,7,medium,white,78.111,0.09473697686625443,34.345794392523366,133.78378378378378
6.2,0.35,0.04,1.2,0.06,23.0,108.0,0.9934,3.26,0.54,9.2,5,low,white,72.58800000000001,0.08541356698076816,21.296296296296298,148.38709677419354
6.7,0.22,0.37,1.6,0.028,24.0,102.0,0.9913,3.29,0.59,11.6,7,medium,white,91.524,0.0732048424456973,23.52941176470588,173.13432835820893
6.1,0.38,0.2,6.6,0.033,25.0,137.0,0.9938,3.3,0.69,10.4,6,medium,white,82.056,0.07433947548015989,18.248175182481752,170.49180327868854
6.0,0.25,0.28,2.2,0.026,54.0,126.0,0.9898,3.43,0.65,12.9,8,high,white,101.781,0.05895009874141539,42.857142857142854,215.0
6.6,0.52,0.44,12.2,0.048,54.0,245.0,0.9975,3.26,0.54,9.3,6,medium,white,73.37700000000001,0.08994644098286927,22.040816326530614,140.9090909090909
6.9,0.24,0.36,20.8,0.031,40.0,139.0,0.9975,3.2,0.33,11.0,6,medium,white,86.79,0.07950224680262703,28.776978417266186,159.42028985507247
7.1,0.32,0.32,11.0,0.038,16.0,66.0,0.9937,3.24,0.4,11.5,3,low,white,90.735,0.07824984845980051,24.242424242424242,161.9718309859155
5.8,0.28,0.27,2.6,0.054,30.0,156.0,0.9914,3.53,0.42,12.4,5,low,white,97.836,0.059282881556891126,19.230769230769234,213.7931034482759
6.5,0.41,0.24,14.0,0.048,24.0,113.0,0.9982,3.44,0.53,9.8,6,medium,white,77.322,0.08406404386849797,21.238938053097346,150.7692307692308
6.5,0.41,0.24,14.0,0.048,24.0,113.0,0.9982,3.44,0.53,9.8,6,medium,white,77.322,0.08406404386849797,21.238938053097346,150.7692307692308
6.4,0.28,0.29,1.6,0.052,34.0,127.0,0.9929,3.48,0.56,10.5,7,medium,white,82.845,0.07725270082684532,26.77165354330709,164.0625
7.2,0.6,0.2,9.9,0.07,21.0,174.0,0.9971,3.03,0.54,9.1,5,low,white,71.799,0.10027994818869343,12.068965517241379,126.38888888888889
6.1,0.2,0.25,1.2,0.038,34.0,128.0,0.9921,3.24,0.44,10.1,5,low,white,79.68900000000001,0.07654757871224384,26.5625,165.5737704918033
5.9,0.46,0.14,2.7,0.042,27.0,160.0,0.9931,3.46,0.51,10.6,7,medium,white,83.634,0.0705454719372504,16.875,179.66101694915253
6.0,0.27,0.27,1.6,0.046,32.0,113.0,0.9924,3.41,0.51,10.5,7,medium,white,82.845,0.07242440702516749,28.31858407079646,175.0
6.4,0.28,0.29,1.6,0.052,34.0,127.0,0.9929,3.48,0.56,10.5,7,medium,white,82.845,0.07725270082684532,26.77165354330709,164.0625
6.4,0.41,0.24,14.0,0.048,24.0,113.0,0.9982,3.44,0.53,9.8,6,medium,white,77.322,0.0827707508859057,21.238938053097346,153.125
6.3,0.23,0.31,1.5,0.022,11.0,82.0,0.9892,3.3,0.4,12.9,7,medium,white,101.781,0.06189760367848616,13.414634146341465,204.7619047619048
7.1,0.21,0.27,8.6,0.056,26.0,111.0,0.9956,2.95,0.52,9.5,5,low,white,74.955,0.09472350076712693,23.423423423423422,133.80281690140845
6.0,0.37,0.32,1.0,0.053,31.0,218.5,0.9924,3.29,0.72,9.8,6,medium,white,77.322,0.07759757895553658,14.187643020594965,163.33333333333334
6.1,0.43,0.35,9.1,0.059,83.0,249.0,0.9971,3.37,0.5,8.5,5,low,white,67.065,0.0909565347051368,33.33333333333333,139.34426229508196
7.1,0.21,0.27,8.6,0.056,26.0,111.0,0.9956,2.95,0.52,9.5,5,low,white,74.955,0.09472350076712693,23.423423423423422,133.80281690140845
7.0,0.25,0.29,15.2,0.047,40.0,171.0,0.9982,3.22,0.45,9.3,5,low,white,73.37700000000001,0.09539774043637651,23.391812865497073,132.85714285714286
5.9,0.25,0.19,12.4,0.047,50.0,162.0,0.9973,3.35,0.38,9.5,5,low,white,74.955,0.07871389500366888,30.864197530864196,161.01694915254237
6.8,0.32,0.21,2.2,0.044,15.0,68.0,0.9932,3.17,0.39,9.4,6,medium,white,74.166,0.09168621740420138,22.058823529411764,138.23529411764707
7.2,0.39,0.62,11.0,0.047,66.0,178.0,0.9976,3.16,0.5,8.7,5,low,white,68.643,0.10489052051920808,37.07865168539326,120.83333333333333
6.3,0.21,0.58,10.0,0.081,34.0,126.0,0.9962,2.95,0.46,8.9,5,low,white,70.221,0.0897167513991541,26.984126984126984,141.26984126984127
7.0,0.14,0.32,9.0,0.039,54.0,141.0,0.9956,3.22,0.43,9.4,6,medium,white,74.166,0.09438287085726614,38.297872340425535,134.2857142857143
6.8,0.32,0.21,2.2,0.044,15.0,68.0,0.9932,3.17,0.39,9.4,6,medium,white,74.166,0.09168621740420138,22.058823529411764,138.23529411764707
7.2,0.39,0.62,11.0,0.047,66.0,178.0,0.9976,3.16,0.5,8.7,5,low,white,68.643,0.10489052051920808,37.07865168539326,120.83333333333333
7.2,0.29,0.53,18.15,0.047,59.0,182.0,0.9992,3.09,0.52,9.6,5,low,white,75.744,0.09505703422053233,32.417582417582416,133.33333333333331
8.6,0.37,0.7,12.15,0.039,21.0,158.0,0.9983,3.0,0.73,9.3,6,medium,white,73.37700000000001,0.11720293825040543,13.291139240506327,108.13953488372094
6.5,0.38,0.34,3.4,0.036,34.0,200.0,0.9937,3.14,0.76,10.0,5,low,white,78.9,0.082382762991128,17.0,153.84615384615387
6.6,0.24,0.29,2.0,0.023,19.0,86.0,0.99,3.25,0.45,12.5,6,medium,white,98.625,0.06692015209125475,22.093023255813954,189.3939393939394
7.0,0.17,0.31,4.8,0.034,34.0,132.0,0.9944,3.36,0.48,9.6,7,medium,white,75.744,0.09241656104773975,25.757575757575758,137.14285714285714
5.5,0.16,0.22,4.5,0.03,30.0,102.0,0.9938,3.24,0.36,9.4,6,medium,white,74.166,0.07415796995928053,29.411764705882355,170.90909090909093
7.0,0.24,0.51,11.0,0.029,55.0,227.0,0.9965,3.03,0.61,9.5,5,low,white,74.955,0.09338936695350544,24.229074889867842,135.71428571428572
7.4,0.28,0.36,1.1,0.028,42.0,105.0,0.9893,2.99,0.39,12.4,7,medium,white,97.836,0.07563677991741281,40.0,167.56756756756758
7.0,0.22,0.28,1.5,0.037,29.0,115.0,0.9927,3.11,0.55,10.5,6,medium,white,82.845,0.08449514152936206,25.217391304347824,150.0
7.1,0.55,0.13,1.7,0.073,21.0,165.0,0.994,2.97,0.58,9.2,6,medium,white,72.58800000000001,0.09781231057475064,12.727272727272727,129.5774647887324
6.3,0.22,0.33,1.7,0.041,67.0,164.0,0.9928,3.32,0.56,10.4,6,medium,white,82.056,0.07677683533196841,40.853658536585364,165.0793650793651
6.7,0.47,0.34,8.9,0.043,31.0,172.0,0.9964,3.22,0.6,9.2,5,low,white,72.58800000000001,0.09230175786631398,18.023255813953487,137.3134328358209
5.9,0.36,0.41,1.3,0.047,45.0,104.0,0.9917,3.33,0.51,10.6,6,medium,white,83.634,0.0705454719372504,43.269230769230774,179.66101694915253
5.8,0.25,0.24,13.3,0.044,41.0,137.0,0.9972,3.34,0.42,9.5,5,low,white,74.955,0.07737976119004736,29.927007299270077,163.79310344827587
6.7,0.47,0.34,8.9,0.043,31.0,172.0,0.9964,3.22,0.6,9.2,5,low,white,72.58800000000001,0.09230175786631398,18.023255813953487,137.3134328358209
6.2,0.37,0.3,6.6,0.346,79.0,200.0,0.9954,3.29,0.58,9.6,5,low,white,75.744,0.0818546683565695,39.5,154.83870967741936
6.2,0.18,0.38,1.5,0.028,36.0,117.0,0.993,3.47,0.54,9.7,6,medium,white,76.533,0.08101080579619249,30.76923076923077,156.4516129032258
6.0,0.16,0.37,1.5,0.025,43.0,117.0,0.9928,3.46,0.51,9.7,6,medium,white,76.533,0.07839755399631532,36.75213675213676,161.66666666666666
6.6,0.34,0.28,1.3,0.035,32.0,90.0,0.9916,3.1,0.42,10.7,6,medium,white,84.423,0.07817774777015742,35.55555555555556,162.12121212121212
7.4,0.29,0.29,1.6,0.045,53.0,180.0,0.9936,3.34,0.68,10.5,6,medium,white,82.845,0.0893234353310399,29.444444444444446,141.89189189189187
7.4,0.26,0.31,7.6,0.047,52.0,177.0,0.9962,3.13,0.45,8.9,6,medium,white,70.221,0.1053815810085302,29.37853107344633,120.27027027027026
7.0,0.28,0.36,1.0,0.035,8.0,70.0,0.9899,3.09,0.46,12.1,6,medium,white,95.46900000000001,0.0733222302527522,11.428571428571429,172.85714285714283
7.1,0.23,0.39,1.6,0.032,12.0,65.0,0.9898,3.25,0.4,12.7,7,medium,white,100.203,0.07085616199115795,18.461538461538463,178.8732394366197
7.8,0.19,0.26,8.9,0.039,42.0,182.0,0.996,3.18,0.46,9.9,6,medium,white,78.111,0.0998578945347006,23.076923076923077,126.92307692307693
6.3,0.19,0.28,1.8,0.022,28.0,158.0,0.9907,3.2,0.64,11.4,6,medium,white,89.946,0.07004202521512908,17.72151898734177,180.95238095238096
6.8,0.2,0.38,4.7,0.04,27.0,103.0,0.994,3.37,0.58,10.7,6,medium,white,84.423,0.08054677042985915,26.21359223300971,157.35294117647058
5.7,0.44,0.13,7.0,0.025,28.0,173.0,0.9913,3.33,0.48,12.5,6,medium,white,98.625,0.057794676806083654,16.184971098265898,219.29824561403507
7.2,0.4,0.62,10.8,0.041,70.0,189.0,0.9976,3.08,0.49,8.6,4,low,white,67.854,0.10611017773454771,37.03703703703704,119.44444444444444
6.8,0.23,0.32,1.6,0.026,43.0,147.0,0.9904,3.29,0.54,12.5,6,medium,white,98.625,0.06894803548795944,29.25170068027211,183.82352941176472
5.7,0.335,0.34,1.0,0.04,13.0,174.0,0.992,3.27,0.66,10.0,5,low,white,78.9,0.07224334600760456,7.471264367816093,175.43859649122805
7.2,0.4,0.62,10.8,0.041,70.0,189.0,0.9976,3.08,0.49,8.6,4,low,white,67.854,0.10611017773454771,37.03703703703704,119.44444444444444
7.2,0.28,0.54,16.7,0.045,54.0,200.0,0.999,3.08,0.49,9.5,6,medium,white,74.955,0.09605763458074845,27.0,131.94444444444443
6.8,0.19,0.58,14.2,0.038,51.0,164.0,0.9975,3.12,0.48,9.6,6,medium,white,75.744,0.08977608787494719,31.097560975609756,141.1764705882353
6.4,0.3,0.3,2.25,0.038,8.0,210.0,0.9937,3.2,0.62,9.9,6,medium,white,78.111,0.08193468269513897,3.8095238095238098,154.6875
6.5,0.3,0.29,2.25,0.037,8.0,210.0,0.9937,3.19,0.62,9.9,5,low,white,78.111,0.08321491211225052,3.8095238095238098,152.30769230769232
7.8,0.18,0.31,12.2,0.053,46.0,140.0,0.998,3.06,0.53,8.9,6,medium,white,70.221,0.11107788268466696,32.857142857142854,114.10256410256412
7.8,0.18,0.31,12.2,0.053,46.0,140.0,0.998,3.06,0.53,8.9,6,medium,white,70.221,0.11107788268466696,32.857142857142854,114.10256410256412
7.3,0.51,0.26,3.3,0.09,7.0,135.0,0.9944,3.01,0.52,8.8,5,low,white,69.432,0.10513884088028574,5.185185185185185,120.54794520547946
6.0,0.24,0.27,1.9,0.048,40.0,170.0,0.9938,3.64,0.54,10.0,7,medium,white,78.9,0.07604562737642585,23.52941176470588,166.66666666666669
5.9,0.62,0.28,3.5,0.039,55.0,152.0,0.9907,3.44,0.44,12.0,6,medium,white,94.68,0.06231516687790452,36.18421052631579,203.38983050847457
6.0,0.24,0.27,1.9,0.048,40.0,170.0,0.9938,3.64,0.54,10.0,7,medium,white,78.9,0.07604562737642585,23.52941176470588,166.66666666666669
6.7,0.27,0.12,1.3,0.041,62.0,138.0,0.9921,3.21,0.42,10.0,6,medium,white,78.9,0.08491761723700887,44.927536231884055,149.25373134328356
7.8,0.34,0.35,1.8,0.042,8.0,167.0,0.9908,3.11,0.41,12.1,6,medium,white,95.46900000000001,0.08170191371020959,4.790419161676647,155.12820512820514
7.3,0.26,0.36,5.2,0.04,31.0,141.0,0.9931,3.16,0.59,11.0,6,medium,white,86.79,0.08411107270422859,21.98581560283688,150.68493150684932
7.4,0.36,0.33,1.4,0.025,27.0,55.0,0.9915,3.21,0.33,11.2,6,medium,white,88.36800000000001,0.0837407206228499,49.09090909090909,151.35135135135133
7.8,0.28,0.32,9.0,0.036,34.0,115.0,0.9952,3.17,0.39,10.3,7,medium,white,81.26700000000001,0.09597991804791611,29.565217391304348,132.05128205128207
6.1,0.31,0.26,2.2,0.051,28.0,167.0,0.9926,3.37,0.47,10.4,6,medium,white,82.056,0.07433947548015989,16.766467065868262,170.49180327868854
6.8,0.18,0.37,1.6,0.055,47.0,154.0,0.9934,3.08,0.45,9.1,5,low,white,71.799,0.09470883995598824,30.519480519480517,133.8235294117647
7.4,0.15,0.42,1.7,0.045,49.0,154.0,0.992,3.0,0.6,10.4,6,medium,white,82.056,0.09018231451691529,31.818181818181817,140.54054054054055
5.9,0.13,0.28,1.9,0.05,20.0,78.0,0.9918,3.43,0.64,10.8,6,medium,white,85.212,0.0692390743087828,25.64102564102564,183.05084745762713
7.2,0.34,0.34,12.6,0.048,7.0,41.0,0.9942,3.19,0.4,11.7,5,low,white,92.313,0.07799551525787267,17.073170731707318,162.49999999999997
7.9,0.19,0.26,2.1,0.039,8.0,143.0,0.9942,3.05,0.74,9.8,5,low,white,77.322,0.10217014562478983,5.594405594405594,124.0506329113924
7.9,0.19,0.26,2.1,0.039,8.0,143.0,0.9942,3.05,0.74,9.8,5,low,white,77.322,0.10217014562478983,5.594405594405594,124.0506329113924
6.9,0.25,0.4,1.3,0.038,22.0,101.0,0.9901,3.03,0.39,11.4,6,medium,white,89.946,0.07671269428323661,21.782178217821784,165.2173913043478
5.8,0.36,0.32,1.7,0.033,22.0,96.0,0.9898,3.03,0.38,11.2,6,medium,white,88.36800000000001,0.06563461886655803,22.916666666666664,193.10344827586206
5.6,0.35,0.37,1.0,0.038,6.0,72.0,0.9902,3.37,0.34,11.4,5,low,white,89.946,0.062259577969003624,8.333333333333332,203.5714285714286
5.9,0.32,0.39,3.3,0.114,24.0,140.0,0.9934,3.09,0.45,9.2,6,medium,white,72.58800000000001,0.08128065244944067,17.142857142857142,155.9322033898305
7.2,0.31,0.46,5.0,0.04,3.0,29.0,0.9906,3.04,0.53,12.5,4,low,white,98.625,0.07300380228136882,10.344827586206897,173.61111111111111
6.1,0.28,0.22,1.8,0.034,32.0,116.0,0.9898,3.36,0.44,12.6,6,medium,white,99.414,0.06135956706298911,27.586206896551722,206.55737704918033
5.2,0.36,0.02,1.6,0.031,24.0,104.0,0.9896,3.44,0.35,12.2,6,medium,white,96.25800000000001,0.054021483928608525,23.076923076923077,234.61538461538458
5.6,0.19,0.47,4.5,0.03,19.0,112.0,0.9922,3.56,0.45,11.2,6,medium,white,88.36800000000001,0.06337135614702154,16.964285714285715,200.0
6.4,0.1,0.35,4.9,0.048,31.0,103.0,0.9947,3.43,0.79,9.7,6,medium,white,76.533,0.08362405759606967,30.097087378640776,151.56249999999997
6.4,0.18,0.48,4.0,0.186,64.0,150.0,0.9945,3.06,0.4,9.3,5,low,white,73.37700000000001,0.08722079125611568,42.66666666666667,145.3125
7.4,0.25,0.36,13.2,0.067,53.0,178.0,0.9976,3.01,0.48,9.0,6,medium,white,71.01,0.10421067455287987,29.775280898876407,121.62162162162163
7.4,0.25,0.36,13.2,0.067,53.0,178.0,0.9976,3.01,0.48,9.0,6,medium,white,71.01,0.10421067455287987,29.775280898876407,121.62162162162163
7.4,0.25,0.36,13.2,0.067,53.0,178.0,0.9976,3.01,0.48,9.0,6,medium,white,71.01,0.10421067455287987,29.775280898876407,121.62162162162163
7.9,0.345,0.51,15.3,0.047,54.0,171.0,0.9987,3.09,0.51,9.1,5,low,white,71.799,0.11002938759592751,31.57894736842105,115.18987341772151
7.9,0.345,0.51,15.3,0.047,54.0,171.0,0.9987,3.09,0.51,9.1,5,low,white,71.799,0.11002938759592751,31.57894736842105,115.18987341772151
7.4,0.25,0.36,13.2,0.067,53.0,178.0,0.9976,3.01,0.48,9.0,6,medium,white,71.01,0.10421067455287987,29.775280898876407,121.62162162162163
6.1,0.24,0.3,1.5,0.045,22.0,61.0,0.992,3.31,0.54,10.4,5,low,white,82.056,0.07433947548015989,36.0655737704918,170.49180327868854
6.8,0.25,0.24,4.55,0.053,41.0,211.0,0.9955,3.37,0.67,9.5,6,medium,white,74.955,0.09072109932626242,19.431279620853083,139.7058823529412
6.7,0.31,0.31,9.9,0.04,10.0,175.0,0.9953,3.46,0.55,11.4,4,low,white,89.946,0.07448913792720077,5.714285714285714,170.1492537313433
7.2,0.46,0.65,10.4,0.05,76.0,192.0,0.9976,3.16,0.42,8.7,5,low,white,68.643,0.10489052051920808,39.58333333333333,120.83333333333333
5.5,0.35,0.35,1.1,0.045,14.0,167.0,0.992,3.34,0.68,9.9,6,medium,white,78.111,0.07041261794113504,8.383233532934131,180.0
6.7,0.24,0.41,8.7,0.036,29.0,148.0,0.9952,3.22,0.62,9.9,6,medium,white,78.111,0.08577537094647361,19.594594594594593,147.76119402985074
6.8,0.28,0.17,13.9,0.047,49.0,162.0,0.9983,3.21,0.51,9.0,6,medium,white,71.01,0.09576116039994366,30.246913580246915,132.35294117647058
6.4,0.16,0.22,1.4,0.04,41.0,149.0,0.9933,3.49,0.58,10.0,6,medium,white,78.9,0.08111533586818757,27.516778523489933,156.25
6.3,0.26,0.24,7.2,0.039,38.0,172.0,0.9958,3.49,0.64,9.7,6,medium,white,76.533,0.08231743169613108,22.093023255813954,153.96825396825395
7.7,0.22,0.42,1.9,0.052,10.0,87.0,0.9922,3.3,0.49,11.8,6,medium,white,93.102,0.08270499022577388,11.494252873563218,153.24675324675326
6.5,0.18,0.31,1.7,0.044,30.0,127.0,0.9928,3.49,0.5,10.2,7,medium,white,80.47800000000001,0.08076741469718432,23.62204724409449,156.92307692307693
7.2,0.46,0.65,10.4,0.05,76.0,192.0,0.9976,3.16,0.42,8.7,5,low,white,68.643,0.10489052051920808,39.58333333333333,120.83333333333333
7.0,0.3,0.51,13.6,0.05,40.0,168.0,0.9976,3.07,0.52,9.6,7,medium,white,75.744,0.09241656104773975,23.809523809523807,137.14285714285714
9.2,0.25,0.34,1.2,0.026,31.0,93.0,0.9916,2.93,0.37,11.3,7,medium,white,89.15700000000001,0.10318875691196426,33.33333333333333,122.82608695652175
7.8,0.28,0.34,1.6,0.028,32.0,118.0,0.9901,3.0,0.38,12.1,7,medium,white,95.46900000000001,0.08170191371020959,27.11864406779661,155.12820512820514
7.0,0.3,0.51,13.6,0.05,40.0,168.0,0.9976,3.07,0.52,9.6,7,medium,white,75.744,0.09241656104773975,23.809523809523807,137.14285714285714
7.8,0.28,0.34,1.6,0.028,32.0,118.0,0.9901,3.0,0.38,12.1,7,medium,white,95.46900000000001,0.08170191371020959,27.11864406779661,155.12820512820514
9.2,0.25,0.34,1.2,0.026,31.0,93.0,0.9916,2.93,0.37,11.3,7,medium,white,89.15700000000001,0.10318875691196426,33.33333333333333,122.82608695652175
8.4,0.35,0.71,12.2,0.046,22.0,160.0,0.9982,2.98,0.65,9.4,5,low,white,74.166,0.11325944502871937,13.750000000000002,111.90476190476191
6.1,0.41,0.24,1.6,0.049,16.0,137.0,0.993,3.32,0.5,10.4,6,medium,white,82.056,0.07433947548015989,11.678832116788321,170.49180327868854
5.9,0.21,0.24,12.1,0.044,53.0,165.0,0.9969,3.25,0.39,9.5,5,low,white,74.955,0.07871389500366888,32.121212121212125,161.01694915254237
7.2,0.34,0.44,4.2,0.047,51.0,144.0,0.991,3.01,0.76,12.3,6,medium,white,97.04700000000001,0.07419085597700083,35.41666666666667,170.83333333333334
6.7,0.21,0.42,9.1,0.049,31.0,150.0,0.9953,3.12,0.74,9.9,7,medium,white,78.111,0.08577537094647361,20.666666666666668,147.76119402985074
5.9,0.37,0.1,1.6,0.057,39.0,128.0,0.9924,3.24,0.48,10.1,5,low,white,79.68900000000001,0.07403782203315389,30.46875,171.1864406779661
7.7,0.34,0.27,8.8,0.063,39.0,184.0,0.9969,3.09,0.63,9.2,6,medium,white,72.58800000000001,0.10607813963740562,21.195652173913043,119.48051948051948
7.4,0.3,0.22,1.4,0.046,16.0,135.0,0.9928,3.08,0.77,10.4,7,medium,white,82.056,0.09018231451691529,11.851851851851853,140.54054054054055
6.8,0.51,0.3,4.2,0.066,38.0,165.0,0.9945,3.2,0.42,9.1,5,low,white,71.799,0.09470883995598824,23.03030303030303,133.8235294117647
7.8,0.22,0.38,10.3,0.059,28.0,99.0,0.9967,3.12,0.47,10.0,6,medium,white,78.9,0.0988593155893536,28.28282828282828,128.2051282051282
7.2,0.35,0.34,12.4,0.051,6.0,37.0,0.9944,3.13,0.39,11.5,6,medium,white,90.735,0.07935195900148785,16.216216216216218,159.7222222222222
6.0,0.26,0.5,2.2,0.048,59.0,153.0,0.9928,3.08,0.61,9.8,5,low,white,77.322,0.07759757895553658,38.56209150326798,163.33333333333334
6.1,0.26,0.51,2.2,0.05,61.0,154.0,0.9929,3.08,0.6,9.8,6,medium,white,77.322,0.07889087193812885,39.61038961038961,160.65573770491807
6.5,0.28,0.27,5.2,0.04,44.0,179.0,0.9948,3.19,0.69,9.4,6,medium,white,74.166,0.08764123722460428,24.581005586592177,144.6153846153846
7.4,0.41,0.66,10.8,0.051,77.0,194.0,0.9976,3.05,0.46,8.7,5,low,white,68.643,0.10780414608918608,39.69072164948454,117.56756756756755
6.5,0.28,0.29,2.7,0.038,26.0,107.0,0.9912,3.32,0.41,11.6,7,medium,white,91.524,0.0710196232682138,24.299065420560748,178.46153846153845
6.7,0.34,0.54,16.3,0.047,44.0,181.0,0.9987,3.04,0.56,8.8,5,low,white,69.432,0.09649729231478281,24.30939226519337,131.34328358208955
7.2,0.2,0.34,2.7,0.032,49.0,151.0,0.99,3.16,0.39,12.7,7,medium,white,100.203,0.07185413610370947,32.450331125827816,176.38888888888889
7.4,0.2,0.33,1.9,0.035,39.0,138.0,0.991,3.17,0.44,11.7,7,medium,white,92.313,0.08016205734836913,28.26086956521739,158.1081081081081
8.2,0.22,0.3,1.8,0.047,47.0,185.0,0.9933,3.13,0.5,10.2,6,medium,white,80.47800000000001,0.10189120007952482,25.405405405405407,124.39024390243902
8.2,0.23,0.29,1.8,0.047,47.0,187.0,0.9933,3.13,0.5,10.2,6,medium,white,80.47800000000001,0.10189120007952482,25.13368983957219,124.39024390243902
7.1,0.22,0.33,2.8,0.033,48.0,153.0,0.9899,3.15,0.38,12.7,7,medium,white,100.203,0.07085616199115795,31.372549019607842,178.8732394366197
6.5,0.28,0.29,2.7,0.038,26.0,107.0,0.9912,3.32,0.41,11.6,7,medium,white,91.524,0.0710196232682138,24.299065420560748,178.46153846153845
6.0,0.38,0.26,6.0,0.034,42.0,134.0,0.9912,3.38,0.38,12.3,7,medium,white,97.04700000000001,0.061825713314167356,31.343283582089555,205.00000000000003
7.4,0.41,0.66,10.8,0.051,77.0,194.0,0.9976,3.05,0.46,8.7,5,low,white,68.643,0.10780414608918608,39.69072164948454,117.56756756756755
5.7,0.18,0.22,4.2,0.042,25.0,111.0,0.994,3.35,0.39,9.4,5,low,white,74.166,0.07685462341234528,22.52252252252252,164.91228070175438
7.3,0.3,0.22,6.4,0.056,44.0,168.0,0.9947,3.13,0.35,10.1,6,medium,white,79.68900000000001,0.09160611878678361,26.190476190476193,138.35616438356163
7.4,0.24,0.22,10.7,0.042,26.0,81.0,0.9954,2.86,0.36,9.7,6,medium,white,76.533,0.09669031659545556,32.098765432098766,131.08108108108107
6.6,0.25,0.3,1.6,0.046,32.0,134.0,0.993,3.42,0.51,10.1,7,medium,white,79.68900000000001,0.08282197040996875,23.88059701492537,153.03030303030303
7.4,0.24,0.22,10.7,0.042,26.0,81.0,0.9954,2.86,0.36,9.7,6,medium,white,76.533,0.09669031659545556,32.098765432098766,131.08108108108107
7.4,0.26,0.3,7.9,0.049,38.0,157.0,0.9963,3.13,0.48,8.9,6,medium,white,70.221,0.1053815810085302,24.203821656050955,120.27027027027026
6.1,0.32,0.25,1.7,0.034,37.0,136.0,0.992,3.47,0.5,10.8,7,medium,white,85.212,0.0715861615734873,27.205882352941174,177.04918032786887
6.9,0.28,0.27,2.1,0.036,42.0,121.0,0.9926,3.42,0.49,10.8,7,medium,white,85.212,0.0809745106323053,34.710743801652896,156.52173913043478
7.0,0.23,0.33,5.8,0.04,25.0,136.0,0.995,3.19,0.58,9.5,6,medium,white,74.955,0.09338936695350544,18.38235294117647,135.71428571428572
7.1,0.31,0.5,14.5,0.059,6.0,148.0,0.9983,2.94,0.44,9.1,5,low,white,71.799,0.09888717113051712,4.054054054054054,128.16901408450704
7.3,0.2,0.37,1.2,0.037,48.0,119.0,0.992,3.32,0.49,10.9,6,medium,white,86.001,0.08488273392169858,40.33613445378151,149.3150684931507
6.9,0.41,0.33,10.1,0.043,28.0,152.0,0.9968,3.2,0.52,9.4,5,low,white,74.166,0.09303454413073377,18.421052631578945,136.23188405797103
6.4,0.45,0.07,1.1,0.03,10.0,131.0,0.9905,2.97,0.28,10.8,5,low,white,85.212,0.07510679247054405,7.633587786259542,168.75
6.4,0.475,0.06,1.0,0.03,9.0,131.0,0.9904,2.97,0.29,10.8,5,low,white,85.212,0.07510679247054405,6.870229007633588,168.75
6.3,0.27,0.38,0.9,0.051,7.0,140.0,0.9926,3.45,0.5,10.5,7,medium,white,82.845,0.07604562737642585,5.0,166.66666666666669
6.9,0.41,0.33,10.1,0.043,28.0,152.0,0.9968,3.2,0.52,9.4,5,low,white,74.166,0.09303454413073377,18.421052631578945,136.23188405797103
7.0,0.29,0.37,4.9,0.034,26.0,127.0,0.9928,3.17,0.44,10.8,6,medium,white,85.212,0.08214805426465756,20.47244094488189,154.2857142857143
5.9,0.27,0.29,11.4,0.036,31.0,115.0,0.9949,3.35,0.48,10.5,8,high,white,82.845,0.07121733357474803,26.956521739130434,177.96610169491524
6.9,0.19,0.4,1.4,0.036,14.0,55.0,0.9909,3.08,0.68,11.5,7,medium,white,90.735,0.07604562737642585,25.454545454545453,166.66666666666666
6.7,0.3,0.35,1.4,0.18,36.0,160.0,0.9937,3.11,0.54,9.4,6,medium,white,74.166,0.09033789067766902,22.5,140.2985074626866
7.2,0.24,0.4,1.4,0.045,31.0,106.0,0.9914,2.88,0.38,10.8,6,medium,white,85.212,0.08449514152936206,29.245283018867923,150.0
6.4,0.45,0.07,1.1,0.03,10.0,131.0,0.9905,2.97,0.28,10.8,5,low,white,85.212,0.07510679247054405,7.633587786259542,168.75
6.4,0.475,0.06,1.0,0.03,9.0,131.0,0.9904,2.97,0.29,10.8,5,low,white,85.212,0.07510679247054405,6.870229007633588,168.75
6.3,0.26,0.49,1.5,0.052,34.0,134.0,0.9924,2.99,0.61,9.8,6,medium,white,77.322,0.08147745790331341,25.37313432835821,155.55555555555557
6.3,0.26,0.49,1.5,0.052,34.0,134.0,0.9924,2.99,0.61,9.8,6,medium,white,77.322,0.08147745790331341,25.37313432835821,155.55555555555557
7.3,0.25,0.29,7.5,0.049,38.0,158.0,0.9965,3.43,0.38,9.6,5,low,white,75.744,0.0963772708069286,24.050632911392405,131.50684931506848
7.3,0.25,0.29,7.5,0.049,38.0,158.0,0.9965,3.43,0.38,9.6,5,low,white,75.744,0.0963772708069286,24.050632911392405,131.50684931506848
6.1,0.28,0.25,17.75,0.044,48.0,161.0,0.9993,3.34,0.48,9.5,5,low,white,74.955,0.08138216263091187,29.81366459627329,155.73770491803282
7.4,0.37,0.35,5.7,0.061,12.0,94.0,0.9965,3.48,0.69,10.7,6,medium,white,84.423,0.08765383840896439,12.76595744680851,144.59459459459458
6.5,0.36,0.28,3.2,0.037,29.0,119.0,0.9908,3.25,0.65,12.4,8,high,white,97.836,0.06643771208961936,24.369747899159663,190.76923076923077
7.4,0.24,0.4,4.3,0.032,9.0,95.0,0.992,3.09,0.39,11.1,6,medium,white,87.57900000000001,0.08449514152936206,9.473684210526317,149.99999999999997
7.5,0.23,0.68,11.0,0.047,37.0,133.0,0.9978,2.99,0.38,8.8,5,low,white,69.432,0.10801935706878672,27.819548872180448,117.33333333333333
7.5,0.21,0.68,10.9,0.045,38.0,133.0,0.9978,3.0,0.36,8.7,5,low,white,68.643,0.10926095887417508,28.57142857142857,115.99999999999999
7.5,0.21,0.68,10.9,0.045,38.0,133.0,0.9978,3.0,0.36,8.7,5,low,white,68.643,0.10926095887417508,28.57142857142857,115.99999999999999
7.5,0.23,0.68,11.0,0.047,37.0,133.0,0.9978,2.99,0.38,8.8,5,low,white,69.432,0.10801935706878672,27.819548872180448,117.33333333333333
7.8,0.32,0.33,2.4,0.037,18.0,101.0,0.9912,3.21,0.65,11.7,7,medium,white,92.313,0.08449514152936206,17.82178217821782,150.0
7.8,0.26,0.27,1.9,0.051,52.0,195.0,0.9928,3.23,0.5,10.9,6,medium,white,86.001,0.09069661980674643,26.666666666666668,139.74358974358975
7.7,0.24,0.27,1.8,0.051,52.0,190.0,0.9928,3.23,0.5,10.8,6,medium,white,85.212,0.09036285969112332,27.368421052631582,140.25974025974025
7.4,0.19,0.3,1.4,0.057,33.0,135.0,0.993,3.12,0.5,9.6,6,medium,white,75.744,0.09769750739332489,24.444444444444443,129.7297297297297
6.5,0.46,0.41,16.8,0.084,59.0,222.0,0.9993,3.18,0.58,9.0,5,low,white,71.01,0.09153640332347555,26.576576576576578,138.46153846153845
6.5,0.26,0.43,8.9,0.083,50.0,171.0,0.9965,2.85,0.5,9.0,5,low,white,71.01,0.09153640332347555,29.239766081871345,138.46153846153845
5.3,0.32,0.12,6.6,0.043,22.0,141.0,0.9937,3.36,0.6,10.4,6,medium,white,82.056,0.06459003607292581,15.602836879432624,196.22641509433964
7.2,0.24,0.34,1.1,0.045,3.0,64.0,0.9913,3.23,0.51,11.4,5,low,white,89.946,0.08004802881729038,4.6875,158.33333333333331
6.0,0.36,0.06,1.4,0.066,27.0,128.0,0.9934,3.26,0.55,9.3,5,low,white,73.37700000000001,0.08176949180260844,21.09375,155.0
6.2,0.24,0.29,13.3,0.039,49.0,130.0,0.9952,3.33,0.46,11.0,8,high,white,86.79,0.07143680147482429,37.69230769230769,177.41935483870967
7.6,0.56,0.12,10.4,0.096,22.0,177.0,0.9983,3.32,0.45,9.1,4,low,white,71.799,0.10585105642139861,12.429378531073446,119.73684210526316
7.0,0.32,0.24,6.2,0.048,31.0,228.0,0.9957,3.23,0.62,9.4,6,medium,white,74.166,0.09438287085726614,13.596491228070176,134.2857142857143
7.0,0.32,0.24,6.2,0.048,31.0,228.0,0.9957,3.23,0.62,9.4,6,medium,white,74.166,0.09438287085726614,13.596491228070176,134.2857142857143
5.8,0.31,0.33,1.2,0.036,23.0,99.0,0.9916,3.18,0.6,10.5,6,medium,white,82.845,0.07001026012432857,23.232323232323232,181.0344827586207
7.0,0.23,0.42,18.05,0.05,35.0,144.0,0.9999,3.22,0.42,8.8,5,low,white,69.432,0.10081806659753427,24.305555555555554,125.71428571428574
7.0,0.23,0.42,18.05,0.05,35.0,144.0,0.9999,3.22,0.42,8.8,5,low,white,69.432,0.10081806659753427,24.305555555555554,125.71428571428574
6.9,0.24,0.33,4.8,0.04,16.0,131.0,0.9936,3.26,0.64,10.7,6,medium,white,84.423,0.08173128175971003,12.213740458015266,155.0724637681159
6.0,0.29,0.2,12.6,0.045,45.0,187.0,0.9972,3.33,0.42,9.5,5,low,white,74.955,0.08004802881729038,24.06417112299465,158.33333333333331
6.1,0.17,0.28,4.5,0.033,46.0,150.0,0.9933,3.43,0.49,10.9,6,medium,white,86.001,0.07092940779758374,30.666666666666664,178.68852459016395
5.9,0.14,0.25,4.5,0.027,34.0,140.0,0.9934,3.49,0.51,10.8,6,medium,white,85.212,0.0692390743087828,24.285714285714285,183.05084745762713
6.2,0.17,0.28,4.7,0.037,39.0,133.0,0.9931,3.41,0.46,10.8,7,medium,white,85.212,0.07275970520583955,29.32330827067669,174.19354838709677
7.4,0.28,0.25,11.9,0.053,25.0,148.0,0.9976,3.1,0.62,9.2,5,low,white,72.58800000000001,0.10194522510607813,16.89189189189189,124.3243243243243
5.6,0.35,0.14,5.0,0.046,48.0,198.0,0.9937,3.3,0.71,10.3,5,low,white,81.26700000000001,0.06890865911132439,24.242424242424242,183.92857142857147
5.8,0.335,0.14,5.8,0.046,49.0,197.0,0.9937,3.3,0.71,10.3,5,low,white,81.26700000000001,0.07136968265101455,24.873096446700508,177.58620689655174
5.6,0.235,0.29,1.2,0.047,33.0,127.0,0.991,3.34,0.5,11.0,7,medium,white,86.79,0.06452356262242193,25.984251968503933,196.42857142857144
6.1,0.28,0.25,12.9,0.054,34.0,189.0,0.9979,3.25,0.43,9.0,4,low,white,71.01,0.08590339388818476,17.989417989417987,147.54098360655738
6.3,0.21,0.33,13.9,0.046,68.0,179.0,0.9971,3.36,0.5,10.4,6,medium,white,82.056,0.07677683533196841,37.988826815642454,165.0793650793651
6.4,0.24,0.28,11.5,0.05,34.0,163.0,0.9969,3.31,0.45,9.5,5,low,white,74.955,0.0853845640717764,20.858895705521473,148.4375
6.4,0.24,0.29,11.4,0.051,32.0,166.0,0.9968,3.31,0.45,9.5,5,low,white,74.955,0.0853845640717764,19.27710843373494,148.4375
6.3,0.26,0.25,7.8,0.058,44.0,166.0,0.9961,3.24,0.41,9.0,5,low,white,71.01,0.08871989860583016,26.506024096385545,142.85714285714286
6.5,0.33,0.72,1.1,0.061,7.0,151.0,0.993,3.09,0.57,9.5,4,low,white,74.955,0.0867186978853979,4.635761589403973,146.15384615384613
7.4,0.105,0.34,12.2,0.05,57.0,146.0,0.9973,3.16,0.37,9.0,6,medium,white,71.01,0.10421067455287987,39.04109589041096,121.62162162162163
6.0,0.32,0.12,5.9,0.041,34.0,190.0,0.9944,3.16,0.72,10.0,5,low,white,78.9,0.07604562737642585,17.894736842105264,166.66666666666669
7.1,0.26,0.34,14.4,0.067,35.0,189.0,0.9986,3.07,0.53,9.1,7,medium,white,71.799,0.09888717113051712,18.51851851851852,128.16901408450704
7.1,0.26,0.34,14.4,0.067,35.0,189.0,0.9986,3.07,0.53,9.1,7,medium,white,71.799,0.09888717113051712,18.51851851851852,128.16901408450704
7.1,0.26,0.34,14.4,0.067,35.0,189.0,0.9986,3.07,0.53,9.1,7,medium,white,71.799,0.09888717113051712,18.51851851851852,128.16901408450704
7.1,0.26,0.34,14.4,0.067,35.0,189.0,0.9986,3.07,0.53,9.1,7,medium,white,71.799,0.09888717113051712,18.51851851851852,128.16901408450704
5.9,0.24,0.26,12.3,0.053,34.0,134.0,0.9972,3.34,0.45,9.5,6,medium,white,74.955,0.07871389500366888,25.37313432835821,161.01694915254237
6.5,0.21,0.37,2.5,0.048,70.0,138.0,0.9917,3.33,0.75,11.4,7,medium,white,89.946,0.07226558157116492,50.72463768115942,175.3846153846154
7.7,0.27,0.35,5.3,0.03,30.0,117.0,0.992,3.11,0.42,12.2,6,medium,white,96.25800000000001,0.07999335120197801,25.64102564102564,158.4415584415584
9.0,0.27,0.35,4.9,0.028,27.0,95.0,0.9932,3.04,0.4,11.3,6,medium,white,89.15700000000001,0.100945523066052,28.421052631578945,125.55555555555556
7.3,0.34,0.21,3.2,0.05,14.0,136.0,0.9936,3.25,0.44,10.2,5,low,white,80.47800000000001,0.09070801958299161,10.294117647058822,139.72602739726028
6.6,0.27,0.25,3.1,0.052,41.0,188.0,0.9915,3.24,0.4,11.3,5,low,white,89.15700000000001,0.0740267169151048,21.808510638297875,171.21212121212125
6.8,0.29,0.16,1.4,0.038,122.5,234.5,0.9922,3.15,0.47,10.0,4,low,white,78.9,0.0861850443599493,52.23880597014925,147.05882352941177
7.1,0.28,0.26,1.9,0.049,12.0,86.0,0.9934,3.15,0.38,9.4,5,low,white,74.166,0.0957311975837985,13.953488372093023,132.3943661971831
6.8,0.25,0.34,14.0,0.032,47.0,133.0,0.9952,3.37,0.5,12.2,7,medium,white,96.25800000000001,0.07064347898356499,35.338345864661655,179.41176470588235
7.0,0.57,0.1,8.3,0.094,23.0,188.0,0.9972,3.4,0.47,9.2,4,low,white,72.58800000000001,0.09643467239764147,12.23404255319149,131.42857142857142
7.1,0.28,0.26,1.9,0.049,12.0,86.0,0.9934,3.15,0.38,9.4,5,low,white,74.166,0.0957311975837985,13.953488372093023,132.3943661971831
7.1,0.17,0.38,7.4,0.052,49.0,182.0,0.9958,3.35,0.52,9.6,6,medium,white,75.744,0.09373679763413603,26.923076923076923,135.2112676056338
7.8,0.28,0.22,1.4,0.056,24.0,130.0,0.9944,3.28,0.48,9.5,5,low,white,74.955,0.10406243746247748,18.461538461538463,121.79487179487181
6.8,0.22,0.37,1.7,0.036,38.0,195.0,0.9908,3.35,0.72,12.5,6,medium,white,98.625,0.06894803548795944,19.48717948717949,183.82352941176472
7.1,0.17,0.38,7.4,0.052,49.0,182.0,0.9958,3.35,0.52,9.6,6,medium,white,75.744,0.09373679763413603,26.923076923076923,135.2112676056338
6.1,0.14,0.25,1.3,0.047,37.0,173.0,0.9925,3.35,0.46,10.0,6,medium,white,78.9,0.07731305449936628,21.38728323699422,163.9344262295082
6.4,0.24,0.5,11.6,0.047,60.0,211.0,0.9966,3.18,0.57,9.3,5,low,white,73.37700000000001,0.08722079125611568,28.436018957345972,145.3125
7.8,0.42,0.26,9.2,0.058,34.0,199.0,0.9972,3.14,0.55,9.3,6,medium,white,73.37700000000001,0.10630033934339096,17.08542713567839,119.23076923076925
6.6,0.28,0.36,1.7,0.038,22.0,101.0,0.9912,3.29,0.57,11.6,6,medium,white,91.524,0.07211223285695555,21.782178217821784,175.75757575757575
7.1,0.32,0.34,14.5,0.039,46.0,150.0,0.995,3.38,0.5,12.5,8,high,white,98.625,0.07198986058301647,30.666666666666664,176.05633802816902
6.7,0.31,0.3,2.1,0.038,18.0,130.0,0.9928,3.36,0.63,10.6,6,medium,white,83.634,0.08011095965755555,13.846153846153847,158.2089552238806
6.4,0.32,0.5,10.7,0.047,57.0,206.0,0.9968,3.08,0.6,9.4,5,low,white,74.166,0.0862929104980719,27.669902912621357,146.875
6.1,0.28,0.25,6.9,0.056,44.0,201.0,0.9955,3.19,0.4,9.1,6,medium,white,71.799,0.08495940054875414,21.890547263681594,149.18032786885246
5.9,0.29,0.25,12.0,0.057,48.0,224.0,0.9981,3.23,0.41,9.0,6,medium,white,71.01,0.08308688917053936,21.428571428571427,152.54237288135593
5.8,0.32,0.38,4.75,0.033,23.0,94.0,0.991,3.42,0.42,11.8,7,medium,white,93.102,0.06229726536486863,24.46808510638298,203.44827586206898
5.8,0.32,0.38,4.75,0.033,23.0,94.0,0.991,3.42,0.42,11.8,7,medium,white,93.102,0.06229726536486863,24.46808510638298,203.44827586206898
5.7,0.32,0.38,4.75,0.033,23.0,94.0,0.991,3.42,0.42,11.8,7,medium,white,93.102,0.06122317458271573,24.46808510638298,207.01754385964915
6.7,0.28,0.14,1.4,0.043,64.0,159.0,0.992,3.17,0.39,10.0,5,low,white,78.9,0.08491761723700887,40.25157232704403,149.25373134328356
6.8,0.34,0.69,1.3,0.058,12.0,171.0,0.9931,3.06,0.47,9.7,5,low,white,76.533,0.08885056119582402,7.017543859649122,142.64705882352942
5.9,0.25,0.25,11.3,0.052,30.0,165.0,0.997,3.24,0.44,9.5,6,medium,white,74.955,0.07871389500366888,18.181818181818183,161.01694915254237
6.4,0.27,0.32,4.5,0.24,61.0,174.0,0.9948,3.12,0.48,9.4,5,low,white,74.166,0.0862929104980719,35.05747126436782,146.875
8.1,0.46,0.31,1.7,0.052,50.0,183.0,0.9923,3.03,0.42,11.2,5,low,white,88.36800000000001,0.09166214014122757,27.322404371584703,138.2716049382716
6.2,0.36,0.26,13.2,0.051,54.0,201.0,0.9976,3.25,0.46,9.0,5,low,white,71.01,0.08731164624700746,26.865671641791046,145.16129032258064
6.8,0.22,0.35,5.5,0.043,21.0,114.0,0.9938,3.3,0.53,10.7,7,medium,white,84.423,0.08054677042985915,18.421052631578945,157.35294117647058
6.8,0.67,0.3,13.0,0.29,22.0,193.0,0.9984,3.08,0.67,9.0,4,low,white,71.01,0.09576116039994366,11.398963730569948,132.35294117647058
7.2,0.28,0.3,10.7,0.044,61.0,222.0,0.9972,3.14,0.5,9.1,6,medium,white,71.799,0.10027994818869343,27.47747747747748,126.38888888888889
6.7,0.17,0.37,2.0,0.039,34.0,125.0,0.9922,3.26,0.6,10.8,7,medium,white,85.212,0.07862742336760081,27.200000000000003,161.19402985074626
6.9,0.2,0.34,1.9,0.043,25.0,136.0,0.9935,3.31,0.6,10.1,4,low,white,79.68900000000001,0.08658660542860369,18.38235294117647,146.37681159420288
6.1,0.36,0.16,6.4,0.037,36.0,198.0,0.9944,3.17,0.62,9.9,6,medium,white,78.111,0.07809399444380433,18.181818181818183,162.29508196721315
6.0,0.36,0.16,6.3,0.036,36.0,191.0,0.9942,3.17,0.62,9.8,5,low,white,77.322,0.07759757895553658,18.848167539267017,163.33333333333334
5.9,0.37,0.14,6.3,0.036,34.0,185.0,0.9944,3.17,0.63,9.8,5,low,white,77.322,0.07630428597294431,18.37837837837838,166.10169491525423
7.6,0.29,0.58,17.5,0.041,51.0,225.0,0.9997,3.16,0.66,9.5,6,medium,white,74.955,0.10139416983523447,22.666666666666664,125.0
6.3,0.34,0.28,14.7,0.047,49.0,198.0,0.9977,3.23,0.46,9.5,5,low,white,74.955,0.0840504302581549,24.747474747474747,150.79365079365078
6.7,0.19,0.34,1.0,0.022,22.0,94.0,0.9912,3.23,0.57,11.1,6,medium,white,87.57900000000001,0.07650235787117916,23.404255319148938,165.67164179104478
7.5,0.31,0.51,14.8,0.039,62.0,204.0,0.9982,3.06,0.6,9.5,5,low,white,74.955,0.10006003602161297,30.392156862745097,126.66666666666666
7.5,0.31,0.51,14.8,0.039,62.0,204.0,0.9982,3.06,0.6,9.5,5,low,white,74.955,0.10006003602161297,30.392156862745097,126.66666666666666
7.4,0.31,0.48,14.2,0.042,62.0,204.0,0.9983,3.06,0.59,9.4,5,low,white,74.166,0.09977617776339563,30.392156862745097,127.02702702702702
8.4,0.4,0.7,13.1,0.042,29.0,197.0,0.998,3.06,0.64,9.7,5,low,white,76.533,0.10975657559484145,14.720812182741117,115.47619047619047
5.9,0.34,0.22,2.4,0.03,19.0,135.0,0.9894,3.41,0.78,13.9,7,medium,white,109.671,0.053797266369413975,14.074074074074074,235.59322033898303
6.6,0.38,0.18,1.2,0.042,20.0,84.0,0.9927,3.22,0.45,10.1,4,low,white,79.68900000000001,0.08282197040996875,23.809523809523807,153.03030303030303
6.4,0.33,0.28,1.1,0.038,30.0,110.0,0.9917,3.12,0.42,10.5,6,medium,white,82.845,0.07725270082684532,27.27272727272727,164.0625
5.6,0.25,0.26,3.6,0.037,18.0,115.0,0.9904,3.42,0.5,12.6,6,medium,white,99.414,0.05633009435290803,15.65217391304348,225.0
8.6,0.27,0.46,6.1,0.032,13.0,41.0,0.993,2.89,0.34,10.9,5,low,white,86.001,0.09999883722282298,31.70731707317073,126.74418604651163
6.2,0.31,0.21,6.3,0.041,50.0,218.0,0.9941,3.15,0.6,10.0,5,low,white,78.9,0.07858048162230671,22.93577981651376,161.29032258064515
7.2,0.18,0.45,4.4,0.046,57.0,166.0,0.9943,3.13,0.62,11.2,6,medium,white,88.36800000000001,0.08147745790331341,34.33734939759036,155.55555555555554
7.7,0.2,0.44,13.9,0.05,44.0,130.0,0.99855,3.11,0.48,10.0,6,medium,white,78.9,0.09759188846641317,33.84615384615385,129.87012987012986
6.2,0.47,0.21,1.0,0.044,13.0,98.0,0.99345,3.14,0.46,9.2,5,low,white,72.58800000000001,0.08541356698076816,13.26530612244898,148.38709677419354
6.1,0.25,0.24,12.1,0.046,51.0,172.0,0.998,3.35,0.45,9.5,5,low,white,74.955,0.08138216263091187,29.651162790697676,155.73770491803282
8.2,0.27,0.43,1.6,0.035,31.0,128.0,0.9916,3.1,0.5,12.3,6,medium,white,97.04700000000001,0.08449514152936205,24.21875,150.00000000000003
8.2,0.27,0.43,1.6,0.035,31.0,128.0,0.9916,3.1,0.5,12.3,6,medium,white,97.04700000000001,0.08449514152936205,24.21875,150.00000000000003
6.4,0.31,0.39,7.5,0.04,57.0,213.0,0.99475,3.32,0.43,10.0,5,low,white,78.9,0.08111533586818757,26.76056338028169,156.25
6.0,0.39,0.26,2.7,0.038,39.0,187.0,0.99325,3.41,0.5,10.8,6,medium,white,85.212,0.07041261794113506,20.855614973262032,180.0
6.2,0.21,0.27,1.7,0.038,41.0,150.0,0.9933,3.49,0.71,10.5,7,medium,white,82.845,0.0748385539260064,27.333333333333332,169.35483870967744
7.7,0.42,0.31,9.2,0.048,22.0,221.0,0.9969,3.06,0.61,9.2,6,medium,white,72.58800000000001,0.10607813963740562,9.95475113122172,119.48051948051948
7.0,0.27,0.41,18.75,0.042,34.0,157.0,1.0002,2.96,0.5,9.1,5,low,white,71.799,0.09749439407234083,21.656050955414013,130.0
6.2,0.21,0.27,1.7,0.038,41.0,150.0,0.9933,3.49,0.71,10.5,7,medium,white,82.845,0.0748385539260064,27.333333333333332,169.35483870967744
7.4,0.29,0.5,1.8,0.042,35.0,127.0,0.9937,3.45,0.5,10.2,7,medium,white,80.47800000000001,0.09195059519371754,27.559055118110237,137.83783783783784
6.6,0.29,0.44,9.0,0.053,62.0,178.0,0.99685,3.02,0.45,8.9,5,low,white,70.221,0.09398897765625666,34.831460674157306,134.84848484848487
6.0,0.3,0.44,1.5,0.046,15.0,182.0,0.99455,3.5,0.52,10.4,5,low,white,82.056,0.07312079555425563,8.241758241758241,173.33333333333334
6.9,0.31,0.34,1.6,0.032,23.0,128.0,0.9917,3.37,0.47,11.7,6,medium,white,92.313,0.07474570212212799,17.96875,169.56521739130432
6.6,0.33,0.31,1.3,0.02,29.0,89.0,0.99035,3.26,0.44,12.4,8,high,white,97.836,0.06745983073715196,32.58426966292135,187.87878787878788
7.8,0.3,0.4,1.8,0.028,23.0,122.0,0.9914,3.14,0.39,10.9,7,medium,white,86.001,0.09069661980674643,18.852459016393443,139.74358974358975
6.4,0.39,0.21,1.2,0.041,35.0,136.0,0.99225,3.15,0.46,10.2,5,low,white,80.47800000000001,0.07952483908645841,25.735294117647058,159.37499999999997
6.4,0.24,0.31,2.8,0.038,41.0,114.0,0.99155,3.37,0.66,11.7,7,medium,white,92.313,0.06932934689588682,35.96491228070175,182.81249999999997
7.0,0.21,0.34,8.0,0.057,19.0,101.0,0.9954,2.99,0.59,9.4,5,low,white,74.166,0.09438287085726614,18.81188118811881,134.2857142857143
6.4,0.16,0.31,5.3,0.043,42.0,157.0,0.99455,3.35,0.47,10.5,5,low,white,82.845,0.07725270082684532,26.751592356687897,164.0625
6.0,0.33,0.27,0.8,0.185,12.0,188.0,0.9924,3.12,0.62,9.4,5,low,white,74.166,0.0808996035919424,6.382978723404255,156.66666666666666
6.5,0.23,0.33,13.8,0.042,25.0,139.0,0.99695,3.35,0.56,10.4,6,medium,white,82.056,0.07921419518377694,17.985611510791365,160.0
6.2,0.25,0.48,10.0,0.044,78.0,240.0,0.99655,3.25,0.47,9.5,6,medium,white,74.955,0.08271629644453339,32.5,153.2258064516129
8.8,0.28,0.45,6.0,0.022,14.0,49.0,0.9934,3.01,0.33,11.1,7,medium,white,87.57900000000001,0.10048070884572785,28.57142857142857,126.13636363636363
6.6,0.25,0.3,14.4,0.052,40.0,183.0,0.998,3.02,0.5,9.1,6,medium,white,71.799,0.09192328583963563,21.85792349726776,137.87878787878788
6.9,0.38,0.25,9.8,0.04,28.0,191.0,0.9971,3.28,0.61,9.2,5,low,white,72.58800000000001,0.09505703422053231,14.659685863874344,133.33333333333331
6.4,0.25,0.3,5.5,0.038,15.0,129.0,0.9948,3.14,0.49,9.6,6,medium,white,75.744,0.08449514152936206,11.627906976744185,149.99999999999997
6.6,0.25,0.3,14.4,0.052,40.0,183.0,0.998,3.02,0.5,9.1,6,medium,white,71.799,0.09192328583963563,21.85792349726776,137.87878787878788
6.9,0.38,0.25,9.8,0.04,28.0,191.0,0.9971,3.28,0.61,9.2,5,low,white,72.58800000000001,0.09505703422053231,14.659685863874344,133.33333333333331
7.1,0.21,0.31,3.8,0.021,40.0,142.0,0.99215,3.17,0.39,10.8,7,medium,white,85.212,0.0833215978970098,28.169014084507044,152.11267605633805
6.4,0.25,0.3,5.5,0.038,15.0,129.0,0.9948,3.14,0.49,9.6,6,medium,white,75.744,0.08449514152936206,11.627906976744185,149.99999999999997
6.9,0.39,0.4,4.6,0.022,5.0,19.0,0.9915,3.31,0.37,12.6,3,low,white,99.414,0.06940672339911884,26.31578947368421,182.6086956521739
5.8,0.2,0.3,1.5,0.031,21.0,57.0,0.99115,3.44,0.55,11.0,6,medium,white,86.79,0.06682797557322272,36.84210526315789,189.6551724137931
7.0,0.2,0.37,2.0,0.03,26.0,136.0,0.9932,3.28,0.61,10.2,6,medium,white,80.47800000000001,0.08698029275081388,19.11764705882353,145.7142857142857
5.9,0.26,0.25,12.5,0.034,38.0,152.0,0.9977,3.33,0.43,9.4,5,low,white,74.166,0.07955127686541004,25.0,159.32203389830508
7.4,0.38,0.27,7.5,0.041,24.0,160.0,0.99535,3.17,0.43,10.0,5,low,white,78.9,0.09378960709759189,15.0,135.13513513513513
7.4,0.2,1.66,2.1,0.022,34.0,113.0,0.99165,3.26,0.55,12.2,6,medium,white,96.25800000000001,0.07687672712917368,30.08849557522124,164.86486486486484
7.0,0.21,0.34,8.5,0.033,31.0,253.0,0.9953,3.22,0.56,10.5,6,medium,white,82.845,0.08449514152936206,12.25296442687747,150.0
7.2,0.29,0.4,7.6,0.024,56.0,177.0,0.9928,3.04,0.32,11.5,6,medium,white,90.735,0.07935195900148785,31.63841807909605,159.7222222222222
6.9,0.18,0.38,8.1,0.049,44.0,176.0,0.9958,3.3,0.54,9.8,6,medium,white,77.322,0.08923721579886708,25.0,142.02898550724638
7.3,0.3,0.42,7.35,0.025,51.0,175.0,0.9928,3.04,0.32,11.4,6,medium,white,89.946,0.0811598069953083,29.142857142857142,156.16438356164383
7.2,0.29,0.4,7.6,0.024,56.0,177.0,0.9928,3.04,0.32,11.5,6,medium,white,90.735,0.07935195900148785,31.63841807909605,159.7222222222222
6.9,0.2,0.5,10.0,0.036,78.0,167.0,0.9964,3.15,0.55,10.2,6,medium,white,80.47800000000001,0.08573771714008797,46.706586826347305,147.82608695652172
6.7,0.2,0.42,14.0,0.038,83.0,160.0,0.9987,3.16,0.5,9.4,6,medium,white,74.166,0.09033789067766902,51.87500000000001,140.2985074626866
7.0,0.21,0.34,8.5,0.033,31.0,253.0,0.9953,3.22,0.56,10.5,6,medium,white,82.845,0.08449514152936206,12.25296442687747,150.0
5.9,0.35,0.47,2.2,0.11,14.0,138.0,0.9932,3.09,0.5,9.1,5,low,white,71.799,0.08217384643240157,10.144927536231885,154.23728813559322
7.1,0.28,0.44,1.8,0.032,32.0,107.0,0.9907,3.25,0.48,12.2,7,medium,white,96.25800000000001,0.07376010305636933,29.906542056074763,171.83098591549296
5.8,0.25,0.28,11.1,0.056,45.0,175.0,0.99755,3.42,0.43,9.5,5,low,white,74.955,0.07737976119004736,25.71428571428571,163.79310344827587
6.8,0.22,0.37,15.2,0.051,68.0,178.0,0.99935,3.4,0.85,9.3,6,medium,white,73.37700000000001,0.09267209070962289,38.20224719101123,136.76470588235296
7.1,0.14,0.4,1.2,0.051,55.0,136.0,0.9932,3.3,0.96,9.8,7,medium,white,77.322,0.09182380176405162,40.44117647058824,138.0281690140845
7.1,0.13,0.4,1.2,0.047,54.0,134.0,0.9932,3.3,0.97,9.8,7,medium,white,77.322,0.09182380176405162,40.298507462686565,138.0281690140845
6.9,0.18,0.38,8.1,0.049,44.0,176.0,0.9958,3.3,0.54,9.8,6,medium,white,77.322,0.08923721579886708,25.0,142.02898550724638
7.0,0.2,0.38,8.1,0.05,42.0,173.0,0.99585,3.3,0.54,9.8,6,medium,white,77.322,0.09053050878145935,24.277456647398843,140.0
6.8,0.24,0.49,19.3,0.057,55.0,247.0,1.00055,3.0,0.56,8.7,5,low,white,68.643,0.09906326937925207,22.267206477732792,127.94117647058823
5.0,0.44,0.04,18.6,0.039,38.0,128.0,0.9985,3.37,0.57,10.2,6,medium,white,80.47800000000001,0.06212878053629563,29.6875,204.0
6.3,0.3,0.28,5.0,0.042,36.0,168.0,0.99505,3.22,0.69,9.5,6,medium,white,74.955,0.0840504302581549,21.428571428571427,150.79365079365078
7.2,0.27,0.42,1.6,0.05,35.0,135.0,0.992,2.94,0.46,11.0,6,medium,white,86.79,0.0829588662288282,25.925925925925924,152.77777777777777
6.7,0.5,0.63,13.4,0.078,81.0,238.0,0.9988,3.08,0.44,9.2,5,low,white,72.58800000000001,0.09230175786631398,34.03361344537815,137.3134328358209
6.8,0.2,0.36,1.6,0.028,7.0,46.0,0.99175,3.21,0.6,10.9,6,medium,white,86.001,0.07906884803665074,15.217391304347828,160.29411764705884
6.7,0.11,0.34,8.8,0.043,41.0,113.0,0.9962,3.42,0.4,9.3,7,medium,white,73.37700000000001,0.09130926584624609,36.283185840707965,138.80597014925374
6.7,0.11,0.34,8.8,0.043,41.0,113.0,0.9962,3.42,0.4,9.3,7,medium,white,73.37700000000001,0.09130926584624609,36.283185840707965,138.80597014925374
6.8,0.12,0.31,5.2,0.045,29.0,120.0,0.9942,3.41,0.46,9.8,7,medium,white,77.322,0.08794392281627479,24.166666666666668,144.11764705882354
6.6,0.16,0.57,1.1,0.13,58.0,140.0,0.9927,3.12,0.39,9.3,7,medium,white,73.37700000000001,0.08994644098286927,41.42857142857143,140.9090909090909
6.6,0.21,0.6,1.1,0.135,61.0,144.0,0.9927,3.12,0.39,9.3,7,medium,white,73.37700000000001,0.08994644098286927,42.36111111111111,140.9090909090909
6.1,0.27,0.3,16.7,0.039,49.0,172.0,0.99985,3.4,0.45,9.4,5,low,white,74.166,0.08224793031847477,28.488372093023255,154.0983606557377
9.1,0.27,0.45,10.6,0.035,28.0,124.0,0.997,3.2,0.46,10.4,9,high,white,82.056,0.1108998732572877,22.58064516129032,114.2857142857143
6.4,0.225,0.48,2.2,0.115,29.0,104.0,0.9918,3.24,0.58,12.1,6,medium,white,95.46900000000001,0.06703746765965915,27.884615384615387,189.06249999999997
8.3,0.14,0.45,1.5,0.039,18.0,98.0,0.99215,3.02,0.56,11.0,6,medium,white,86.79,0.09563313745823251,18.367346938775512,132.5301204819277
7.2,0.23,0.19,13.7,0.052,47.0,197.0,0.99865,3.12,0.53,9.0,5,low,white,71.01,0.10139416983523447,23.85786802030457,125.0
6.9,0.22,0.37,15.0,0.053,59.0,178.0,0.9992,3.37,0.82,9.5,7,medium,white,74.955,0.09205523313988394,33.146067415730336,137.68115942028984
8.1,0.17,0.44,14.1,0.053,43.0,145.0,1.0006,3.28,0.75,8.8,8,high,white,69.432,0.11666090563428966,29.655172413793103,108.64197530864199
6.0,0.395,0.0,1.4,0.042,7.0,55.0,0.99135,3.37,0.38,11.2,4,low,white,88.36800000000001,0.06789788158609451,12.727272727272727,186.66666666666666
7.8,0.29,0.22,9.5,0.056,44.0,213.0,0.99715,3.08,0.61,9.3,6,medium,white,73.37700000000001,0.10630033934339096,20.657276995305164,119.23076923076925
6.9,0.22,0.37,15.0,0.053,59.0,178.0,0.9992,3.37,0.82,9.5,7,medium,white,74.955,0.09205523313988394,33.146067415730336,137.68115942028984
8.1,0.17,0.44,14.1,0.053,43.0,145.0,1.0006,3.28,0.75,8.8,8,high,white,69.432,0.11666090563428966,29.655172413793103,108.64197530864199
7.2,0.23,0.19,13.7,0.052,47.0,197.0,0.99865,3.12,0.53,9.0,5,low,white,71.01,0.10139416983523447,23.85786802030457,125.0
7.6,0.3,0.27,10.6,0.039,31.0,119.0,0.99815,3.27,0.3,9.3,6,medium,white,73.37700000000001,0.10357468961663735,26.05042016806723,122.36842105263159
7.7,0.34,0.28,11.0,0.04,31.0,117.0,0.99815,3.27,0.29,9.2,6,medium,white,72.58800000000001,0.10607813963740562,26.495726495726498,119.48051948051948
7.7,0.34,0.28,11.0,0.04,31.0,117.0,0.99815,3.27,0.29,9.2,6,medium,white,72.58800000000001,0.10607813963740562,26.495726495726498,119.48051948051948
5.8,0.34,0.16,7.0,0.037,26.0,116.0,0.9949,3.46,0.45,10.0,7,medium,white,78.9,0.07351077313054499,22.413793103448278,172.41379310344828
7.6,0.3,0.27,10.6,0.039,31.0,119.0,0.99815,3.27,0.3,9.3,6,medium,white,73.37700000000001,0.10357468961663735,26.05042016806723,122.36842105263159
7.7,0.34,0.28,11.0,0.04,31.0,117.0,0.99815,3.27,0.29,9.2,6,medium,white,72.58800000000001,0.10607813963740562,26.495726495726498,119.48051948051948
5.9,0.24,0.3,2.0,0.033,28.0,92.0,0.99225,3.39,0.69,10.9,7,medium,white,86.001,0.06860385344356461,30.434782608695656,184.74576271186442
6.4,0.46,0.08,4.9,0.046,34.0,144.0,0.99445,3.1,0.56,10.0,5,low,white,78.9,0.08111533586818757,23.61111111111111,156.25
5.9,0.24,0.3,2.0,0.033,28.0,92.0,0.99225,3.39,0.69,10.9,7,medium,white,86.001,0.06860385344356461,30.434782608695656,184.74576271186442
7.4,0.32,0.27,1.4,0.049,38.0,173.0,0.99335,3.03,0.52,9.3,5,low,white,73.37700000000001,0.10084903988988374,21.965317919075144,125.67567567567568
7.2,0.31,0.26,7.3,0.05,37.0,157.0,0.99625,3.09,0.43,9.0,5,low,white,71.01,0.10139416983523447,23.56687898089172,125.0
7.8,0.42,0.23,8.8,0.054,42.0,215.0,0.9971,3.02,0.58,9.2,6,medium,white,72.58800000000001,0.10745577781451478,19.53488372093023,117.94871794871796
6.9,0.24,0.33,12.5,0.046,47.0,153.0,0.9983,3.28,0.77,9.6,6,medium,white,75.744,0.09109632446134348,30.718954248366014,139.1304347826087
5.4,0.18,0.24,4.8,0.041,30.0,113.0,0.99445,3.42,0.4,9.4,6,medium,white,74.166,0.07280964323274816,26.548672566371685,174.07407407407408
6.0,0.18,0.31,1.4,0.036,14.0,75.0,0.99085,3.34,0.58,11.1,8,high,white,87.57900000000001,0.06850957421299626,18.666666666666668,185.0
7.8,0.27,0.58,11.2,0.036,44.0,161.0,0.9977,3.06,0.41,8.9,6,medium,white,70.221,0.11107788268466696,27.32919254658385,114.10256410256412
6.0,0.28,0.49,6.8,0.048,61.0,222.0,0.9953,3.19,0.47,9.3,5,low,white,73.37700000000001,0.08176949180260844,27.47747747747748,155.0
6.8,0.39,0.35,11.6,0.044,57.0,220.0,0.99775,3.07,0.53,9.3,5,low,white,73.37700000000001,0.09267209070962289,25.90909090909091,136.76470588235296
6.6,0.21,0.31,11.4,0.039,46.0,165.0,0.99795,3.41,0.44,9.8,7,medium,white,77.322,0.08535733685109023,27.878787878787882,148.4848484848485
7.3,0.32,0.34,6.6,0.032,24.0,112.0,0.99505,3.22,0.46,9.8,6,medium,white,77.322,0.09441038772923617,21.428571428571427,134.24657534246575
7.8,0.27,0.58,11.2,0.036,44.0,161.0,0.9977,3.06,0.41,8.9,6,medium,white,70.221,0.11107788268466696,27.32919254658385,114.10256410256412
6.4,0.31,0.26,13.2,0.046,57.0,205.0,0.9975,3.17,0.41,9.6,5,low,white,75.744,0.08449514152936206,27.80487804878049,149.99999999999997
6.2,0.29,0.26,13.1,0.046,55.0,204.0,0.99745,3.16,0.41,9.6,6,medium,white,75.744,0.0818546683565695,26.96078431372549,154.83870967741936
6.0,0.39,0.17,12.0,0.046,65.0,246.0,0.9976,3.15,0.38,9.0,6,medium,white,71.01,0.08449514152936205,26.422764227642276,150.0
6.2,0.3,0.26,13.4,0.046,57.0,206.0,0.99775,3.17,0.43,9.5,6,medium,white,74.955,0.08271629644453339,27.669902912621357,153.2258064516129
6.0,0.28,0.49,6.8,0.048,61.0,222.0,0.9953,3.19,0.47,9.3,5,low,white,73.37700000000001,0.08176949180260844,27.47747747747748,155.0
6.0,0.41,0.05,1.5,0.063,17.0,120.0,0.9932,3.21,0.56,9.2,6,medium,white,72.58800000000001,0.08265829062654984,14.166666666666666,153.33333333333331
6.4,0.35,0.28,1.1,0.055,9.0,160.0,0.99405,3.42,0.5,9.1,7,medium,white,71.799,0.08913773172328306,5.625,142.18749999999997
6.5,0.26,0.32,16.5,0.045,44.0,166.0,1.0,3.38,0.46,9.5,6,medium,white,74.955,0.0867186978853979,26.506024096385545,146.15384615384613
7.9,0.35,0.24,15.6,0.072,44.0,229.0,0.99785,3.03,0.59,10.5,6,medium,white,82.845,0.09535880258313718,19.213973799126638,132.91139240506328
6.2,0.3,0.17,2.8,0.04,24.0,125.0,0.9939,3.01,0.46,9.0,5,low,white,71.01,0.08731164624700746,19.2,145.16129032258064
8.4,0.18,0.42,5.1,0.036,7.0,77.0,0.9939,3.16,0.52,11.7,5,low,white,92.313,0.09099476780085146,9.090909090909092,139.28571428571428
6.6,0.56,0.22,8.9,0.034,27.0,133.0,0.99675,3.2,0.51,9.1,5,low,white,71.799,0.09192328583963563,20.30075187969925,137.87878787878788
6.2,0.3,0.17,2.8,0.04,24.0,125.0,0.9939,3.01,0.46,9.0,5,low,white,71.01,0.08731164624700746,19.2,145.16129032258064
6.6,0.56,0.22,8.9,0.034,27.0,133.0,0.99675,3.2,0.51,9.1,5,low,white,71.799,0.09192328583963563,20.30075187969925,137.87878787878788
6.6,0.36,0.29,1.6,0.021,24.0,85.0,0.98965,3.41,0.61,12.4,9,high,white,97.836,0.06745983073715196,28.235294117647058,187.87878787878788
7.3,0.655,0.2,10.2,0.071,28.0,212.0,0.9971,2.96,0.58,9.2,6,medium,white,72.58800000000001,0.10056758692896896,13.20754716981132,126.02739726027397
6.8,0.18,0.21,5.4,0.053,34.0,104.0,0.99445,3.3,0.43,9.4,5,low,white,74.166,0.09168621740420138,32.69230769230769,138.23529411764707
6.7,0.19,0.23,6.2,0.047,36.0,117.0,0.9945,3.34,0.43,9.6,6,medium,white,75.744,0.08845585128855091,30.76923076923077,143.28358208955223
8.4,0.18,0.42,5.1,0.036,7.0,77.0,0.9939,3.16,0.52,11.7,5,low,white,92.313,0.09099476780085146,9.090909090909092,139.28571428571428
7.0,0.21,0.37,7.2,0.042,36.0,167.0,0.9958,3.26,0.56,9.8,6,medium,white,77.322,0.09053050878145935,21.55688622754491,140.0
6.8,0.25,0.38,8.1,0.046,24.0,155.0,0.9956,3.33,0.59,10.2,6,medium,white,80.47800000000001,0.08449514152936205,15.483870967741936,150.0
7.4,0.24,0.36,2.0,0.031,27.0,139.0,0.99055,3.28,0.48,12.5,9,high,white,98.625,0.07503168567807351,19.424460431654676,168.9189189189189
7.1,0.16,0.36,10.7,0.044,20.0,90.0,0.9959,3.16,0.44,10.9,7,medium,white,86.001,0.08255717956767944,22.22222222222222,153.5211267605634
7.1,0.16,0.36,1.2,0.043,21.0,90.0,0.9925,3.16,0.42,11.0,7,medium,white,86.79,0.08180665975342781,23.333333333333332,154.92957746478874
7.3,0.205,0.31,1.7,0.06,34.0,110.0,0.9963,3.72,0.69,10.5,6,medium,white,82.845,0.08811636188062043,30.909090909090907,143.83561643835617
7.4,0.17,0.4,5.5,0.037,34.0,161.0,0.9935,3.05,0.62,11.5,4,low,white,90.735,0.08155618008486251,21.11801242236025,155.4054054054054
7.3,0.3,0.34,2.7,0.044,34.0,108.0,0.99105,3.36,0.53,12.8,8,high,white,100.992,0.07228295310519645,31.48148148148148,175.34246575342468
6.9,0.25,0.34,1.3,0.035,27.0,82.0,0.99045,3.18,0.44,12.2,6,medium,white,96.25800000000001,0.07168235367449978,32.926829268292686,176.81159420289853
7.3,0.205,0.31,1.7,0.06,34.0,110.0,0.9963,3.72,0.69,10.5,6,medium,white,82.845,0.08811636188062043,30.909090909090907,143.83561643835617
7.5,0.42,0.34,4.3,0.04,34.0,108.0,0.99155,3.14,0.45,12.8,8,high,white,100.992,0.07426330798479087,31.48148148148148,170.66666666666669
7.3,0.25,0.36,2.1,0.034,30.0,177.0,0.99085,3.25,0.4,11.9,8,high,white,93.891,0.07774973107113567,16.94915254237288,163.013698630137
7.3,0.25,0.36,2.1,0.034,30.0,177.0,0.99085,3.25,0.4,11.9,8,high,white,93.891,0.07774973107113567,16.94915254237288,163.013698630137
7.3,0.25,0.36,2.1,0.034,30.0,177.0,0.99085,3.25,0.4,11.9,8,high,white,93.891,0.07774973107113567,16.94915254237288,163.013698630137
7.5,0.34,0.35,6.0,0.034,12.0,126.0,0.9924,3.16,0.39,12.0,7,medium,white,94.68,0.07921419518377693,9.523809523809524,160.0
7.6,0.33,0.35,6.3,0.036,12.0,126.0,0.9924,3.16,0.39,12.0,7,medium,white,94.68,0.08027038445289394,9.523809523809524,157.89473684210526
8.7,0.23,0.32,13.4,0.044,35.0,169.0,0.99975,3.12,0.47,8.8,7,medium,white,69.432,0.12530245419979258,20.710059171597635,101.14942528735634
8.7,0.23,0.32,13.4,0.044,35.0,169.0,0.99975,3.12,0.47,8.8,7,medium,white,69.432,0.12530245419979258,20.710059171597635,101.14942528735634
6.9,0.19,0.35,1.7,0.036,33.0,101.0,0.99315,3.21,0.54,10.8,7,medium,white,85.212,0.0809745106323053,32.67326732673268,156.52173913043478
7.3,0.21,0.29,1.6,0.034,29.0,118.0,0.9917,3.3,0.5,11.0,8,high,white,86.79,0.08411107270422859,24.576271186440678,150.68493150684932
7.3,0.21,0.29,1.6,0.034,29.0,118.0,0.9917,3.3,0.5,11.0,8,high,white,86.79,0.08411107270422859,24.576271186440678,150.68493150684932
6.6,0.22,0.37,15.4,0.035,62.0,153.0,0.99845,3.02,0.4,9.3,5,low,white,73.37700000000001,0.08994644098286927,40.52287581699346,140.9090909090909
9.2,0.34,0.27,1.2,0.026,17.0,73.0,0.9921,3.08,0.39,10.8,5,low,white,85.212,0.10796601417640707,23.28767123287671,117.3913043478261
8.7,0.23,0.32,13.4,0.044,35.0,169.0,0.99975,3.12,0.47,8.8,7,medium,white,69.432,0.12530245419979258,20.710059171597635,101.14942528735634
6.0,0.2,0.24,1.8,0.03,30.0,105.0,0.9909,3.31,0.47,11.5,6,medium,white,90.735,0.06612663250123987,28.57142857142857,191.66666666666669
6.9,0.19,0.35,1.7,0.036,33.0,101.0,0.99315,3.21,0.54,10.8,7,medium,white,85.212,0.0809745106323053,32.67326732673268,156.52173913043478
8.2,0.38,0.49,13.6,0.042,58.0,166.0,0.99855,3.1,0.54,9.4,5,low,white,74.166,0.1105627915756546,34.93975903614458,114.63414634146343
6.9,0.18,0.36,1.3,0.036,40.0,117.0,0.9934,3.27,0.95,9.5,7,medium,white,74.955,0.09205523313988394,34.18803418803419,137.68115942028984
7.7,0.34,0.58,11.1,0.039,41.0,151.0,0.9978,3.06,0.49,8.6,5,low,white,67.854,0.11347894007722463,27.1523178807947,111.68831168831169
6.9,0.18,0.36,1.3,0.036,40.0,117.0,0.9934,3.27,0.95,9.5,7,medium,white,74.955,0.09205523313988394,34.18803418803419,137.68115942028984
7.4,0.2,0.35,2.1,0.038,30.0,116.0,0.9949,3.49,0.77,10.3,7,medium,white,81.26700000000001,0.0910578709685358,25.862068965517242,139.1891891891892
8.2,0.38,0.49,13.6,0.042,58.0,166.0,0.99855,3.1,0.54,9.4,5,low,white,74.166,0.1105627915756546,34.93975903614458,114.63414634146343
8.2,0.4,0.48,13.7,0.042,59.0,169.0,0.9986,3.1,0.52,9.4,5,low,white,74.166,0.1105627915756546,34.9112426035503,114.63414634146343
6.7,0.22,0.39,10.2,0.038,60.0,149.0,0.99725,3.17,0.54,10.0,7,medium,white,78.9,0.08491761723700887,40.26845637583892,149.25373134328356
6.6,0.3,0.3,4.8,0.17,60.0,166.0,0.9946,3.18,0.47,9.4,5,low,white,74.166,0.08898956395113664,36.144578313253014,142.42424242424244
8.1,0.27,0.35,1.7,0.03,38.0,103.0,0.99255,3.22,0.63,10.4,8,high,white,82.056,0.0987130739982451,36.89320388349515,128.39506172839506
7.3,0.25,0.42,14.2,0.041,57.0,182.0,0.9996,3.29,0.75,9.1,7,medium,white,71.799,0.10167272524686972,31.318681318681318,124.65753424657532
4.8,0.34,0.0,6.5,0.028,33.0,163.0,0.9939,3.36,0.61,9.9,6,medium,white,78.111,0.06145101202135422,20.245398773006134,206.25
6.2,0.28,0.33,1.7,0.029,24.0,111.0,0.99,3.24,0.5,12.1,6,medium,white,95.46900000000001,0.0649425467952948,21.62162162162162,195.16129032258064
4.8,0.33,0.0,6.5,0.028,34.0,163.0,0.9937,3.35,0.61,9.9,5,low,white,78.111,0.06145101202135422,20.858895705521473,206.25
6.1,0.27,0.33,2.2,0.021,26.0,117.0,0.9886,3.12,0.3,12.5,6,medium,white,98.625,0.06185044359949302,22.22222222222222,204.91803278688528
6.9,0.18,0.36,1.3,0.036,40.0,117.0,0.9934,3.27,0.95,9.5,7,medium,white,74.955,0.09205523313988394,34.18803418803419,137.68115942028984
7.8,0.18,0.46,12.6,0.042,41.0,143.0,1.0,3.24,0.76,8.5,8,high,white,67.065,0.11630507716394543,28.671328671328673,108.97435897435899
7.3,0.28,0.42,14.4,0.04,49.0,173.0,0.9994,3.28,0.82,9.0,7,medium,white,71.01,0.10280242219405716,28.32369942196532,123.28767123287672
7.3,0.24,0.29,1.2,0.037,37.0,97.0,0.9926,3.19,0.7,10.1,6,medium,white,79.68900000000001,0.09160611878678361,38.144329896907216,138.35616438356163
6.0,0.45,0.65,9.7,0.08,11.0,159.0,0.9956,3.04,0.48,9.4,5,low,white,74.166,0.0808996035919424,6.918238993710692,156.66666666666666
7.7,0.34,0.58,11.1,0.039,41.0,151.0,0.9978,3.06,0.49,8.6,5,low,white,67.854,0.11347894007722463,27.1523178807947,111.68831168831169
6.3,0.26,0.21,4.0,0.03,24.0,125.0,0.9915,3.06,0.34,10.7,6,medium,white,84.423,0.07462421378060481,19.2,169.84126984126985
10.3,0.17,0.47,1.4,0.037,5.0,33.0,0.9939,2.89,0.28,9.6,3,low,white,75.744,0.13598436839881708,15.151515151515152,93.20388349514562
7.7,0.15,0.29,1.3,0.029,10.0,64.0,0.9932,3.35,0.39,10.1,5,low,white,79.68900000000001,0.09662563214496354,15.625,131.16883116883116
7.1,0.21,0.32,2.2,0.037,28.0,141.0,0.993,3.2,0.57,10.0,7,medium,white,78.9,0.08998732572877058,19.858156028368796,140.84507042253523
6.9,0.36,0.34,4.2,0.018,57.0,119.0,0.9898,3.28,0.36,12.7,9,high,white,100.203,0.0688602137660549,47.89915966386555,184.05797101449272
6.0,0.28,0.34,1.6,0.119,33.0,104.0,0.9921,3.19,0.38,10.2,6,medium,white,80.47800000000001,0.07455453664355476,31.73076923076923,170.0
6.2,0.16,0.54,1.4,0.126,37.0,110.0,0.9932,3.23,0.37,8.9,6,medium,white,70.221,0.0882926759801199,33.63636363636363,143.5483870967742
6.9,0.12,0.36,2.2,0.037,18.0,111.0,0.9919,3.41,0.82,11.9,8,high,white,93.891,0.07348947183436112,16.216216216216218,172.46376811594203
7.1,0.21,0.32,2.2,0.037,28.0,141.0,0.993,3.2,0.57,10.0,7,medium,white,78.9,0.08998732572877058,19.858156028368796,140.84507042253523
8.8,0.36,0.44,1.9,0.04,9.0,121.0,0.9953,3.19,0.48,9.9,6,medium,white,78.111,0.11266018870581608,7.43801652892562,112.5
7.4,0.26,0.43,6.0,0.022,22.0,125.0,0.9928,3.13,0.55,11.5,6,medium,white,90.735,0.08155618008486251,17.599999999999998,155.4054054054054
7.4,0.26,0.43,6.0,0.022,22.0,125.0,0.9928,3.13,0.55,11.5,6,medium,white,90.735,0.08155618008486251,17.599999999999998,155.4054054054054
6.8,0.23,0.29,12.2,0.035,38.0,236.0,0.9976,3.35,0.52,9.8,6,medium,white,77.322,0.08794392281627479,16.101694915254235,144.11764705882354
6.1,0.34,0.27,2.6,0.024,20.0,105.0,0.9906,3.4,0.67,12.2,7,medium,white,96.25800000000001,0.06337135614702154,19.047619047619047,200.0
7.3,0.26,0.31,1.6,0.04,39.0,173.0,0.9918,3.19,0.51,11.4,6,medium,white,89.946,0.0811598069953083,22.54335260115607,156.16438356164383
6.5,0.3,0.32,2.0,0.044,34.0,90.0,0.99185,3.37,0.68,11.0,7,medium,white,86.79,0.07489342090102546,37.77777777777778,169.23076923076923
7.3,0.26,0.31,1.6,0.04,39.0,173.0,0.9918,3.19,0.51,11.4,6,medium,white,89.946,0.0811598069953083,22.54335260115607,156.16438356164383
6.5,0.3,0.32,2.0,0.044,34.0,90.0,0.99185,3.37,0.68,11.0,7,medium,white,86.79,0.07489342090102546,37.77777777777778,169.23076923076923
5.0,0.31,0.0,6.4,0.046,43.0,166.0,0.994,3.3,0.63,9.9,6,medium,white,78.111,0.06401147085557732,25.903614457831324,198.0
5.8,0.26,0.18,1.2,0.031,40.0,114.0,0.9908,3.42,0.4,11.0,7,medium,white,86.79,0.06682797557322272,35.08771929824561,189.6551724137931
5.9,0.26,0.3,1.0,0.036,38.0,114.0,0.9928,3.58,0.48,9.4,5,low,white,74.166,0.07955127686541004,33.33333333333333,159.32203389830508
7.0,0.31,0.29,1.4,0.037,33.0,128.0,0.9896,3.12,0.36,12.2,7,medium,white,96.25800000000001,0.07272122836543456,25.78125,174.28571428571428
5.8,0.26,0.18,1.2,0.031,40.0,114.0,0.9908,3.42,0.4,11.0,7,medium,white,86.79,0.06682797557322272,35.08771929824561,189.6551724137931
5.6,0.19,0.39,1.1,0.043,17.0,67.0,0.9918,3.23,0.53,10.3,6,medium,white,81.26700000000001,0.06890865911132439,25.37313432835821,183.92857142857147
6.8,0.18,0.28,8.7,0.047,52.0,242.0,0.9952,3.22,0.53,10.5,6,medium,white,82.845,0.08208099462852314,21.487603305785125,154.41176470588235
7.0,0.29,0.26,1.6,0.044,12.0,87.0,0.9923,3.08,0.46,10.5,6,medium,white,82.845,0.08449514152936206,13.793103448275861,150.0
6.6,0.26,0.29,1.4,0.039,13.0,67.0,0.9915,3.05,0.49,10.9,6,medium,white,86.001,0.0767432936826316,19.402985074626866,165.15151515151516
6.8,0.18,0.28,8.5,0.047,52.0,242.0,0.9952,3.22,0.53,10.5,6,medium,white,82.845,0.08208099462852314,21.487603305785125,154.41176470588235
6.6,0.2,0.38,7.9,0.052,30.0,145.0,0.9947,3.32,0.56,11.0,7,medium,white,86.79,0.07604562737642584,20.689655172413794,166.66666666666669
8.0,0.29,0.29,13.2,0.046,26.0,113.0,0.9983,3.25,0.37,9.7,6,medium,white,76.533,0.10453007199508708,23.008849557522122,121.24999999999999
6.1,0.28,0.35,12.8,0.048,63.0,229.0,0.9975,3.08,0.4,8.9,5,low,white,70.221,0.08686860056108571,27.510917030567683,145.9016393442623
5.9,0.31,0.3,7.7,0.047,60.0,206.0,0.995,3.2,0.39,9.6,6,medium,white,75.744,0.07789395859738066,29.126213592233007,162.71186440677965
6.9,0.21,0.28,2.4,0.056,49.0,159.0,0.9944,3.02,0.47,8.8,8,high,white,69.432,0.09937780850328379,30.81761006289308,127.53623188405798
8.4,0.19,0.42,1.6,0.047,9.0,101.0,0.994,3.06,0.65,11.1,4,low,white,87.57900000000001,0.09591340389819476,8.91089108910891,132.14285714285714
8.3,0.27,0.45,1.3,0.048,8.0,72.0,0.9944,3.08,0.61,10.3,4,low,white,81.26700000000001,0.10213247689714151,11.11111111111111,124.09638554216866
7.1,0.25,0.39,2.1,0.036,30.0,124.0,0.9908,3.28,0.43,12.2,8,high,white,96.25800000000001,0.07376010305636933,24.193548387096776,171.83098591549296
8.0,0.23,0.37,9.6,0.054,23.0,159.0,0.99795,3.32,0.47,9.8,4,low,white,77.322,0.10346343860738211,14.465408805031446,122.50000000000001
7.5,0.24,0.31,13.0,0.049,46.0,217.0,0.9985,3.08,0.53,8.8,5,low,white,69.432,0.10801935706878672,21.19815668202765,117.33333333333333
6.3,0.33,0.2,5.8,0.04,24.0,144.0,0.99425,3.15,0.63,9.9,5,low,white,78.111,0.08065445327802742,16.666666666666664,157.14285714285717
6.2,0.33,0.19,5.6,0.042,22.0,143.0,0.99425,3.15,0.63,9.9,5,low,white,78.111,0.07937422386091587,15.384615384615385,159.6774193548387
6.3,0.34,0.19,5.8,0.041,22.0,145.0,0.9943,3.15,0.63,9.9,5,low,white,78.111,0.08065445327802742,15.172413793103448,157.14285714285717
5.8,0.29,0.05,0.8,0.038,11.0,30.0,0.9924,3.36,0.35,9.2,5,low,white,72.58800000000001,0.0799030142723315,36.666666666666664,158.62068965517238
8.0,0.32,0.26,1.2,0.05,11.5,88.0,0.9946,3.24,0.37,9.5,4,low,white,74.955,0.1067307050897205,13.068181818181818,118.75
5.6,0.29,0.05,0.8,0.038,11.0,30.0,0.9924,3.36,0.35,9.2,5,low,white,72.58800000000001,0.07714773791811318,36.666666666666664,164.28571428571428
7.4,0.13,0.39,4.7,0.042,36.0,137.0,0.995,3.36,0.56,10.3,7,medium,white,81.26700000000001,0.0910578709685358,26.277372262773724,139.1891891891892
7.7,0.3,0.32,1.6,0.037,23.0,124.0,0.9919,2.93,0.33,11.0,6,medium,white,86.79,0.08871989860583016,18.548387096774192,142.85714285714286
7.0,0.24,0.34,1.4,0.031,27.0,107.0,0.99,3.06,0.39,11.9,6,medium,white,93.891,0.07455453664355476,25.233644859813083,170.0
8.6,0.18,0.4,1.1,0.04,20.0,107.0,0.9923,2.94,0.32,10.2,7,medium,white,80.47800000000001,0.10686150252242847,18.69158878504673,118.60465116279069
7.0,0.11,0.32,4.6,0.057,59.0,144.0,0.9956,3.55,0.44,9.4,7,medium,white,74.166,0.09438287085726614,40.97222222222222,134.2857142857143
7.7,0.32,0.62,10.6,0.036,56.0,153.0,0.9978,3.13,0.44,8.9,6,medium,white,70.221,0.10965380726563279,36.60130718954248,115.5844155844156
7.7,0.32,0.62,10.6,0.036,56.0,153.0,0.9978,3.13,0.44,8.9,6,medium,white,70.221,0.10965380726563279,36.60130718954248,115.5844155844156
6.5,0.26,0.27,12.9,0.044,69.0,215.0,0.9967,3.17,0.43,10.0,6,medium,white,78.9,0.082382762991128,32.093023255813954,153.84615384615387
7.9,0.28,0.41,2.0,0.044,50.0,152.0,0.9934,3.45,0.49,10.7,8,high,white,84.423,0.09357639505821873,32.89473684210527,135.44303797468353
6.3,0.27,0.23,2.9,0.047,13.0,100.0,0.9936,3.28,0.43,9.8,5,low,white,77.322,0.08147745790331341,13.0,155.55555555555557
5.4,0.595,0.1,2.8,0.042,26.0,80.0,0.9932,3.36,0.38,9.3,5,low,white,73.37700000000001,0.0735925426223476,32.5,172.22222222222223
6.7,0.25,0.33,2.9,0.057,52.0,173.0,0.9934,3.02,0.48,9.5,7,medium,white,74.955,0.08938696551264093,30.057803468208093,141.79104477611938
6.5,0.25,0.35,12.0,0.055,47.0,179.0,0.998,3.58,0.47,10.0,5,low,white,78.9,0.082382762991128,26.256983240223462,153.84615384615387
6.1,0.36,0.58,15.0,0.044,42.0,115.0,0.9978,3.15,0.51,9.0,5,low,white,71.01,0.08590339388818476,36.52173913043478,147.54098360655738
7.7,0.17,0.52,5.9,0.017,21.0,84.0,0.9929,3.14,0.4,11.9,7,medium,white,93.891,0.08200999030791023,25.0,154.54545454545453
6.4,0.26,0.43,12.6,0.033,64.0,230.0,0.9974,3.08,0.38,8.9,5,low,white,70.221,0.09114082681818829,27.82608695652174,139.0625
6.5,0.26,0.28,12.5,0.046,80.0,225.0,0.99685,3.18,0.41,10.0,6,medium,white,78.9,0.082382762991128,35.55555555555556,153.84615384615387
5.9,0.29,0.33,7.4,0.037,58.0,205.0,0.99495,3.26,0.41,9.6,5,low,white,75.744,0.07789395859738066,28.292682926829265,162.71186440677965
6.2,0.28,0.43,13.0,0.039,64.0,233.0,0.99745,3.08,0.38,8.9,5,low,white,70.221,0.0882926759801199,27.467811158798284,143.5483870967742
6.1,0.27,0.44,6.7,0.041,61.0,230.0,0.99505,3.12,0.4,8.9,5,low,white,70.221,0.08686860056108571,26.521739130434785,145.9016393442623
6.4,0.43,0.32,1.4,0.048,10.0,67.0,0.992,3.08,0.41,11.4,5,low,white,89.946,0.071153803393147,14.925373134328357,178.125
6.1,0.36,0.58,15.0,0.044,42.0,115.0,0.9978,3.15,0.51,9.0,5,low,white,71.01,0.08590339388818476,36.52173913043478,147.54098360655738
6.2,0.35,0.29,7.3,0.044,56.0,244.0,0.9956,3.36,0.55,10.0,6,medium,white,78.9,0.07858048162230671,22.950819672131146,161.29032258064515
7.7,0.24,0.29,15.3,0.044,39.0,194.0,0.9982,3.06,0.47,9.6,7,medium,white,75.744,0.10165821715251373,20.103092783505154,124.67532467532467
6.2,0.34,0.28,7.5,0.034,40.0,197.0,0.99485,3.14,0.6,9.7,5,low,white,76.533,0.08101080579619249,20.304568527918782,156.4516129032258
6.3,0.27,0.46,11.75,0.037,61.0,212.0,0.9971,3.25,0.53,9.5,6,medium,white,74.955,0.0840504302581549,28.77358490566038,150.79365079365078
5.4,0.415,0.19,1.6,0.039,27.0,88.0,0.99265,3.54,0.41,10.0,7,medium,white,78.9,0.06844106463878327,30.681818181818183,185.18518518518516
6.9,0.48,0.36,3.5,0.03,31.0,135.0,0.9904,3.14,0.38,12.2,7,medium,white,96.25800000000001,0.07168235367449978,22.962962962962962,176.81159420289853
6.5,0.18,0.33,8.0,0.051,16.0,131.0,0.9965,3.28,0.44,8.7,7,medium,white,68.643,0.09469283102428507,12.213740458015266,133.84615384615384
6.7,0.15,0.29,5.0,0.058,28.0,105.0,0.9946,3.52,0.44,10.2,7,medium,white,80.47800000000001,0.08325256591863614,26.666666666666668,152.23880597014926
8.2,0.345,1.0,18.2,0.047,55.0,205.0,0.99965,2.96,0.43,9.6,5,low,white,75.744,0.10825940008449514,26.82926829268293,117.07317073170734
8.5,0.16,0.35,1.6,0.039,24.0,147.0,0.9935,2.96,0.36,10.0,5,low,white,78.9,0.10773130544993662,16.3265306122449,117.64705882352942
6.8,0.705,0.25,3.2,0.048,10.0,57.0,0.996,3.36,0.52,9.5,4,low,white,74.955,0.09072109932626242,17.543859649122805,139.7058823529412
7.3,0.25,0.39,6.4,0.034,8.0,84.0,0.9942,3.18,0.46,11.5,5,low,white,90.735,0.08045406954317517,9.523809523809524,157.53424657534248
7.6,0.345,0.26,1.9,0.043,15.0,134.0,0.9936,3.08,0.38,9.5,5,low,white,74.955,0.10139416983523447,11.194029850746269,125.0
7.6,0.22,0.34,9.7,0.035,26.0,143.0,0.9965,3.08,0.49,9.8,6,medium,white,77.322,0.098290266677013,18.181818181818183,128.94736842105266
6.5,0.17,0.33,1.4,0.028,14.0,99.0,0.9928,3.23,0.55,10.1,6,medium,white,79.68900000000001,0.08156709207042377,14.14141414141414,155.3846153846154
8.2,0.23,0.37,1.3,0.042,39.0,117.0,0.9928,2.99,0.36,10.0,5,low,white,78.9,0.10392902408111532,33.33333333333333,121.95121951219514
7.6,0.22,0.34,9.7,0.035,26.0,143.0,0.9965,3.08,0.49,9.8,6,medium,white,77.322,0.098290266677013,18.181818181818183,128.94736842105266
7.6,0.345,0.26,1.9,0.043,15.0,134.0,0.9936,3.08,0.38,9.5,5,low,white,74.955,0.10139416983523447,11.194029850746269,125.0
7.5,0.32,0.26,1.8,0.042,13.0,133.0,0.9938,3.07,0.38,9.5,5,low,white,74.955,0.10006003602161297,9.774436090225564,126.66666666666666
6.6,0.23,0.32,0.9,0.041,25.0,79.0,0.9926,3.39,0.54,10.2,7,medium,white,80.47800000000001,0.08200999030791023,31.645569620253166,154.54545454545453
6.6,0.2,0.32,1.1,0.039,25.0,78.0,0.9926,3.39,0.54,10.2,7,medium,white,80.47800000000001,0.08200999030791023,32.05128205128205,154.54545454545453
7.3,0.24,0.34,15.4,0.05,38.0,174.0,0.9983,3.03,0.42,9.0,6,medium,white,71.01,0.10280242219405716,21.839080459770116,123.28767123287672
7.3,0.24,0.34,15.4,0.05,38.0,174.0,0.9983,3.03,0.42,9.0,6,medium,white,71.01,0.10280242219405716,21.839080459770116,123.28767123287672
8.0,0.42,0.36,5.0,0.037,34.0,101.0,0.992,3.13,0.57,12.3,7,medium,white,97.04700000000001,0.08243428441888981,33.663366336633665,153.75
7.3,0.24,0.34,15.4,0.05,38.0,174.0,0.9983,3.03,0.42,9.0,6,medium,white,71.01,0.10280242219405716,21.839080459770116,123.28767123287672
6.1,0.19,0.25,4.0,0.023,23.0,112.0,0.9923,3.37,0.51,11.6,6,medium,white,91.524,0.0666491849132468,20.535714285714285,190.16393442622953
5.9,0.26,0.21,12.5,0.034,36.0,152.0,0.9972,3.28,0.43,9.5,6,medium,white,74.955,0.07871389500366888,23.684210526315788,161.01694915254237
8.3,0.23,0.43,3.2,0.035,14.0,101.0,0.9928,3.15,0.36,11.5,5,low,white,90.735,0.0914751749600485,13.861386138613863,138.55421686746988
6.5,0.34,0.28,1.8,0.041,43.0,188.0,0.9928,3.13,0.37,9.6,6,medium,white,75.744,0.08581537811575835,22.872340425531913,147.69230769230768
6.8,0.22,0.35,17.5,0.039,38.0,153.0,0.9994,3.24,0.42,9.0,6,medium,white,71.01,0.09576116039994366,24.836601307189543,132.35294117647058
6.5,0.08,0.33,1.9,0.028,23.0,93.0,0.991,3.34,0.7,12.0,7,medium,white,94.68,0.06865230249260668,24.731182795698924,184.6153846153846
5.5,0.42,0.09,1.6,0.019,18.0,68.0,0.9906,3.33,0.51,11.4,7,medium,white,89.946,0.0611477997909857,26.47058823529412,207.27272727272728
5.1,0.42,0.01,1.5,0.017,25.0,102.0,0.9894,3.38,0.36,12.3,7,medium,white,97.04700000000001,0.05255185631704225,24.509803921568626,241.17647058823533
6.0,0.27,0.19,1.7,0.02,24.0,110.0,0.9898,3.32,0.47,12.6,7,medium,white,99.414,0.0603536725209729,21.818181818181817,210.0
6.8,0.22,0.35,17.5,0.039,38.0,153.0,0.9994,3.24,0.42,9.0,6,medium,white,71.01,0.09576116039994366,24.836601307189543,132.35294117647058
6.5,0.08,0.33,1.9,0.028,23.0,93.0,0.991,3.34,0.7,12.0,7,medium,white,94.68,0.06865230249260668,24.731182795698924,184.6153846153846
7.1,0.13,0.38,1.8,0.046,14.0,114.0,0.9925,3.32,0.9,11.7,6,medium,white,92.313,0.07691224421262444,12.280701754385964,164.7887323943662
7.6,0.3,0.25,4.3,0.054,22.0,111.0,0.9956,3.12,0.49,9.2,5,low,white,72.58800000000001,0.10470050146029646,19.81981981981982,121.05263157894737
6.6,0.13,0.3,4.9,0.058,47.0,131.0,0.9946,3.51,0.45,10.3,6,medium,white,81.26700000000001,0.08121377680977516,35.87786259541985,156.0606060606061
6.5,0.14,0.33,7.6,0.05,53.0,189.0,0.9966,3.25,0.49,8.6,5,low,white,67.854,0.09579391045480001,28.04232804232804,132.3076923076923
7.7,0.28,0.33,6.7,0.037,32.0,155.0,0.9951,3.39,0.62,10.7,7,medium,white,84.423,0.09120737239851699,20.64516129032258,138.96103896103895
6.0,0.2,0.71,1.6,0.15,10.0,54.0,0.9927,3.12,0.47,9.8,5,low,white,77.322,0.07759757895553658,18.51851851851852,163.33333333333334
6.0,0.19,0.71,1.5,0.152,9.0,55.0,0.9927,3.12,0.46,9.8,6,medium,white,77.322,0.07759757895553658,16.363636363636363,163.33333333333334
7.7,0.28,0.33,6.7,0.037,32.0,155.0,0.9951,3.39,0.62,10.7,7,medium,white,84.423,0.09120737239851699,20.64516129032258,138.96103896103895
5.1,0.39,0.21,1.7,0.027,15.0,72.0,0.9894,3.5,0.45,12.5,6,medium,white,98.625,0.05171102661596958,20.833333333333336,245.0980392156863
5.7,0.36,0.34,4.2,0.026,21.0,77.0,0.9907,3.41,0.45,11.9,6,medium,white,93.891,0.06070869412403745,27.27272727272727,208.7719298245614
6.9,0.19,0.33,1.6,0.043,63.0,149.0,0.9925,3.44,0.52,10.8,5,low,white,85.212,0.0809745106323053,42.281879194630875,156.52173913043478
6.0,0.41,0.21,1.9,0.05,29.0,122.0,0.9928,3.42,0.52,10.5,6,medium,white,82.845,0.07242440702516749,23.770491803278688,175.0
7.4,0.28,0.3,5.3,0.054,44.0,161.0,0.9941,3.12,0.48,10.3,6,medium,white,81.26700000000001,0.0910578709685358,27.32919254658385,139.1891891891892
7.4,0.3,0.3,5.2,0.053,45.0,163.0,0.9941,3.12,0.45,10.3,6,medium,white,81.26700000000001,0.0910578709685358,27.607361963190186,139.1891891891892
6.9,0.19,0.33,1.6,0.043,63.0,149.0,0.9925,3.44,0.52,10.8,5,low,white,85.212,0.0809745106323053,42.281879194630875,156.52173913043478
7.7,0.28,0.39,8.9,0.036,8.0,117.0,0.9935,3.06,0.38,12.0,7,medium,white,94.68,0.08132657372201098,6.837606837606838,155.84415584415586
8.6,0.16,0.38,3.4,0.04,41.0,143.0,0.9932,2.95,0.39,10.2,6,medium,white,80.47800000000001,0.10686150252242847,28.671328671328673,118.60465116279069
8.2,0.26,0.44,1.3,0.046,7.0,69.0,0.9944,3.14,0.62,10.2,4,low,white,80.47800000000001,0.10189120007952482,10.144927536231885,124.39024390243902
6.5,0.25,0.27,15.2,0.049,75.0,217.0,0.9972,3.19,0.39,9.9,5,low,white,78.111,0.08321491211225052,34.56221198156682,152.30769230769232
7.0,0.24,0.18,1.3,0.046,9.0,62.0,0.994,3.38,0.47,10.1,4,low,white,79.68900000000001,0.08784148376814867,14.516129032258066,144.28571428571428
8.6,0.18,0.36,1.8,0.04,24.0,187.0,0.9956,3.25,0.55,9.5,6,medium,white,74.955,0.11473550797144953,12.834224598930483,110.46511627906976
7.8,0.27,0.34,1.6,0.046,27.0,154.0,0.9927,3.05,0.45,10.5,6,medium,white,82.845,0.09415172913271773,17.532467532467532,134.6153846153846
6.0,0.26,0.34,1.3,0.046,6.0,29.0,0.9924,3.29,0.63,10.4,5,low,white,82.056,0.07312079555425563,20.689655172413794,173.33333333333334
6.1,0.24,0.27,9.8,0.062,33.0,152.0,0.9966,3.31,0.47,9.5,6,medium,white,74.955,0.08138216263091187,21.710526315789476,155.73770491803282
8.0,0.24,0.3,17.45,0.056,43.0,184.0,0.9997,3.05,0.5,9.2,6,medium,white,72.58800000000001,0.11021105416873311,23.369565217391305,114.99999999999999
7.6,0.21,0.6,2.1,0.046,47.0,165.0,0.9936,3.05,0.54,10.1,7,medium,white,79.68900000000001,0.09537075380541855,28.484848484848484,132.89473684210526
8.0,0.19,0.36,1.8,0.05,16.0,84.0,0.9936,3.15,0.45,9.8,7,medium,white,77.322,0.10346343860738211,19.047619047619047,122.50000000000001
6.4,0.28,0.41,6.8,0.045,61.0,216.0,0.9952,3.09,0.46,9.4,5,low,white,74.166,0.0862929104980719,28.240740740740737,146.875
6.4,0.28,0.43,7.1,0.045,60.0,221.0,0.9952,3.09,0.45,9.4,6,medium,white,74.166,0.0862929104980719,27.149321266968325,146.875
6.9,0.24,0.39,1.3,0.063,18.0,136.0,0.9928,3.31,0.48,10.4,7,medium,white,82.056,0.08408891488739398,13.23529411764706,150.72463768115944
5.8,0.36,0.26,3.3,0.038,40.0,153.0,0.9911,3.34,0.55,11.3,6,medium,white,89.15700000000001,0.06505378153145573,26.143790849673206,194.82758620689657
6.6,0.18,0.28,3.3,0.044,18.0,91.0,0.993,3.42,0.64,10.8,6,medium,white,85.212,0.07745387973524855,19.78021978021978,163.63636363636365
5.8,0.36,0.26,3.3,0.038,40.0,153.0,0.9911,3.34,0.55,11.3,6,medium,white,89.15700000000001,0.06505378153145573,26.143790849673206,194.82758620689657
5.1,0.52,0.06,2.7,0.052,30.0,79.0,0.9932,3.32,0.43,9.3,5,low,white,73.37700000000001,0.06950406803221716,37.9746835443038,182.3529411764706
6.6,0.22,0.37,1.2,0.059,45.0,199.0,0.993,3.37,0.55,10.3,7,medium,white,81.26700000000001,0.08121377680977516,22.613065326633166,156.0606060606061
8.3,0.15,0.39,1.3,0.055,32.0,146.0,0.993,3.08,0.39,10.5,6,medium,white,82.845,0.10018709638481503,21.91780821917808,126.50602409638554
7.6,0.16,0.44,1.4,0.043,25.0,109.0,0.9932,3.11,0.75,10.3,6,medium,white,81.26700000000001,0.09351889450822595,22.93577981651376,135.5263157894737
7.7,0.16,0.41,1.7,0.048,60.0,173.0,0.9932,3.24,0.66,11.2,7,medium,white,88.36800000000001,0.08713561470215461,34.68208092485549,145.45454545454544
8.3,0.16,0.48,1.7,0.057,31.0,98.0,0.9943,3.15,0.41,10.3,6,medium,white,81.26700000000001,0.10213247689714151,31.63265306122449,124.09638554216866
6.2,0.25,0.47,11.6,0.048,62.0,210.0,0.9968,3.19,0.5,9.5,5,low,white,74.955,0.08271629644453339,29.523809523809526,153.2258064516129
6.1,0.16,0.27,12.6,0.064,63.0,162.0,0.9994,3.66,0.43,8.9,5,low,white,70.221,0.08686860056108571,38.88888888888889,145.9016393442623
7.6,0.39,0.22,2.8,0.036,19.0,113.0,0.9926,3.03,0.29,10.2,5,low,white,80.47800000000001,0.09443574641516934,16.8141592920354,134.21052631578948
6.8,0.37,0.47,11.2,0.071,44.0,136.0,0.9968,2.98,0.88,9.2,5,low,white,72.58800000000001,0.09367939604342314,32.35294117647059,135.2941176470588
7.6,0.16,0.44,1.4,0.043,25.0,109.0,0.9932,3.11,0.75,10.3,6,medium,white,81.26700000000001,0.09351889450822595,22.93577981651376,135.5263157894737
7.1,0.18,0.42,1.4,0.045,47.0,157.0,0.9916,2.95,0.31,10.5,6,medium,white,82.845,0.08570221497978152,29.936305732484076,147.88732394366198
8.3,0.14,0.26,1.5,0.049,56.0,189.0,0.9946,3.21,0.62,9.5,6,medium,white,74.955,0.11073310653058503,29.629629629629626,114.45783132530119
8.6,0.2,0.42,1.5,0.041,35.0,125.0,0.9925,3.11,0.49,11.4,7,medium,white,89.946,0.09561292330954128,28.000000000000004,132.55813953488374
8.6,0.2,0.42,1.5,0.041,35.0,125.0,0.9925,3.11,0.49,11.4,7,medium,white,89.946,0.09561292330954128,28.000000000000004,132.55813953488374
6.8,0.19,0.32,7.05,0.019,54.0,188.0,0.9935,3.25,0.37,11.1,8,high,white,87.57900000000001,0.07764418410806243,28.723404255319153,163.23529411764704
7.6,0.19,0.38,10.6,0.06,48.0,174.0,0.9962,3.13,0.38,10.5,6,medium,white,82.845,0.0917375822318788,27.586206896551722,138.1578947368421
6.8,0.34,0.74,2.8,0.088,23.0,185.0,0.9928,3.51,0.7,12.0,6,medium,white,94.68,0.07182087029995775,12.432432432432433,176.47058823529412
6.2,0.15,0.46,1.6,0.039,38.0,123.0,0.993,3.38,0.51,9.7,6,medium,white,76.533,0.08101080579619249,30.89430894308943,156.4516129032258
6.6,0.14,0.44,1.6,0.042,47.0,140.0,0.993,3.32,0.51,10.2,6,medium,white,80.47800000000001,0.08200999030791023,33.57142857142857,154.54545454545453
8.0,0.55,0.17,8.2,0.04,13.0,60.0,0.9956,3.09,0.3,9.5,4,low,white,74.955,0.1067307050897205,21.666666666666668,118.75
7.0,0.24,0.35,1.5,0.052,51.0,128.0,0.9941,3.41,0.59,10.4,7,medium,white,82.056,0.08530759481329823,39.84375,148.57142857142858
6.3,0.6,0.44,11.0,0.05,50.0,245.0,0.9972,3.19,0.57,9.3,4,low,white,73.37700000000001,0.08585796639273885,20.408163265306122,147.61904761904762
7.1,0.2,0.41,2.1,0.054,24.0,166.0,0.9948,3.48,0.62,10.5,6,medium,white,82.845,0.08570221497978152,14.457831325301203,147.88732394366198
6.2,0.34,0.29,7.6,0.047,45.0,232.0,0.9955,3.35,0.62,10.0,6,medium,white,78.9,0.07858048162230671,19.396551724137932,161.29032258064515
7.1,0.3,0.36,6.8,0.055,44.5,234.0,0.9972,3.49,0.64,10.2,6,medium,white,80.47800000000001,0.08822286836153978,19.017094017094017,143.6619718309859
7.1,0.3,0.36,6.8,0.055,44.5,234.0,0.9972,3.49,0.64,10.2,6,medium,white,80.47800000000001,0.08822286836153978,19.017094017094017,143.6619718309859
7.9,0.64,0.46,10.6,0.244,33.0,227.0,0.9983,2.87,0.74,9.1,3,low,white,71.799,0.11002938759592751,14.537444933920703,115.18987341772151
8.8,0.17,0.38,1.8,0.04,39.0,148.0,0.9942,3.16,0.67,10.2,6,medium,white,80.47800000000001,0.1093466537438803,26.351351351351347,115.90909090909089
7.5,0.17,0.37,1.5,0.06,18.0,75.0,0.9936,3.54,0.88,10.7,5,low,white,84.423,0.08883834973881526,24.0,142.66666666666666
7.1,0.47,0.24,6.0,0.044,11.0,77.0,0.9956,3.21,0.56,9.7,5,low,white,76.533,0.09277043889563978,14.285714285714285,136.61971830985914
7.1,0.15,0.34,5.3,0.034,33.0,104.0,0.9953,3.37,0.52,9.3,7,medium,white,73.37700000000001,0.09676056529975331,31.73076923076923,130.98591549295776
7.5,0.17,0.34,1.4,0.035,13.0,102.0,0.9918,3.05,0.74,11.0,5,low,white,86.79,0.08641548565502938,12.745098039215685,146.66666666666666
8.2,0.68,0.3,2.1,0.047,17.0,138.0,0.995,3.22,0.71,10.8,4,low,white,85.212,0.09623057785288455,12.318840579710146,131.70731707317077
7.7,0.275,0.3,1.0,0.039,19.0,75.0,0.992,3.01,0.56,10.7,5,low,white,84.423,0.09120737239851699,25.333333333333336,138.96103896103895
7.3,0.49,0.32,5.2,0.043,18.0,104.0,0.9952,3.24,0.45,10.7,4,low,white,84.423,0.0864693270791135,17.307692307692307,146.5753424657534
7.5,0.33,0.48,19.45,0.048,55.0,243.0,1.001,2.95,0.4,8.8,5,low,white,69.432,0.10801935706878672,22.633744855967077,117.33333333333333
7.2,0.21,0.37,1.6,0.049,23.0,94.0,0.9924,3.16,0.48,10.9,7,medium,white,86.001,0.08371995674468902,24.46808510638298,151.38888888888889
7.3,0.15,0.4,2.0,0.05,24.0,92.0,0.9932,3.14,0.45,10.5,5,low,white,82.845,0.08811636188062043,26.08695652173913,143.83561643835617
6.5,0.19,0.1,1.3,0.046,23.0,107.0,0.9937,3.29,0.45,10.0,5,low,white,78.9,0.082382762991128,21.49532710280374,153.84615384615387
7.0,0.31,0.52,1.7,0.029,5.0,61.0,0.9918,3.07,0.43,10.4,5,low,white,82.056,0.08530759481329823,8.19672131147541,148.57142857142858
8.3,0.4,0.38,1.1,0.038,15.0,75.0,0.9934,3.03,0.43,9.2,5,low,white,72.58800000000001,0.11434396870006061,20.0,110.84337349397589
6.1,0.37,0.36,4.7,0.035,36.0,116.0,0.991,3.31,0.62,12.6,6,medium,white,99.414,0.06135956706298911,31.03448275862069,206.55737704918033
7.3,0.24,0.34,7.5,0.048,29.0,152.0,0.9962,3.1,0.54,9.0,5,low,white,71.01,0.10280242219405716,19.078947368421055,123.28767123287672
6.9,0.21,0.81,1.1,0.137,52.0,123.0,0.9932,3.03,0.39,9.2,6,medium,white,72.58800000000001,0.09505703422053231,42.27642276422765,133.33333333333331
7.6,0.29,0.42,1.3,0.035,18.0,86.0,0.9908,2.99,0.39,11.3,5,low,white,89.15700000000001,0.08524288614466613,20.930232558139537,148.6842105263158
9.4,0.29,0.55,2.2,0.05,17.0,119.0,0.9962,3.12,0.69,10.3,4,low,white,81.26700000000001,0.11566810636543738,14.285714285714285,109.57446808510637
7.0,0.31,0.52,1.7,0.029,5.0,61.0,0.9918,3.07,0.43,10.4,5,low,white,82.056,0.08530759481329823,8.19672131147541,148.57142857142858
8.6,0.26,0.41,2.2,0.049,29.0,111.0,0.9941,2.96,0.44,10.0,5,low,white,78.9,0.10899873257287705,26.126126126126124,116.27906976744187
7.5,0.21,0.34,1.2,0.06,26.0,111.0,0.9931,3.51,0.47,10.7,6,medium,white,84.423,0.08883834973881526,23.423423423423422,142.66666666666666
7.2,0.51,0.24,10.0,0.093,35.0,197.0,0.9981,3.41,0.47,9.0,5,low,white,71.01,0.10139416983523447,17.766497461928935,125.0
7.5,0.21,0.34,1.2,0.06,26.0,111.0,0.9931,3.51,0.47,10.7,6,medium,white,84.423,0.08883834973881526,23.423423423423422,142.66666666666666
5.3,0.3,0.2,1.1,0.077,48.0,166.0,0.9944,3.3,0.54,8.7,4,low,white,68.643,0.07721107760441705,28.915662650602407,164.1509433962264
8.0,0.26,0.36,2.0,0.054,30.0,121.0,0.992,3.09,0.72,11.6,7,medium,white,91.524,0.08740876709934006,24.793388429752067,145.0
7.0,0.21,0.28,7.5,0.07,45.0,185.0,0.9966,3.34,0.55,9.4,5,low,white,74.166,0.09438287085726614,24.324324324324326,134.2857142857143
6.7,0.26,0.26,4.0,0.079,35.5,216.0,0.9956,3.31,0.68,9.5,5,low,white,74.955,0.08938696551264093,16.435185185185187,141.79104477611938
6.7,0.26,0.26,4.1,0.073,36.0,202.0,0.9956,3.3,0.67,9.5,5,low,white,74.955,0.08938696551264093,17.82178217821782,141.79104477611938
8.1,0.26,0.37,1.9,0.072,48.0,159.0,0.9949,3.37,0.7,10.9,6,medium,white,86.001,0.09418495133777513,30.18867924528302,134.56790123456793
8.3,0.22,0.38,14.8,0.054,32.0,126.0,1.0002,3.22,0.5,9.7,5,low,white,76.533,0.10844994969490286,25.396825396825395,116.86746987951805
6.4,0.3,0.51,5.5,0.048,62.0,172.0,0.9942,3.08,0.45,9.1,6,medium,white,71.799,0.08913773172328306,36.04651162790697,142.18749999999997
7.5,0.19,0.34,2.6,0.037,33.0,125.0,0.9923,3.1,0.49,11.1,7,medium,white,87.57900000000001,0.08563696776624533,26.400000000000002,148.0
8.8,0.33,0.44,6.35,0.024,9.0,87.0,0.9917,2.96,0.4,12.6,7,medium,white,99.414,0.08851871969742693,10.344827586206897,143.18181818181816
6.9,0.2,0.36,1.5,0.031,38.0,147.0,0.9931,3.35,0.56,11.0,6,medium,white,86.79,0.07950224680262703,25.850340136054424,159.42028985507247
8.0,0.37,0.32,1.6,0.04,32.0,166.0,0.992,3.0,0.55,11.3,7,medium,white,89.15700000000001,0.08972935383649068,19.27710843373494,141.25
8.3,0.22,0.38,14.8,0.054,32.0,126.0,1.0002,3.22,0.5,9.7,5,low,white,76.533,0.10844994969490286,25.396825396825395,116.86746987951805
8.2,0.29,0.33,9.1,0.036,28.0,118.0,0.9953,2.96,0.4,10.9,7,medium,white,86.001,0.0953477285147847,23.728813559322035,132.9268292682927
7.7,0.34,0.3,8.0,0.048,25.0,192.0,0.9951,2.97,0.47,10.9,5,low,white,86.001,0.08953384262973686,13.020833333333334,141.55844155844156
6.2,0.55,0.45,12.0,0.049,27.0,186.0,0.9974,3.17,0.5,9.3,6,medium,white,73.37700000000001,0.08449514152936205,14.516129032258066,150.0
6.4,0.4,0.19,3.2,0.033,28.0,124.0,0.9904,3.22,0.54,12.7,7,medium,white,100.203,0.0638703432032973,22.58064516129032,198.43749999999997
7.5,0.28,0.33,7.7,0.048,42.0,180.0,0.9974,3.37,0.59,10.1,6,medium,white,79.68900000000001,0.09411587546587358,23.333333333333332,134.66666666666666
7.8,0.26,0.44,1.3,0.037,43.0,132.0,0.9944,3.18,0.65,10.0,5,low,white,78.9,0.0988593155893536,32.57575757575758,128.2051282051282
6.5,0.26,0.34,16.3,0.051,56.0,197.0,1.0004,3.49,0.42,9.8,5,low,white,77.322,0.08406404386849797,28.426395939086298,150.7692307692308
6.3,0.34,0.29,6.2,0.046,29.0,227.0,0.9952,3.29,0.53,10.1,6,medium,white,79.68900000000001,0.0790573353913338,12.77533039647577,160.31746031746033
6.8,0.15,0.33,4.7,0.059,31.0,118.0,0.9956,3.43,0.39,9.0,7,medium,white,71.01,0.09576116039994366,26.27118644067797,132.35294117647058
6.3,0.27,0.25,5.8,0.038,52.0,155.0,0.995,3.28,0.38,9.4,6,medium,white,74.166,0.08494458377153952,33.5483870967742,149.20634920634922
6.3,0.27,0.25,5.8,0.038,52.0,155.0,0.995,3.28,0.38,9.4,6,medium,white,74.166,0.08494458377153952,33.5483870967742,149.20634920634922
7.4,0.2,0.37,16.95,0.048,43.0,190.0,0.9995,3.03,0.42,9.2,6,medium,white,72.58800000000001,0.10194522510607813,22.63157894736842,124.3243243243243
6.3,0.23,0.21,5.1,0.035,29.0,142.0,0.9942,3.36,0.33,10.1,7,medium,white,79.68900000000001,0.0790573353913338,20.422535211267608,160.31746031746033
7.3,0.31,0.69,10.2,0.041,58.0,160.0,0.9977,3.06,0.45,8.6,5,low,white,67.854,0.10758393020308309,36.25,117.8082191780822
5.2,0.24,0.45,3.8,0.027,21.0,128.0,0.992,3.55,0.49,11.2,8,high,white,88.36800000000001,0.058844830707948576,16.40625,215.3846153846154
7.0,0.24,0.32,1.3,0.037,39.0,123.0,0.992,3.17,0.42,11.2,8,high,white,88.36800000000001,0.07921419518377693,31.70731707317073,160.0
7.4,0.2,0.37,16.95,0.048,43.0,190.0,0.9995,3.03,0.42,9.2,6,medium,white,72.58800000000001,0.10194522510607813,22.63157894736842,124.3243243243243
7.0,0.17,0.33,4.0,0.034,17.0,127.0,0.9934,3.19,0.39,10.6,7,medium,white,83.634,0.08369801755266996,13.385826771653544,151.42857142857142
8.3,0.21,0.58,17.1,0.049,62.0,213.0,1.0006,3.01,0.51,9.3,6,medium,white,73.37700000000001,0.11311446366027501,29.107981220657276,112.04819277108433
7.2,0.21,0.35,14.5,0.048,35.0,178.0,0.9982,3.05,0.47,8.9,6,medium,white,70.221,0.10253343017046182,19.662921348314608,123.61111111111111
7.1,0.21,0.4,1.2,0.069,24.0,156.0,0.9928,3.42,0.43,10.6,6,medium,white,83.634,0.0848937035177081,15.384615384615385,149.29577464788733
8.4,0.17,0.31,6.7,0.038,29.0,132.0,0.9945,3.1,0.32,10.6,7,medium,white,83.634,0.10043762106320396,21.96969696969697,126.19047619047619
7.4,0.24,0.31,8.4,0.045,52.0,183.0,0.9963,3.09,0.32,8.8,5,low,white,69.432,0.10657909897453624,28.415300546448087,118.91891891891892
5.3,0.24,0.33,1.3,0.033,25.0,97.0,0.9906,3.59,0.38,11.0,8,high,white,86.79,0.06106694319622075,25.773195876288657,207.54716981132074
6.5,0.28,0.26,8.8,0.04,44.0,139.0,0.9956,3.32,0.37,10.2,6,medium,white,80.47800000000001,0.08076741469718432,31.654676258992804,156.92307692307693
6.3,0.23,0.21,5.1,0.035,29.0,142.0,0.9942,3.36,0.33,10.1,7,medium,white,79.68900000000001,0.0790573353913338,20.422535211267608,160.31746031746033
6.5,0.29,0.25,10.6,0.039,32.0,120.0,0.9962,3.31,0.34,10.1,6,medium,white,79.68900000000001,0.08156709207042377,26.666666666666668,155.3846153846154
5.8,0.29,0.21,2.6,0.025,12.0,120.0,0.9894,3.39,0.79,14.0,7,medium,white,110.46000000000001,0.05250769509324642,10.0,241.3793103448276
6.3,0.27,0.25,5.8,0.038,52.0,155.0,0.995,3.28,0.38,9.4,6,medium,white,74.166,0.08494458377153952,33.5483870967742,149.20634920634922
6.3,0.17,0.42,2.8,0.028,45.0,107.0,0.9908,3.27,0.43,11.8,6,medium,white,93.102,0.06766771927563317,42.05607476635514,187.30158730158732
6.3,0.16,0.4,1.6,0.033,59.0,148.0,0.9914,3.44,0.53,11.4,5,low,white,89.946,0.07004202521512908,39.86486486486486,180.95238095238096
7.9,0.29,0.39,6.7,0.036,6.0,117.0,0.9938,3.12,0.42,10.7,5,low,white,84.423,0.09357639505821873,5.128205128205128,135.44303797468353
7.3,0.31,0.69,10.2,0.041,58.0,160.0,0.9977,3.06,0.45,8.6,5,low,white,67.854,0.10758393020308309,36.25,117.8082191780822
5.5,0.32,0.45,4.9,0.028,25.0,191.0,0.9922,3.51,0.49,11.5,7,medium,white,90.735,0.060616079792803215,13.089005235602095,209.0909090909091
5.2,0.24,0.45,3.8,0.027,21.0,128.0,0.992,3.55,0.49,11.2,8,high,white,88.36800000000001,0.058844830707948576,16.40625,215.3846153846154
7.2,0.37,0.15,2.0,0.029,27.0,87.0,0.9903,3.3,0.59,12.6,7,medium,white,99.414,0.07242440702516748,31.03448275862069,175.0
6.1,0.29,0.27,1.7,0.024,13.0,76.0,0.9893,3.21,0.51,12.6,7,medium,white,99.414,0.06135956706298911,17.105263157894736,206.55737704918033
9.2,0.22,0.4,2.4,0.054,18.0,151.0,0.9952,3.04,0.46,9.3,4,low,white,73.37700000000001,0.12537988743066625,11.920529801324504,101.08695652173914
7.2,0.37,0.15,2.0,0.029,27.0,87.0,0.9903,3.3,0.59,12.6,7,medium,white,99.414,0.07242440702516748,31.03448275862069,175.0
8.0,0.18,0.37,1.3,0.04,15.0,96.0,0.9912,3.06,0.61,12.1,6,medium,white,95.46900000000001,0.08379683457457394,15.625,151.25
6.5,0.22,0.34,12.0,0.053,55.0,177.0,0.9983,3.52,0.44,9.9,6,medium,white,78.111,0.08321491211225052,31.07344632768362,152.30769230769232
7.4,0.18,0.4,1.6,0.047,22.0,102.0,0.9937,3.28,0.44,10.7,5,low,white,84.423,0.08765383840896439,21.568627450980394,144.59459459459458
6.5,0.52,0.17,1.4,0.047,5.0,26.0,0.9932,3.26,0.32,10.0,4,low,white,78.9,0.082382762991128,19.230769230769234,153.84615384615387
7.0,0.15,0.38,2.2,0.047,33.0,96.0,0.9928,3.13,0.39,10.4,8,high,white,82.056,0.08530759481329823,34.375,148.57142857142858
5.9,0.415,0.13,1.4,0.04,11.0,64.0,0.9922,3.29,0.52,10.5,5,low,white,82.845,0.07121733357474803,17.1875,177.96610169491524
8.1,0.45,0.34,8.3,0.037,33.0,216.0,0.9976,3.31,0.64,9.7,5,low,white,76.533,0.10583669789502567,15.277777777777779,119.75308641975309
5.8,0.415,0.13,1.4,0.04,11.0,64.0,0.9922,3.29,0.52,10.5,5,low,white,82.845,0.07001026012432857,17.1875,181.0344827586207
6.4,0.5,0.16,12.9,0.042,26.0,138.0,0.9974,3.28,0.33,9.0,5,low,white,71.01,0.09012815096465286,18.84057971014493,140.625
6.7,0.105,0.32,12.4,0.051,34.0,106.0,0.998,3.54,0.45,9.2,6,medium,white,72.58800000000001,0.09230175786631398,32.075471698113205,137.3134328358209
6.0,0.4,0.3,1.6,0.047,30.0,117.0,0.9931,3.17,0.48,10.1,6,medium,white,79.68900000000001,0.07529270037269886,25.64102564102564,168.33333333333334
6.6,0.25,0.39,1.45,0.04,40.0,89.0,0.9911,3.35,0.4,11.4,7,medium,white,89.946,0.07337735974918284,44.9438202247191,172.72727272727275
9.8,0.36,0.45,1.6,0.042,11.0,124.0,0.9944,2.93,0.46,10.8,5,low,white,85.212,0.11500727597052059,8.870967741935484,110.20408163265304
9.6,0.23,0.4,1.5,0.044,19.0,135.0,0.9937,2.96,0.49,10.9,5,low,white,86.001,0.11162660899291868,14.074074074074074,113.54166666666667
6.3,0.55,0.45,13.0,0.047,33.0,182.0,0.9974,3.2,0.46,9.2,6,medium,white,72.58800000000001,0.08679120515787732,18.13186813186813,146.03174603174602
6.5,0.115,0.29,1.95,0.038,73.0,166.0,0.989,3.12,0.25,12.9,7,medium,white,101.781,0.06386260696986668,43.97590361445783,198.46153846153845
6.4,0.125,0.29,5.85,0.042,24.0,99.0,0.992,3.23,0.32,12.0,7,medium,white,94.68,0.06759611322348964,24.242424242424242,187.5
5.7,0.1,0.27,1.3,0.047,21.0,100.0,0.9928,3.27,0.46,9.5,5,low,white,74.955,0.07604562737642585,21.0,166.66666666666666
7.9,0.25,0.29,5.3,0.031,33.0,117.0,0.9918,3.06,0.32,11.8,7,medium,white,93.102,0.0848531717900797,28.205128205128204,149.36708860759492
6.9,0.2,0.28,1.2,0.048,36.0,159.0,0.9936,3.19,0.43,9.1,6,medium,white,71.799,0.09610161701416454,22.641509433962266,131.88405797101447
6.9,0.23,0.34,4.0,0.047,24.0,128.0,0.9944,3.2,0.52,9.7,6,medium,white,76.533,0.09015718709576262,18.75,140.5797101449275
6.8,0.39,0.31,14.35,0.043,28.0,162.0,0.9988,3.17,0.54,9.1,5,low,white,71.799,0.09470883995598824,17.28395061728395,133.8235294117647
8.7,0.22,0.42,2.3,0.053,27.0,114.0,0.994,2.99,0.43,10.0,5,low,white,78.9,0.11026615969581748,23.684210526315788,114.9425287356322
7.4,0.41,0.34,4.7,0.042,19.0,127.0,0.9953,3.25,0.42,10.4,5,low,white,82.056,0.09018231451691529,14.960629921259844,140.54054054054055
6.7,0.25,0.34,12.85,0.048,30.0,161.0,0.9986,3.44,0.47,9.5,6,medium,white,74.955,0.08938696551264093,18.633540372670808,141.79104477611938
6.0,0.26,0.42,5.2,0.027,70.0,178.0,0.9914,3.4,0.4,12.3,8,high,white,97.04700000000001,0.061825713314167356,39.325842696629216,205.00000000000003
6.1,0.31,0.37,8.4,0.031,70.0,170.0,0.9934,3.42,0.4,11.7,8,high,white,92.313,0.06607953376014213,41.17647058823529,191.80327868852459
9.2,0.28,0.46,3.2,0.058,39.0,133.0,0.996,3.14,0.58,9.5,5,low,white,74.955,0.12274031085317856,29.32330827067669,103.2608695652174
9.0,0.31,0.49,6.9,0.034,26.0,91.0,0.9937,2.99,0.34,11.5,5,low,white,90.735,0.09918994875185981,28.57142857142857,127.77777777777777
8.5,0.16,0.33,1.0,0.076,17.0,57.0,0.9921,3.14,0.46,10.6,6,medium,white,83.634,0.1016333070282421,29.82456140350877,124.70588235294117
9.3,0.34,0.49,7.3,0.052,30.0,146.0,0.998,3.17,0.61,10.2,5,low,white,80.47800000000001,0.11555953179750987,20.54794520547945,109.6774193548387
9.2,0.28,0.46,3.2,0.058,39.0,133.0,0.996,3.14,0.58,9.5,5,low,white,74.955,0.12274031085317856,29.32330827067669,103.2608695652174
7.2,0.24,0.3,1.6,0.048,27.0,131.0,0.9933,3.25,0.45,10.5,5,low,white,82.845,0.08690928843020099,20.610687022900763,145.83333333333331
7.2,0.25,0.32,1.5,0.047,27.0,132.0,0.9933,3.26,0.44,10.5,5,low,white,82.845,0.08690928843020099,20.454545454545457,145.83333333333331
6.8,0.32,0.18,7.5,0.041,71.0,223.0,0.9959,3.14,0.41,8.9,5,low,white,70.221,0.09683712849432505,31.838565022421523,130.88235294117646
9.1,0.27,0.32,1.1,0.031,15.0,151.0,0.9936,3.03,0.41,10.6,5,low,white,83.634,0.10880742281847096,9.933774834437086,116.4835164835165
8.9,0.34,0.32,1.3,0.041,12.0,188.0,0.9953,3.17,0.49,9.5,5,low,white,74.955,0.11873790941231406,6.382978723404255,106.74157303370787
7.0,0.17,0.37,5.7,0.025,29.0,111.0,0.9938,3.2,0.49,10.8,6,medium,white,85.212,0.08214805426465756,26.126126126126124,154.2857142857143
6.7,0.25,0.23,7.2,0.038,61.0,220.0,0.9952,3.14,0.35,9.5,5,low,white,74.955,0.08938696551264093,27.727272727272727,141.79104477611938
6.9,0.32,0.17,7.6,0.042,69.0,219.0,0.9959,3.13,0.4,8.9,5,low,white,70.221,0.09826120391335925,31.506849315068493,128.9855072463768
6.8,0.32,0.18,7.5,0.041,71.0,223.0,0.9959,3.14,0.41,8.9,5,low,white,70.221,0.09683712849432505,31.838565022421523,130.88235294117646
6.1,0.6,0.0,1.3,0.042,24.0,79.0,0.9937,3.31,0.38,9.4,4,low,white,74.166,0.08224793031847477,30.37974683544304,154.0983606557377
5.3,0.395,0.07,1.3,0.035,26.0,102.0,0.992,3.5,0.35,10.6,6,medium,white,83.634,0.06337135614702154,25.49019607843137,200.0
7.9,0.16,0.3,4.8,0.037,37.0,171.0,0.9967,3.47,0.44,9.0,4,low,white,71.01,0.11125193634699337,21.637426900584796,113.92405063291137
7.6,0.33,0.36,2.1,0.034,26.0,172.0,0.9944,3.42,0.48,10.5,4,low,white,82.845,0.0917375822318788,15.11627906976744,138.1578947368421
7.8,0.3,0.29,16.85,0.054,23.0,135.0,0.9998,3.16,0.38,9.0,6,medium,white,71.01,0.10984368398817067,17.037037037037038,115.3846153846154
7.8,0.3,0.29,16.85,0.054,23.0,135.0,0.9998,3.16,0.38,9.0,6,medium,white,71.01,0.10984368398817067,17.037037037037038,115.3846153846154
5.7,0.26,0.27,4.1,0.201,73.5,189.5,0.9942,3.27,0.38,9.4,6,medium,white,74.166,0.07685462341234528,38.78627968337731,164.91228070175438
7.8,0.3,0.29,16.85,0.054,23.0,135.0,0.9998,3.16,0.38,9.0,6,medium,white,71.01,0.10984368398817067,17.037037037037038,115.3846153846154
7.5,0.14,0.34,1.3,0.055,50.0,153.0,0.9945,3.29,0.8,9.6,6,medium,white,75.744,0.09901774397972117,32.6797385620915,128.0
7.8,0.3,0.29,16.85,0.054,23.0,135.0,0.9998,3.16,0.38,9.0,6,medium,white,71.01,0.10984368398817067,17.037037037037038,115.3846153846154
6.6,0.25,0.41,7.4,0.043,29.0,151.0,0.9946,3.15,0.6,10.2,7,medium,white,80.47800000000001,0.08200999030791023,19.205298013245034,154.54545454545453
5.7,0.26,0.27,4.1,0.201,73.5,189.5,0.9942,3.27,0.38,9.4,6,medium,white,74.166,0.07685462341234528,38.78627968337731,164.91228070175438
8.2,0.23,0.49,0.9,0.057,15.0,73.0,0.9928,3.07,0.38,10.4,6,medium,white,82.056,0.09993175392414935,20.54794520547945,126.82926829268295
6.0,0.24,0.32,6.3,0.03,34.0,129.0,0.9946,3.52,0.41,10.4,5,low,white,82.056,0.07312079555425563,26.356589147286826,173.33333333333334
6.1,0.45,0.27,0.8,0.039,13.0,82.0,0.9927,3.23,0.32,9.5,5,low,white,74.955,0.08138216263091187,15.853658536585366,155.73770491803282
7.4,0.23,0.43,1.4,0.044,22.0,113.0,0.9938,3.22,0.62,10.6,6,medium,white,83.634,0.08848076141282255,19.469026548672566,143.24324324324323
7.2,0.2,0.38,1.0,0.037,21.0,74.0,0.9918,3.21,0.37,11.0,5,low,white,86.79,0.0829588662288282,28.37837837837838,152.77777777777777
7.5,0.14,0.34,1.3,0.055,50.0,153.0,0.9945,3.29,0.8,9.6,6,medium,white,75.744,0.09901774397972117,32.6797385620915,128.0
7.7,0.25,0.43,4.5,0.062,20.0,115.0,0.9966,3.38,0.5,9.9,6,medium,white,78.111,0.09857766511758907,17.391304347826086,128.57142857142858
8.2,0.61,0.45,5.4,0.03,15.0,118.0,0.9954,3.14,0.34,9.6,5,low,white,75.744,0.10825940008449514,12.711864406779661,117.07317073170734
7.6,0.21,0.44,1.9,0.036,10.0,119.0,0.9913,3.01,0.7,12.8,6,medium,white,100.992,0.07525348542458808,8.403361344537815,168.42105263157896
7.4,0.22,0.33,2.0,0.045,31.0,101.0,0.9931,3.42,0.55,11.4,5,low,white,89.946,0.08227158517332622,30.693069306930692,154.05405405405406
7.2,0.26,0.26,12.7,0.036,49.0,214.0,0.9986,3.41,0.5,10.0,6,medium,white,78.9,0.09125475285171102,22.897196261682243,138.88888888888889
6.4,0.25,0.41,8.6,0.042,57.0,173.0,0.9965,3.0,0.44,9.1,5,low,white,71.799,0.08913773172328306,32.947976878612714,142.18749999999997
6.3,0.32,0.35,11.1,0.039,29.0,198.0,0.9984,3.36,0.5,9.4,7,medium,white,74.166,0.08494458377153952,14.646464646464647,149.20634920634922
6.8,0.25,0.29,2.0,0.042,19.0,189.0,0.9952,3.46,0.54,10.2,6,medium,white,80.47800000000001,0.08449514152936205,10.052910052910052,150.0
9.8,0.44,0.4,2.8,0.036,35.0,167.0,0.9956,2.97,0.39,9.2,5,low,white,72.58800000000001,0.13500854135669807,20.958083832335326,93.87755102040815
7.2,0.2,0.25,4.5,0.044,31.0,109.0,0.9949,3.23,0.36,9.4,5,low,white,74.166,0.09707952431033089,28.440366972477065,130.55555555555557
8.2,0.61,0.45,5.4,0.03,15.0,118.0,0.9954,3.14,0.34,9.6,5,low,white,75.744,0.10825940008449514,12.711864406779661,117.07317073170734
7.5,0.42,0.45,9.1,0.029,20.0,125.0,0.996,3.12,0.36,10.1,6,medium,white,79.68900000000001,0.09411587546587358,16.0,134.66666666666666
7.4,0.22,0.33,2.0,0.045,31.0,101.0,0.9931,3.42,0.55,11.4,5,low,white,89.946,0.08227158517332622,30.693069306930692,154.05405405405406
6.4,0.26,0.3,2.2,0.025,33.0,134.0,0.992,3.21,0.47,10.6,6,medium,white,83.634,0.07652390176244112,24.62686567164179,165.62499999999997
7.9,0.46,0.32,4.1,0.033,40.0,138.0,0.9912,3.18,0.44,12.8,7,medium,white,100.992,0.07822401774397972,28.985507246376812,162.0253164556962
6.5,0.41,0.64,11.8,0.065,65.0,225.0,0.9978,3.12,0.51,8.9,5,low,white,70.221,0.09256490223722248,28.888888888888886,136.92307692307693
7.5,0.32,0.37,1.2,0.048,22.0,184.0,0.9938,3.09,0.43,9.3,5,low,white,73.37700000000001,0.10221186475326055,11.956521739130435,124.0
6.6,0.21,0.38,2.2,0.026,40.0,104.0,0.9914,3.25,0.4,11.1,8,high,white,87.57900000000001,0.07536053163429589,38.46153846153847,168.1818181818182
7.1,0.21,0.3,1.4,0.037,45.0,143.0,0.9932,3.13,0.33,9.9,6,medium,white,78.111,0.09089628861491979,31.46853146853147,139.43661971830988
7.6,0.26,0.47,1.6,0.068,5.0,55.0,0.9944,3.1,0.45,9.6,5,low,white,75.744,0.10033798056611744,9.090909090909092,126.3157894736842
7.6,0.21,0.44,1.9,0.036,10.0,119.0,0.9913,3.01,0.7,12.8,6,medium,white,100.992,0.07525348542458808,8.403361344537815,168.42105263157896
6.9,0.25,0.26,5.2,0.024,36.0,135.0,0.9948,3.16,0.72,10.7,7,medium,white,84.423,0.08173128175971003,26.666666666666668,155.0724637681159
7.1,0.26,0.32,14.45,0.074,29.0,107.0,0.998,2.96,0.42,9.2,6,medium,white,72.58800000000001,0.09781231057475064,27.102803738317753,129.5774647887324
7.3,0.22,0.4,14.75,0.042,44.5,129.5,0.9998,3.36,0.41,9.1,7,medium,white,71.799,0.10167272524686972,34.36293436293436,124.65753424657532
6.2,0.37,0.22,8.3,0.025,36.0,216.0,0.9964,3.33,0.6,9.6,6,medium,white,75.744,0.0818546683565695,16.666666666666664,154.83870967741936
7.9,0.22,0.45,14.2,0.038,53.0,141.0,0.9992,3.03,0.46,9.2,6,medium,white,72.58800000000001,0.10883341599162395,37.5886524822695,116.45569620253163
6.9,0.25,0.26,5.2,0.024,36.0,135.0,0.9948,3.16,0.72,10.7,7,medium,white,84.423,0.08173128175971003,26.666666666666668,155.0724637681159
7.3,0.22,0.4,14.75,0.042,44.5,129.5,0.9998,3.36,0.41,9.1,7,medium,white,71.799,0.10167272524686972,34.36293436293436,124.65753424657532
7.1,0.26,0.32,14.45,0.074,29.0,107.0,0.998,2.96,0.42,9.2,6,medium,white,72.58800000000001,0.09781231057475064,27.102803738317753,129.5774647887324
7.4,0.25,0.37,6.9,0.02,14.0,93.0,0.9939,3.0,0.48,10.7,7,medium,white,84.423,0.08765383840896439,15.053763440860216,144.59459459459458
6.8,0.18,0.37,1.5,0.027,37.0,93.0,0.992,3.3,0.45,10.8,6,medium,white,85.212,0.07980096699995305,39.784946236559136,158.82352941176472
7.0,0.17,0.37,1.5,0.028,26.0,75.0,0.9922,3.3,0.46,10.8,7,medium,white,85.212,0.08214805426465756,34.66666666666667,154.2857142857143
6.4,0.3,0.38,7.8,0.046,35.0,192.0,0.9955,3.1,0.37,9.0,5,low,white,71.01,0.09012815096465286,18.229166666666664,140.625
5.0,0.33,0.16,1.5,0.049,10.0,97.0,0.9917,3.48,0.44,10.7,6,medium,white,84.423,0.0592255664925435,10.309278350515463,213.99999999999997
5.0,0.33,0.16,1.5,0.049,10.0,97.0,0.9917,3.48,0.44,10.7,6,medium,white,84.423,0.0592255664925435,10.309278350515463,213.99999999999997
8.9,0.33,0.32,1.5,0.047,11.0,200.0,0.9954,3.19,0.46,9.4,5,low,white,74.166,0.12000107866138124,5.5,105.61797752808988
7.0,0.26,0.46,15.55,0.037,61.0,171.0,0.9986,2.94,0.35,8.8,6,medium,white,69.432,0.10081806659753427,35.67251461988304,125.71428571428574
6.4,0.3,0.38,7.8,0.046,35.0,192.0,0.9955,3.1,0.37,9.0,5,low,white,71.01,0.09012815096465286,18.229166666666664,140.625
6.3,0.21,0.4,1.7,0.031,48.0,134.0,0.9917,3.42,0.49,11.5,6,medium,white,90.735,0.06943296412630187,35.82089552238806,182.53968253968253
8.0,0.23,0.46,1.5,0.03,30.0,125.0,0.9907,3.23,0.47,12.5,6,medium,white,98.625,0.08111533586818757,24.0,156.25
9.2,0.28,0.41,1.0,0.042,14.0,59.0,0.9922,2.96,0.25,10.5,6,medium,white,82.845,0.11105075743859014,23.728813559322035,114.13043478260872
7.3,0.27,0.39,6.7,0.064,28.0,188.0,0.9958,3.29,0.3,9.7,5,low,white,76.533,0.09538369069551696,14.893617021276595,132.87671232876713
7.6,0.32,0.36,1.6,0.04,32.0,155.0,0.993,3.23,0.52,11.3,6,medium,white,89.15700000000001,0.08524288614466613,20.64516129032258,148.6842105263158
5.0,0.33,0.16,1.5,0.049,10.0,97.0,0.9917,3.48,0.44,10.7,6,medium,white,84.423,0.0592255664925435,10.309278350515463,213.99999999999997
9.7,0.24,0.45,1.2,0.033,11.0,59.0,0.9926,2.74,0.47,10.8,6,medium,white,85.212,0.11383373233816832,18.64406779661017,111.34020618556704
8.0,0.28,0.42,7.1,0.045,41.0,169.0,0.9959,3.17,0.43,10.6,5,low,white,83.634,0.0956548772030514,24.2603550295858,132.5
8.2,0.37,0.36,1.0,0.034,17.0,93.0,0.9906,3.04,0.32,11.7,8,high,white,92.313,0.08882822571035498,18.27956989247312,142.6829268292683
8.0,0.61,0.38,12.1,0.301,24.0,220.0,0.9993,2.94,0.48,9.2,5,low,white,72.58800000000001,0.11021105416873311,10.909090909090908,114.99999999999999
7.2,0.26,0.44,7.1,0.027,25.0,126.0,0.993,3.02,0.34,11.1,8,high,white,87.57900000000001,0.08221148905559551,19.841269841269842,154.16666666666666
8.2,0.37,0.36,1.0,0.034,17.0,93.0,0.9906,3.04,0.32,11.7,8,high,white,92.313,0.08882822571035498,18.27956989247312,142.6829268292683
6.4,0.23,0.33,1.15,0.044,15.5,217.5,0.992,3.33,0.44,11.0,6,medium,white,86.79,0.07374121442562508,7.126436781609195,171.875
5.9,0.4,0.32,6.0,0.034,50.0,127.0,0.992,3.51,0.58,12.5,7,medium,white,98.625,0.059822560202788345,39.37007874015748,211.86440677966098
7.6,0.28,0.39,1.2,0.038,21.0,115.0,0.994,3.16,0.67,10.0,6,medium,white,78.9,0.09632446134347274,18.26086956521739,131.57894736842107
8.0,0.28,0.42,7.1,0.045,41.0,169.0,0.9959,3.17,0.43,10.6,5,low,white,83.634,0.0956548772030514,24.2603550295858,132.5
7.2,0.23,0.39,2.3,0.033,29.0,102.0,0.9908,3.26,0.54,12.3,7,medium,white,97.04700000000001,0.07419085597700083,28.431372549019606,170.83333333333334
6.8,0.32,0.37,3.4,0.023,19.0,87.0,0.9902,3.14,0.53,12.7,6,medium,white,100.203,0.06786223965350338,21.839080459770116,186.76470588235296
7.2,0.23,0.39,2.3,0.033,29.0,102.0,0.9908,3.26,0.54,12.3,7,medium,white,97.04700000000001,0.07419085597700083,28.431372549019606,170.83333333333334
6.9,0.18,0.38,6.5,0.039,20.0,110.0,0.9943,3.1,0.42,10.5,5,low,white,82.845,0.08328806807894261,18.181818181818183,152.17391304347825
9.4,0.26,0.53,1.2,0.047,25.0,109.0,0.9921,3.23,0.28,12.5,6,medium,white,98.625,0.09531051964512041,22.93577981651376,132.9787234042553
8.3,0.33,0.42,1.15,0.033,18.0,96.0,0.9911,3.2,0.32,12.4,3,low,white,97.836,0.08483584774520628,18.75,149.39759036144576
7.3,0.29,0.3,13.0,0.043,46.0,238.0,0.9986,3.06,0.41,8.7,6,medium,white,68.643,0.10634733330419707,19.327731092436977,119.17808219178082
7.9,0.41,0.37,4.5,0.03,40.0,114.0,0.992,3.17,0.54,12.4,7,medium,white,97.836,0.08074737315507585,35.08771929824561,156.96202531645568
7.9,0.44,0.37,5.85,0.033,27.0,93.0,0.992,3.16,0.54,12.6,7,medium,white,99.414,0.079465668819281,29.03225806451613,159.49367088607593
7.7,0.39,0.3,5.2,0.037,29.0,131.0,0.9943,3.38,0.44,11.0,6,medium,white,86.79,0.08871989860583016,22.137404580152673,142.85714285714286
7.7,0.26,0.31,1.3,0.043,47.0,155.0,0.9937,3.42,0.5,10.1,6,medium,white,79.68900000000001,0.09662563214496354,30.32258064516129,131.16883116883116
7.8,0.32,0.31,1.7,0.036,46.0,195.0,0.993,3.03,0.48,10.5,5,low,white,82.845,0.09415172913271773,23.589743589743588,134.6153846153846
6.8,0.32,0.37,3.4,0.023,19.0,87.0,0.9902,3.14,0.53,12.7,6,medium,white,100.203,0.06786223965350338,21.839080459770116,186.76470588235296
7.3,0.24,0.39,3.6,0.024,35.0,116.0,0.9928,3.17,0.51,10.9,5,low,white,86.001,0.08488273392169858,30.17241379310345,149.3150684931507
7.1,0.44,0.37,2.7,0.041,35.0,128.0,0.9896,3.07,0.43,13.5,7,medium,white,106.515,0.06665727831760784,27.34375,190.14084507042256
10.3,0.25,0.48,2.2,0.042,28.0,164.0,0.998,3.19,0.59,9.7,5,low,white,76.533,0.13458246769367463,17.073170731707318,94.17475728155338
7.9,0.14,0.28,1.8,0.041,44.0,178.0,0.9954,3.45,0.43,9.2,6,medium,white,72.58800000000001,0.10883341599162395,24.719101123595504,116.45569620253163
7.4,0.18,0.42,2.1,0.036,33.0,187.0,0.9938,3.4,0.41,10.6,7,medium,white,83.634,0.08848076141282255,17.647058823529413,143.24324324324323
8.1,0.43,0.42,6.6,0.033,36.0,141.0,0.9918,2.98,0.39,13.3,7,medium,white,104.937,0.07718917064524429,25.53191489361702,164.19753086419755
7.1,0.44,0.37,2.7,0.041,35.0,128.0,0.9896,3.07,0.43,13.5,7,medium,white,106.515,0.06665727831760784,27.34375,190.14084507042256
6.4,0.26,0.22,5.1,0.037,23.0,131.0,0.9944,3.29,0.32,10.1,5,low,white,79.68900000000001,0.0803122137308788,17.557251908396946,157.81249999999997
8.0,0.66,0.72,17.55,0.042,62.0,233.0,0.9999,2.92,0.68,9.4,4,low,white,74.166,0.10786613812258987,26.609442060085836,117.5
8.0,0.2,0.4,5.2,0.055,41.0,167.0,0.9953,3.18,0.4,10.6,7,medium,white,83.634,0.0956548772030514,24.550898203592812,132.5
7.2,0.21,0.34,1.1,0.046,25.0,80.0,0.992,3.25,0.4,11.3,6,medium,white,89.15700000000001,0.08075641845284161,31.25,156.94444444444443
7.2,0.18,0.31,1.1,0.045,20.0,73.0,0.9925,3.32,0.4,10.8,7,medium,white,85.212,0.08449514152936206,27.397260273972602,150.0
8.4,0.57,0.44,10.7,0.051,46.0,195.0,0.9981,3.15,0.51,10.4,5,low,white,82.056,0.10236911377595789,23.589743589743588,123.80952380952381
5.3,0.26,0.23,5.15,0.034,48.0,160.0,0.9952,3.82,0.51,10.5,7,medium,white,82.845,0.06397489287223128,30.0,198.11320754716982
5.7,0.245,0.33,1.1,0.049,28.0,150.0,0.9927,3.13,0.42,9.3,5,low,white,73.37700000000001,0.07768101721247801,18.666666666666668,163.1578947368421
5.6,0.245,0.32,1.1,0.047,24.0,152.0,0.9927,3.12,0.42,9.3,6,medium,white,73.37700000000001,0.0763181923491012,15.789473684210526,166.0714285714286
7.3,0.25,0.41,1.8,0.037,52.0,165.0,0.9911,3.29,0.39,12.2,7,medium,white,96.25800000000001,0.07583785243823889,31.515151515151512,167.12328767123287
7.0,0.16,0.73,1.0,0.138,58.0,150.0,0.9936,3.08,0.3,9.2,5,low,white,72.58800000000001,0.09643467239764147,38.666666666666664,131.42857142857142
6.4,0.22,0.34,1.8,0.057,29.0,104.0,0.9959,3.81,0.57,10.3,6,medium,white,81.26700000000001,0.07875275327008502,27.884615384615387,160.9375
7.3,0.18,0.65,1.4,0.046,28.0,157.0,0.9946,3.33,0.62,9.4,6,medium,white,74.166,0.09842785103686326,17.8343949044586,128.76712328767124
6.4,0.17,0.27,6.7,0.036,88.0,223.0,0.9948,3.28,0.35,10.2,6,medium,white,80.47800000000001,0.07952483908645841,39.46188340807175,159.37499999999997
6.9,0.29,0.16,6.8,0.034,65.0,212.0,0.9955,3.08,0.39,9.0,6,medium,white,71.01,0.09716941275876637,30.660377358490564,130.43478260869566
6.2,0.21,0.38,6.8,0.036,64.0,245.0,0.9951,3.06,0.36,9.3,6,medium,white,73.37700000000001,0.08449514152936205,26.122448979591837,150.0
6.4,0.23,0.3,7.1,0.037,63.0,236.0,0.9952,3.06,0.34,9.2,6,medium,white,72.58800000000001,0.0881688433349865,26.69491525423729,143.74999999999997
7.3,0.19,0.68,1.5,0.05,31.0,156.0,0.9946,3.32,0.64,9.4,6,medium,white,74.166,0.09842785103686326,19.871794871794872,128.76712328767124
7.3,0.18,0.65,1.4,0.046,28.0,157.0,0.9946,3.33,0.62,9.4,6,medium,white,74.166,0.09842785103686326,17.8343949044586,128.76712328767124
9.6,0.29,0.46,1.45,0.039,77.5,223.0,0.9944,2.92,0.46,9.5,6,medium,white,74.955,0.1280768461076646,34.753363228699556,98.95833333333334
7.2,0.14,0.35,1.2,0.036,15.0,73.0,0.9938,3.46,0.39,9.9,5,low,white,78.111,0.09217651803203133,20.54794520547945,137.5
6.9,0.31,0.34,7.4,0.059,36.0,174.0,0.9963,3.46,0.62,11.1,7,medium,white,87.57900000000001,0.0787860103449457,20.689655172413794,160.86956521739128
7.5,0.28,0.34,4.2,0.028,36.0,116.0,0.991,2.99,0.41,12.3,8,high,white,97.04700000000001,0.07728214164270919,31.03448275862069,164.0
8.0,0.22,0.42,14.6,0.044,45.0,163.0,1.0003,3.21,0.69,8.6,7,medium,white,67.854,0.11790019748283079,27.607361963190186,107.5
7.6,0.31,0.29,10.5,0.04,21.0,145.0,0.9966,3.04,0.35,9.4,5,low,white,74.166,0.10247283121646038,14.482758620689657,123.6842105263158
8.4,0.35,0.56,13.8,0.048,55.0,190.0,0.9993,3.07,0.58,9.4,6,medium,white,74.166,0.11325944502871937,28.947368421052634,111.90476190476191
8.0,0.22,0.42,14.6,0.044,45.0,163.0,1.0003,3.21,0.69,8.6,7,medium,white,67.854,0.11790019748283079,27.607361963190186,107.5
8.1,0.5,0.47,1.1,0.037,23.0,126.0,0.9938,3.21,0.42,10.9,5,low,white,86.001,0.09418495133777513,18.253968253968253,134.56790123456793
7.0,0.39,0.31,5.3,0.169,32.0,162.0,0.9965,3.2,0.48,9.4,5,low,white,74.166,0.09438287085726614,19.753086419753085,134.2857142857143
8.1,0.5,0.47,1.1,0.037,23.0,126.0,0.9938,3.21,0.42,10.9,5,low,white,86.001,0.09418495133777513,18.253968253968253,134.56790123456793
8.4,0.35,0.56,13.8,0.048,55.0,190.0,0.9993,3.07,0.58,9.4,6,medium,white,74.166,0.11325944502871937,28.947368421052634,111.90476190476191
6.2,0.22,0.27,1.5,0.064,20.0,132.0,0.9938,3.22,0.46,9.2,6,medium,white,72.58800000000001,0.08541356698076816,15.151515151515152,148.38709677419354
8.0,0.22,0.42,14.6,0.044,45.0,163.0,1.0003,3.21,0.69,8.6,7,medium,white,67.854,0.11790019748283079,27.607361963190186,107.5
7.6,0.31,0.29,10.5,0.04,21.0,145.0,0.9966,3.04,0.35,9.4,5,low,white,74.166,0.10247283121646038,14.482758620689657,123.6842105263158
7.0,0.24,0.36,4.9,0.083,10.0,133.0,0.9942,3.33,0.37,10.8,6,medium,white,85.212,0.08214805426465756,7.518796992481203,154.2857142857143
6.6,0.27,0.3,1.9,0.025,14.0,153.0,0.9928,3.29,0.62,10.5,6,medium,white,82.845,0.07966684772768423,9.15032679738562,159.0909090909091
7.8,0.16,0.41,1.7,0.026,29.0,140.0,0.991,3.02,0.78,12.5,6,medium,white,98.625,0.07908745247148288,20.714285714285715,160.25641025641028
7.7,0.27,0.34,1.8,0.028,26.0,168.0,0.9911,2.99,0.48,12.1,7,medium,white,95.46900000000001,0.08065445327802742,15.476190476190476,157.14285714285714
7.4,0.31,0.74,10.7,0.039,51.0,147.0,0.9977,3.02,0.43,8.7,5,low,white,68.643,0.10780414608918608,34.69387755102041,117.56756756756755
8.0,0.45,0.36,8.8,0.026,50.0,151.0,0.9927,3.07,0.25,12.7,8,high,white,100.203,0.07983792900412164,33.11258278145696,158.75
7.7,0.27,0.34,1.8,0.028,26.0,168.0,0.9911,2.99,0.48,12.1,7,medium,white,95.46900000000001,0.08065445327802742,15.476190476190476,157.14285714285714
7.8,0.16,0.41,1.7,0.026,29.0,140.0,0.991,3.02,0.78,12.5,6,medium,white,98.625,0.07908745247148288,20.714285714285715,160.25641025641028
6.6,0.16,0.29,1.8,0.05,40.0,147.0,0.9912,3.06,0.44,11.4,7,medium,white,89.946,0.07337735974918284,27.2108843537415,172.72727272727275
8.3,0.21,0.4,1.6,0.032,35.0,110.0,0.9907,3.02,0.6,12.9,7,medium,white,101.781,0.08154763659229129,31.818181818181817,155.42168674698794
7.2,0.32,0.33,1.4,0.029,29.0,109.0,0.9902,3.15,0.51,12.8,7,medium,white,100.992,0.07129277566539924,26.605504587155966,177.7777777777778
6.6,0.16,0.3,1.6,0.034,15.0,78.0,0.992,3.38,0.44,11.2,6,medium,white,88.36800000000001,0.07468766974470395,19.230769230769234,169.6969696969697
8.4,0.16,0.33,1.5,0.033,16.0,98.0,0.994,3.14,0.42,9.7,6,medium,white,76.533,0.10975657559484145,16.3265306122449,115.47619047619047
7.5,0.23,0.32,9.2,0.038,54.0,191.0,0.9966,3.04,0.56,9.7,6,medium,white,76.533,0.09799694249539415,28.272251308900525,129.33333333333331
6.2,0.17,0.3,1.1,0.037,14.0,79.0,0.993,3.5,0.54,10.3,6,medium,white,81.26700000000001,0.07629172973039486,17.72151898734177,166.1290322580645
6.9,0.39,0.22,4.3,0.03,10.0,102.0,0.993,3.0,0.87,11.6,4,low,white,91.524,0.0753900616231808,9.803921568627452,168.1159420289855
6.9,0.41,0.22,4.2,0.031,10.0,102.0,0.993,3.0,0.86,11.6,4,low,white,91.524,0.0753900616231808,9.803921568627452,168.1159420289855
7.5,0.23,0.32,9.2,0.038,54.0,191.0,0.9966,3.04,0.56,9.7,6,medium,white,76.533,0.09799694249539415,28.272251308900525,129.33333333333331
7.5,0.38,0.33,5.0,0.045,30.0,131.0,0.9942,3.32,0.44,10.9,6,medium,white,86.001,0.08720828827571772,22.900763358778626,145.33333333333334
7.3,0.42,0.38,6.8,0.045,29.0,122.0,0.9925,3.19,0.37,12.6,7,medium,white,99.414,0.07343030156718369,23.770491803278688,172.6027397260274
7.3,0.34,0.39,5.2,0.04,45.0,163.0,0.9925,3.3,0.47,12.4,6,medium,white,97.836,0.0746146612698802,27.607361963190186,169.86301369863014
7.8,0.23,0.28,4.75,0.042,45.0,166.0,0.9928,2.96,0.4,11.5,5,low,white,90.735,0.08596462225161183,27.10843373493976,147.43589743589746
9.0,0.245,0.38,5.9,0.045,52.0,159.0,0.995,2.93,0.35,10.2,6,medium,white,80.47800000000001,0.11183180496533213,32.70440251572327,113.33333333333333
6.9,0.2,0.4,7.7,0.032,51.0,176.0,0.9939,3.22,0.27,11.4,5,low,white,89.946,0.07671269428323661,28.97727272727273,165.2173913043478
7.4,0.19,0.42,6.4,0.067,39.0,212.0,0.9958,3.3,0.33,9.6,6,medium,white,75.744,0.09769750739332489,18.39622641509434,129.7297297297297
8.2,0.2,0.36,8.1,0.035,60.0,163.0,0.9952,3.05,0.3,10.3,6,medium,white,81.26700000000001,0.10090196512729642,36.809815950920246,125.609756097561
8.0,0.59,0.71,17.35,0.038,61.0,228.0,1.0,2.95,0.75,9.3,5,low,white,73.37700000000001,0.10902598907014459,26.75438596491228,116.25000000000001
7.9,0.14,0.45,1.8,0.05,17.0,114.0,0.9948,3.33,0.49,10.7,7,medium,white,84.423,0.09357639505821873,14.912280701754385,135.44303797468353
6.8,0.24,0.4,1.8,0.047,34.0,105.0,0.99,3.13,0.49,12.8,8,high,white,100.992,0.0673320659062104,32.38095238095238,188.23529411764707
9.7,0.14,0.59,1.5,0.049,23.0,142.0,0.9958,2.98,0.62,9.5,5,low,white,74.955,0.1294109799212861,16.19718309859155,97.93814432989691
9.2,0.15,0.68,1.6,0.046,22.0,130.0,0.9948,3.02,0.45,10.4,6,medium,white,82.056,0.11211855318319196,16.923076923076923,113.04347826086958
9.4,0.17,0.55,1.6,0.049,14.0,94.0,0.9949,3.02,0.61,10.3,6,medium,white,81.26700000000001,0.11566810636543738,14.893617021276595,109.57446808510637
5.2,0.365,0.08,13.5,0.041,37.0,142.0,0.997,3.46,0.39,9.9,6,medium,white,78.111,0.06657192968980041,26.056338028169012,190.3846153846154
6.3,0.23,0.22,3.75,0.039,37.0,116.0,0.9927,3.23,0.5,10.7,6,medium,white,84.423,0.07462421378060481,31.896551724137932,169.84126984126985
9.6,0.25,0.54,1.3,0.04,16.0,160.0,0.9938,2.94,0.43,10.5,5,low,white,82.845,0.11587905124026797,10.0,109.375
9.2,0.32,0.42,1.3,0.046,14.0,186.0,0.9949,3.08,0.48,9.6,5,low,white,75.744,0.12146176594845795,7.526881720430108,104.34782608695652
6.4,0.31,0.4,6.2,0.04,46.0,169.0,0.9953,3.15,0.46,9.3,6,medium,white,73.37700000000001,0.08722079125611568,27.218934911242602,145.3125
8.1,0.2,0.36,9.7,0.044,63.0,162.0,0.997,3.1,0.46,10.0,6,medium,white,78.9,0.1026615969581749,38.88888888888889,123.45679012345681
7.9,0.255,0.26,2.0,0.026,40.0,190.0,0.9932,3.04,0.39,11.2,6,medium,white,88.36800000000001,0.0893988774216911,21.052631578947366,141.77215189873417
7.0,0.15,0.34,1.4,0.039,21.0,177.0,0.9927,3.32,0.62,10.8,5,low,white,85.212,0.08214805426465756,11.864406779661017,154.2857142857143
6.4,0.15,0.31,1.1,0.044,25.0,96.0,0.9932,3.54,0.51,10.3,6,medium,white,81.26700000000001,0.07875275327008502,26.041666666666668,160.9375
6.4,0.25,0.53,6.6,0.038,59.0,234.0,0.9955,3.03,0.42,8.8,5,low,white,69.432,0.09217651803203135,25.213675213675213,137.5
7.6,0.19,0.42,1.5,0.044,6.0,114.0,0.9914,3.04,0.74,12.8,6,medium,white,100.992,0.07525348542458808,5.263157894736842,168.42105263157896
7.3,0.43,0.37,4.6,0.028,17.0,114.0,0.991,3.23,0.43,13.2,6,medium,white,104.14800000000001,0.07009256058685716,14.912280701754385,180.82191780821915
5.1,0.31,0.3,0.9,0.037,28.0,152.0,0.992,3.54,0.56,10.1,6,medium,white,79.68900000000001,0.06399879531679403,18.421052631578945,198.03921568627453
6.2,0.2,0.26,1.7,0.093,40.0,161.0,0.9924,3.44,0.66,11.0,5,low,white,86.79,0.07143680147482429,24.84472049689441,177.41935483870967
6.9,0.16,0.35,1.3,0.043,21.0,182.0,0.9927,3.25,0.62,10.8,6,medium,white,85.212,0.0809745106323053,11.538461538461538,156.52173913043478
7.7,0.32,0.48,2.3,0.04,28.0,114.0,0.9911,3.2,0.52,12.8,7,medium,white,100.992,0.0762436628643853,24.561403508771928,166.23376623376623
6.5,0.22,0.72,6.8,0.042,33.0,168.0,0.9958,3.12,0.36,9.2,6,medium,white,72.58800000000001,0.08954648151209565,19.642857142857142,141.53846153846152
6.8,0.26,0.33,1.5,0.047,44.0,167.0,0.9928,3.12,0.44,10.5,6,medium,white,82.845,0.08208099462852314,26.34730538922156,154.41176470588235
5.2,0.37,0.33,1.2,0.028,13.0,81.0,0.9902,3.37,0.38,11.7,6,medium,white,92.313,0.05633009435290804,16.049382716049383,225.0
8.4,0.19,0.43,2.1,0.052,20.0,104.0,0.994,2.85,0.46,9.5,5,low,white,74.955,0.11206724034420654,19.230769230769234,113.09523809523809
8.3,0.21,0.41,2.2,0.05,24.0,108.0,0.994,2.85,0.45,9.5,5,low,white,74.955,0.11073310653058503,22.22222222222222,114.45783132530119
6.8,0.15,0.32,8.8,0.058,24.0,110.0,0.9972,3.4,0.4,8.8,6,medium,white,69.432,0.09793755040903329,21.818181818181817,129.41176470588235
7.9,0.16,0.64,17.0,0.05,69.0,210.0,1.0004,3.15,0.51,9.3,7,medium,white,73.37700000000001,0.10766316420676778,32.857142857142854,117.72151898734178
7.8,0.21,0.39,1.8,0.034,62.0,180.0,0.991,3.09,0.75,12.6,8,high,white,99.414,0.07845977427726476,34.44444444444444,161.53846153846155
9.0,0.24,0.5,1.2,0.048,26.0,107.0,0.9918,3.21,0.34,12.4,6,medium,white,97.836,0.0919906782779345,24.299065420560748,137.77777777777777
5.7,0.21,0.24,2.3,0.047,60.0,189.0,0.995,3.65,0.72,10.1,6,medium,white,79.68900000000001,0.07152806535406392,31.746031746031743,177.19298245614036
7.8,0.29,0.36,7.0,0.042,38.0,161.0,0.9941,3.26,0.37,11.2,8,high,white,88.36800000000001,0.08826724606192286,23.60248447204969,143.5897435897436
6.7,0.18,0.3,6.4,0.048,40.0,251.0,0.9956,3.29,0.52,10.0,5,low,white,78.9,0.08491761723700887,15.936254980079681,149.25373134328356
6.7,0.18,0.3,6.4,0.048,40.0,251.0,0.9956,3.29,0.52,10.0,5,low,white,78.9,0.08491761723700887,15.936254980079681,149.25373134328356
8.4,0.58,0.27,12.15,0.033,37.0,116.0,0.9959,2.99,0.39,10.8,6,medium,white,85.212,0.09857766511758907,31.896551724137932,128.57142857142858
7.2,0.16,0.32,0.8,0.04,50.0,121.0,0.9922,3.27,0.33,10.0,6,medium,white,78.9,0.09125475285171102,41.32231404958678,138.88888888888889
7.6,0.54,0.23,2.0,0.029,13.0,151.0,0.9931,3.04,0.33,10.4,5,low,white,82.056,0.0926196743687238,8.609271523178808,136.8421052631579
8.4,0.58,0.27,12.15,0.033,37.0,116.0,0.9959,2.99,0.39,10.8,6,medium,white,85.212,0.09857766511758907,31.896551724137932,128.57142857142858
6.6,0.25,0.31,12.4,0.059,52.0,181.0,0.9984,3.51,0.47,9.8,6,medium,white,77.322,0.08535733685109023,28.7292817679558,148.4848484848485
7.3,0.23,0.37,1.9,0.041,51.0,165.0,0.9908,3.26,0.4,12.2,8,high,white,96.25800000000001,0.07583785243823889,30.909090909090907,167.12328767123287
7.3,0.39,0.37,1.1,0.043,36.0,113.0,0.991,3.39,0.48,12.7,8,high,white,100.203,0.07285211021626099,31.858407079646017,173.972602739726
7.0,0.46,0.39,6.2,0.039,46.0,163.0,0.9928,3.21,0.35,12.2,7,medium,white,96.25800000000001,0.07272122836543456,28.22085889570552,174.28571428571428
8.2,0.35,0.4,6.3,0.039,35.0,162.0,0.9936,3.15,0.34,11.9,7,medium,white,93.891,0.08733531435387842,21.604938271604937,145.12195121951223
7.8,0.29,0.36,7.0,0.042,38.0,161.0,0.9941,3.26,0.37,11.2,8,high,white,88.36800000000001,0.08826724606192286,23.60248447204969,143.5897435897436
9.2,0.35,0.39,0.9,0.042,15.0,61.0,0.9924,2.96,0.28,10.4,4,low,white,82.056,0.11211855318319196,24.59016393442623,113.04347826086958
8.0,0.57,0.39,3.9,0.034,22.0,122.0,0.9917,3.29,0.67,12.8,7,medium,white,100.992,0.07921419518377693,18.0327868852459,160.0
6.5,0.37,0.33,3.9,0.027,40.0,130.0,0.9906,3.28,0.39,12.7,7,medium,white,100.203,0.06486831731584883,30.76923076923077,195.3846153846154
5.7,0.21,0.24,2.3,0.047,60.0,189.0,0.995,3.65,0.72,10.1,6,medium,white,79.68900000000001,0.07152806535406392,31.746031746031743,177.19298245614036
6.7,0.18,0.3,6.4,0.048,40.0,251.0,0.9956,3.29,0.52,10.0,5,low,white,78.9,0.08491761723700887,15.936254980079681,149.25373134328356
7.8,0.13,0.3,1.8,0.04,43.0,179.0,0.9955,3.43,0.41,9.0,5,low,white,71.01,0.10984368398817067,24.022346368715084,115.3846153846154
7.6,0.19,0.41,1.1,0.04,38.0,143.0,0.9907,2.92,0.42,11.4,5,low,white,89.946,0.08449514152936206,26.573426573426573,150.00000000000003
7.3,0.22,0.41,15.4,0.05,55.0,191.0,1.0,3.32,0.59,8.9,6,medium,white,70.221,0.10395750558949601,28.79581151832461,121.91780821917808
6.3,0.29,0.4,6.5,0.039,43.0,167.0,0.9953,3.15,0.44,9.3,6,medium,white,73.37700000000001,0.08585796639273885,25.748502994011975,147.61904761904762
6.8,0.35,0.32,2.4,0.048,35.0,103.0,0.9911,3.28,0.46,12.0,8,high,white,94.68,0.07182087029995775,33.980582524271846,176.47058823529412
6.5,0.19,0.32,1.4,0.04,31.0,132.0,0.9922,3.36,0.54,10.8,7,medium,white,85.212,0.0762803361028963,23.484848484848484,166.15384615384616
6.2,0.12,0.26,5.7,0.044,56.0,158.0,0.9951,3.52,0.37,10.5,6,medium,white,82.845,0.0748385539260064,35.44303797468354,169.35483870967744
6.0,0.13,0.28,5.7,0.038,56.0,189.5,0.9948,3.59,0.43,10.6,7,medium,white,83.634,0.07174115790228855,29.551451187335093,176.66666666666666
6.4,0.25,0.33,1.4,0.04,42.0,115.0,0.9906,3.19,0.48,11.3,7,medium,white,89.15700000000001,0.07178348306919255,36.52173913043478,176.5625
6.9,0.32,0.16,1.4,0.051,15.0,96.0,0.994,3.22,0.38,9.5,4,low,white,74.955,0.09205523313988394,15.625,137.68115942028984
7.6,0.19,0.41,1.1,0.04,38.0,143.0,0.9907,2.92,0.42,11.4,5,low,white,89.946,0.08449514152936206,26.573426573426573,150.00000000000003
6.7,0.13,0.28,1.2,0.046,35.0,140.0,0.9927,3.33,0.33,10.1,7,medium,white,79.68900000000001,0.08407684874951372,25.0,150.7462686567164
7.0,0.14,0.41,0.9,0.037,22.0,95.0,0.9914,3.25,0.43,10.9,6,medium,white,86.001,0.08139440239066988,23.157894736842106,155.71428571428572
7.6,0.27,0.24,3.8,0.058,19.0,115.0,0.9958,3.15,0.45,8.9,5,low,white,70.221,0.10822973184659858,16.52173913043478,117.10526315789475
7.3,0.22,0.41,15.4,0.05,55.0,191.0,1.0,3.32,0.59,8.9,6,medium,white,70.221,0.10395750558949601,28.79581151832461,121.91780821917808
7.4,0.64,0.47,14.15,0.168,42.0,185.0,0.9984,2.9,0.49,9.3,5,low,white,73.37700000000001,0.10084903988988374,22.702702702702705,125.67567567567568
7.6,0.28,0.39,1.9,0.052,23.0,116.0,0.9941,3.25,0.4,10.4,6,medium,white,82.056,0.0926196743687238,19.82758620689655,136.8421052631579
8.3,0.26,0.41,9.2,0.042,41.0,162.0,0.9944,3.1,0.38,12.0,7,medium,white,94.68,0.08766370933671314,25.308641975308642,144.57831325301203
10.7,0.22,0.56,8.2,0.044,37.0,181.0,0.998,2.87,0.68,9.5,6,medium,white,74.955,0.14275231805750116,20.441988950276244,88.78504672897198
10.7,0.22,0.56,8.2,0.044,37.0,181.0,0.998,2.87,0.68,9.5,6,medium,white,74.955,0.14275231805750116,20.441988950276244,88.78504672897198
6.9,0.23,0.34,2.7,0.032,24.0,121.0,0.9902,3.14,0.38,12.4,7,medium,white,97.836,0.07052618667974979,19.834710743801654,179.71014492753622
6.2,0.3,0.32,1.7,0.032,30.0,130.0,0.9911,3.28,0.41,11.2,7,medium,white,88.36800000000001,0.07016114430563099,23.076923076923077,180.64516129032256
6.9,0.27,0.41,1.7,0.047,6.0,134.0,0.9929,3.15,0.69,11.4,6,medium,white,89.946,0.07671269428323661,4.477611940298507,165.2173913043478
6.9,0.28,0.41,1.7,0.05,10.0,136.0,0.993,3.16,0.71,11.4,6,medium,white,89.946,0.07671269428323661,7.352941176470589,165.2173913043478
6.9,0.28,0.3,1.6,0.047,46.0,132.0,0.9918,3.35,0.38,11.1,7,medium,white,87.57900000000001,0.0787860103449457,34.84848484848485,160.86956521739128
6.9,0.46,0.2,0.9,0.054,5.0,126.0,0.992,3.1,0.42,10.4,6,medium,white,82.056,0.08408891488739398,3.968253968253968,150.72463768115944
6.9,0.38,0.32,8.5,0.044,36.0,152.0,0.9932,3.38,0.35,12.0,7,medium,white,94.68,0.07287705956907478,23.684210526315788,173.91304347826087
5.7,0.43,0.3,5.7,0.039,24.0,98.0,0.992,3.54,0.61,12.3,7,medium,white,97.04700000000001,0.05873442764845899,24.489795918367346,215.78947368421052
6.6,0.56,0.16,3.1,0.045,28.0,92.0,0.994,3.12,0.35,9.1,6,medium,white,71.799,0.09192328583963563,30.434782608695656,137.87878787878788
7.1,0.36,0.56,1.3,0.046,25.0,102.0,0.9923,3.24,0.33,10.5,6,medium,white,82.845,0.08570221497978152,24.509803921568626,147.88732394366198
6.8,0.23,0.4,1.6,0.047,5.0,133.0,0.993,3.23,0.7,11.4,6,medium,white,89.946,0.07560091610521869,3.7593984962406015,167.64705882352942
6.2,0.33,0.29,1.3,0.042,26.0,138.0,0.9956,3.77,0.64,9.5,5,low,white,74.955,0.08271629644453339,18.84057971014493,153.2258064516129
5.6,0.49,0.13,4.5,0.039,17.0,116.0,0.9907,3.42,0.9,13.7,7,medium,white,108.093,0.05180724006179863,14.655172413793101,244.64285714285717
6.6,0.42,0.33,2.8,0.034,15.0,85.0,0.99,3.28,0.51,13.4,6,medium,white,105.726,0.06242551501049883,17.647058823529413,203.03030303030303
7.3,0.18,0.29,1.2,0.044,12.0,143.0,0.9918,3.2,0.48,11.3,7,medium,white,89.15700000000001,0.08187803537579774,8.391608391608392,154.7945205479452
8.1,0.19,0.4,0.9,0.037,73.0,180.0,0.9926,3.06,0.34,10.0,6,medium,white,78.9,0.1026615969581749,40.55555555555556,123.45679012345681
5.9,0.19,0.26,7.4,0.034,33.0,123.0,0.995,3.49,0.42,10.1,6,medium,white,79.68900000000001,0.07403782203315389,26.82926829268293,171.1864406779661
6.2,0.16,0.47,1.4,0.029,23.0,81.0,0.99,3.26,0.42,12.2,6,medium,white,96.25800000000001,0.06441023083795631,28.39506172839506,196.77419354838707
6.6,0.42,0.33,2.8,0.034,15.0,85.0,0.99,3.28,0.51,13.4,6,medium,white,105.726,0.06242551501049883,17.647058823529413,203.03030303030303
5.7,0.135,0.3,4.6,0.042,19.0,101.0,0.9946,3.31,0.42,9.3,6,medium,white,73.37700000000001,0.07768101721247801,18.81188118811881,163.1578947368421
5.6,0.49,0.13,4.5,0.039,17.0,116.0,0.9907,3.42,0.9,13.7,7,medium,white,108.093,0.05180724006179863,14.655172413793101,244.64285714285717
6.9,0.19,0.33,1.6,0.039,27.0,98.0,0.9898,3.09,0.46,12.3,7,medium,white,97.04700000000001,0.07109957031129246,27.55102040816326,178.26086956521738
7.3,0.18,0.29,1.2,0.044,12.0,143.0,0.9918,3.2,0.48,11.3,7,medium,white,89.15700000000001,0.08187803537579774,8.391608391608392,154.7945205479452
7.3,0.25,0.36,13.1,0.05,35.0,200.0,0.9986,3.04,0.46,8.9,7,medium,white,70.221,0.10395750558949601,17.5,121.91780821917808
7.3,0.25,0.36,13.1,0.05,35.0,200.0,0.9986,3.04,0.46,8.9,7,medium,white,70.221,0.10395750558949601,17.5,121.91780821917808
7.0,0.2,0.34,5.7,0.035,32.0,83.0,0.9928,3.19,0.46,11.5,6,medium,white,90.735,0.07714773791811319,38.55421686746988,164.28571428571428
7.3,0.25,0.36,13.1,0.05,35.0,200.0,0.9986,3.04,0.46,8.9,7,medium,white,70.221,0.10395750558949601,17.5,121.91780821917808
6.3,0.67,0.48,12.6,0.052,57.0,222.0,0.9979,3.17,0.52,9.3,6,medium,white,73.37700000000001,0.08585796639273885,25.675675675675674,147.61904761904762
7.4,0.4,0.29,5.4,0.044,31.0,122.0,0.994,3.3,0.5,11.1,8,high,white,87.57900000000001,0.08449514152936206,25.40983606557377,149.99999999999997
7.1,0.26,0.31,2.2,0.044,29.0,128.0,0.9937,3.34,0.64,10.9,8,high,white,86.001,0.08255717956767944,22.65625,153.5211267605634
9.0,0.31,0.48,6.6,0.043,11.0,73.0,0.9938,2.9,0.38,11.6,5,low,white,91.524,0.09833486298675757,15.068493150684931,128.88888888888889
6.3,0.39,0.24,6.9,0.069,9.0,117.0,0.9942,3.15,0.35,10.2,4,low,white,80.47800000000001,0.07828226347573249,7.6923076923076925,161.9047619047619
8.2,0.22,0.36,6.8,0.034,12.0,90.0,0.9944,3.01,0.38,10.5,8,high,white,82.845,0.09898002293439555,13.333333333333334,128.0487804878049
7.1,0.19,0.28,3.6,0.033,16.0,78.0,0.993,2.91,0.78,11.4,6,medium,white,89.946,0.07893625063927245,20.51282051282051,160.56338028169014
7.3,0.25,0.36,13.1,0.05,35.0,200.0,0.9986,3.04,0.46,8.9,7,medium,white,70.221,0.10395750558949601,17.5,121.91780821917808
7.9,0.2,0.34,1.2,0.04,29.0,118.0,0.9932,3.14,0.41,10.6,6,medium,white,83.634,0.09445919123801325,24.576271186440678,134.1772151898734
7.1,0.26,0.32,5.9,0.037,39.0,97.0,0.9934,3.31,0.4,11.6,6,medium,white,91.524,0.0775752808006643,40.20618556701031,163.38028169014086
7.0,0.2,0.34,5.7,0.035,32.0,83.0,0.9928,3.19,0.46,11.5,6,medium,white,90.735,0.07714773791811319,38.55421686746988,164.28571428571428
6.9,0.3,0.33,4.1,0.035,26.0,155.0,0.9925,3.25,0.79,12.3,8,high,white,97.04700000000001,0.07109957031129246,16.7741935483871,178.26086956521738
8.1,0.29,0.49,7.1,0.042,22.0,124.0,0.9944,3.14,0.41,10.8,6,medium,white,85.212,0.09505703422053231,17.741935483870968,133.33333333333334
5.8,0.17,0.3,1.4,0.037,55.0,130.0,0.9909,3.29,0.38,11.3,6,medium,white,89.15700000000001,0.06505378153145573,42.30769230769231,194.82758620689657
5.9,0.415,0.02,0.8,0.038,22.0,63.0,0.9932,3.36,0.36,9.3,5,low,white,73.37700000000001,0.08040666693923164,34.92063492063492,157.6271186440678
6.6,0.23,0.26,1.3,0.045,16.0,128.0,0.9934,3.36,0.6,10.0,6,medium,white,78.9,0.08365019011406843,12.5,151.5151515151515
8.6,0.55,0.35,15.55,0.057,35.5,366.5,1.0001,3.04,0.63,11.0,3,low,white,86.79,0.09908975688443368,9.686221009549795,127.90697674418605
6.9,0.35,0.74,1.0,0.044,18.0,132.0,0.992,3.13,0.55,10.2,5,low,white,80.47800000000001,0.08573771714008797,13.636363636363635,147.82608695652172
7.6,0.14,0.74,1.6,0.04,27.0,103.0,0.9916,3.07,0.4,10.8,7,medium,white,85.212,0.08918931605877106,26.21359223300971,142.10526315789477
9.2,0.28,0.49,11.8,0.042,29.0,137.0,0.998,3.1,0.34,10.1,4,low,white,79.68900000000001,0.11544880723813825,21.16788321167883,109.78260869565217
6.2,0.18,0.49,4.5,0.047,17.0,90.0,0.9919,3.27,0.37,11.6,6,medium,white,91.524,0.06774179450198856,18.88888888888889,187.09677419354838
5.3,0.165,0.24,1.1,0.051,25.0,105.0,0.9925,3.32,0.47,9.1,5,low,white,71.799,0.07381718408334377,23.809523809523807,171.69811320754718
9.8,0.25,0.74,10.0,0.056,36.0,225.0,0.9977,3.06,0.43,10.0,4,low,white,78.9,0.12420785804816223,16.0,102.04081632653062
8.1,0.29,0.49,7.1,0.042,22.0,124.0,0.9944,3.14,0.41,10.8,6,medium,white,85.212,0.09505703422053231,17.741935483870968,133.33333333333334
6.8,0.22,0.49,0.9,0.052,26.0,128.0,0.991,3.25,0.35,11.4,6,medium,white,89.946,0.07560091610521869,20.3125,167.64705882352942
7.2,0.22,0.49,1.0,0.045,34.0,140.0,0.99,3.05,0.34,12.7,6,medium,white,100.203,0.07185413610370947,24.285714285714285,176.38888888888889
7.4,0.25,0.49,1.1,0.042,35.0,156.0,0.9917,3.13,0.55,11.3,5,low,white,89.15700000000001,0.08299965229875388,22.435897435897438,152.7027027027027
8.2,0.18,0.49,1.1,0.033,28.0,81.0,0.9923,3.0,0.68,10.4,7,medium,white,82.056,0.09993175392414935,34.5679012345679,126.82926829268295
6.1,0.22,0.49,1.5,0.051,18.0,87.0,0.9928,3.3,0.46,9.6,5,low,white,75.744,0.0805344317701732,20.689655172413794,157.37704918032787
7.0,0.39,0.24,1.0,0.048,8.0,119.0,0.9923,3.0,0.31,10.1,4,low,white,79.68900000000001,0.08784148376814867,6.722689075630252,144.28571428571428
6.1,0.22,0.49,1.5,0.051,18.0,87.0,0.9928,3.3,0.46,9.6,5,low,white,75.744,0.0805344317701732,20.689655172413794,157.37704918032787
6.5,0.36,0.49,2.9,0.03,16.0,94.0,0.9902,3.1,0.49,12.1,7,medium,white,95.46900000000001,0.06808492809184133,17.02127659574468,186.15384615384616
7.1,0.29,0.49,1.2,0.031,32.0,99.0,0.9893,3.07,0.33,12.2,6,medium,white,96.25800000000001,0.07376010305636933,32.323232323232325,171.83098591549296
7.4,0.25,0.49,1.1,0.042,35.0,156.0,0.9917,3.13,0.55,11.3,5,low,white,89.15700000000001,0.08299965229875388,22.435897435897438,152.7027027027027
6.9,0.23,0.24,14.2,0.053,19.0,94.0,0.9982,3.17,0.5,9.6,5,low,white,75.744,0.09109632446134348,20.212765957446805,139.1304347826087
8.5,0.56,0.74,17.85,0.051,51.0,243.0,1.0005,2.99,0.7,9.2,5,low,white,72.58800000000001,0.11709924505427893,20.98765432098765,108.23529411764706
8.2,0.18,0.49,1.1,0.033,28.0,81.0,0.9923,3.0,0.68,10.4,7,medium,white,82.056,0.09993175392414935,34.5679012345679,126.82926829268295
6.3,0.23,0.49,7.1,0.05,67.0,210.0,0.9951,3.23,0.34,9.5,5,low,white,74.955,0.0840504302581549,31.9047619047619,150.79365079365078
6.1,0.25,0.49,7.6,0.052,67.0,226.0,0.9956,3.16,0.47,8.9,5,low,white,70.221,0.08686860056108571,29.646017699115045,145.9016393442623
7.2,0.26,0.74,13.6,0.05,56.0,162.0,0.998,3.03,0.44,8.8,5,low,white,69.432,0.10369858278603526,34.5679012345679,122.22222222222223
7.2,0.31,0.24,1.4,0.057,17.0,117.0,0.9928,3.16,0.35,10.5,5,low,white,82.845,0.08690928843020099,14.529914529914532,145.83333333333331
8.0,0.25,0.49,1.2,0.061,27.0,117.0,0.9938,3.08,0.34,9.4,5,low,white,74.166,0.10786613812258987,23.076923076923077,117.5
7.0,0.18,0.49,5.3,0.04,34.0,125.0,0.9914,3.24,0.4,12.2,6,medium,white,96.25800000000001,0.07272122836543456,27.200000000000003,174.28571428571428
7.8,0.43,0.49,13.0,0.033,37.0,158.0,0.9955,3.14,0.35,11.3,6,medium,white,89.15700000000001,0.08748611999057841,23.417721518987342,144.8717948717949
8.3,0.2,0.74,4.45,0.044,33.0,130.0,0.9924,3.25,0.42,12.2,6,medium,white,96.25800000000001,0.0862265993475867,25.384615384615383,146.9879518072289
6.3,0.27,0.49,1.2,0.063,35.0,92.0,0.9911,3.38,0.42,12.2,6,medium,white,96.25800000000001,0.06544910552889109,38.04347826086957,193.65079365079364
7.4,0.16,0.49,1.2,0.055,18.0,150.0,0.9917,3.23,0.47,11.2,6,medium,white,88.36800000000001,0.0837407206228499,12.0,151.35135135135133
7.4,0.16,0.49,1.2,0.055,18.0,150.0,0.9917,3.23,0.47,11.2,6,medium,white,88.36800000000001,0.0837407206228499,12.0,151.35135135135133
6.9,0.19,0.49,6.6,0.036,49.0,172.0,0.9932,3.2,0.27,11.5,6,medium,white,90.735,0.07604562737642585,28.488372093023255,166.66666666666666
7.8,0.43,0.49,13.0,0.033,37.0,158.0,0.9955,3.14,0.35,11.3,6,medium,white,89.15700000000001,0.08748611999057841,23.417721518987342,144.8717948717949
7.2,0.4,0.49,1.1,0.048,11.0,138.0,0.9929,3.01,0.42,9.3,5,low,white,73.37700000000001,0.09812339016313013,7.971014492753622,129.16666666666669
7.8,0.43,0.49,13.0,0.033,37.0,158.0,0.9955,3.14,0.35,11.3,6,medium,white,89.15700000000001,0.08748611999057841,23.417721518987342,144.8717948717949
7.6,0.52,0.49,14.0,0.034,37.0,156.0,0.9958,3.14,0.38,11.8,7,medium,white,93.102,0.08163089944362097,23.717948717948715,155.26315789473685
8.3,0.21,0.49,19.8,0.054,50.0,231.0,1.0012,2.99,0.54,9.2,5,low,white,72.58800000000001,0.11434396870006061,21.645021645021643,110.84337349397589
6.9,0.34,0.74,11.2,0.069,44.0,150.0,0.9968,3.0,0.81,9.2,5,low,white,72.58800000000001,0.09505703422053231,29.333333333333332,133.33333333333331
6.3,0.27,0.49,1.2,0.063,35.0,92.0,0.9911,3.38,0.42,12.2,6,medium,white,96.25800000000001,0.06544910552889109,38.04347826086957,193.65079365079364
8.3,0.2,0.74,4.45,0.044,33.0,130.0,0.9924,3.25,0.42,12.2,6,medium,white,96.25800000000001,0.0862265993475867,25.384615384615383,146.9879518072289
7.1,0.22,0.74,2.7,0.044,42.0,144.0,0.991,3.31,0.41,12.2,6,medium,white,96.25800000000001,0.07376010305636933,29.166666666666668,171.83098591549296
7.9,0.11,0.49,4.5,0.048,27.0,133.0,0.9946,3.24,0.42,10.6,6,medium,white,83.634,0.09445919123801325,20.30075187969925,134.1772151898734
8.5,0.17,0.74,3.6,0.05,29.0,128.0,0.9928,3.28,0.4,12.4,6,medium,white,97.836,0.08688008504027148,22.65625,145.8823529411765
6.4,0.145,0.49,5.4,0.048,54.0,164.0,0.9946,3.56,0.44,10.8,6,medium,white,85.212,0.07510679247054405,32.926829268292686,168.75
7.4,0.16,0.49,1.2,0.055,18.0,150.0,0.9917,3.23,0.47,11.2,6,medium,white,88.36800000000001,0.0837407206228499,12.0,151.35135135135133
8.3,0.19,0.49,1.2,0.051,11.0,137.0,0.9918,3.06,0.46,11.0,6,medium,white,86.79,0.09563313745823251,8.02919708029197,132.5301204819277
8.0,0.44,0.49,9.1,0.031,46.0,151.0,0.9926,3.16,0.27,12.7,8,high,white,100.203,0.07983792900412164,30.4635761589404,158.75
7.0,0.2,0.74,0.8,0.044,19.0,163.0,0.9931,3.46,0.53,10.2,5,low,white,80.47800000000001,0.08698029275081388,11.65644171779141,145.7142857142857
6.9,0.19,0.49,6.6,0.036,49.0,172.0,0.9932,3.2,0.27,11.5,6,medium,white,90.735,0.07604562737642585,28.488372093023255,166.66666666666666
7.1,0.25,0.49,3.0,0.03,30.0,96.0,0.9903,3.13,0.39,12.3,7,medium,white,97.04700000000001,0.0731604274217647,31.25,173.23943661971833
6.5,0.24,0.24,1.6,0.046,15.0,60.0,0.9928,3.19,0.39,9.8,5,low,white,77.322,0.08406404386849797,25.0,150.7692307692308
7.2,0.4,0.49,1.1,0.048,11.0,138.0,0.9929,3.01,0.42,9.3,5,low,white,73.37700000000001,0.09812339016313013,7.971014492753622,129.16666666666669
7.6,0.52,0.49,14.0,0.034,37.0,156.0,0.9958,3.14,0.38,11.8,7,medium,white,93.102,0.08163089944362097,23.717948717948715,155.26315789473685
7.8,0.43,0.49,13.0,0.033,37.0,158.0,0.9955,3.14,0.35,11.3,6,medium,white,89.15700000000001,0.08748611999057841,23.417721518987342,144.8717948717949
7.8,0.21,0.49,1.35,0.052,6.0,48.0,0.9911,3.15,0.28,11.4,5,low,white,89.946,0.0867186978853979,12.5,146.15384615384616
7.0,0.2,0.49,5.9,0.038,39.0,128.0,0.9938,3.21,0.48,10.8,6,medium,white,85.212,0.08214805426465756,30.46875,154.2857142857143
6.9,0.25,0.24,3.6,0.057,13.0,85.0,0.9942,2.99,0.48,9.5,4,low,white,74.955,0.09205523313988394,15.294117647058824,137.68115942028984
7.2,0.08,0.49,1.3,0.05,18.0,148.0,0.9945,3.46,0.44,10.2,6,medium,white,80.47800000000001,0.0894654439722657,12.162162162162163,141.66666666666666
7.1,0.85,0.49,8.7,0.028,40.0,184.0,0.9962,3.22,0.36,10.7,5,low,white,84.423,0.08410030441941177,21.73913043478261,150.70422535211267
7.6,0.51,0.24,1.2,0.04,10.0,104.0,0.992,3.05,0.29,10.8,6,medium,white,85.212,0.08918931605877106,9.615384615384617,142.10526315789477
7.9,0.22,0.24,4.6,0.044,39.0,159.0,0.9927,2.99,0.28,11.5,6,medium,white,90.735,0.08706673279329917,24.528301886792452,145.56962025316454
7.7,0.16,0.49,2.0,0.056,20.0,124.0,0.9948,3.32,0.49,10.7,6,medium,white,84.423,0.09120737239851699,16.129032258064516,138.96103896103895
7.2,0.08,0.49,1.3,0.05,18.0,148.0,0.9945,3.46,0.44,10.2,6,medium,white,80.47800000000001,0.0894654439722657,12.162162162162163,141.66666666666666
6.6,0.25,0.24,1.7,0.048,26.0,124.0,0.9942,3.37,0.6,10.1,6,medium,white,79.68900000000001,0.08282197040996875,20.967741935483872,153.03030303030303
6.7,0.16,0.49,2.4,0.046,57.0,187.0,0.9952,3.62,0.81,10.4,6,medium,white,82.056,0.08165155503558545,30.481283422459892,155.22388059701493
6.9,0.25,0.24,3.6,0.057,13.0,85.0,0.9942,2.99,0.48,9.5,4,low,white,74.955,0.09205523313988394,15.294117647058824,137.68115942028984
7.5,0.32,0.24,4.6,0.053,8.0,134.0,0.9958,3.14,0.5,9.1,3,low,white,71.799,0.10445827936322231,5.970149253731343,121.33333333333334
7.4,0.28,0.49,1.5,0.034,20.0,126.0,0.9918,2.98,0.39,10.6,6,medium,white,83.634,0.08848076141282255,15.873015873015872,143.24324324324323
6.2,0.15,0.49,0.9,0.033,17.0,51.0,0.9932,3.3,0.7,9.4,6,medium,white,74.166,0.08359625704500716,33.33333333333333,151.61290322580646
6.7,0.25,0.74,19.4,0.054,44.0,169.0,1.0004,3.51,0.45,9.8,6,medium,white,77.322,0.08665062983368252,26.035502958579883,146.26865671641792
6.5,0.26,0.74,13.3,0.044,68.0,224.0,0.9972,3.18,0.54,9.5,6,medium,white,74.955,0.0867186978853979,30.357142857142854,146.15384615384613
7.9,0.16,0.74,17.85,0.037,52.0,187.0,0.9998,2.99,0.41,9.3,5,low,white,73.37700000000001,0.10766316420676778,27.807486631016044,117.72151898734178
5.6,0.185,0.49,1.1,0.03,28.0,117.0,0.9918,3.55,0.45,10.3,6,medium,white,81.26700000000001,0.06890865911132439,23.931623931623932,183.92857142857147
7.5,0.2,0.49,1.3,0.031,8.0,97.0,0.9918,3.06,0.62,11.1,5,low,white,87.57900000000001,0.08563696776624533,8.24742268041237,148.0
8.0,0.3,0.49,9.4,0.046,47.0,188.0,0.9964,3.14,0.48,10.0,5,low,white,78.9,0.10139416983523447,25.0,125.0
8.0,0.34,0.49,9.0,0.033,39.0,180.0,0.9936,3.13,0.38,12.3,8,high,white,97.04700000000001,0.08243428441888981,21.666666666666668,153.75
7.7,0.35,0.49,8.65,0.033,42.0,186.0,0.9931,3.14,0.38,12.4,8,high,white,97.836,0.07870313586001064,22.58064516129032,161.03896103896105
7.6,0.29,0.49,9.6,0.03,45.0,197.0,0.9938,3.13,0.38,12.3,7,medium,white,97.04700000000001,0.07831257019794531,22.84263959390863,161.84210526315792
6.7,0.62,0.24,1.1,0.039,6.0,62.0,0.9934,3.41,0.32,10.4,5,low,white,82.056,0.08165155503558545,9.67741935483871,155.22388059701493
6.8,0.27,0.49,1.2,0.044,35.0,126.0,0.99,3.13,0.48,12.1,7,medium,white,95.46900000000001,0.07122730938838785,27.77777777777778,177.94117647058823
7.7,0.27,0.49,1.8,0.041,23.0,86.0,0.9914,3.16,0.42,12.5,6,medium,white,98.625,0.07807351077313054,26.744186046511626,162.33766233766232
6.7,0.51,0.24,2.1,0.043,14.0,155.0,0.9904,3.22,0.6,13.0,6,medium,white,102.57000000000001,0.06532124402846835,9.032258064516128,194.02985074626866
7.4,0.19,0.49,9.3,0.03,26.0,132.0,0.994,2.99,0.32,11.0,7,medium,white,86.79,0.08526327917962899,19.696969696969695,148.64864864864865
8.3,0.2,0.49,1.7,0.04,34.0,169.0,0.9938,3.05,0.37,10.1,5,low,white,79.68900000000001,0.10415490218223343,20.118343195266274,121.68674698795179
6.6,0.3,0.24,1.2,0.034,17.0,121.0,0.9933,3.13,0.36,9.2,5,low,white,72.58800000000001,0.09092411968920482,14.049586776859504,139.39393939393938
6.8,0.36,0.24,4.6,0.039,24.0,124.0,0.9909,3.27,0.34,12.6,7,medium,white,99.414,0.06840082885710262,19.35483870967742,185.29411764705884
7.0,0.17,0.74,12.8,0.045,24.0,126.0,0.9942,3.26,0.38,12.2,8,high,white,96.25800000000001,0.07272122836543456,19.047619047619047,174.28571428571428
9.2,0.18,0.49,1.5,0.041,39.0,130.0,0.9945,3.04,0.49,9.8,7,medium,white,77.322,0.11898295439848942,30.0,106.5217391304348
8.1,0.2,0.49,8.1,0.051,51.0,205.0,0.9954,3.1,0.52,11.0,6,medium,white,86.79,0.09332872450743172,24.878048780487806,135.80246913580248
7.8,0.26,0.74,7.5,0.044,59.0,160.0,0.996,3.22,0.64,10.0,6,medium,white,78.9,0.0988593155893536,36.875,128.2051282051282
6.8,0.21,0.49,14.5,0.06,50.0,170.0,0.9991,3.55,0.44,9.8,6,medium,white,77.322,0.08794392281627479,29.411764705882355,144.11764705882354
7.9,0.2,0.49,1.6,0.053,15.0,144.0,0.993,3.16,0.47,10.5,5,low,white,82.845,0.09535880258313718,10.416666666666668,132.91139240506328
8.0,0.18,0.49,1.8,0.061,10.0,145.0,0.9942,3.23,0.48,10.0,5,low,white,78.9,0.10139416983523447,6.896551724137931,125.0
8.8,0.23,0.74,3.2,0.042,15.0,126.0,0.9934,3.02,0.51,11.2,6,medium,white,88.36800000000001,0.09958355965960529,11.904761904761903,127.27272727272725
7.3,0.22,0.49,9.4,0.034,29.0,134.0,0.9939,2.99,0.32,11.0,7,medium,white,86.79,0.08411107270422859,21.641791044776117,150.68493150684932
7.3,0.22,0.49,9.9,0.031,48.0,161.0,0.9937,3.01,0.28,11.2,6,medium,white,88.36800000000001,0.08260908926308165,29.81366459627329,153.42465753424656
7.4,0.19,0.49,9.3,0.03,26.0,132.0,0.994,2.99,0.32,11.0,7,medium,white,86.79,0.08526327917962899,19.696969696969695,148.64864864864865
7.3,0.155,0.49,1.3,0.039,34.0,136.0,0.9926,3.14,0.77,10.5,6,medium,white,82.845,0.08811636188062043,25.0,143.83561643835617
8.2,0.22,0.49,9.6,0.037,53.0,154.0,0.9951,3.02,0.33,10.6,6,medium,white,83.634,0.09804624913312766,34.41558441558442,129.26829268292684
8.2,0.24,0.49,9.3,0.038,52.0,163.0,0.9952,3.02,0.33,10.6,6,medium,white,83.634,0.09804624913312766,31.901840490797547,129.26829268292684
8.4,0.23,0.49,7.8,0.035,22.0,95.0,0.9935,3.04,0.34,12.0,6,medium,white,94.68,0.08871989860583016,23.157894736842106,142.85714285714286
8.3,0.2,0.49,1.7,0.04,34.0,169.0,0.9938,3.05,0.37,10.1,5,low,white,79.68900000000001,0.10415490218223343,20.118343195266274,121.68674698795179
8.3,0.2,0.49,1.7,0.038,38.0,167.0,0.9939,3.05,0.37,10.1,6,medium,white,79.68900000000001,0.10415490218223343,22.75449101796407,121.68674698795179
6.6,0.3,0.24,1.2,0.034,17.0,121.0,0.9933,3.13,0.36,9.2,5,low,white,72.58800000000001,0.09092411968920482,14.049586776859504,139.39393939393938
6.9,0.21,0.49,1.4,0.041,15.0,164.0,0.9927,3.25,0.63,11.0,5,low,white,86.79,0.07950224680262703,9.146341463414634,159.42028985507247
8.0,0.25,0.49,9.0,0.044,31.0,185.0,0.998,3.34,0.49,10.0,6,medium,white,78.9,0.10139416983523447,16.756756756756758,125.0
6.6,0.21,0.49,18.15,0.042,41.0,158.0,0.9997,3.28,0.39,8.7,6,medium,white,68.643,0.09614964380927406,25.949367088607595,131.8181818181818
7.2,0.27,0.74,12.5,0.037,47.0,156.0,0.9981,3.04,0.44,8.7,5,low,white,68.643,0.10489052051920808,30.128205128205128,120.83333333333333
14.2,0.27,0.49,1.1,0.037,33.0,156.0,0.992,3.15,0.54,11.1,6,medium,white,87.57900000000001,0.16213932563742448,21.153846153846153,78.16901408450705
7.9,0.28,0.49,7.7,0.045,48.0,195.0,0.9954,3.04,0.55,11.0,6,medium,white,86.79,0.09102431155663095,24.615384615384617,139.2405063291139
7.4,0.27,0.49,1.1,0.037,33.0,156.0,0.992,3.15,0.54,11.1,6,medium,white,87.57900000000001,0.08449514152936206,21.153846153846153,149.99999999999997
6.6,0.21,0.49,18.15,0.042,41.0,158.0,0.9997,3.28,0.39,8.7,6,medium,white,68.643,0.09614964380927406,25.949367088607595,131.8181818181818
7.2,0.27,0.74,12.5,0.037,47.0,156.0,0.9981,3.04,0.44,8.7,5,low,white,68.643,0.10489052051920808,30.128205128205128,120.83333333333333
8.1,0.3,0.49,8.1,0.037,26.0,174.0,0.9943,3.1,0.3,11.2,7,medium,white,88.36800000000001,0.09166214014122757,14.942528735632186,138.2716049382716
7.5,0.23,0.49,7.7,0.049,61.0,209.0,0.9941,3.14,0.3,11.1,7,medium,white,87.57900000000001,0.08563696776624533,29.1866028708134,148.0
7.3,0.26,0.49,5.0,0.028,32.0,107.0,0.9936,3.24,0.54,10.8,6,medium,white,85.212,0.0856686851617143,29.906542056074763,147.94520547945206
7.1,0.18,0.74,15.6,0.044,44.0,176.0,0.9996,3.38,0.67,9.0,6,medium,white,71.01,0.09998591747641176,25.0,126.7605633802817
8.5,0.15,0.49,1.5,0.031,17.0,122.0,0.9932,3.03,0.4,10.3,6,medium,white,81.26700000000001,0.10459350043683166,13.934426229508196,121.1764705882353
8.9,0.13,0.49,1.0,0.028,6.0,24.0,0.9926,2.91,0.32,9.9,5,low,white,78.111,0.11394041812292763,25.0,111.23595505617978
8.1,0.28,0.49,1.0,0.04,32.0,148.0,0.9936,3.13,0.41,10.0,6,medium,white,78.9,0.1026615969581749,21.62162162162162,123.45679012345681
6.0,0.17,0.49,1.0,0.034,26.0,106.0,0.992,3.21,0.42,9.8,6,medium,white,77.322,0.07759757895553658,24.528301886792452,163.33333333333334
7.3,0.26,0.49,5.0,0.028,32.0,107.0,0.9936,3.24,0.54,10.8,6,medium,white,85.212,0.0856686851617143,29.906542056074763,147.94520547945206
7.1,0.18,0.74,15.6,0.044,44.0,176.0,0.9996,3.38,0.67,9.0,6,medium,white,71.01,0.09998591747641176,25.0,126.7605633802817
7.1,0.53,0.24,0.8,0.029,29.0,86.0,0.993,3.16,0.32,9.1,4,low,white,71.799,0.09888717113051712,33.72093023255814,128.16901408450704
7.2,0.16,0.49,1.3,0.037,27.0,104.0,0.9924,3.23,0.57,10.6,6,medium,white,83.634,0.08608938948274625,25.961538461538463,147.2222222222222
7.3,0.14,0.49,1.1,0.038,28.0,99.0,0.9928,3.2,0.72,10.6,6,medium,white,83.634,0.0872850754477844,28.28282828282828,145.2054794520548
8.9,0.13,0.49,1.0,0.028,6.0,24.0,0.9926,2.91,0.32,9.9,5,low,white,78.111,0.11394041812292763,25.0,111.23595505617978
7.9,0.12,0.49,5.2,0.049,33.0,152.0,0.9952,3.18,0.47,10.6,6,medium,white,83.634,0.09445919123801325,21.710526315789476,134.1772151898734
6.7,0.29,0.49,4.7,0.034,35.0,156.0,0.9945,3.13,0.45,9.9,6,medium,white,78.111,0.08577537094647361,22.435897435897438,147.76119402985074
6.7,0.3,0.49,4.8,0.034,36.0,158.0,0.9945,3.12,0.45,9.9,6,medium,white,78.111,0.08577537094647361,22.78481012658228,147.76119402985074
7.1,0.36,0.24,1.8,0.025,32.0,102.0,0.9903,3.34,0.59,12.8,6,medium,white,100.992,0.07030259822560202,31.372549019607842,180.2816901408451
8.5,0.15,0.49,1.5,0.031,17.0,122.0,0.9932,3.03,0.4,10.3,6,medium,white,81.26700000000001,0.10459350043683166,13.934426229508196,121.1764705882353
7.9,0.18,0.49,5.2,0.051,36.0,157.0,0.9953,3.18,0.48,10.6,6,medium,white,83.634,0.09445919123801325,22.929936305732486,134.1772151898734
6.6,0.19,0.99,1.2,0.122,45.0,129.0,0.9936,3.09,0.31,8.7,6,medium,white,68.643,0.09614964380927406,34.883720930232556,131.8181818181818
7.3,0.21,0.49,1.8,0.038,44.0,152.0,0.9912,3.32,0.44,12.6,7,medium,white,99.414,0.07343030156718369,28.947368421052634,172.6027397260274
6.9,0.3,0.49,7.6,0.057,25.0,156.0,0.9962,3.43,0.63,11.0,7,medium,white,86.79,0.07950224680262703,16.025641025641026,159.42028985507247
7.9,0.42,0.49,8.2,0.056,32.0,164.0,0.9965,3.29,0.6,11.2,7,medium,white,88.36800000000001,0.0893988774216911,19.51219512195122,141.77215189873417
6.9,0.24,0.49,1.3,0.032,35.0,148.0,0.9932,3.45,0.57,10.7,7,medium,white,84.423,0.08173128175971003,23.64864864864865,155.0724637681159
7.6,0.23,0.49,10.0,0.036,45.0,182.0,0.9967,3.08,0.58,9.6,6,medium,white,75.744,0.10033798056611744,24.725274725274726,126.3157894736842
7.9,0.18,0.49,5.2,0.051,36.0,157.0,0.9953,3.18,0.48,10.6,6,medium,white,83.634,0.09445919123801325,22.929936305732486,134.1772151898734
6.2,0.43,0.49,6.4,0.045,12.0,115.0,0.9963,3.27,0.57,9.0,4,low,white,71.01,0.08731164624700746,10.434782608695652,145.16129032258064
8.8,0.35,0.49,1.0,0.036,14.0,56.0,0.992,2.96,0.33,10.5,4,low,white,82.845,0.10622246363691232,25.0,119.31818181818181
7.8,0.3,0.74,1.8,0.033,33.0,156.0,0.991,3.29,0.52,12.8,6,medium,white,100.992,0.07723384030418251,21.153846153846153,164.10256410256412
9.1,0.28,0.49,2.0,0.059,10.0,112.0,0.9958,3.15,0.46,10.1,5,low,white,79.68900000000001,0.11419392889859327,8.928571428571429,110.98901098901099
7.1,0.34,0.49,1.5,0.027,26.0,126.0,0.99,3.3,0.33,12.2,7,medium,white,96.25800000000001,0.07376010305636933,20.634920634920633,171.83098591549296
7.8,0.3,0.74,1.8,0.033,33.0,156.0,0.991,3.29,0.52,12.8,6,medium,white,100.992,0.07723384030418251,21.153846153846153,164.10256410256412
9.1,0.28,0.49,2.0,0.059,10.0,112.0,0.9958,3.15,0.46,10.1,5,low,white,79.68900000000001,0.11419392889859327,8.928571428571429,110.98901098901099
8.5,0.19,0.49,3.5,0.044,29.0,117.0,0.9938,3.14,0.51,10.1,6,medium,white,79.68900000000001,0.10666465886132338,24.786324786324787,118.82352941176471
7.6,0.18,0.49,18.05,0.046,36.0,158.0,0.9996,3.06,0.41,9.2,5,low,white,72.58800000000001,0.10470050146029646,22.78481012658228,121.05263157894737
7.5,0.19,0.49,1.8,0.055,19.0,110.0,0.9946,3.33,0.44,9.9,5,low,white,78.111,0.09601720628336598,17.272727272727273,132.0
7.4,0.3,0.49,8.2,0.055,49.0,188.0,0.9974,3.52,0.58,9.7,6,medium,white,76.533,0.09669031659545556,26.063829787234045,131.08108108108107
6.7,0.3,0.74,5.0,0.038,35.0,157.0,0.9945,3.21,0.46,9.9,5,low,white,78.111,0.08577537094647361,22.29299363057325,147.76119402985074
6.6,0.3,0.74,4.6,0.041,36.0,159.0,0.9946,3.21,0.45,9.9,5,low,white,78.111,0.08449514152936205,22.641509433962266,150.00000000000003
7.4,0.3,0.49,8.2,0.055,49.0,188.0,0.9974,3.52,0.58,9.7,6,medium,white,76.533,0.09669031659545556,26.063829787234045,131.08108108108107
6.9,0.22,0.49,7.0,0.063,50.0,168.0,0.9957,3.54,0.5,10.3,6,medium,white,81.26700000000001,0.08490531211931042,29.761904761904763,149.27536231884056
7.8,0.26,0.49,3.1,0.045,21.0,116.0,0.9931,3.16,0.35,10.3,5,low,white,81.26700000000001,0.09597991804791611,18.103448275862068,132.05128205128207
8.5,0.17,0.49,8.8,0.048,23.0,108.0,0.9947,2.88,0.34,10.5,4,low,white,82.845,0.10260124328565394,21.296296296296298,123.52941176470588
6.8,0.17,0.74,2.4,0.053,61.0,182.0,0.9953,3.63,0.76,10.5,6,medium,white,82.845,0.08208099462852314,33.51648351648351,154.41176470588235
6.2,0.27,0.49,1.4,0.05,20.0,74.0,0.9931,3.32,0.44,9.8,6,medium,white,77.322,0.08018416492072114,27.027027027027028,158.06451612903228
7.1,0.64,0.49,1.8,0.05,17.0,128.0,0.9946,3.31,0.58,10.6,4,low,white,83.634,0.0848937035177081,13.28125,149.29577464788733
6.4,0.18,0.74,11.9,0.046,54.0,168.0,0.9978,3.58,0.68,10.1,5,low,white,79.68900000000001,0.0803122137308788,32.142857142857146,157.81249999999997
7.6,0.31,0.49,13.4,0.062,50.0,191.0,0.9989,3.22,0.53,9.0,4,low,white,71.01,0.10702717927052527,26.17801047120419,118.42105263157896
9.8,0.31,0.49,15.4,0.046,13.0,119.0,1.0004,3.18,0.45,9.5,5,low,white,74.955,0.13074511373490763,10.92436974789916,96.93877551020408
9.0,0.3,0.49,7.2,0.039,32.0,84.0,0.9938,2.94,0.32,11.5,6,medium,white,90.735,0.09918994875185981,38.095238095238095,127.77777777777777
8.4,0.24,0.49,7.4,0.039,46.0,108.0,0.9934,3.03,0.33,11.9,7,medium,white,93.891,0.08946544397226572,42.592592592592595,141.66666666666669
6.4,0.18,0.74,11.9,0.046,54.0,168.0,0.9978,3.58,0.68,10.1,5,low,white,79.68900000000001,0.0803122137308788,32.142857142857146,157.81249999999997
6.4,0.25,0.74,7.8,0.045,52.0,209.0,0.9956,3.21,0.42,9.2,6,medium,white,72.58800000000001,0.0881688433349865,24.880382775119617,143.74999999999997
7.3,0.3,0.74,13.5,0.039,46.0,165.0,0.9982,3.02,0.4,8.7,5,low,white,68.643,0.10634733330419707,27.878787878787882,119.17808219178082
9.3,0.31,0.49,1.3,0.042,34.0,147.0,0.9948,3.11,0.46,9.8,5,low,white,77.322,0.12027624738108171,23.12925170068027,105.3763440860215
6.4,0.25,0.74,7.8,0.045,52.0,209.0,0.9956,3.21,0.42,9.2,6,medium,white,72.58800000000001,0.0881688433349865,24.880382775119617,143.74999999999997
7.3,0.3,0.74,13.5,0.039,46.0,165.0,0.9982,3.02,0.4,8.7,5,low,white,68.643,0.10634733330419707,27.878787878787882,119.17808219178082
7.0,0.27,0.74,1.5,0.036,27.0,122.0,0.9926,3.35,0.48,11.2,6,medium,white,88.36800000000001,0.07921419518377693,22.131147540983605,160.0
7.9,0.14,0.74,1.2,0.028,30.0,165.0,0.991,3.08,0.82,12.3,6,medium,white,97.04700000000001,0.08140385586365369,18.181818181818183,155.69620253164558
6.4,0.12,0.49,6.4,0.042,49.0,161.0,0.9945,3.34,0.44,10.4,6,medium,white,82.056,0.07799551525787268,30.434782608695656,162.5
6.8,0.21,0.74,1.2,0.047,25.0,111.0,0.9916,3.13,0.41,10.7,6,medium,white,84.423,0.08054677042985915,22.52252252252252,157.35294117647058
8.6,0.16,0.49,7.3,0.043,9.0,63.0,0.9953,3.13,0.59,10.5,6,medium,white,82.845,0.10380831673607338,14.285714285714285,122.09302325581395
7.0,0.29,0.49,3.8,0.047,37.0,136.0,0.9938,2.95,0.4,9.4,6,medium,white,74.166,0.09438287085726614,27.205882352941174,134.2857142857143
6.4,0.27,0.49,7.3,0.046,53.0,206.0,0.9956,3.24,0.43,9.2,6,medium,white,72.58800000000001,0.0881688433349865,25.728155339805824,143.74999999999997
6.6,0.55,0.01,2.7,0.034,56.0,122.0,0.9906,3.15,0.3,11.9,5,low,white,93.891,0.0702942774067802,45.90163934426229,180.3030303030303
6.4,0.27,0.49,7.3,0.046,53.0,206.0,0.9956,3.24,0.43,9.2,6,medium,white,72.58800000000001,0.0881688433349865,25.728155339805824,143.74999999999997
6.3,0.24,0.74,1.4,0.172,24.0,108.0,0.9932,3.27,0.39,9.9,6,medium,white,78.111,0.08065445327802742,22.22222222222222,157.14285714285717
6.7,0.33,0.49,1.6,0.167,20.0,94.0,0.9914,3.11,0.5,11.4,6,medium,white,89.946,0.07448913792720077,21.27659574468085,170.1492537313433
7.0,0.29,0.49,3.8,0.047,37.0,136.0,0.9938,2.95,0.4,9.4,6,medium,white,74.166,0.09438287085726614,27.205882352941174,134.2857142857143
8.2,0.34,0.49,8.0,0.046,55.0,223.0,0.996,3.08,0.52,10.7,6,medium,white,84.423,0.09712992904777133,24.663677130044842,130.4878048780488
5.6,0.39,0.24,4.7,0.034,27.0,77.0,0.9906,3.28,0.36,12.7,5,low,white,100.203,0.05588655030288514,35.064935064935064,226.78571428571428
5.6,0.41,0.24,1.9,0.034,10.0,53.0,0.98815,3.32,0.5,13.5,7,medium,white,106.515,0.052574754729380835,18.867924528301888,241.0714285714286
6.7,0.41,0.01,2.8,0.048,39.0,137.0,0.9942,3.24,0.35,9.5,5,low,white,74.955,0.08938696551264093,28.467153284671532,141.79104477611938
7.1,0.26,0.49,2.2,0.032,31.0,113.0,0.9903,3.37,0.42,12.9,9,high,white,101.781,0.0697576168440082,27.43362831858407,181.69014084507046
7.5,0.32,0.49,1.7,0.031,44.0,109.0,0.9906,3.07,0.46,12.5,6,medium,white,98.625,0.07604562737642585,40.36697247706422,166.66666666666669
5.8,0.19,0.49,4.9,0.04,44.0,118.0,0.9935,3.34,0.38,9.5,7,medium,white,74.955,0.07737976119004736,37.28813559322034,163.79310344827587
6.9,0.27,0.49,23.5,0.057,59.0,235.0,1.0024,2.98,0.47,8.6,5,low,white,67.854,0.10168892032894156,25.106382978723403,124.63768115942028
8.1,0.2,0.49,11.8,0.048,46.0,212.0,0.9968,3.09,0.46,10.0,7,medium,white,78.9,0.1026615969581749,21.69811320754717,123.45679012345681
7.5,0.32,0.49,1.7,0.031,44.0,109.0,0.9906,3.07,0.46,12.5,6,medium,white,98.625,0.07604562737642585,40.36697247706422,166.66666666666669
8.2,0.26,0.49,5.2,0.04,19.0,100.0,0.9941,3.12,0.34,10.1,6,medium,white,79.68900000000001,0.10290002384268844,19.0,123.17073170731707
7.8,0.26,0.49,3.2,0.027,28.0,87.0,0.9919,3.03,0.32,11.3,7,medium,white,89.15700000000001,0.08748611999057841,32.18390804597701,144.8717948717949
8.0,0.14,0.49,1.5,0.035,42.0,120.0,0.9928,3.26,0.4,10.6,7,medium,white,83.634,0.0956548772030514,35.0,132.5
8.0,0.29,0.49,11.7,0.035,40.0,131.0,0.9958,3.14,0.34,10.8,5,low,white,85.212,0.09388349058818006,30.53435114503817,135.0
7.5,0.19,0.49,1.6,0.047,42.0,140.0,0.9932,3.4,0.47,10.7,6,medium,white,84.423,0.08883834973881526,30.0,142.66666666666666
6.9,0.34,0.49,7.3,0.045,61.0,206.0,0.9957,3.09,0.4,9.0,6,medium,white,71.01,0.09716941275876637,29.61165048543689,130.43478260869566
6.2,0.2,0.49,1.6,0.065,17.0,143.0,0.9937,3.22,0.52,9.2,6,medium,white,72.58800000000001,0.08541356698076816,11.888111888111888,148.38709677419354
6.4,0.37,0.49,13.3,0.045,53.0,243.0,0.9982,3.14,0.48,8.5,6,medium,white,67.065,0.09542980690375011,21.810699588477366,132.8125
6.2,0.22,0.49,6.0,0.029,31.0,128.0,0.9928,3.41,0.36,11.3,8,high,white,89.15700000000001,0.06954024922328027,24.21875,182.25806451612905
7.8,0.26,0.49,3.2,0.027,28.0,87.0,0.9919,3.03,0.32,11.3,7,medium,white,89.15700000000001,0.08748611999057841,32.18390804597701,144.8717948717949
8.9,0.32,0.49,1.6,0.05,17.0,131.0,0.9956,3.13,0.34,9.4,5,low,white,74.166,0.12000107866138124,12.977099236641221,105.61797752808988
6.5,0.44,0.49,7.7,0.045,16.0,169.0,0.9957,3.11,0.37,8.7,6,medium,white,68.643,0.09469283102428507,9.467455621301776,133.84615384615384
7.0,0.14,0.49,5.9,0.053,22.0,118.0,0.9954,3.36,0.36,9.4,6,medium,white,74.166,0.09438287085726614,18.64406779661017,134.2857142857143
9.0,0.17,0.49,1.0,0.039,46.0,131.0,0.993,3.09,0.51,10.5,7,medium,white,82.845,0.10863661053775123,35.11450381679389,116.66666666666667
6.4,0.26,0.49,6.4,0.037,37.0,161.0,0.9954,3.38,0.53,9.7,6,medium,white,76.533,0.08362405759606967,22.981366459627328,151.56249999999997
9.0,0.22,0.49,10.4,0.048,52.0,195.0,0.9987,3.31,0.44,10.2,6,medium,white,80.47800000000001,0.11183180496533213,26.666666666666668,113.33333333333333
8.9,0.32,0.49,1.6,0.05,17.0,131.0,0.9956,3.13,0.34,9.4,5,low,white,74.166,0.12000107866138124,12.977099236641221,105.61797752808988
8.2,0.2,0.49,3.5,0.057,14.0,108.0,0.9928,3.19,0.35,11.5,6,medium,white,90.735,0.09037306441836115,12.962962962962962,140.2439024390244
7.8,0.15,0.24,7.7,0.047,21.0,98.0,0.9951,2.94,0.31,9.6,6,medium,white,75.744,0.10297845373891001,21.428571428571427,123.07692307692308
6.9,0.25,0.24,1.8,0.053,6.0,121.0,0.993,3.23,0.7,11.4,5,low,white,89.946,0.07671269428323661,4.958677685950414,165.2173913043478
8.2,0.2,0.49,3.5,0.057,14.0,108.0,0.9928,3.19,0.35,11.5,6,medium,white,90.735,0.09037306441836115,12.962962962962962,140.2439024390244
7.1,0.28,0.49,6.5,0.041,28.0,111.0,0.9926,3.41,0.58,12.2,8,high,white,96.25800000000001,0.07376010305636933,25.225225225225223,171.83098591549296
7.4,0.19,0.49,6.7,0.037,15.0,110.0,0.9938,3.2,0.38,11.0,7,medium,white,86.79,0.08526327917962899,13.636363636363635,148.64864864864865
8.3,0.25,0.49,16.8,0.048,50.0,228.0,1.0001,3.03,0.52,9.2,6,medium,white,72.58800000000001,0.11434396870006061,21.929824561403507,110.84337349397589
7.5,0.14,0.74,1.6,0.035,21.0,126.0,0.9933,3.26,0.45,10.2,6,medium,white,80.47800000000001,0.09319317080444343,16.666666666666664,136.0
7.8,0.49,0.49,7.0,0.043,29.0,149.0,0.9952,3.21,0.33,10.0,5,low,white,78.9,0.0988593155893536,19.463087248322147,128.2051282051282
8.1,0.12,0.49,1.2,0.042,43.0,160.0,0.9934,3.13,0.48,9.7,6,medium,white,76.533,0.10583669789502567,26.875,119.75308641975309
7.6,0.47,0.49,13.0,0.239,42.0,220.0,0.9988,2.96,0.51,9.2,5,low,white,72.58800000000001,0.10470050146029646,19.090909090909093,121.05263157894737
7.9,0.22,0.49,3.8,0.042,26.0,105.0,0.993,3.1,0.39,10.5,5,low,white,82.845,0.09535880258313718,24.761904761904763,132.91139240506328
7.8,0.49,0.49,7.0,0.043,29.0,149.0,0.9952,3.21,0.33,10.0,5,low,white,78.9,0.0988593155893536,19.463087248322147,128.2051282051282
6.4,0.22,0.49,7.5,0.054,42.0,151.0,0.9948,3.27,0.52,10.1,6,medium,white,79.68900000000001,0.0803122137308788,27.81456953642384,157.81249999999997
7.3,0.19,0.49,15.55,0.058,50.0,134.0,0.9998,3.42,0.36,9.1,7,medium,white,71.799,0.10167272524686972,37.3134328358209,124.65753424657532
8.1,0.3,0.49,12.3,0.049,50.0,144.0,0.9971,3.09,0.57,10.2,7,medium,white,80.47800000000001,0.10064862446879891,34.72222222222222,125.92592592592592
7.3,0.19,0.49,15.55,0.058,50.0,134.0,0.9998,3.42,0.36,9.1,7,medium,white,71.799,0.10167272524686972,37.3134328358209,124.65753424657532
7.5,0.24,0.49,9.4,0.048,50.0,149.0,0.9962,3.17,0.59,10.5,7,medium,white,82.845,0.09053050878145935,33.557046979865774,140.0
6.4,0.22,0.49,7.5,0.054,42.0,151.0,0.9948,3.27,0.52,10.1,6,medium,white,79.68900000000001,0.0803122137308788,27.81456953642384,157.81249999999997
7.8,0.21,0.49,1.2,0.036,20.0,99.0,0.99,3.05,0.28,12.1,7,medium,white,95.46900000000001,0.08170191371020959,20.2020202020202,155.12820512820514
7.1,0.3,0.49,1.6,0.045,31.0,100.0,0.9942,3.4,0.59,10.2,5,low,white,80.47800000000001,0.08822286836153978,31.0,143.6619718309859
6.9,0.26,0.49,1.6,0.058,39.0,166.0,0.9965,3.65,0.52,9.4,4,low,white,74.166,0.09303454413073377,23.49397590361446,136.23188405797103
7.6,0.31,0.49,3.95,0.044,27.0,131.0,0.9912,3.08,0.67,12.8,7,medium,white,100.992,0.07525348542458808,20.610687022900763,168.42105263157896
6.4,0.42,0.74,12.8,0.076,48.0,209.0,0.9978,3.12,0.58,9.0,6,medium,white,71.01,0.09012815096465286,22.966507177033492,140.625
8.2,0.29,0.49,1.0,0.044,29.0,118.0,0.9928,3.24,0.36,10.9,4,low,white,86.001,0.0953477285147847,24.576271186440678,132.9268292682927
7.9,0.33,0.28,31.6,0.053,35.0,176.0,1.0103,3.15,0.38,8.8,6,medium,white,69.432,0.1137803894457887,19.886363636363637,111.39240506329114
6.6,0.46,0.49,7.4,0.052,19.0,184.0,0.9956,3.11,0.38,9.0,5,low,white,71.01,0.09294465568229826,10.326086956521738,136.36363636363637
7.8,0.28,0.49,1.3,0.046,27.0,142.0,0.9936,3.09,0.59,10.2,5,low,white,80.47800000000001,0.09692089763662118,19.014084507042252,130.76923076923077
5.8,0.15,0.49,1.1,0.048,21.0,98.0,0.9929,3.19,0.48,9.2,5,low,white,72.58800000000001,0.0799030142723315,21.428571428571427,158.62068965517238
7.8,0.4,0.49,7.8,0.06,34.0,162.0,0.9966,3.26,0.58,11.3,6,medium,white,89.15700000000001,0.08748611999057841,20.98765432098765,144.8717948717949
6.6,0.31,0.49,7.7,0.05,52.0,220.0,0.9964,3.12,0.45,8.8,5,low,white,69.432,0.09505703422053231,23.636363636363637,133.33333333333334
6.6,0.325,0.49,7.7,0.049,53.0,217.0,0.996,3.16,0.4,9.3,5,low,white,73.37700000000001,0.08994644098286927,24.42396313364055,140.9090909090909
6.6,0.27,0.49,7.8,0.049,62.0,217.0,0.9959,3.17,0.45,9.4,6,medium,white,74.166,0.08898956395113664,28.57142857142857,142.42424242424244
6.7,0.26,0.49,8.3,0.047,54.0,191.0,0.9954,3.23,0.4,10.3,6,medium,white,81.26700000000001,0.08244428857962026,28.272251308900525,153.73134328358208
6.7,0.21,0.49,1.4,0.047,30.0,114.0,0.9914,2.92,0.42,10.8,7,medium,white,85.212,0.07862742336760081,26.31578947368421,161.19402985074626
7.9,0.33,0.28,31.6,0.053,35.0,176.0,1.0103,3.15,0.38,8.8,6,medium,white,69.432,0.1137803894457887,19.886363636363637,111.39240506329114
8.1,0.28,0.46,15.4,0.059,32.0,177.0,1.0004,3.27,0.58,9.0,4,low,white,71.01,0.11406844106463877,18.07909604519774,111.11111111111111
6.5,0.13,0.37,1.0,0.036,48.0,114.0,0.9911,3.41,0.51,11.5,8,high,white,90.735,0.07163718520967653,42.10526315789473,176.9230769230769
7.8,0.445,0.56,1.0,0.04,8.0,84.0,0.9938,3.25,0.43,10.8,5,low,white,85.212,0.09153640332347557,9.523809523809524,138.46153846153848
8.8,0.39,0.34,5.9,0.055,33.0,128.0,0.9927,2.95,0.51,11.8,6,medium,white,93.102,0.09451998882945586,25.78125,134.0909090909091
7.9,0.18,0.33,1.2,0.033,20.0,72.0,0.9922,3.12,0.38,10.5,7,medium,white,82.845,0.09535880258313718,27.77777777777778,132.91139240506328
7.1,0.31,0.38,1.2,0.036,10.0,124.0,0.9924,3.14,0.44,9.9,6,medium,white,78.111,0.09089628861491979,8.064516129032258,139.43661971830988
7.8,0.24,0.18,6.7,0.046,33.0,160.0,0.9963,3.2,0.56,9.8,6,medium,white,77.322,0.10087685264219756,20.625,125.64102564102566
7.0,0.35,0.3,6.5,0.028,27.0,87.0,0.9936,3.4,0.42,11.4,7,medium,white,89.946,0.07782447246125453,31.03448275862069,162.85714285714286
6.6,0.26,0.31,4.8,0.138,41.0,168.0,0.9951,3.2,0.38,9.3,5,low,white,73.37700000000001,0.08994644098286927,24.404761904761905,140.9090909090909
6.6,0.27,0.31,5.3,0.137,35.0,163.0,0.9951,3.2,0.38,9.3,5,low,white,73.37700000000001,0.08994644098286927,21.472392638036812,140.9090909090909
6.8,0.22,0.29,8.9,0.046,82.0,188.0,0.9955,3.3,0.44,10.3,6,medium,white,81.26700000000001,0.08367480034946533,43.61702127659575,151.47058823529414
6.2,0.27,0.32,8.8,0.047,65.0,224.0,0.9961,3.17,0.47,8.9,5,low,white,70.221,0.0882926759801199,29.017857142857146,143.5483870967742
7.0,0.35,0.3,6.5,0.028,27.0,87.0,0.9936,3.4,0.42,11.4,7,medium,white,89.946,0.07782447246125453,31.03448275862069,162.85714285714286
7.3,0.23,0.37,1.8,0.032,60.0,156.0,0.992,3.11,0.35,11.1,6,medium,white,87.57900000000001,0.08335331529247877,38.46153846153847,152.05479452054794
6.2,0.3,0.2,6.6,0.045,42.0,170.0,0.9944,3.36,0.45,10.4,6,medium,white,82.056,0.07555815540606416,24.705882352941178,167.74193548387098
6.4,0.35,0.2,5.7,0.034,18.0,117.0,0.9944,3.33,0.43,10.1,5,low,white,79.68900000000001,0.0803122137308788,15.384615384615385,157.81249999999997
7.6,0.32,0.34,18.35,0.054,44.0,197.0,1.0008,3.22,0.55,9.0,5,low,white,71.01,0.10702717927052527,22.33502538071066,118.42105263157896
6.3,0.31,0.3,10.0,0.046,49.0,212.0,0.9962,3.74,0.55,11.9,6,medium,white,93.891,0.06709908297919928,23.11320754716981,188.8888888888889
7.2,0.25,0.28,14.4,0.055,55.0,205.0,0.9986,3.12,0.38,9.0,7,medium,white,71.01,0.10139416983523447,26.82926829268293,125.0
7.2,0.25,0.28,14.4,0.055,55.0,205.0,0.9986,3.12,0.38,9.0,7,medium,white,71.01,0.10139416983523447,26.82926829268293,125.0
7.3,0.26,0.33,17.85,0.049,41.5,195.0,1.0,3.06,0.44,9.1,7,medium,white,71.799,0.10167272524686972,21.28205128205128,124.65753424657532
7.2,0.25,0.28,14.4,0.055,55.0,205.0,0.9986,3.12,0.38,9.0,7,medium,white,71.01,0.10139416983523447,26.82926829268293,125.0
7.4,0.26,0.37,9.4,0.047,42.0,147.0,0.9982,3.46,0.72,10.0,5,low,white,78.9,0.09378960709759189,28.57142857142857,135.13513513513513
7.3,0.26,0.33,17.85,0.049,41.5,195.0,1.0,3.06,0.44,9.1,7,medium,white,71.799,0.10167272524686972,21.28205128205128,124.65753424657532
6.7,0.25,0.26,1.55,0.041,118.5,216.0,0.9949,3.55,0.63,9.4,3,low,white,74.166,0.09033789067766902,54.861111111111114,140.2985074626866
7.1,0.16,0.25,1.3,0.034,28.0,123.0,0.9915,3.27,0.55,11.4,6,medium,white,89.946,0.07893625063927245,22.76422764227642,160.56338028169014
9.0,0.43,0.3,1.5,0.05,7.0,175.0,0.9951,3.11,0.45,9.7,4,low,white,76.533,0.11759633099447298,4.0,107.77777777777777
7.2,0.25,0.28,14.4,0.055,55.0,205.0,0.9986,3.12,0.38,9.0,7,medium,white,71.01,0.10139416983523447,26.82926829268293,125.0
7.0,0.24,0.3,4.2,0.04,41.0,213.0,0.9927,3.28,0.49,11.8,6,medium,white,93.102,0.07518635475070352,19.248826291079812,168.57142857142858
6.7,0.265,0.22,8.6,0.048,54.0,198.0,0.9955,3.25,0.41,10.2,5,low,white,80.47800000000001,0.08325256591863614,27.27272727272727,152.23880597014926
7.7,0.12,0.32,1.4,0.06,47.0,150.0,0.9952,3.37,0.42,9.2,6,medium,white,72.58800000000001,0.10607813963740562,31.333333333333336,119.48051948051948
7.2,0.21,0.33,3.0,0.036,35.0,132.0,0.9928,3.25,0.4,11.0,6,medium,white,86.79,0.0829588662288282,26.515151515151516,152.77777777777777
8.5,0.32,0.36,14.9,0.041,47.0,190.0,0.9982,3.08,0.31,10.0,6,medium,white,78.9,0.10773130544993662,24.736842105263158,117.64705882352942
6.9,0.18,0.3,2.0,0.038,39.0,190.0,0.9914,3.32,0.37,12.2,6,medium,white,96.25800000000001,0.07168235367449978,20.526315789473685,176.81159420289853
7.0,0.24,0.3,4.2,0.04,41.0,213.0,0.9927,3.28,0.49,11.8,6,medium,white,93.102,0.07518635475070352,19.248826291079812,168.57142857142858
6.3,0.26,0.29,2.2,0.043,35.0,175.0,0.9918,3.38,0.43,11.6,6,medium,white,91.524,0.0688344040907303,20.0,184.12698412698413
6.7,0.26,0.3,1.8,0.043,25.0,121.0,0.9944,3.44,0.61,10.2,6,medium,white,80.47800000000001,0.08325256591863614,20.66115702479339,152.23880597014926
7.9,0.29,0.36,11.1,0.033,43.0,208.0,0.9969,3.14,0.46,10.3,5,low,white,81.26700000000001,0.0972104298177612,20.673076923076923,130.37974683544306
6.5,0.27,0.19,4.2,0.046,6.0,114.0,0.9955,3.25,0.35,8.6,4,low,white,67.854,0.09579391045480001,5.263157894736842,132.3076923076923
6.7,0.33,0.42,6.4,0.058,27.0,151.0,0.9954,3.16,0.44,9.6,5,low,white,75.744,0.08845585128855091,17.880794701986755,143.28358208955223
6.7,0.31,0.42,6.4,0.057,25.0,148.0,0.9955,3.16,0.45,9.6,5,low,white,75.744,0.08845585128855091,16.89189189189189,143.28358208955223
6.6,0.25,0.31,1.5,0.035,32.0,127.0,0.9921,3.41,0.47,11.3,6,medium,white,89.15700000000001,0.0740267169151048,25.196850393700785,171.21212121212125
6.4,0.24,0.22,1.5,0.038,38.0,157.0,0.9934,3.41,0.55,9.9,6,medium,white,78.111,0.08193468269513897,24.203821656050955,154.6875
6.8,0.26,0.29,16.95,0.056,48.0,179.0,0.9998,3.45,0.4,9.6,5,low,white,75.744,0.08977608787494719,26.81564245810056,141.1764705882353
7.0,0.61,0.26,1.7,0.051,25.0,161.0,0.9946,3.36,0.6,10.6,4,low,white,83.634,0.08369801755266996,15.527950310559005,151.42857142857142
6.8,0.22,0.3,13.6,0.055,50.0,180.0,0.9984,3.44,0.39,9.8,5,low,white,77.322,0.08794392281627479,27.77777777777778,144.11764705882354
8.1,0.31,0.24,1.6,0.032,10.0,67.0,0.9924,3.08,0.47,10.5,5,low,white,82.845,0.0977729494839761,14.925373134328357,129.62962962962962
7.0,0.2,0.3,6.1,0.037,31.0,120.0,0.9939,3.24,0.51,10.8,5,low,white,85.212,0.08214805426465756,25.833333333333336,154.2857142857143
7.9,0.18,0.37,3.0,0.061,25.0,178.0,0.995,3.22,0.51,10.0,6,medium,white,78.9,0.10012674271229403,14.04494382022472,126.58227848101265
6.6,0.34,0.27,6.2,0.059,23.0,136.0,0.9957,3.3,0.49,10.1,6,medium,white,79.68900000000001,0.08282197040996875,16.911764705882355,153.03030303030303
6.8,0.3,0.24,6.6,0.123,35.0,116.0,0.9953,3.07,0.48,9.4,5,low,white,74.166,0.09168621740420138,30.17241379310345,138.23529411764707
6.5,0.18,0.34,1.6,0.04,43.0,148.0,0.9912,3.32,0.59,11.5,8,high,white,90.735,0.07163718520967653,29.054054054054053,176.9230769230769
7.0,0.21,0.31,6.0,0.046,29.0,108.0,0.9939,3.26,0.5,10.8,6,medium,white,85.212,0.08214805426465756,26.851851851851855,154.2857142857143
6.8,0.27,0.32,1.5,0.044,19.0,142.0,0.9921,3.1,0.43,9.9,6,medium,white,78.111,0.08705560036358514,13.380281690140844,145.58823529411765
9.3,0.2,0.33,1.7,0.05,28.0,178.0,0.9954,3.16,0.43,9.0,4,low,white,71.01,0.1309674693705112,15.730337078651685,96.77419354838709
5.8,0.23,0.27,1.8,0.043,24.0,69.0,0.9933,3.38,0.31,9.4,6,medium,white,74.166,0.07820295013887765,34.78260869565217,162.0689655172414
7.6,0.2,0.39,2.6,0.044,30.0,180.0,0.9941,3.46,0.44,10.8,7,medium,white,85.212,0.08918931605877106,16.666666666666664,142.10526315789477
8.2,0.15,0.48,2.7,0.052,24.0,190.0,0.995,3.5,0.45,10.9,7,medium,white,86.001,0.0953477285147847,12.631578947368421,132.9268292682927
7.5,0.4,1.0,19.5,0.041,33.0,148.0,0.9977,3.24,0.38,12.0,6,medium,white,94.68,0.07921419518377693,22.2972972972973,160.0
6.5,0.18,0.34,1.6,0.04,43.0,148.0,0.9912,3.32,0.59,11.5,8,high,white,90.735,0.07163718520967653,29.054054054054053,176.9230769230769
7.0,0.13,0.3,5.0,0.056,31.0,122.0,0.9945,3.47,0.42,10.5,6,medium,white,82.845,0.08449514152936206,25.40983606557377,150.0
6.9,0.17,0.22,4.6,0.064,55.0,152.0,0.9952,3.29,0.37,9.3,6,medium,white,73.37700000000001,0.0940349155729997,36.18421052631579,134.7826086956522
7.0,0.3,0.32,6.4,0.034,28.0,97.0,0.9924,3.23,0.44,11.8,6,medium,white,93.102,0.07518635475070352,28.865979381443296,168.57142857142858
7.6,0.445,0.44,14.5,0.045,68.0,212.0,0.9986,3.48,0.36,10.0,6,medium,white,78.9,0.09632446134347274,32.075471698113205,131.57894736842107
6.8,0.3,0.24,6.6,0.123,35.0,116.0,0.9953,3.07,0.48,9.4,5,low,white,74.166,0.09168621740420138,30.17241379310345,138.23529411764707
7.5,0.22,0.33,6.7,0.036,45.0,138.0,0.9939,3.2,0.68,11.4,6,medium,white,89.946,0.08338336335134414,32.608695652173914,152.0
9.2,0.23,0.3,1.1,0.031,40.0,99.0,0.9929,2.94,0.3,10.4,6,medium,white,82.056,0.11211855318319196,40.4040404040404,113.04347826086958
8.7,0.34,0.46,13.8,0.055,68.0,198.0,0.9988,3.36,0.37,9.5,6,medium,white,74.955,0.11606964178507104,34.34343434343434,109.19540229885058
6.6,0.545,0.04,2.5,0.031,48.0,111.0,0.9906,3.14,0.32,11.9,5,low,white,93.891,0.0702942774067802,43.24324324324324,180.3030303030303
8.1,0.3,0.31,1.1,0.041,49.0,123.0,0.9914,2.99,0.45,11.1,6,medium,white,87.57900000000001,0.09248792518754495,39.83739837398374,137.03703703703704
6.9,0.16,0.3,9.6,0.057,50.0,185.0,0.9978,3.39,0.38,9.6,6,medium,white,75.744,0.09109632446134348,27.027027027027028,139.1304347826087
8.0,0.32,0.36,4.6,0.042,56.0,178.0,0.9928,3.29,0.47,12.0,6,medium,white,94.68,0.08449514152936205,31.46067415730337,150.0
6.1,0.22,0.23,3.1,0.052,15.0,104.0,0.9948,3.14,0.42,8.7,5,low,white,68.643,0.08886557988432905,14.423076923076922,142.62295081967213
6.9,0.16,0.3,9.6,0.057,50.0,185.0,0.9978,3.39,0.38,9.6,6,medium,white,75.744,0.09109632446134348,27.027027027027028,139.1304347826087
7.5,0.15,0.38,1.8,0.054,19.0,101.0,0.9946,3.24,0.44,10.0,5,low,white,78.9,0.09505703422053231,18.81188118811881,133.33333333333331
8.4,0.29,0.29,1.05,0.032,4.0,55.0,0.9908,2.91,0.32,11.4,4,low,white,89.946,0.09338936695350544,7.2727272727272725,135.71428571428572
6.6,0.37,0.47,6.5,0.061,23.0,150.0,0.9954,3.14,0.45,9.6,6,medium,white,75.744,0.08713561470215463,15.333333333333332,145.45454545454547
7.7,0.38,0.4,2.0,0.038,28.0,152.0,0.9906,3.18,0.32,12.9,6,medium,white,101.781,0.07565262671814975,18.421052631578945,167.53246753246754
6.3,0.25,0.23,14.9,0.039,47.0,142.0,0.99705,3.14,0.35,9.7,6,medium,white,76.533,0.08231743169613108,33.098591549295776,153.96825396825395
8.3,0.3,0.36,10.0,0.042,33.0,169.0,0.9982,3.23,0.51,9.3,6,medium,white,73.37700000000001,0.11311446366027501,19.526627218934912,112.04819277108433
6.6,0.22,0.58,1.1,0.133,52.0,136.0,0.9932,3.1,0.3,9.1,5,low,white,71.799,0.09192328583963563,38.23529411764706,137.87878787878788
6.1,0.34,0.31,12.0,0.053,46.0,238.0,0.9977,3.16,0.48,8.6,5,low,white,67.854,0.08989890058065847,19.327731092436977,140.98360655737704
7.5,0.22,0.29,4.8,0.05,33.0,87.0,0.994,3.14,0.42,9.9,5,low,white,78.111,0.09601720628336598,37.93103448275862,132.0
8.3,0.3,0.36,10.0,0.042,33.0,169.0,0.9982,3.23,0.51,9.3,6,medium,white,73.37700000000001,0.11311446366027501,19.526627218934912,112.04819277108433
8.0,0.27,0.24,1.2,0.044,20.0,102.0,0.9929,3.28,0.42,10.9,5,low,white,86.001,0.09302217416076557,19.607843137254903,136.25
6.1,0.17,0.27,1.5,0.056,45.0,135.0,0.9924,3.2,0.43,10.2,6,medium,white,80.47800000000001,0.07579711225428067,33.33333333333333,167.21311475409837
7.4,0.18,0.3,10.4,0.045,44.0,174.0,0.9966,3.11,0.57,9.7,6,medium,white,76.533,0.09669031659545556,25.287356321839084,131.08108108108107
6.7,0.16,0.28,2.5,0.046,40.0,153.0,0.9921,3.38,0.51,11.4,7,medium,white,89.946,0.07448913792720077,26.143790849673206,170.1492537313433
6.1,0.255,0.44,12.3,0.045,53.0,197.0,0.9967,3.24,0.54,9.5,6,medium,white,74.955,0.08138216263091187,26.903553299492383,155.73770491803282
7.4,0.23,0.25,1.4,0.049,43.0,141.0,0.9934,3.42,0.54,10.2,7,medium,white,80.47800000000001,0.09195059519371754,30.49645390070922,137.83783783783784
6.4,0.16,0.28,2.2,0.042,33.0,93.0,0.9914,3.31,0.43,11.1,6,medium,white,87.57900000000001,0.07307687916052935,35.483870967741936,173.43749999999997
6.3,0.25,0.23,14.9,0.039,47.0,142.0,0.99705,3.14,0.35,9.7,6,medium,white,76.533,0.08231743169613108,33.098591549295776,153.96825396825395
6.7,0.27,0.25,8.0,0.053,54.0,202.0,0.9961,3.22,0.43,9.3,5,low,white,73.37700000000001,0.09130926584624609,26.732673267326735,138.80597014925374
6.9,0.29,0.23,8.6,0.056,56.0,215.0,0.9967,3.17,0.44,8.8,5,low,white,69.432,0.09937780850328379,26.046511627906977,127.53623188405798
9.6,0.21,0.28,1.2,0.038,12.0,53.0,0.9926,2.8,0.46,10.6,5,low,white,83.634,0.11478585264366166,22.641509433962266,110.41666666666667
6.6,0.62,0.2,8.7,0.046,81.0,224.0,0.99605,3.17,0.44,9.3,5,low,white,73.37700000000001,0.08994644098286927,36.160714285714285,140.9090909090909
6.4,0.28,0.19,5.4,0.042,67.0,181.0,0.99435,3.31,0.35,10.2,6,medium,white,80.47800000000001,0.07952483908645841,37.01657458563536,159.37499999999997
8.0,0.3,0.28,5.7,0.044,31.0,124.0,0.9948,3.16,0.51,10.2,6,medium,white,80.47800000000001,0.099406048858073,25.0,127.49999999999999
6.4,0.17,0.27,1.5,0.037,20.0,98.0,0.9916,3.46,0.42,11.0,7,medium,white,86.79,0.07374121442562508,20.408163265306122,171.875
7.3,0.21,0.3,10.9,0.037,18.0,112.0,0.997,3.4,0.5,9.6,6,medium,white,75.744,0.0963772708069286,16.071428571428573,131.50684931506848
6.7,0.27,0.25,8.0,0.053,54.0,202.0,0.9961,3.22,0.43,9.3,5,low,white,73.37700000000001,0.09130926584624609,26.732673267326735,138.80597014925374
6.9,0.29,0.23,8.6,0.056,56.0,215.0,0.9967,3.17,0.44,8.8,5,low,white,69.432,0.09937780850328379,26.046511627906977,127.53623188405798
6.6,0.32,0.26,7.7,0.054,56.0,209.0,0.9961,3.17,0.45,8.8,5,low,white,69.432,0.09505703422053231,26.794258373205743,133.33333333333334
7.4,0.32,0.22,1.7,0.051,50.0,179.0,0.9955,3.28,0.69,8.9,5,low,white,70.221,0.1053815810085302,27.932960893854748,120.27027027027026
6.6,0.37,0.07,1.4,0.048,58.0,144.0,0.9922,3.17,0.38,10.0,5,low,white,78.9,0.08365019011406843,40.27777777777778,151.5151515151515
7.7,0.43,0.28,4.5,0.046,33.0,102.0,0.9918,3.16,0.56,12.2,7,medium,white,96.25800000000001,0.07999335120197801,32.35294117647059,158.4415584415584
7.8,0.39,0.26,9.9,0.059,33.0,181.0,0.9955,3.04,0.42,10.9,6,medium,white,86.001,0.09069661980674643,18.23204419889503,139.74358974358975
6.5,0.18,0.26,1.4,0.041,40.0,141.0,0.9941,3.34,0.72,9.5,6,medium,white,74.955,0.0867186978853979,28.368794326241137,146.15384615384613
7.8,0.4,0.26,9.5,0.059,32.0,178.0,0.9955,3.04,0.43,10.9,6,medium,white,86.001,0.09069661980674643,17.97752808988764,139.74358974358975
7.8,0.39,0.26,9.9,0.059,33.0,181.0,0.9955,3.04,0.42,10.9,6,medium,white,86.001,0.09069661980674643,18.23204419889503,139.74358974358975
6.9,0.19,0.28,3.0,0.054,33.0,99.0,0.9924,3.16,0.4,10.8,6,medium,white,85.212,0.0809745106323053,33.33333333333333,156.52173913043478
7.7,0.49,1.0,19.6,0.03,28.0,135.0,0.9973,3.24,0.4,12.0,6,medium,white,94.68,0.08132657372201098,20.74074074074074,155.84415584415586
6.6,0.25,0.35,14.0,0.069,42.0,163.0,0.999,3.56,0.47,9.8,5,low,white,77.322,0.08535733685109023,25.766871165644172,148.4848484848485
6.5,0.18,0.26,1.4,0.041,40.0,141.0,0.9941,3.34,0.72,9.5,6,medium,white,74.955,0.0867186978853979,28.368794326241137,146.15384615384613
6.4,0.15,0.36,1.8,0.034,43.0,150.0,0.9922,3.42,0.69,11.0,8,high,white,86.79,0.07374121442562508,28.666666666666668,171.875
6.4,0.15,0.36,1.8,0.034,43.0,150.0,0.9922,3.42,0.69,11.0,8,high,white,86.79,0.07374121442562508,28.666666666666668,171.875
8.4,0.17,0.31,5.4,0.052,47.0,150.0,0.9953,3.24,0.38,9.8,5,low,white,77.322,0.10863661053775123,31.333333333333336,116.66666666666667
6.1,0.32,0.37,1.8,0.051,13.0,200.0,0.9945,3.49,0.44,10.5,4,low,white,82.845,0.07363148047558693,6.5,172.13114754098362
8.5,0.21,0.26,9.25,0.034,73.0,142.0,0.9945,3.05,0.37,11.4,6,medium,white,89.946,0.09450114513152336,51.40845070422535,134.11764705882354
8.7,0.45,0.4,1.5,0.067,17.0,100.0,0.9957,3.27,0.57,10.1,6,medium,white,79.68900000000001,0.10917441554041334,17.0,116.0919540229885
6.7,0.24,0.29,6.8,0.038,54.0,127.0,0.9932,3.33,0.46,11.6,7,medium,white,91.524,0.0732048424456973,42.51968503937008,173.13432835820893
8.5,0.21,0.26,9.25,0.034,73.0,142.0,0.9945,3.05,0.37,11.4,6,medium,white,89.946,0.09450114513152336,51.40845070422535,134.11764705882354
7.4,0.33,0.26,2.6,0.04,29.0,115.0,0.9913,3.07,0.52,11.8,7,medium,white,93.102,0.07948271787931516,25.217391304347824,159.45945945945945
7.2,0.26,0.3,2.1,0.033,50.0,158.0,0.9909,3.33,0.43,12.1,7,medium,white,95.46900000000001,0.07541715111711654,31.645569620253166,168.05555555555554
8.2,0.36,0.29,7.6,0.035,37.0,122.0,0.9939,3.16,0.34,12.0,5,low,white,94.68,0.0866075200675961,30.327868852459016,146.34146341463418
7.8,0.2,0.24,1.6,0.026,26.0,189.0,0.991,3.08,0.74,12.1,7,medium,white,95.46900000000001,0.08170191371020959,13.756613756613756,155.12820512820514
9.4,0.16,0.3,1.4,0.042,26.0,176.0,0.9954,3.15,0.46,9.1,5,low,white,71.799,0.13092104346857197,14.772727272727273,96.80851063829786
6.4,0.33,0.24,1.6,0.054,25.0,117.0,0.9943,3.36,0.5,9.3,5,low,white,73.37700000000001,0.08722079125611568,21.367521367521366,145.3125
7.8,0.22,0.36,1.4,0.056,21.0,153.0,0.993,3.2,0.53,10.4,6,medium,white,82.056,0.09505703422053233,13.725490196078432,133.33333333333334
7.4,0.35,0.31,17.95,0.062,42.0,187.0,1.0002,3.27,0.64,9.1,5,low,white,71.799,0.10306550230504603,22.459893048128343,122.97297297297295
6.6,0.37,0.24,2.0,0.064,23.0,120.0,0.9946,3.32,0.54,9.4,5,low,white,74.166,0.08898956395113664,19.166666666666668,142.42424242424244
6.7,0.37,0.41,6.3,0.061,22.0,149.0,0.9953,3.16,0.47,9.6,6,medium,white,75.744,0.08845585128855091,14.76510067114094,143.28358208955223
7.1,0.37,0.32,1.4,0.037,27.0,126.0,0.9918,3.19,0.62,12.0,5,low,white,94.68,0.07498943810730882,21.428571428571427,169.01408450704227
6.9,0.25,0.27,9.05,0.039,37.0,128.0,0.9936,3.27,0.34,11.3,8,high,white,89.15700000000001,0.0773915676839732,28.90625,163.76811594202897
6.8,0.23,0.29,15.4,0.073,56.0,173.0,0.9984,3.06,0.41,8.7,6,medium,white,68.643,0.09906326937925207,32.369942196531795,127.94117647058823
6.4,0.26,0.21,7.1,0.04,35.0,162.0,0.9956,3.39,0.58,9.9,6,medium,white,78.111,0.08193468269513897,21.604938271604937,154.6875
7.6,0.3,0.22,10.2,0.049,57.0,191.0,0.9966,3.08,0.4,9.3,6,medium,white,73.37700000000001,0.10357468961663735,29.84293193717277,122.36842105263159
9.4,0.16,0.23,1.6,0.042,14.0,67.0,0.9942,3.07,0.32,9.5,5,low,white,74.955,0.12540857848042158,20.8955223880597,101.06382978723406
6.8,0.23,0.29,15.4,0.073,56.0,173.0,0.9984,3.06,0.41,8.7,6,medium,white,68.643,0.09906326937925207,32.369942196531795,127.94117647058823
6.4,0.26,0.21,7.1,0.04,35.0,162.0,0.9956,3.39,0.58,9.9,6,medium,white,78.111,0.08193468269513897,21.604938271604937,154.6875
7.6,0.3,0.22,10.2,0.049,57.0,191.0,0.9966,3.08,0.4,9.3,6,medium,white,73.37700000000001,0.10357468961663735,29.84293193717277,122.36842105263159
7.5,0.33,0.39,12.4,0.065,29.0,119.0,0.9974,3.16,0.39,9.4,5,low,white,74.166,0.101124504489928,24.369747899159663,125.33333333333334
7.6,0.38,0.2,3.4,0.046,9.0,116.0,0.9944,3.15,0.41,9.4,5,low,white,74.166,0.10247283121646038,7.758620689655173,123.6842105263158
8.8,0.2,0.43,15.0,0.053,60.0,184.0,1.0008,3.28,0.79,8.8,6,medium,white,69.432,0.1267427122940431,32.608695652173914,100.0
7.5,0.33,0.39,12.4,0.065,29.0,119.0,0.9974,3.16,0.39,9.4,5,low,white,74.166,0.101124504489928,24.369747899159663,125.33333333333334
8.8,0.2,0.43,15.0,0.053,60.0,184.0,1.0008,3.28,0.79,8.8,6,medium,white,69.432,0.1267427122940431,32.608695652173914,100.0
6.6,0.36,0.21,1.5,0.049,39.0,184.0,0.9928,3.18,0.41,9.9,6,medium,white,78.111,0.08449514152936205,21.195652173913043,150.00000000000003
7.6,0.38,0.2,3.4,0.046,9.0,116.0,0.9944,3.15,0.41,9.4,5,low,white,74.166,0.10247283121646038,7.758620689655173,123.6842105263158
5.6,0.46,0.24,4.8,0.042,24.0,72.0,0.9908,3.29,0.37,12.6,6,medium,white,99.414,0.05633009435290803,33.33333333333333,225.0
7.2,0.15,0.38,1.2,0.038,18.0,110.0,0.9917,3.19,0.43,11.1,6,medium,white,87.57900000000001,0.08221148905559551,16.363636363636363,154.16666666666666
8.2,0.42,0.29,4.1,0.03,31.0,100.0,0.9911,3.0,0.32,12.8,7,medium,white,100.992,0.08119455006337134,31.0,156.09756097560978
6.8,0.3,0.35,2.8,0.038,10.0,164.0,0.9912,3.09,0.53,12.0,6,medium,white,94.68,0.07182087029995775,6.097560975609756,176.47058823529412
6.7,0.27,0.3,13.9,0.029,34.0,131.0,0.9953,3.36,0.5,12.0,7,medium,white,94.68,0.07076468103084073,25.954198473282442,179.1044776119403
7.2,0.5,0.0,0.8,0.034,46.0,114.0,0.9932,3.19,0.34,9.2,4,low,white,72.58800000000001,0.0991899487518598,40.35087719298245,127.77777777777777
6.0,0.26,0.29,1.0,0.032,27.0,96.0,0.9896,3.38,0.44,12.3,6,medium,white,97.04700000000001,0.061825713314167356,28.125,205.00000000000003
6.8,0.33,0.28,1.2,0.032,38.0,131.0,0.9889,3.19,0.41,13.0,6,medium,white,102.57000000000001,0.06629618796919176,29.00763358778626,191.1764705882353
6.8,0.3,0.35,2.8,0.038,10.0,164.0,0.9912,3.09,0.53,12.0,6,medium,white,94.68,0.07182087029995775,6.097560975609756,176.47058823529412
7.4,0.29,0.31,1.7,0.035,23.0,110.0,0.9926,3.07,0.38,10.9,5,low,white,86.001,0.08604551109870816,20.909090909090907,147.2972972972973
8.2,0.42,0.29,4.1,0.03,31.0,100.0,0.9911,3.0,0.32,12.8,7,medium,white,100.992,0.08119455006337134,31.0,156.09756097560978
7.3,0.19,0.24,6.3,0.054,34.0,231.0,0.9964,3.36,0.54,10.0,6,medium,white,78.9,0.09252217997465145,14.71861471861472,136.986301369863
6.5,0.32,0.12,11.5,0.033,35.0,165.0,0.9974,3.22,0.32,9.0,5,low,white,71.01,0.09153640332347555,21.21212121212121,138.46153846153845
7.1,0.32,0.4,1.5,0.034,13.0,84.0,0.9944,3.42,0.6,10.4,5,low,white,82.056,0.08652627473920249,15.476190476190476,146.47887323943664
6.5,0.32,0.12,11.5,0.033,35.0,165.0,0.9974,3.22,0.32,9.0,5,low,white,71.01,0.09153640332347555,21.21212121212121,138.46153846153845
7.3,0.19,0.24,6.3,0.054,34.0,231.0,0.9964,3.36,0.54,10.0,6,medium,white,78.9,0.09252217997465145,14.71861471861472,136.986301369863
7.3,0.17,0.23,6.3,0.051,35.0,240.0,0.9963,3.36,0.54,10.0,6,medium,white,78.9,0.09252217997465145,14.583333333333334,136.986301369863
7.7,0.44,0.24,11.2,0.031,41.0,167.0,0.9948,3.12,0.43,11.3,7,medium,white,89.15700000000001,0.08636450306762228,24.550898203592812,146.75324675324677
7.7,0.44,0.24,11.2,0.031,41.0,167.0,0.9948,3.12,0.43,11.3,7,medium,white,89.15700000000001,0.08636450306762228,24.550898203592812,146.75324675324677
7.4,0.49,0.24,15.1,0.03,34.0,153.0,0.9953,3.13,0.51,12.0,7,medium,white,94.68,0.0781580059146599,22.22222222222222,162.16216216216216
7.7,0.44,0.24,11.2,0.031,41.0,167.0,0.9948,3.12,0.43,11.3,7,medium,white,89.15700000000001,0.08636450306762228,24.550898203592812,146.75324675324677
7.4,0.49,0.24,15.1,0.03,34.0,153.0,0.9953,3.13,0.51,12.0,7,medium,white,94.68,0.0781580059146599,22.22222222222222,162.16216216216216
6.4,0.21,0.3,5.6,0.044,43.0,160.0,0.9949,3.6,0.41,10.6,6,medium,white,83.634,0.07652390176244112,26.875,165.62499999999997
8.0,0.55,0.42,12.6,0.211,37.0,213.0,0.9988,2.99,0.56,9.3,5,low,white,73.37700000000001,0.10902598907014459,17.370892018779344,116.25000000000001
7.0,0.19,0.23,5.7,0.123,27.0,104.0,0.9954,3.04,0.54,9.4,6,medium,white,74.166,0.09438287085726614,25.961538461538463,134.2857142857143
7.2,0.24,0.29,2.2,0.037,37.0,102.0,0.992,3.27,0.64,11.0,7,medium,white,86.79,0.0829588662288282,36.27450980392157,152.77777777777777
6.5,0.34,0.36,11.0,0.052,53.0,247.0,0.9984,3.44,0.55,9.3,6,medium,white,73.37700000000001,0.08858361611949248,21.45748987854251,143.07692307692307
7.0,0.19,0.23,5.7,0.123,27.0,104.0,0.9954,3.04,0.54,9.4,6,medium,white,74.166,0.09438287085726614,25.961538461538463,134.2857142857143
6.9,0.18,0.33,1.0,0.054,24.0,164.0,0.9926,3.42,0.51,10.5,5,low,white,82.845,0.08328806807894261,14.634146341463413,152.17391304347825
7.2,0.24,0.29,2.2,0.037,37.0,102.0,0.992,3.27,0.64,11.0,7,medium,white,86.79,0.0829588662288282,36.27450980392157,152.77777777777777
8.2,0.18,0.31,11.8,0.039,96.0,249.0,0.9976,3.07,0.52,9.5,6,medium,white,74.955,0.1093989727169635,38.55421686746988,115.85365853658539
8.3,0.28,0.45,7.8,0.059,32.0,139.0,0.9972,3.33,0.77,11.2,6,medium,white,88.36800000000001,0.09392540286076408,23.021582733812952,134.93975903614458
6.1,0.34,0.46,4.7,0.029,21.0,94.0,0.991,3.29,0.62,12.3,6,medium,white,97.04700000000001,0.06285614186940347,22.340425531914892,201.6393442622951
7.4,0.44,0.2,11.5,0.049,44.0,157.0,0.998,3.27,0.44,9.0,5,low,white,71.01,0.10421067455287987,28.02547770700637,121.62162162162163
7.6,0.26,0.58,7.9,0.041,62.0,180.0,0.9966,3.07,0.38,9.0,5,low,white,71.01,0.10702717927052527,34.44444444444444,118.42105263157896
7.4,0.44,0.2,11.5,0.049,44.0,157.0,0.998,3.27,0.44,9.0,5,low,white,71.01,0.10421067455287987,28.02547770700637,121.62162162162163
8.7,0.49,0.57,17.8,0.052,34.0,243.0,1.0007,2.98,0.82,9.0,5,low,white,71.01,0.12251795521757497,13.991769547325102,103.44827586206897
7.0,0.24,0.25,1.7,0.042,48.0,189.0,0.992,3.25,0.42,11.4,6,medium,white,89.946,0.07782447246125453,25.396825396825395,162.85714285714286
7.1,0.25,0.25,1.6,0.046,50.0,181.0,0.9925,3.2,0.42,11.0,7,medium,white,86.79,0.08180665975342781,27.624309392265197,154.92957746478874
6.1,0.34,0.46,4.7,0.029,21.0,94.0,0.991,3.29,0.62,12.3,6,medium,white,97.04700000000001,0.06285614186940347,22.340425531914892,201.6393442622951
6.4,0.18,0.31,1.6,0.049,36.0,127.0,0.9934,3.6,0.67,10.4,7,medium,white,82.056,0.07799551525787268,28.346456692913385,162.5
8.3,0.27,0.39,2.4,0.058,16.0,107.0,0.9955,3.28,0.59,10.3,5,low,white,81.26700000000001,0.10213247689714151,14.953271028037381,124.09638554216866
6.8,0.24,0.35,6.4,0.048,44.0,172.0,0.9944,3.29,0.55,10.5,7,medium,white,82.845,0.08208099462852314,25.581395348837212,154.41176470588235
8.0,0.22,0.28,14.0,0.053,83.0,197.0,0.9981,3.14,0.45,9.8,6,medium,white,77.322,0.10346343860738211,42.13197969543147,122.50000000000001
10.0,0.91,0.42,1.6,0.056,34.0,181.0,0.9968,3.11,0.46,10.0,4,low,white,78.9,0.12674271229404308,18.784530386740332,100.0
8.9,0.34,0.34,1.6,0.056,13.0,176.0,0.9946,3.14,0.47,9.7,5,low,white,76.533,0.11628970509453439,7.386363636363637,108.98876404494379
8.9,0.33,0.34,1.4,0.056,14.0,171.0,0.9946,3.13,0.47,9.7,5,low,white,76.533,0.11628970509453439,8.187134502923977,108.98876404494379
8.0,0.22,0.28,14.0,0.053,83.0,197.0,0.9981,3.14,0.45,9.8,6,medium,white,77.322,0.10346343860738211,42.13197969543147,122.50000000000001
6.7,0.18,0.19,4.7,0.046,57.0,161.0,0.9946,3.32,0.66,10.5,6,medium,white,82.845,0.08087392117810369,35.40372670807454,156.71641791044775
7.8,0.2,0.28,10.2,0.054,78.0,186.0,0.997,3.14,0.46,10.0,6,medium,white,78.9,0.0988593155893536,41.935483870967744,128.2051282051282
7.3,0.13,0.31,2.3,0.054,22.0,104.0,0.9924,3.24,0.92,11.5,7,medium,white,90.735,0.08045406954317517,21.153846153846153,157.53424657534248
6.6,0.28,0.3,7.8,0.049,57.0,202.0,0.9958,3.24,0.39,9.5,5,low,white,74.955,0.08805283169901941,28.217821782178216,143.93939393939394
7.1,0.25,0.3,2.4,0.042,25.0,122.0,0.994,3.43,0.61,10.5,6,medium,white,82.845,0.08570221497978152,20.491803278688526,147.88732394366198
7.6,0.36,0.44,8.3,0.255,28.0,142.0,0.9958,3.12,0.43,10.2,6,medium,white,80.47800000000001,0.09443574641516934,19.718309859154928,134.21052631578948
7.6,0.27,0.25,13.9,0.05,45.0,199.0,0.9984,3.34,0.5,9.8,6,medium,white,77.322,0.098290266677013,22.613065326633166,128.94736842105266
6.9,0.37,0.28,13.8,0.031,34.0,137.0,0.9948,3.1,0.37,11.6,6,medium,white,91.524,0.0753900616231808,24.817518248175183,168.1159420289855
7.4,0.21,0.27,7.3,0.031,41.0,144.0,0.9932,3.15,0.38,11.8,7,medium,white,93.102,0.07948271787931516,28.47222222222222,159.45945945945945
8.2,0.18,0.28,8.5,0.035,41.0,140.0,0.9952,3.04,0.37,10.1,7,medium,white,79.68900000000001,0.10290002384268844,29.28571428571429,123.17073170731707
6.3,0.19,0.21,1.8,0.049,35.0,163.0,0.9924,3.31,0.5,10.3,6,medium,white,81.26700000000001,0.07752224150023994,21.472392638036812,163.49206349206352
7.0,0.21,0.22,5.1,0.048,38.0,168.0,0.9945,3.34,0.49,10.4,6,medium,white,82.056,0.08530759481329823,22.61904761904762,148.57142857142858
5.8,0.33,0.2,16.05,0.047,26.0,166.0,0.9976,3.09,0.46,8.9,5,low,white,70.221,0.08259637430398313,15.66265060240964,153.44827586206898
5.8,0.33,0.2,16.05,0.047,26.0,166.0,0.9976,3.09,0.46,8.9,5,low,white,70.221,0.08259637430398313,15.66265060240964,153.44827586206898
7.9,0.29,0.31,7.35,0.034,37.0,154.0,0.9938,3.06,0.31,10.8,5,low,white,85.212,0.09270994695582782,24.025974025974026,136.70886075949366
6.6,0.31,0.38,16.05,0.058,16.0,165.0,0.9997,3.38,0.6,9.2,5,low,white,72.58800000000001,0.09092411968920482,9.696969696969697,139.39393939393938
8.0,0.19,0.3,2.0,0.053,48.0,140.0,0.994,3.18,0.49,9.6,6,medium,white,75.744,0.10561892691170258,34.285714285714285,120.0
8.0,0.2,0.36,1.2,0.032,21.0,78.0,0.9921,3.08,0.37,10.4,6,medium,white,82.056,0.09749439407234084,26.923076923076923,130.0
8.0,0.25,0.26,14.0,0.043,41.0,248.0,0.9986,3.03,0.57,8.7,6,medium,white,68.643,0.11654502279912009,16.532258064516128,108.74999999999999
7.2,0.2,0.61,16.2,0.043,14.0,103.0,0.9987,3.06,0.36,9.2,6,medium,white,72.58800000000001,0.0991899487518598,13.592233009708737,127.77777777777777
7.7,0.3,0.42,14.3,0.045,45.0,213.0,0.9991,3.18,0.63,9.2,5,low,white,72.58800000000001,0.10607813963740562,21.12676056338028,119.48051948051948
7.2,0.2,0.61,16.2,0.043,14.0,103.0,0.9987,3.06,0.36,9.2,6,medium,white,72.58800000000001,0.0991899487518598,13.592233009708737,127.77777777777777
7.7,0.3,0.42,14.3,0.045,45.0,213.0,0.9991,3.18,0.63,9.2,5,low,white,72.58800000000001,0.10607813963740562,21.12676056338028,119.48051948051948
7.7,0.3,0.42,14.3,0.045,45.0,213.0,0.9991,3.18,0.63,9.2,5,low,white,72.58800000000001,0.10607813963740562,21.12676056338028,119.48051948051948
6.4,0.22,0.32,7.9,0.029,34.0,124.0,0.9948,3.4,0.39,10.2,5,low,white,80.47800000000001,0.07952483908645841,27.419354838709676,159.37499999999997
7.2,0.2,0.61,16.2,0.043,14.0,103.0,0.9987,3.06,0.36,9.2,6,medium,white,72.58800000000001,0.0991899487518598,13.592233009708737,127.77777777777777
7.0,0.53,0.02,1.0,0.036,39.0,107.0,0.993,3.2,0.32,9.0,5,low,white,71.01,0.09857766511758906,36.44859813084112,128.57142857142858
7.3,0.24,0.41,13.6,0.05,41.0,178.0,0.9988,3.37,0.43,9.7,5,low,white,76.533,0.09538369069551696,23.03370786516854,132.87671232876713
7.2,0.24,0.4,17.85,0.049,50.0,185.0,1.0,3.34,0.42,9.6,5,low,white,75.744,0.09505703422053233,27.027027027027028,133.33333333333331
7.6,0.15,0.4,1.3,0.036,24.0,112.0,0.9932,3.14,0.76,10.0,5,low,white,78.9,0.09632446134347274,21.428571428571427,131.57894736842107
7.7,0.3,0.42,14.3,0.045,45.0,213.0,0.9991,3.18,0.63,9.2,5,low,white,72.58800000000001,0.10607813963740562,21.12676056338028,119.48051948051948
7.6,0.33,0.41,13.7,0.045,44.0,197.0,0.9989,3.18,0.64,9.1,5,low,white,71.799,0.10585105642139861,22.33502538071066,119.73684210526316
6.8,0.24,0.31,18.3,0.046,40.0,142.0,1.0,3.3,0.41,8.7,5,low,white,68.643,0.09906326937925207,28.169014084507044,127.94117647058823
6.8,0.24,0.31,18.3,0.046,40.0,142.0,1.0,3.3,0.41,8.7,5,low,white,68.643,0.09906326937925207,28.169014084507044,127.94117647058823
6.8,0.35,0.44,6.5,0.056,31.0,161.0,0.9952,3.14,0.44,9.5,5,low,white,74.955,0.09072109932626242,19.25465838509317,139.7058823529412
7.9,0.26,0.33,10.3,0.039,73.0,212.0,0.9969,2.93,0.49,9.5,6,medium,white,74.955,0.105396571276099,34.43396226415094,120.25316455696202
7.5,0.29,0.67,8.1,0.037,53.0,166.0,0.9966,2.9,0.41,8.9,6,medium,white,70.221,0.1068056564275644,31.92771084337349,118.66666666666667
7.5,0.29,0.67,8.1,0.037,53.0,166.0,0.9966,2.9,0.41,8.9,6,medium,white,70.221,0.1068056564275644,31.92771084337349,118.66666666666667
7.2,0.31,0.41,8.6,0.053,15.0,89.0,0.9976,3.29,0.64,9.9,6,medium,white,78.111,0.09217651803203133,16.853932584269664,137.5
6.7,0.44,0.31,1.9,0.03,41.0,104.0,0.99,3.29,0.62,12.6,7,medium,white,99.414,0.0673949343150864,39.42307692307692,188.0597014925373
10.0,0.23,0.27,14.1,0.033,45.0,166.0,0.9988,2.72,0.43,9.7,6,medium,white,76.533,0.13066258999385885,27.10843373493976,97.0
7.4,0.21,0.3,7.9,0.039,14.0,118.0,0.9942,2.96,0.34,10.4,5,low,white,82.056,0.09018231451691529,11.864406779661017,140.54054054054055
8.8,0.23,0.35,10.7,0.04,26.0,183.0,0.9984,2.93,0.49,9.1,6,medium,white,71.799,0.1225643811195142,14.207650273224044,103.40909090909089
7.8,0.34,0.27,1.2,0.04,25.0,106.0,0.9932,3.01,0.55,10.4,5,low,white,82.056,0.09505703422053233,23.58490566037736,133.33333333333334
7.9,0.26,0.33,10.3,0.039,73.0,212.0,0.9969,2.93,0.49,9.5,6,medium,white,74.955,0.105396571276099,34.43396226415094,120.25316455696202
7.5,0.29,0.67,8.1,0.037,53.0,166.0,0.9966,2.9,0.41,8.9,6,medium,white,70.221,0.1068056564275644,31.92771084337349,118.66666666666667
6.0,0.28,0.35,1.9,0.037,16.0,120.0,0.9933,3.16,0.69,10.6,5,low,white,83.634,0.07174115790228855,13.333333333333334,176.66666666666666
7.9,0.37,0.3,2.7,0.029,64.0,158.0,0.9916,3.12,0.59,12.0,7,medium,white,94.68,0.08343895226024503,40.50632911392405,151.89873417721518
7.2,0.36,0.36,5.7,0.038,26.0,98.0,0.9914,2.93,0.59,12.5,7,medium,white,98.625,0.07300380228136882,26.53061224489796,173.61111111111111
7.6,0.13,0.34,9.3,0.062,40.0,126.0,0.9966,3.21,0.39,9.6,5,low,white,75.744,0.10033798056611744,31.746031746031743,126.3157894736842
6.6,0.25,0.36,8.1,0.045,54.0,180.0,0.9958,3.08,0.42,9.2,5,low,white,72.58800000000001,0.09092411968920482,30.0,139.39393939393938
7.1,0.18,0.26,1.3,0.041,20.0,71.0,0.9926,3.04,0.74,9.9,6,medium,white,78.111,0.09089628861491979,28.169014084507044,139.43661971830988
7.9,0.3,0.27,8.5,0.036,20.0,112.0,0.9939,2.96,0.46,11.7,6,medium,white,92.313,0.0855784125746103,17.857142857142858,148.1012658227848
8.3,0.23,0.3,2.1,0.049,21.0,153.0,0.9953,3.09,0.5,9.6,6,medium,white,75.744,0.10957963667089143,13.725490196078432,115.66265060240963
6.8,0.43,0.3,3.5,0.033,27.0,135.0,0.9906,3.0,0.37,12.0,6,medium,white,94.68,0.07182087029995775,20.0,176.47058823529412
7.2,0.36,0.36,5.7,0.038,26.0,98.0,0.9914,2.93,0.59,12.5,7,medium,white,98.625,0.07300380228136882,26.53061224489796,173.61111111111111
6.6,0.25,0.36,8.1,0.045,54.0,180.0,0.9958,3.08,0.42,9.2,5,low,white,72.58800000000001,0.09092411968920482,30.0,139.39393939393938
7.1,0.18,0.26,1.3,0.041,20.0,71.0,0.9926,3.04,0.74,9.9,6,medium,white,78.111,0.09089628861491979,28.169014084507044,139.43661971830988
6.6,0.35,0.29,14.4,0.044,54.0,177.0,0.9991,3.17,0.58,8.9,6,medium,white,70.221,0.09398897765625666,30.508474576271187,134.84848484848487
7.3,0.22,0.5,13.7,0.049,56.0,189.0,0.9994,3.24,0.66,9.0,6,medium,white,71.01,0.10280242219405716,29.629629629629626,123.28767123287672
8.1,0.26,0.33,11.1,0.052,52.5,158.0,0.9976,3.03,0.49,10.2,7,medium,white,80.47800000000001,0.10064862446879891,33.22784810126582,125.92592592592592
7.6,0.13,0.34,9.3,0.062,40.0,126.0,0.9966,3.21,0.39,9.6,5,low,white,75.744,0.10033798056611744,31.746031746031743,126.3157894736842
7.0,0.12,0.19,4.9,0.055,27.0,127.0,0.9953,3.29,0.41,9.4,5,low,white,74.166,0.09438287085726614,21.25984251968504,134.2857142857143
8.2,0.37,0.27,1.7,0.028,10.0,59.0,0.9923,2.97,0.48,10.4,5,low,white,82.056,0.09993175392414935,16.94915254237288,126.82926829268295
7.6,0.26,0.36,1.6,0.032,6.0,106.0,0.993,3.15,0.4,10.4,4,low,white,82.056,0.0926196743687238,5.660377358490567,136.8421052631579
6.3,0.2,0.58,1.4,0.204,15.0,97.0,0.9931,3.16,0.43,10.0,6,medium,white,78.9,0.07984790874524714,15.463917525773196,158.73015873015873
6.3,0.22,0.57,1.4,0.208,14.0,96.0,0.9932,3.16,0.43,10.0,6,medium,white,78.9,0.07984790874524714,14.583333333333334,158.73015873015873
7.1,0.25,0.28,1.6,0.052,46.0,169.0,0.9926,3.05,0.41,10.5,5,low,white,82.845,0.08570221497978152,27.218934911242602,147.88732394366198
7.0,0.27,0.32,6.8,0.047,47.0,193.0,0.9938,3.23,0.39,11.4,6,medium,white,89.946,0.07782447246125453,24.352331606217618,162.85714285714286
8.8,0.34,0.33,9.7,0.036,46.0,172.0,0.9966,3.08,0.4,10.2,5,low,white,80.47800000000001,0.1093466537438803,26.744186046511626,115.90909090909089
9.2,0.27,0.34,10.5,0.043,49.0,228.0,0.9974,3.04,0.41,10.4,6,medium,white,82.056,0.11211855318319196,21.49122807017544,113.04347826086958
7.1,0.49,0.22,2.0,0.047,146.5,307.5,0.9924,3.24,0.37,11.0,3,low,white,86.79,0.08180665975342781,47.642276422764226,154.92957746478874
9.2,0.71,0.23,6.2,0.042,15.0,93.0,0.9948,2.89,0.34,10.1,6,medium,white,79.68900000000001,0.11544880723813825,16.129032258064516,109.78260869565217
7.2,0.47,0.65,8.3,0.083,27.0,182.0,0.9964,3.0,0.35,9.2,5,low,white,72.58800000000001,0.0991899487518598,14.835164835164836,127.77777777777777
6.8,0.28,0.36,1.6,0.04,25.0,87.0,0.9924,3.23,0.66,10.3,6,medium,white,81.26700000000001,0.08367480034946533,28.735632183908045,151.47058823529414
8.8,0.34,0.33,9.7,0.036,46.0,172.0,0.9966,3.08,0.4,10.2,5,low,white,80.47800000000001,0.1093466537438803,26.744186046511626,115.90909090909089
9.2,0.27,0.34,10.5,0.043,49.0,228.0,0.9974,3.04,0.41,10.4,6,medium,white,82.056,0.11211855318319196,21.49122807017544,113.04347826086958
7.3,0.13,0.27,4.6,0.08,34.0,172.0,0.9938,3.23,0.39,11.1,7,medium,white,87.57900000000001,0.08335331529247877,19.767441860465116,152.05479452054794
7.2,0.16,0.35,1.2,0.031,27.0,84.0,0.9928,3.33,0.34,9.9,5,low,white,78.111,0.09217651803203133,32.142857142857146,137.5
6.8,0.31,0.32,7.6,0.052,35.0,143.0,0.9959,3.14,0.38,9.0,5,low,white,71.01,0.09576116039994366,24.475524475524477,132.35294117647058
8.3,0.36,0.57,15.0,0.052,35.0,256.0,1.0001,2.93,0.64,8.6,5,low,white,67.854,0.12232145488843695,13.671875,103.61445783132528
6.8,0.31,0.32,7.6,0.052,35.0,143.0,0.9959,3.14,0.38,9.0,5,low,white,71.01,0.09576116039994366,24.475524475524477,132.35294117647058
8.3,0.36,0.57,15.0,0.052,35.0,256.0,1.0001,2.93,0.64,8.6,5,low,white,67.854,0.12232145488843695,13.671875,103.61445783132528
6.3,0.25,0.44,11.6,0.041,48.0,195.0,0.9968,3.18,0.52,9.5,5,low,white,74.955,0.0840504302581549,24.615384615384617,150.79365079365078
6.0,0.45,0.42,1.1,0.051,61.0,197.0,0.9932,3.02,0.4,9.0,5,low,white,71.01,0.08449514152936205,30.96446700507614,150.0
8.1,0.26,0.3,7.8,0.049,39.0,152.0,0.9954,2.99,0.58,10.0,6,medium,white,78.9,0.1026615969581749,25.657894736842106,123.45679012345681
6.4,0.22,0.32,12.0,0.066,57.0,158.0,0.9992,3.6,0.43,9.0,6,medium,white,71.01,0.09012815096465286,36.075949367088604,140.625
5.7,0.45,0.42,1.1,0.051,61.0,197.0,0.9932,3.02,0.4,9.0,5,low,white,71.01,0.08027038445289396,30.96446700507614,157.89473684210526
7.2,0.19,0.31,1.4,0.046,37.0,135.0,0.9939,3.34,0.57,10.2,7,medium,white,80.47800000000001,0.0894654439722657,27.40740740740741,141.66666666666666
6.7,0.31,0.44,6.7,0.054,29.0,160.0,0.9952,3.04,0.44,9.6,5,low,white,75.744,0.08845585128855091,18.125,143.28358208955223
8.0,0.25,0.13,17.2,0.036,49.0,219.0,0.9996,2.96,0.46,9.7,5,low,white,76.533,0.10453007199508708,22.37442922374429,121.24999999999999
9.9,1.005,0.46,1.4,0.046,34.0,185.0,0.9966,3.02,0.49,10.2,4,low,white,80.47800000000001,0.12301498546186534,18.37837837837838,103.03030303030303
8.1,0.31,0.36,8.2,0.028,29.0,142.0,0.9925,3.01,0.34,13.0,7,medium,white,102.57000000000001,0.07897045919859608,20.422535211267608,160.49382716049382
8.1,0.24,0.38,4.3,0.044,49.0,172.0,0.996,3.37,0.74,10.8,6,medium,white,85.212,0.09505703422053231,28.488372093023255,133.33333333333334
8.0,0.25,0.13,17.2,0.036,49.0,219.0,0.9996,2.96,0.46,9.7,5,low,white,76.533,0.10453007199508708,22.37442922374429,121.24999999999999
6.4,0.29,0.28,11.1,0.063,66.0,169.0,0.9973,2.89,0.57,9.0,5,low,white,71.01,0.09012815096465286,39.053254437869825,140.625
7.2,0.15,0.33,1.1,0.027,16.0,63.0,0.9937,3.37,0.4,9.9,5,low,white,78.111,0.09217651803203133,25.396825396825395,137.5
7.0,0.12,0.32,7.2,0.058,22.0,89.0,0.9966,3.29,0.38,9.2,6,medium,white,72.58800000000001,0.09643467239764147,24.719101123595504,131.42857142857142
7.4,0.32,0.55,16.6,0.056,53.0,238.0,1.0017,2.96,0.58,8.7,6,medium,white,68.643,0.10780414608918608,22.268907563025213,117.56756756756755
8.5,0.17,0.31,1.0,0.024,13.0,91.0,0.993,2.79,0.37,10.1,5,low,white,79.68900000000001,0.10666465886132338,14.285714285714285,118.82352941176471
8.5,0.17,0.31,1.0,0.024,13.0,91.0,0.993,2.79,0.37,10.1,5,low,white,79.68900000000001,0.10666465886132338,14.285714285714285,118.82352941176471
9.5,0.21,0.47,1.3,0.039,21.0,123.0,0.9959,2.9,0.64,9.5,5,low,white,74.955,0.1267427122940431,17.073170731707318,100.0
8.2,0.21,0.48,1.4,0.041,11.0,99.0,0.9958,3.17,0.57,9.9,5,low,white,78.111,0.1049788122031468,11.11111111111111,120.73170731707319
7.4,0.32,0.55,16.6,0.056,53.0,238.0,1.0017,2.96,0.58,8.7,6,medium,white,68.643,0.10780414608918608,22.268907563025213,117.56756756756755
6.8,0.31,0.42,6.9,0.046,50.0,173.0,0.9958,3.19,0.46,9.0,5,low,white,71.01,0.09576116039994366,28.901734104046245,132.35294117647058
6.8,0.27,0.28,13.3,0.076,50.0,163.0,0.9979,3.03,0.38,8.6,6,medium,white,67.854,0.10021516786040617,30.67484662576687,126.47058823529412
7.4,0.21,0.3,8.1,0.047,13.0,114.0,0.9941,3.12,0.35,10.5,6,medium,white,82.845,0.0893234353310399,11.403508771929824,141.89189189189187
8.0,0.23,0.35,9.2,0.044,53.0,186.0,0.997,3.09,0.56,9.5,7,medium,white,74.955,0.1067307050897205,28.49462365591398,118.75
7.6,0.2,0.31,1.4,0.047,41.0,142.0,0.9934,3.43,0.53,10.1,6,medium,white,79.68900000000001,0.09537075380541855,28.87323943661972,132.89473684210526
6.3,0.41,0.3,3.2,0.03,49.0,164.0,0.9927,3.53,0.79,11.7,7,medium,white,92.313,0.06824607585063859,29.878048780487802,185.7142857142857
8.3,0.49,0.43,2.5,0.036,32.0,116.0,0.9944,3.23,0.47,10.7,6,medium,white,84.423,0.09831444037762221,27.586206896551722,128.9156626506024
6.3,0.41,0.3,3.2,0.03,49.0,164.0,0.9927,3.53,0.79,11.7,7,medium,white,92.313,0.06824607585063859,29.878048780487802,185.7142857142857
7.6,0.2,0.26,4.5,0.086,37.0,133.0,0.9963,3.15,0.42,9.2,5,low,white,72.58800000000001,0.10470050146029646,27.819548872180448,121.05263157894737
7.5,0.26,0.26,18.35,0.084,33.0,139.0,1.0011,3.17,0.39,8.8,5,low,white,69.432,0.10801935706878672,23.741007194244602,117.33333333333333
7.5,0.26,0.26,18.35,0.084,33.0,139.0,1.0011,3.17,0.39,8.8,5,low,white,69.432,0.10801935706878672,23.741007194244602,117.33333333333333
6.8,0.27,0.35,7.8,0.048,76.0,197.0,0.9959,3.24,0.43,9.5,6,medium,white,74.955,0.09072109932626242,38.578680203045685,139.7058823529412
6.8,0.28,0.37,7.0,0.057,35.0,208.0,0.9973,3.57,0.55,10.2,5,low,white,80.47800000000001,0.08449514152936205,16.826923076923077,150.0
8.4,0.2,0.27,6.3,0.048,30.0,143.0,0.9966,3.25,0.5,9.1,6,medium,white,71.799,0.116993272886809,20.97902097902098,108.33333333333333
7.9,0.33,0.26,1.2,0.044,23.0,103.0,0.9932,3.19,0.54,10.5,6,medium,white,82.845,0.09535880258313718,22.330097087378643,132.91139240506328
7.5,0.38,0.5,12.8,0.042,57.0,184.0,0.9984,3.09,0.46,9.0,6,medium,white,71.01,0.10561892691170258,30.978260869565215,120.0
7.6,0.2,0.3,14.2,0.056,53.0,212.5,0.999,3.14,0.46,8.9,8,high,white,70.221,0.10822973184659858,24.941176470588236,117.10526315789475
7.6,0.2,0.3,14.2,0.056,53.0,212.5,0.999,3.14,0.46,8.9,8,high,white,70.221,0.10822973184659858,24.941176470588236,117.10526315789475
7.6,0.2,0.3,14.2,0.056,53.0,212.5,0.999,3.14,0.46,8.9,8,high,white,70.221,0.10822973184659858,24.941176470588236,117.10526315789475
7.6,0.2,0.3,14.2,0.056,53.0,212.5,0.999,3.14,0.46,8.9,8,high,white,70.221,0.10822973184659858,24.941176470588236,117.10526315789475
7.6,0.2,0.3,14.2,0.056,53.0,212.5,0.999,3.14,0.46,8.9,8,high,white,70.221,0.10822973184659858,24.941176470588236,117.10526315789475
8.1,0.19,0.58,16.65,0.049,48.0,181.0,1.0006,3.2,0.62,9.1,6,medium,white,71.799,0.1128149417122801,26.519337016574585,112.34567901234568
7.6,0.16,0.41,1.9,0.047,27.0,151.0,0.9937,3.2,0.53,10.1,6,medium,white,79.68900000000001,0.09537075380541855,17.880794701986755,132.89473684210526
8.1,0.22,0.28,7.7,0.043,57.0,176.0,0.9954,3.12,0.55,10.0,5,low,white,78.9,0.1026615969581749,32.38636363636363,123.45679012345681
8.0,0.22,0.32,10.4,0.043,63.0,201.0,0.997,3.11,0.53,9.5,6,medium,white,74.955,0.1067307050897205,31.343283582089555,118.75
7.1,0.33,0.3,3.3,0.034,30.0,102.0,0.9912,3.08,0.31,12.3,7,medium,white,97.04700000000001,0.0731604274217647,29.411764705882355,173.23943661971833
6.4,0.43,0.27,1.1,0.054,5.0,110.0,0.9939,3.24,0.52,9.1,4,low,white,71.799,0.08913773172328306,4.545454545454546,142.18749999999997
7.6,0.2,0.3,14.2,0.056,53.0,212.5,0.999,3.14,0.46,8.9,8,high,white,70.221,0.10822973184659858,24.941176470588236,117.10526315789475
7.0,0.12,0.28,6.3,0.057,17.0,103.0,0.9957,3.5,0.44,9.6,5,low,white,75.744,0.09241656104773975,16.50485436893204,137.14285714285714
7.4,0.3,0.22,5.25,0.053,33.0,180.0,0.9926,3.13,0.45,11.6,6,medium,white,91.524,0.08085310956688956,18.333333333333332,156.75675675675674
7.0,0.28,0.33,14.6,0.043,47.0,168.0,0.9994,3.34,0.67,8.8,6,medium,white,69.432,0.10081806659753427,27.976190476190478,125.71428571428574
8.4,0.2,0.38,11.8,0.055,51.0,170.0,1.0004,3.34,0.82,8.9,6,medium,white,70.221,0.11962233519887214,30.0,105.95238095238095
7.0,0.28,0.33,14.6,0.043,47.0,168.0,0.9994,3.34,0.67,8.8,6,medium,white,69.432,0.10081806659753427,27.976190476190478,125.71428571428574
8.4,0.2,0.38,11.8,0.055,51.0,170.0,1.0004,3.34,0.82,8.9,6,medium,white,70.221,0.11962233519887214,30.0,105.95238095238095
8.4,0.2,0.38,11.8,0.055,51.0,170.0,1.0004,3.34,0.82,8.9,6,medium,white,70.221,0.11962233519887214,30.0,105.95238095238095
7.3,0.18,0.31,17.3,0.055,32.0,197.0,1.0002,3.13,0.46,9.0,6,medium,white,71.01,0.10280242219405716,16.243654822335024,123.28767123287672
6.8,0.31,0.09,1.4,0.04,56.0,145.0,0.9922,3.19,0.46,10.0,5,low,white,78.9,0.0861850443599493,38.62068965517241,147.05882352941177
6.7,0.31,0.08,1.3,0.038,58.0,147.0,0.9922,3.18,0.46,10.0,5,low,white,78.9,0.08491761723700887,39.455782312925166,149.25373134328356
7.6,0.17,0.35,1.6,0.047,43.0,154.0,0.9934,3.36,0.69,11.1,6,medium,white,87.57900000000001,0.08677879400312859,27.92207792207792,146.05263157894737
7.4,0.3,0.22,5.25,0.053,33.0,180.0,0.9926,3.13,0.45,11.6,6,medium,white,91.524,0.08085310956688956,18.333333333333332,156.75675675675674
7.4,0.26,0.31,2.4,0.043,58.0,178.0,0.9941,3.42,0.68,10.6,6,medium,white,83.634,0.08848076141282255,32.58426966292135,143.24324324324323
7.0,0.28,0.33,14.6,0.043,47.0,168.0,0.9994,3.34,0.67,8.8,6,medium,white,69.432,0.10081806659753427,27.976190476190478,125.71428571428574
8.4,0.2,0.38,11.8,0.055,51.0,170.0,1.0004,3.34,0.82,8.9,6,medium,white,70.221,0.11962233519887214,30.0,105.95238095238095
5.6,0.18,0.31,1.5,0.038,16.0,84.0,0.9924,3.34,0.58,10.1,6,medium,white,79.68900000000001,0.07027318701451893,19.047619047619047,180.35714285714286
7.2,0.15,0.39,1.8,0.043,21.0,159.0,0.9948,3.52,0.47,10.0,5,low,white,78.9,0.09125475285171102,13.20754716981132,138.88888888888889
8.0,0.4,0.33,7.7,0.034,27.0,98.0,0.9935,3.18,0.41,12.2,7,medium,white,96.25800000000001,0.08310997527478235,27.55102040816326,152.5
7.0,0.25,0.56,2.0,0.035,20.0,95.0,0.9918,3.23,0.53,11.0,6,medium,white,86.79,0.08065445327802742,21.052631578947366,157.14285714285714
7.2,0.15,0.39,1.8,0.043,21.0,159.0,0.9948,3.52,0.47,10.0,5,low,white,78.9,0.09125475285171102,13.20754716981132,138.88888888888889
6.8,0.18,0.46,1.4,0.064,37.0,160.0,0.9924,3.37,0.45,11.1,5,low,white,87.57900000000001,0.07764418410806243,23.125,163.23529411764704
6.6,0.32,0.22,16.7,0.046,38.0,133.0,0.9979,3.22,0.67,10.4,6,medium,white,82.056,0.0804328751096812,28.57142857142857,157.5757575757576
9.0,0.55,0.3,8.1,0.026,14.0,71.0,0.993,2.94,0.36,11.8,5,low,white,93.102,0.09666817039376167,19.718309859154928,131.11111111111111
6.9,0.19,0.39,8.0,0.028,22.0,84.0,0.994,3.11,0.66,10.8,6,medium,white,85.212,0.0809745106323053,26.190476190476193,156.52173913043478
6.3,0.41,0.33,4.7,0.023,28.0,110.0,0.991,3.3,0.38,12.5,7,medium,white,98.625,0.06387832699619772,25.454545454545453,198.41269841269843
9.0,0.55,0.3,8.1,0.026,14.0,71.0,0.993,2.94,0.36,11.8,5,low,white,93.102,0.09666817039376167,19.718309859154928,131.11111111111111
7.0,0.2,0.34,2.1,0.049,12.0,136.0,0.9922,3.25,0.46,11.6,7,medium,white,91.524,0.07648267121192255,8.823529411764707,165.7142857142857
6.6,0.32,0.22,16.7,0.046,38.0,133.0,0.9979,3.22,0.67,10.4,6,medium,white,82.056,0.0804328751096812,28.57142857142857,157.5757575757576
7.7,0.26,0.34,6.4,0.05,36.0,163.0,0.9937,3.19,0.7,11.5,6,medium,white,90.735,0.08486251170992451,22.085889570552148,149.35064935064935
6.3,0.21,0.28,1.5,0.051,46.0,142.0,0.9928,3.23,0.42,10.1,6,medium,white,79.68900000000001,0.0790573353913338,32.3943661971831,160.31746031746033
7.6,0.34,0.39,7.6,0.04,45.0,215.0,0.9965,3.11,0.53,9.2,6,medium,white,72.58800000000001,0.10470050146029646,20.930232558139537,121.05263157894737
6.3,0.21,0.28,1.5,0.051,46.0,142.0,0.9928,3.23,0.42,10.1,6,medium,white,79.68900000000001,0.0790573353913338,32.3943661971831,160.31746031746033
8.0,0.43,0.4,12.4,0.168,29.0,190.0,0.9991,3.07,0.64,9.2,5,low,white,72.58800000000001,0.11021105416873311,15.263157894736842,114.99999999999999
7.5,0.3,0.71,1.3,0.16,44.0,149.0,0.9948,3.08,0.42,8.9,5,low,white,70.221,0.1068056564275644,29.53020134228188,118.66666666666667
6.4,0.26,0.4,1.7,0.179,5.0,60.0,0.9925,3.09,0.54,10.1,5,low,white,79.68900000000001,0.0803122137308788,8.333333333333332,157.81249999999997
6.9,0.32,0.15,8.1,0.046,51.0,180.0,0.9958,3.13,0.45,8.9,5,low,white,70.221,0.09826120391335925,28.333333333333332,128.9855072463768
8.9,0.21,0.34,7.1,0.037,33.0,150.0,0.9962,3.1,0.45,9.7,6,medium,white,76.533,0.11628970509453439,22.0,108.98876404494379
7.6,0.34,0.39,7.6,0.04,45.0,215.0,0.9965,3.11,0.53,9.2,6,medium,white,72.58800000000001,0.10470050146029646,20.930232558139537,121.05263157894737
9.5,0.42,0.41,2.3,0.034,22.0,145.0,0.9951,3.06,0.52,11.0,6,medium,white,86.79,0.1094596151630372,15.172413793103448,115.78947368421053
7.6,0.29,0.26,6.5,0.042,32.0,160.0,0.9944,3.14,0.47,10.7,5,low,white,84.423,0.09002286106866611,20.0,140.78947368421052
6.5,0.25,0.2,1.4,0.024,29.0,101.0,0.9916,3.24,0.54,10.8,6,medium,white,85.212,0.0762803361028963,28.71287128712871,166.15384615384616
7.2,0.23,0.33,12.7,0.049,50.0,183.0,0.9987,3.41,0.4,9.8,5,low,white,77.322,0.0931170947466439,27.322404371584703,136.11111111111111
7.9,0.35,0.36,1.6,0.038,11.0,124.0,0.9928,3.25,0.48,11.0,5,low,white,86.79,0.09102431155663095,8.870967741935484,139.2405063291139
8.8,0.2,0.28,1.1,0.018,18.0,72.0,0.9926,2.97,0.35,10.4,5,low,white,82.056,0.10724383347957493,25.0,118.18181818181816
5.7,0.27,0.32,1.2,0.046,20.0,155.0,0.9934,3.8,0.41,10.2,6,medium,white,80.47800000000001,0.07082680981137701,12.903225806451612,178.9473684210526
7.6,0.29,0.26,6.5,0.042,32.0,160.0,0.9944,3.14,0.47,10.7,5,low,white,84.423,0.09002286106866611,20.0,140.78947368421052
5.5,0.14,0.27,4.6,0.029,22.0,104.0,0.9949,3.34,0.44,9.0,5,low,white,71.01,0.07745387973524855,21.153846153846153,163.63636363636365
8.7,0.24,0.35,0.6,0.042,11.0,71.0,0.9926,3.08,0.38,10.6,5,low,white,83.634,0.10402467895831838,15.492957746478872,121.83908045977012
6.7,0.3,0.45,10.6,0.032,56.0,212.0,0.997,3.22,0.59,9.5,6,medium,white,74.955,0.08938696551264093,26.41509433962264,141.79104477611938
5.5,0.14,0.27,4.6,0.029,22.0,104.0,0.9949,3.34,0.44,9.0,5,low,white,71.01,0.07745387973524855,21.153846153846153,163.63636363636365
5.6,0.13,0.27,4.8,0.028,22.0,104.0,0.9948,3.34,0.45,9.2,6,medium,white,72.58800000000001,0.07714773791811318,21.153846153846153,164.28571428571428
7.4,0.18,0.34,2.7,0.03,30.0,107.0,0.992,2.97,0.53,11.0,6,medium,white,86.79,0.08526327917962899,28.037383177570092,148.64864864864865
5.7,0.385,0.04,12.6,0.034,22.0,115.0,0.9964,3.28,0.63,9.9,6,medium,white,78.111,0.07297307677535814,19.130434782608695,173.6842105263158
8.7,0.24,0.35,0.6,0.042,11.0,71.0,0.9926,3.08,0.38,10.6,5,low,white,83.634,0.10402467895831838,15.492957746478872,121.83908045977012
8.3,0.33,0.43,9.2,0.046,22.0,126.0,0.9982,3.38,0.47,9.3,5,low,white,73.37700000000001,0.11311446366027501,17.46031746031746,112.04819277108433
6.8,0.34,0.44,6.6,0.052,28.0,156.0,0.9955,3.14,0.41,9.6,5,low,white,75.744,0.08977608787494719,17.94871794871795,141.1764705882353
6.8,0.33,0.44,7.0,0.05,29.0,155.0,0.9955,3.14,0.42,9.5,5,low,white,74.955,0.09072109932626242,18.70967741935484,139.7058823529412
6.3,0.28,0.24,8.45,0.031,32.0,172.0,0.9958,3.39,0.57,9.7,7,medium,white,76.533,0.08231743169613108,18.6046511627907,153.96825396825395
11.8,0.23,0.38,11.1,0.034,15.0,123.0,0.9997,2.93,0.55,9.7,3,low,white,76.533,0.15418185619275346,12.195121951219512,82.20338983050847
6.8,0.21,0.27,18.15,0.042,41.0,146.0,1.0001,3.3,0.36,8.7,5,low,white,68.643,0.09906326937925207,28.08219178082192,127.94117647058823
6.8,0.21,0.27,18.15,0.042,41.0,146.0,1.0001,3.3,0.36,8.7,5,low,white,68.643,0.09906326937925207,28.08219178082192,127.94117647058823
8.6,0.485,0.29,4.1,0.026,19.0,101.0,0.9918,3.01,0.38,12.4,5,low,white,97.836,0.08790220368780408,18.81188118811881,144.18604651162792
8.6,0.485,0.29,4.1,0.026,19.0,101.0,0.9918,3.01,0.38,12.4,5,low,white,97.836,0.08790220368780408,18.81188118811881,144.18604651162792
7.3,0.29,0.29,4.6,0.029,27.0,155.0,0.9931,3.07,0.26,10.6,6,medium,white,83.634,0.0872850754477844,17.419354838709676,145.2054794520548
6.8,0.21,0.27,18.15,0.042,41.0,146.0,1.0001,3.3,0.36,8.7,5,low,white,68.643,0.09906326937925207,28.08219178082192,127.94117647058823
6.7,0.31,0.31,4.9,0.031,20.0,151.0,0.9926,3.36,0.82,12.0,7,medium,white,94.68,0.07076468103084073,13.245033112582782,179.1044776119403
7.3,0.29,0.37,8.3,0.044,45.0,227.0,0.9966,3.12,0.47,9.0,5,low,white,71.01,0.10280242219405716,19.823788546255507,123.28767123287672
5.7,0.46,0.46,1.4,0.04,31.0,169.0,0.9932,3.13,0.47,8.8,5,low,white,69.432,0.08209471137227792,18.34319526627219,154.3859649122807
6.8,0.28,0.44,11.5,0.04,58.0,223.0,0.9969,3.22,0.56,9.5,5,low,white,74.955,0.09072109932626242,26.00896860986547,139.7058823529412
6.7,0.23,0.33,1.8,0.036,23.0,96.0,0.9925,3.32,0.4,10.8,6,medium,white,85.212,0.07862742336760081,23.958333333333336,161.19402985074626
6.9,0.17,0.25,1.6,0.047,34.0,132.0,0.9914,3.16,0.48,11.4,5,low,white,89.946,0.07671269428323661,25.757575757575758,165.2173913043478
7.6,0.18,0.36,2.4,0.049,38.0,123.0,0.996,3.6,0.46,10.3,5,low,white,81.26700000000001,0.09351889450822595,30.89430894308943,135.5263157894737
6.6,0.22,0.28,4.9,0.042,51.0,180.0,0.9952,3.3,0.75,9.5,6,medium,white,74.955,0.08805283169901941,28.333333333333332,143.93939393939394
7.8,0.27,0.28,1.8,0.05,21.0,127.0,0.9934,3.15,0.44,9.9,5,low,white,78.111,0.0998578945347006,16.535433070866144,126.92307692307693
7.7,0.28,0.29,4.3,0.051,25.0,142.0,0.9939,3.16,0.39,10.2,5,low,white,80.47800000000001,0.09567832202589527,17.6056338028169,132.46753246753244
7.6,0.29,0.29,4.4,0.051,26.0,146.0,0.9939,3.16,0.39,10.2,5,low,white,80.47800000000001,0.09443574641516934,17.80821917808219,134.21052631578948
5.7,0.32,0.18,1.4,0.029,26.0,104.0,0.9906,3.44,0.37,11.0,6,medium,white,86.79,0.06567576909782233,25.0,192.98245614035088
7.1,0.33,0.25,1.6,0.03,25.0,126.0,0.9901,3.22,0.34,12.1,7,medium,white,95.46900000000001,0.07436969068493436,19.841269841269842,170.4225352112676
7.3,0.34,0.3,1.3,0.057,25.0,173.0,0.9948,3.26,0.51,9.1,6,medium,white,71.799,0.10167272524686972,14.450867052023122,124.65753424657532
6.5,0.19,0.26,5.2,0.04,31.0,140.0,0.995,3.26,0.68,9.5,6,medium,white,74.955,0.0867186978853979,22.142857142857142,146.15384615384613
6.6,0.23,0.27,5.6,0.043,43.0,164.0,0.9953,3.27,0.76,9.5,5,low,white,74.955,0.08805283169901941,26.21951219512195,143.93939393939394
6.6,0.27,0.29,5.3,0.045,57.0,189.0,0.9953,3.31,0.79,9.8,5,low,white,77.322,0.08535733685109023,30.158730158730158,148.4848484848485
6.6,0.22,0.28,4.9,0.042,51.0,180.0,0.9952,3.3,0.75,9.5,6,medium,white,74.955,0.08805283169901941,28.333333333333332,143.93939393939394
7.6,0.18,0.36,2.4,0.049,38.0,123.0,0.996,3.6,0.46,10.3,5,low,white,81.26700000000001,0.09351889450822595,30.89430894308943,135.5263157894737
6.8,0.36,0.32,1.6,0.039,10.0,124.0,0.9948,3.3,0.67,9.6,5,low,white,75.744,0.08977608787494719,8.064516129032258,141.1764705882353
7.0,0.22,0.39,2.1,0.055,39.0,198.0,0.9951,3.52,0.54,10.2,6,medium,white,80.47800000000001,0.08698029275081388,19.696969696969695,145.7142857142857
5.9,0.17,0.3,1.4,0.042,25.0,119.0,0.9931,3.68,0.72,10.5,6,medium,white,82.845,0.07121733357474803,21.008403361344538,177.96610169491524
7.4,0.45,0.32,7.1,0.044,17.0,117.0,0.9962,3.32,0.41,10.4,4,low,white,82.056,0.09018231451691529,14.529914529914532,140.54054054054055
6.8,0.36,0.32,1.6,0.039,10.0,124.0,0.9948,3.3,0.67,9.6,5,low,white,75.744,0.08977608787494719,8.064516129032258,141.1764705882353
7.5,0.42,0.14,10.7,0.046,18.0,95.0,0.9959,3.22,0.33,10.7,5,low,white,84.423,0.08883834973881526,18.947368421052634,142.66666666666666
7.5,0.33,0.32,11.1,0.036,25.0,119.0,0.9962,3.15,0.34,10.5,6,medium,white,82.845,0.09053050878145935,21.008403361344538,140.0
9.4,0.3,0.32,10.7,0.029,14.0,111.0,0.9958,2.85,0.42,10.6,5,low,white,83.634,0.11239448071358539,12.612612612612612,112.7659574468085
7.9,0.17,0.32,1.6,0.053,47.0,150.0,0.9948,3.29,0.76,9.6,6,medium,white,75.744,0.1042986903253063,31.333333333333336,121.51898734177213
7.9,0.17,0.32,1.6,0.053,47.0,150.0,0.9948,3.29,0.76,9.6,6,medium,white,75.744,0.1042986903253063,31.333333333333336,121.51898734177213
8.2,0.17,0.32,1.5,0.05,17.0,101.0,0.994,3.14,0.58,9.5,5,low,white,74.955,0.1093989727169635,16.831683168316832,115.85365853658539
8.3,0.17,0.31,1.5,0.049,48.0,153.0,0.9942,3.12,0.58,9.4,6,medium,white,74.166,0.111911118302187,31.372549019607842,113.25301204819276
8.7,0.15,0.3,1.6,0.046,29.0,130.0,0.9942,3.22,0.38,9.8,6,medium,white,77.322,0.11251648948552803,22.30769230769231,112.64367816091956
7.9,0.17,0.32,1.6,0.053,47.0,150.0,0.9948,3.29,0.76,9.6,6,medium,white,75.744,0.1042986903253063,31.333333333333336,121.51898734177213
7.2,0.25,0.19,8.0,0.044,51.0,172.0,0.9964,3.16,0.44,9.2,5,low,white,72.58800000000001,0.0991899487518598,29.651162790697676,127.77777777777777
7.2,0.24,0.19,7.7,0.045,53.0,176.0,0.9958,3.17,0.38,9.5,5,low,white,74.955,0.09605763458074845,30.113636363636363,131.94444444444443
5.3,0.76,0.03,2.7,0.043,27.0,93.0,0.9932,3.34,0.38,9.2,5,low,white,72.58800000000001,0.07301482338678568,29.03225806451613,173.58490566037733
6.6,0.22,0.53,15.1,0.052,22.0,136.0,0.9986,2.94,0.35,9.4,5,low,white,74.166,0.08898956395113664,16.176470588235293,142.42424242424244
6.6,0.22,0.53,15.1,0.052,22.0,136.0,0.9986,2.94,0.35,9.4,5,low,white,74.166,0.08898956395113664,16.176470588235293,142.42424242424244
8.4,0.28,0.4,8.9,0.048,33.0,146.0,0.9988,3.4,0.46,9.3,5,low,white,73.37700000000001,0.11447728852365181,22.602739726027394,110.71428571428572
6.8,0.32,0.34,6.0,0.05,5.0,129.0,0.9953,3.19,0.4,9.1,5,low,white,71.799,0.09470883995598824,3.875968992248062,133.8235294117647
6.7,0.24,0.33,12.3,0.046,31.0,145.0,0.9983,3.36,0.4,9.5,5,low,white,74.955,0.08938696551264093,21.379310344827587,141.79104477611938
7.4,0.18,0.36,13.1,0.056,72.0,163.0,1.0,3.42,0.35,9.1,6,medium,white,71.799,0.10306550230504603,44.171779141104295,122.97297297297295
6.0,0.16,0.3,6.7,0.043,43.0,153.0,0.9951,3.63,0.46,10.6,5,low,white,83.634,0.07174115790228855,28.104575163398692,176.66666666666666
6.7,0.24,0.33,12.3,0.046,31.0,145.0,0.9983,3.36,0.4,9.5,5,low,white,74.955,0.08938696551264093,21.379310344827587,141.79104477611938
6.8,0.28,0.35,2.3,0.042,16.0,85.0,0.9906,3.19,0.56,12.4,6,medium,white,97.836,0.06950406803221718,18.823529411764707,182.3529411764706
6.2,0.34,0.3,11.1,0.047,28.0,237.0,0.9981,3.18,0.49,8.7,5,low,white,68.643,0.09032239266931807,11.814345991561181,140.32258064516128
6.0,0.27,0.15,1.5,0.056,35.0,128.0,0.9936,3.12,0.45,8.8,5,low,white,69.432,0.08641548565502938,27.34375,146.66666666666669
6.0,0.16,0.3,6.7,0.043,43.0,153.0,0.9951,3.63,0.46,10.6,5,low,white,83.634,0.07174115790228855,28.104575163398692,176.66666666666666
6.8,0.32,0.34,6.0,0.05,5.0,129.0,0.9953,3.19,0.4,9.1,5,low,white,71.799,0.09470883995598824,3.875968992248062,133.8235294117647
8.5,0.24,0.47,15.2,0.057,40.0,234.0,1.0005,3.02,0.66,9.0,5,low,white,71.01,0.11970145049992958,17.094017094017094,105.88235294117648
8.1,0.24,0.33,10.2,0.048,46.0,141.0,0.9972,3.16,0.48,10.3,6,medium,white,81.26700000000001,0.09967145335745135,32.62411347517731,127.16049382716051
7.4,0.18,0.36,13.1,0.056,72.0,163.0,1.0,3.42,0.35,9.1,6,medium,white,71.799,0.10306550230504603,44.171779141104295,122.97297297297295
7.7,0.23,0.31,10.7,0.038,59.0,186.0,0.9969,3.12,0.55,9.5,6,medium,white,74.955,0.10272830364885599,31.72043010752688,123.37662337662339
6.5,0.22,0.25,17.1,0.05,44.0,138.0,1.0001,3.3,0.37,8.8,5,low,white,69.432,0.09361677612628183,31.88405797101449,135.3846153846154
6.5,0.22,0.25,17.1,0.05,44.0,138.0,1.0001,3.3,0.37,8.8,5,low,white,69.432,0.09361677612628183,31.88405797101449,135.3846153846154
6.5,0.22,0.25,17.1,0.05,44.0,138.0,1.0001,3.3,0.37,8.8,5,low,white,69.432,0.09361677612628183,31.88405797101449,135.3846153846154
5.7,0.33,0.15,1.9,0.05,20.0,93.0,0.9934,3.38,0.62,9.9,5,low,white,78.111,0.07297307677535814,21.50537634408602,173.6842105263158
7.7,0.23,0.31,10.7,0.038,59.0,186.0,0.9969,3.12,0.55,9.5,6,medium,white,74.955,0.10272830364885599,31.72043010752688,123.37662337662339
6.5,0.22,0.25,17.1,0.05,44.0,138.0,1.0001,3.3,0.37,8.8,5,low,white,69.432,0.09361677612628183,31.88405797101449,135.3846153846154
6.8,0.2,0.27,1.2,0.034,19.0,68.0,0.9902,3.14,0.37,11.7,4,low,white,92.313,0.07366243107687974,27.941176470588236,172.05882352941174
7.7,0.26,0.32,1.2,0.04,26.0,117.0,0.993,3.21,0.56,10.8,5,low,white,85.212,0.09036285969112332,22.22222222222222,140.25974025974025
6.4,0.2,0.32,3.1,0.041,18.0,126.0,0.9914,3.43,0.42,12.0,6,medium,white,94.68,0.06759611322348964,14.285714285714285,187.5
8.0,0.16,0.36,1.5,0.033,14.0,122.0,0.9941,3.2,0.39,10.3,4,low,white,81.26700000000001,0.09844094158760627,11.475409836065573,128.75
6.8,0.25,0.27,10.7,0.076,47.0,154.0,0.9967,3.05,0.38,9.0,5,low,white,71.01,0.09576116039994366,30.519480519480517,132.35294117647058
7.7,0.39,0.28,4.9,0.035,36.0,109.0,0.9918,3.19,0.58,12.2,7,medium,white,96.25800000000001,0.07999335120197801,33.02752293577982,158.4415584415584
6.9,0.26,0.33,12.6,0.051,59.0,173.0,0.998,3.39,0.38,9.9,5,low,white,78.111,0.0883358297806967,34.104046242774565,143.47826086956522
6.8,0.25,0.27,10.7,0.076,47.0,154.0,0.9967,3.05,0.38,9.0,5,low,white,71.01,0.09576116039994366,30.519480519480517,132.35294117647058
7.7,0.39,0.28,4.9,0.035,36.0,109.0,0.9918,3.19,0.58,12.2,7,medium,white,96.25800000000001,0.07999335120197801,33.02752293577982,158.4415584415584
6.0,0.28,0.22,12.15,0.048,42.0,163.0,0.9957,3.2,0.46,10.1,5,low,white,79.68900000000001,0.07529270037269886,25.766871165644172,168.33333333333334
6.5,0.43,0.28,12.0,0.056,23.0,174.0,0.9986,3.31,0.55,9.3,5,low,white,73.37700000000001,0.08858361611949248,13.218390804597702,143.07692307692307
9.1,0.33,0.38,1.7,0.062,50.5,344.0,0.9958,3.1,0.7,9.5,5,low,white,74.955,0.12140617703955707,14.680232558139537,104.39560439560441
5.9,0.5,0.05,2.6,0.054,36.0,146.0,0.9948,3.43,0.5,9.2,6,medium,white,72.58800000000001,0.08128065244944067,24.65753424657534,155.9322033898305
6.8,0.28,0.39,1.4,0.036,15.0,115.0,0.9918,3.27,0.72,11.7,5,low,white,92.313,0.07366243107687974,13.043478260869565,172.05882352941174
7.0,0.35,0.24,1.9,0.04,21.0,144.0,0.9923,3.35,0.38,11.0,5,low,white,86.79,0.08065445327802742,14.583333333333334,157.14285714285714
7.1,0.22,0.32,16.9,0.056,49.0,158.0,0.9998,3.37,0.38,9.6,6,medium,white,75.744,0.09373679763413603,31.0126582278481,135.2112676056338
7.1,0.22,0.32,16.9,0.056,49.0,158.0,0.9998,3.37,0.38,9.6,6,medium,white,75.744,0.09373679763413603,31.0126582278481,135.2112676056338
8.3,0.24,0.27,2.1,0.03,22.0,162.0,0.9914,2.99,0.68,11.9,6,medium,white,93.891,0.08840037916307207,13.580246913580247,143.37349397590359
6.8,0.26,0.32,7.0,0.041,38.0,118.0,0.9939,3.25,0.52,10.8,6,medium,white,85.212,0.07980096699995305,32.20338983050847,158.82352941176472
7.2,0.16,0.26,7.1,0.054,41.0,224.0,0.9966,3.38,0.55,10.1,5,low,white,79.68900000000001,0.09035124044723863,18.303571428571427,140.27777777777777
7.9,0.18,0.36,5.9,0.058,31.0,132.0,0.995,3.25,0.52,10.9,6,medium,white,86.001,0.091859396983756,23.484848484848484,137.9746835443038
7.2,0.16,0.26,7.1,0.054,41.0,224.0,0.9966,3.38,0.55,10.1,5,low,white,79.68900000000001,0.09035124044723863,18.303571428571427,140.27777777777777
5.5,0.24,0.32,8.7,0.06,19.0,102.0,0.994,3.27,0.31,10.4,5,low,white,82.056,0.06702739592473433,18.627450980392158,189.0909090909091
7.1,0.33,0.64,13.2,0.056,12.0,105.0,0.9972,3.05,0.39,9.2,5,low,white,72.58800000000001,0.09781231057475064,11.428571428571429,129.5774647887324
7.7,0.28,0.35,15.3,0.056,31.0,117.0,0.9998,3.27,0.5,9.6,5,low,white,75.744,0.10165821715251373,26.495726495726498,124.67532467532467
7.7,0.28,0.35,15.3,0.056,31.0,117.0,0.9998,3.27,0.5,9.6,5,low,white,75.744,0.10165821715251373,26.495726495726498,124.67532467532467
7.5,0.26,0.52,13.2,0.047,64.0,179.0,0.9982,3.1,0.46,9.0,5,low,white,71.01,0.10561892691170258,35.754189944134076,120.0
6.5,0.14,0.32,2.7,0.037,18.0,89.0,0.9924,3.4,0.74,11.5,7,medium,white,90.735,0.07163718520967653,20.224719101123593,176.9230769230769
8.2,0.21,0.32,10.65,0.053,53.0,145.0,0.9972,3.17,0.48,10.2,6,medium,white,80.47800000000001,0.10189120007952482,36.55172413793103,124.39024390243902
7.2,0.2,0.31,10.0,0.054,49.0,165.0,0.997,3.4,0.42,9.9,6,medium,white,78.111,0.09217651803203133,29.6969696969697,137.5
7.2,0.115,0.3,6.8,0.056,26.0,105.0,0.9954,3.44,0.4,9.6,6,medium,white,75.744,0.09505703422053233,24.761904761904763,133.33333333333331
6.4,0.29,0.2,15.6,0.04,20.0,142.0,0.9962,3.1,0.54,10.6,5,low,white,83.634,0.07652390176244112,14.084507042253522,165.62499999999997
7.1,0.33,0.64,13.2,0.056,12.0,105.0,0.9972,3.05,0.39,9.2,5,low,white,72.58800000000001,0.09781231057475064,11.428571428571429,129.5774647887324
6.8,0.24,0.34,5.1,0.038,31.0,99.0,0.9921,3.24,0.46,11.8,6,medium,white,93.102,0.07303817318639771,31.313131313131315,173.52941176470588
7.0,0.24,0.34,3.0,0.035,36.0,102.0,0.9905,3.18,0.43,12.2,6,medium,white,96.25800000000001,0.07272122836543456,35.294117647058826,174.28571428571428
7.7,0.28,0.35,15.3,0.056,31.0,117.0,0.9998,3.27,0.5,9.6,5,low,white,75.744,0.10165821715251373,26.495726495726498,124.67532467532467
7.0,0.22,0.33,2.1,0.052,15.0,76.0,0.993,3.2,0.41,10.6,6,medium,white,83.634,0.08369801755266996,19.736842105263158,151.42857142857142
7.5,0.18,0.39,1.9,0.054,23.0,91.0,0.9941,3.27,0.45,10.3,6,medium,white,81.26700000000001,0.09228838273838089,25.274725274725274,137.33333333333334
9.8,0.93,0.45,8.6,0.052,34.0,187.0,0.9994,3.12,0.59,10.2,4,low,white,80.47800000000001,0.12177240985113943,18.181818181818183,104.0816326530612
7.8,0.29,0.33,8.75,0.035,33.0,181.0,0.9962,3.11,0.46,10.7,5,low,white,84.423,0.09239188372836786,18.23204419889503,137.17948717948718
7.9,0.28,0.32,3.6,0.038,9.0,76.0,0.992,3.05,0.31,11.7,4,low,white,92.313,0.0855784125746103,11.842105263157894,148.1012658227848
8.5,0.25,0.27,4.7,0.031,31.0,92.0,0.9922,3.01,0.33,12.0,6,medium,white,94.68,0.08977608787494719,33.69565217391305,141.1764705882353
7.4,0.18,0.27,1.3,0.048,26.0,105.0,0.994,3.52,0.66,10.6,6,medium,white,83.634,0.08848076141282255,24.761904761904763,143.24324324324323
6.3,0.24,0.37,1.8,0.031,6.0,61.0,0.9897,3.3,0.34,12.2,4,low,white,96.25800000000001,0.06544910552889109,9.836065573770492,193.65079365079364
6.0,0.33,0.38,9.7,0.04,29.0,124.0,0.9954,3.47,0.48,11.0,6,medium,white,86.79,0.0691323885240235,23.387096774193548,183.33333333333331
6.8,0.37,0.28,4.0,0.03,29.0,79.0,0.99,3.23,0.46,12.4,7,medium,white,97.836,0.06950406803221718,36.708860759493675,182.3529411764706
9.9,0.49,0.23,2.4,0.087,19.0,115.0,0.9948,2.77,0.44,9.4,6,medium,white,74.166,0.13348434592670497,16.52173913043478,94.94949494949495
8.5,0.25,0.27,4.7,0.031,31.0,92.0,0.9922,3.01,0.33,12.0,6,medium,white,94.68,0.08977608787494719,33.69565217391305,141.1764705882353
8.4,0.22,0.28,18.8,0.028,55.0,130.0,0.998,2.96,0.35,11.6,5,low,white,91.524,0.09177920545430707,42.30769230769231,138.0952380952381
7.0,0.35,0.31,1.8,0.069,15.0,162.0,0.9944,3.18,0.47,9.4,5,low,white,74.166,0.09438287085726614,9.25925925925926,134.2857142857143
7.0,0.35,0.31,1.8,0.069,15.0,162.0,0.9944,3.18,0.47,9.4,5,low,white,74.166,0.09438287085726614,9.25925925925926,134.2857142857143
7.4,0.19,0.3,12.8,0.053,48.5,229.0,0.9986,3.14,0.49,9.1,7,medium,white,71.799,0.10306550230504603,21.17903930131004,122.97297297297295
7.4,0.19,0.3,12.8,0.053,48.5,229.0,0.9986,3.14,0.49,9.1,7,medium,white,71.799,0.10306550230504603,21.17903930131004,122.97297297297295
7.4,0.19,0.3,12.8,0.053,48.5,229.0,0.9986,3.14,0.49,9.1,7,medium,white,71.799,0.10306550230504603,21.17903930131004,122.97297297297295
7.4,0.19,0.3,12.8,0.053,48.5,229.0,0.9986,3.14,0.49,9.1,7,medium,white,71.799,0.10306550230504603,21.17903930131004,122.97297297297295
7.4,0.19,0.3,12.8,0.053,48.5,229.0,0.9986,3.14,0.49,9.1,7,medium,white,71.799,0.10306550230504603,21.17903930131004,122.97297297297295
6.9,0.32,0.13,7.8,0.042,11.0,117.0,0.996,3.23,0.37,9.2,5,low,white,72.58800000000001,0.09505703422053231,9.401709401709402,133.33333333333331
7.6,0.32,0.58,16.75,0.05,43.0,163.0,0.9999,3.15,0.54,9.2,5,low,white,72.58800000000001,0.10470050146029646,26.380368098159508,121.05263157894737
7.4,0.19,0.3,12.8,0.053,48.5,229.0,0.9986,3.14,0.49,9.1,7,medium,white,71.799,0.10306550230504603,21.17903930131004,122.97297297297295
7.4,0.19,0.3,12.8,0.053,48.5,212.0,0.9986,3.14,0.49,9.1,7,medium,white,71.799,0.10306550230504603,22.87735849056604,122.97297297297295
6.9,0.32,0.13,7.8,0.042,11.0,117.0,0.996,3.23,0.37,9.2,5,low,white,72.58800000000001,0.09505703422053231,9.401709401709402,133.33333333333331
6.0,0.34,0.24,5.4,0.06,23.0,126.0,0.9951,3.25,0.44,9.0,7,medium,white,71.01,0.08449514152936205,18.253968253968253,150.0
7.6,0.32,0.58,16.75,0.05,43.0,163.0,0.9999,3.15,0.54,9.2,5,low,white,72.58800000000001,0.10470050146029646,26.380368098159508,121.05263157894737
7.7,0.24,0.31,1.3,0.047,33.0,106.0,0.993,3.22,0.55,10.8,6,medium,white,85.212,0.09036285969112332,31.132075471698112,140.25974025974025
8.0,0.36,0.43,10.1,0.053,29.0,146.0,0.9982,3.4,0.46,9.5,6,medium,white,74.955,0.1067307050897205,19.863013698630137,118.75
7.4,0.29,0.25,3.8,0.044,30.0,114.0,0.992,3.11,0.4,11.0,6,medium,white,86.79,0.08526327917962899,26.31578947368421,148.64864864864865
6.6,0.32,0.27,10.9,0.041,37.0,146.0,0.9963,3.24,0.47,10.0,5,low,white,78.9,0.08365019011406843,25.34246575342466,151.5151515151515
6.3,0.3,0.24,6.6,0.04,38.0,141.0,0.995,3.22,0.47,9.5,5,low,white,74.955,0.0840504302581549,26.95035460992908,150.79365079365078
6.4,0.33,0.24,9.8,0.041,29.0,109.0,0.9956,3.29,0.47,10.1,6,medium,white,79.68900000000001,0.0803122137308788,26.605504587155966,157.81249999999997
7.5,0.18,0.31,11.7,0.051,24.0,94.0,0.997,3.19,0.44,9.5,7,medium,white,74.955,0.10006003602161297,25.53191489361702,126.66666666666666
6.5,0.39,0.81,1.2,0.217,14.0,74.0,0.9936,3.08,0.53,9.5,5,low,white,74.955,0.0867186978853979,18.91891891891892,146.15384615384613
6.8,0.25,0.18,1.4,0.056,13.0,137.0,0.9935,3.11,0.42,9.5,5,low,white,74.955,0.09072109932626242,9.48905109489051,139.7058823529412
6.4,0.18,0.32,9.6,0.052,24.0,90.0,0.9963,3.35,0.49,9.4,6,medium,white,74.166,0.0862929104980719,26.666666666666668,146.875
7.1,0.18,0.32,12.2,0.048,36.0,125.0,0.9967,2.92,0.54,9.4,6,medium,white,74.166,0.0957311975837985,28.799999999999997,132.3943661971831
7.6,0.27,0.42,2.6,0.044,29.0,110.0,0.9912,3.31,0.51,12.7,6,medium,white,100.203,0.07584603255391555,26.36363636363636,167.10526315789474
9.2,0.23,0.35,10.7,0.037,34.0,145.0,0.9981,3.09,0.32,9.7,5,low,white,76.533,0.12020958279435014,23.448275862068964,105.43478260869566
7.9,0.28,0.41,4.9,0.058,31.0,153.0,0.9966,3.27,0.51,9.7,6,medium,white,76.533,0.1032234460951485,20.26143790849673,122.78481012658227
7.1,0.18,0.32,12.2,0.048,36.0,125.0,0.9967,2.92,0.54,9.4,6,medium,white,74.166,0.0957311975837985,28.799999999999997,132.3943661971831
6.4,0.18,0.32,9.6,0.052,24.0,90.0,0.9963,3.35,0.49,9.4,6,medium,white,74.166,0.0862929104980719,26.666666666666668,146.875
6.8,0.25,0.18,1.4,0.056,13.0,137.0,0.9935,3.11,0.42,9.5,5,low,white,74.955,0.09072109932626242,9.48905109489051,139.7058823529412
7.0,0.22,0.26,1.1,0.037,20.0,71.0,0.9902,3.1,0.38,11.7,6,medium,white,92.313,0.0758289731673762,28.169014084507044,167.14285714285714
7.3,0.18,0.29,1.0,0.036,26.0,101.0,0.99,3.09,0.37,11.7,6,medium,white,92.313,0.0790787863031209,25.742574257425744,160.27397260273972
7.1,0.26,0.19,8.2,0.051,53.0,187.0,0.996,3.16,0.52,9.7,5,low,white,76.533,0.09277043889563978,28.342245989304814,136.61971830985914
6.6,0.25,0.42,11.3,0.049,77.0,231.0,0.9966,3.24,0.52,9.5,6,medium,white,74.955,0.08805283169901941,33.33333333333333,143.93939393939394
6.4,0.24,0.23,7.3,0.069,31.0,157.0,0.9962,3.25,0.53,9.1,5,low,white,71.799,0.08913773172328306,19.745222929936308,142.18749999999997
6.0,0.28,0.27,2.3,0.051,23.0,147.0,0.994,3.23,0.67,10.3,6,medium,white,81.26700000000001,0.0738307061907047,15.646258503401361,171.66666666666669
7.1,0.26,0.19,8.2,0.051,53.0,187.0,0.996,3.16,0.52,9.7,5,low,white,76.533,0.09277043889563978,28.342245989304814,136.61971830985914
7.8,0.24,0.38,2.1,0.058,14.0,167.0,0.994,3.21,0.55,9.9,5,low,white,78.111,0.0998578945347006,8.383233532934131,126.92307692307693
7.6,0.27,0.33,2.0,0.059,19.0,175.0,0.9944,3.22,0.56,9.9,5,low,white,78.111,0.09729743570047751,10.857142857142858,130.26315789473685
7.7,0.39,0.34,10.0,0.056,35.0,178.0,0.9974,3.26,0.6,10.2,5,low,white,80.47800000000001,0.09567832202589527,19.662921348314608,132.46753246753244
8.9,0.24,0.33,15.75,0.035,16.0,132.0,0.996,3.0,0.37,12.1,6,medium,white,95.46900000000001,0.09322397846421351,12.121212121212121,135.95505617977528
6.6,0.23,0.24,3.9,0.045,36.0,138.0,0.9922,3.15,0.64,11.3,7,medium,white,89.15700000000001,0.0740267169151048,26.08695652173913,171.21212121212125
7.1,0.26,0.3,2.0,0.031,13.0,128.0,0.9917,3.19,0.49,11.4,5,low,white,89.946,0.07893625063927245,10.15625,160.56338028169014
7.0,0.32,0.35,1.5,0.039,24.0,125.0,0.9918,3.17,0.64,12.2,6,medium,white,96.25800000000001,0.07272122836543456,19.2,174.28571428571428
7.4,0.24,0.26,1.6,0.058,53.0,150.0,0.9936,3.18,0.5,9.9,7,medium,white,78.111,0.09473697686625443,35.333333333333336,133.78378378378378
6.9,0.21,0.33,1.4,0.056,35.0,136.0,0.9938,3.63,0.78,10.3,6,medium,white,81.26700000000001,0.08490531211931042,25.735294117647058,149.27536231884056
7.0,0.32,0.35,1.5,0.039,24.0,125.0,0.9918,3.17,0.64,12.2,6,medium,white,96.25800000000001,0.07272122836543456,19.2,174.28571428571428
7.4,0.17,0.29,1.4,0.047,23.0,107.0,0.9939,3.52,0.65,10.4,6,medium,white,82.056,0.09018231451691529,21.49532710280374,140.54054054054055
7.1,0.26,0.3,2.0,0.031,13.0,128.0,0.9917,3.19,0.49,11.4,5,low,white,89.946,0.07893625063927245,10.15625,160.56338028169014
8.5,0.28,0.34,13.8,0.041,32.0,161.0,0.9981,3.13,0.4,9.9,6,medium,white,78.111,0.10881950045448144,19.875776397515526,116.47058823529413
7.8,0.3,0.37,1.3,0.051,16.0,96.0,0.9941,3.32,0.62,10.0,5,low,white,78.9,0.0988593155893536,16.666666666666664,128.2051282051282
8.1,0.25,0.38,3.8,0.051,18.0,129.0,0.9928,3.21,0.38,11.5,6,medium,white,90.735,0.08927095387667383,13.953488372093023,141.97530864197532
7.7,0.28,0.29,6.9,0.041,29.0,163.0,0.9952,3.44,0.6,10.5,6,medium,white,82.845,0.09294465568229827,17.791411042944784,136.36363636363635
6.5,0.24,0.36,2.2,0.027,36.0,134.0,0.9898,3.28,0.36,12.5,7,medium,white,98.625,0.06590621039290241,26.865671641791046,192.30769230769232
7.0,0.22,0.32,1.6,0.045,40.0,120.0,0.9914,2.98,0.44,10.5,6,medium,white,82.845,0.08449514152936206,33.33333333333333,150.0
8.5,0.28,0.34,13.8,0.041,32.0,161.0,0.9981,3.13,0.4,9.9,6,medium,white,78.111,0.10881950045448144,19.875776397515526,116.47058823529413
8.0,0.45,0.28,10.8,0.051,25.0,157.0,0.9957,3.06,0.47,11.4,7,medium,white,89.946,0.08894225424143375,15.92356687898089,142.5
6.9,0.23,0.33,12.8,0.056,44.0,169.0,0.998,3.42,0.42,9.8,6,medium,white,77.322,0.08923721579886708,26.035502958579883,142.02898550724638
8.0,0.45,0.28,10.8,0.051,25.0,157.0,0.9957,3.06,0.47,11.4,7,medium,white,89.946,0.08894225424143375,15.92356687898089,142.5
7.6,0.23,0.26,15.3,0.067,32.0,166.0,0.9986,3.03,0.44,9.2,4,low,white,72.58800000000001,0.10470050146029646,19.27710843373494,121.05263157894737
7.7,0.28,0.58,12.1,0.046,60.0,177.0,0.9983,3.08,0.46,8.9,5,low,white,70.221,0.10965380726563279,33.89830508474576,115.5844155844156
7.7,0.27,0.61,12.0,0.046,64.0,179.0,0.9982,3.07,0.46,8.9,5,low,white,70.221,0.10965380726563279,35.754189944134076,115.5844155844156
7.1,0.2,0.36,11.6,0.042,45.0,124.0,0.997,2.92,0.59,9.5,7,medium,white,74.955,0.09472350076712693,36.29032258064516,133.80281690140845
6.9,0.25,0.35,9.2,0.034,42.0,150.0,0.9947,3.21,0.36,11.5,6,medium,white,90.735,0.07604562737642585,28.000000000000004,166.66666666666666
7.1,0.2,0.36,11.6,0.042,45.0,124.0,0.997,2.92,0.59,9.5,7,medium,white,74.955,0.09472350076712693,36.29032258064516,133.80281690140845
6.9,0.25,0.35,9.2,0.034,42.0,150.0,0.9947,3.21,0.36,11.5,6,medium,white,90.735,0.07604562737642585,28.000000000000004,166.66666666666666
8.4,0.2,0.31,2.8,0.054,16.0,89.0,0.99416,2.96,0.45,9.5,6,medium,white,74.955,0.11206724034420654,17.97752808988764,113.09523809523809
6.5,0.39,0.35,1.6,0.049,10.0,164.0,0.99516,3.35,0.51,9.7,5,low,white,76.533,0.08493068349600826,6.097560975609756,149.2307692307692
7.2,0.23,0.38,6.1,0.067,20.0,90.0,0.99496,3.17,0.79,9.7,5,low,white,76.533,0.09407706479557838,22.22222222222222,134.7222222222222
6.9,0.44,0.42,8.5,0.048,10.0,147.0,0.9974,3.32,0.46,9.5,6,medium,white,74.955,0.09205523313988394,6.802721088435375,137.68115942028984
7.1,0.28,0.19,7.8,0.04,48.0,184.0,0.99579,3.16,0.5,9.4,5,low,white,74.166,0.0957311975837985,26.08695652173913,132.3943661971831
6.4,0.34,0.2,14.9,0.06,37.0,162.0,0.9983,3.13,0.45,9.0,4,low,white,71.01,0.09012815096465286,22.839506172839506,140.625
6.1,0.15,0.29,6.2,0.046,39.0,151.0,0.99471,3.6,0.44,10.6,6,medium,white,83.634,0.07293684386732668,25.82781456953642,173.7704918032787
6.9,0.44,0.42,8.5,0.048,10.0,147.0,0.9974,3.32,0.46,9.5,6,medium,white,74.955,0.09205523313988394,6.802721088435375,137.68115942028984
7.2,0.29,0.18,8.2,0.042,41.0,180.0,0.99644,3.16,0.49,9.1,5,low,white,71.799,0.10027994818869343,22.77777777777778,126.38888888888889
7.1,0.28,0.19,7.8,0.04,48.0,184.0,0.99579,3.16,0.5,9.4,5,low,white,74.166,0.0957311975837985,26.08695652173913,132.3943661971831
6.1,0.23,0.45,10.6,0.094,49.0,169.0,0.99699,3.05,0.54,8.8,5,low,white,69.432,0.08785574374927986,28.994082840236686,144.26229508196724
6.7,0.23,0.42,11.2,0.047,52.0,171.0,0.99758,3.54,0.74,10.4,5,low,white,82.056,0.08165155503558545,30.409356725146196,155.22388059701493
7.0,0.36,0.14,11.6,0.043,35.0,228.0,0.9977,3.13,0.51,8.9,5,low,white,70.221,0.09968527933239343,15.350877192982457,127.14285714285715
7.5,0.31,0.24,7.1,0.031,28.0,141.0,0.99397,3.16,0.38,10.6,7,medium,white,83.634,0.08967644737786068,19.858156028368796,141.33333333333334
6.4,0.34,0.2,14.9,0.06,37.0,162.0,0.9983,3.13,0.45,9.0,4,low,white,71.01,0.09012815096465286,22.839506172839506,140.625
6.1,0.15,0.29,6.2,0.046,39.0,151.0,0.99471,3.6,0.44,10.6,6,medium,white,83.634,0.07293684386732668,25.82781456953642,173.7704918032787
7.4,0.2,0.29,1.7,0.047,16.0,100.0,0.99243,3.28,0.45,10.6,6,medium,white,83.634,0.08848076141282255,16.0,143.24324324324323
6.3,0.27,0.18,7.7,0.048,45.0,186.0,0.9962,3.23,0.47,9.0,5,low,white,71.01,0.08871989860583016,24.193548387096776,142.85714285714286
9.2,0.34,0.54,17.3,0.06,46.0,235.0,1.00182,3.08,0.61,8.8,6,medium,white,69.432,0.13250374467104503,19.574468085106382,95.6521739130435
7.4,0.18,0.29,1.4,0.042,34.0,101.0,0.99384,3.54,0.6,10.5,7,medium,white,82.845,0.0893234353310399,33.663366336633665,141.89189189189187
7.2,0.29,0.2,7.7,0.046,51.0,174.0,0.99582,3.16,0.52,9.5,5,low,white,74.955,0.09605763458074845,29.310344827586203,131.94444444444443
6.3,0.27,0.18,7.7,0.048,45.0,186.0,0.9962,3.23,0.47,9.0,5,low,white,71.01,0.08871989860583016,24.193548387096776,142.85714285714286
6.2,0.26,0.19,3.4,0.049,47.0,172.0,0.9924,3.14,0.43,10.4,6,medium,white,82.056,0.07555815540606416,27.325581395348834,167.74193548387098
7.3,0.21,0.21,1.6,0.046,35.0,133.0,0.99466,3.38,0.46,10.0,6,medium,white,78.9,0.09252217997465145,26.31578947368421,136.986301369863
7.1,0.14,0.35,1.4,0.039,24.0,128.0,0.99212,2.97,0.68,10.4,5,low,white,82.056,0.08652627473920249,18.75,146.47887323943664
7.2,0.39,0.54,1.4,0.157,34.0,132.0,0.99449,3.11,0.53,9.0,6,medium,white,71.01,0.10139416983523447,25.757575757575758,125.0
7.6,0.48,0.28,10.4,0.049,57.0,205.0,0.99748,3.24,0.45,9.3,5,low,white,73.37700000000001,0.10357468961663735,27.80487804878049,122.36842105263159
7.2,0.39,0.54,1.4,0.157,34.0,132.0,0.99449,3.11,0.53,9.0,6,medium,white,71.01,0.10139416983523447,25.757575757575758,125.0
7.6,0.48,0.28,10.4,0.049,57.0,205.0,0.99748,3.24,0.45,9.3,5,low,white,73.37700000000001,0.10357468961663735,27.80487804878049,122.36842105263159
6.5,0.36,0.31,4.1,0.061,20.0,134.0,0.99475,3.18,0.45,9.0,6,medium,white,71.01,0.09153640332347555,14.925373134328357,138.46153846153845
8.5,0.25,0.31,2.8,0.032,11.0,61.0,0.99189,3.06,0.44,11.5,6,medium,white,90.735,0.09367939604342315,18.0327868852459,135.29411764705884
6.9,0.3,0.21,15.7,0.056,49.0,159.0,0.99827,3.11,0.48,9.0,5,low,white,71.01,0.09716941275876637,30.81761006289308,130.43478260869566
6.6,0.19,0.43,10.9,0.045,53.0,154.0,0.99752,3.52,0.77,10.4,6,medium,white,82.056,0.0804328751096812,34.41558441558442,157.5757575757576
6.9,0.3,0.21,15.7,0.056,49.0,159.0,0.99827,3.11,0.48,9.0,5,low,white,71.01,0.09716941275876637,30.81761006289308,130.43478260869566
9.4,0.42,0.32,6.5,0.027,20.0,167.0,0.99479,3.08,0.43,10.6,5,low,white,83.634,0.11239448071358539,11.976047904191617,112.7659574468085
6.6,0.19,0.43,10.9,0.045,53.0,154.0,0.99752,3.52,0.77,10.4,6,medium,white,82.056,0.0804328751096812,34.41558441558442,157.5757575757576
6.3,0.2,0.3,5.9,0.034,35.0,152.0,0.99642,3.47,0.4,8.5,6,medium,white,67.065,0.093938716170879,23.026315789473685,134.92063492063494
8.5,0.19,0.56,17.3,0.055,47.0,169.0,1.00047,3.07,0.67,9.3,6,medium,white,73.37700000000001,0.11584011338702861,27.810650887573964,109.41176470588236
7.3,0.19,0.25,1.4,0.051,41.0,107.0,0.99382,3.53,0.66,10.5,7,medium,white,82.845,0.08811636188062043,38.31775700934579,143.83561643835617
6.7,0.25,0.26,13.5,0.06,50.0,156.0,0.99784,3.39,0.46,9.9,6,medium,white,78.111,0.08577537094647361,32.05128205128205,147.76119402985074
6.2,0.25,0.28,8.5,0.035,28.0,108.0,0.99486,3.4,0.42,10.4,6,medium,white,82.056,0.07555815540606416,25.925925925925924,167.74193548387098
6.1,0.46,0.32,6.2,0.053,10.0,94.0,0.99537,3.35,0.47,10.1,5,low,white,79.68900000000001,0.07654757871224384,10.638297872340425,165.5737704918033
7.3,0.19,0.25,1.4,0.051,41.0,107.0,0.99382,3.53,0.66,10.5,7,medium,white,82.845,0.08811636188062043,38.31775700934579,143.83561643835617
7.5,0.29,0.26,14.95,0.067,47.0,178.0,0.99838,3.04,0.49,9.2,4,low,white,72.58800000000001,0.1033228632831873,26.40449438202247,122.66666666666666
6.7,0.31,0.18,7.7,0.043,57.0,200.0,0.99566,3.17,0.44,9.4,6,medium,white,74.166,0.09033789067766902,28.499999999999996,140.2985074626866
7.4,0.14,0.3,1.3,0.033,25.0,91.0,0.99268,3.53,0.39,10.6,6,medium,white,83.634,0.08848076141282255,27.472527472527474,143.24324324324323
6.7,0.31,0.18,7.7,0.043,57.0,200.0,0.99566,3.17,0.44,9.4,6,medium,white,74.166,0.09033789067766902,28.499999999999996,140.2985074626866
7.1,0.4,0.52,1.3,0.148,45.0,149.0,0.99468,3.08,0.56,8.7,5,low,white,68.643,0.10343370773421907,30.201342281879196,122.53521126760563
6.4,0.16,0.25,1.3,0.047,20.0,77.0,0.9933,3.61,0.54,10.2,6,medium,white,80.47800000000001,0.07952483908645841,25.97402597402597,159.37499999999997
6.3,0.16,0.22,1.3,0.046,18.0,66.0,0.99307,3.61,0.55,10.3,6,medium,white,81.26700000000001,0.07752224150023994,27.27272727272727,163.49206349206352
7.4,0.33,0.26,15.6,0.049,67.0,210.0,0.99907,3.06,0.68,9.5,5,low,white,74.955,0.09872590220799146,31.9047619047619,128.3783783783784
7.4,0.33,0.26,15.6,0.049,67.0,210.0,0.99907,3.06,0.68,9.5,5,low,white,74.955,0.09872590220799146,31.9047619047619,128.3783783783784
7.4,0.33,0.26,15.6,0.049,67.0,210.0,0.99907,3.06,0.68,9.5,5,low,white,74.955,0.09872590220799146,31.9047619047619,128.3783783783784
7.4,0.33,0.26,15.6,0.049,67.0,210.0,0.99907,3.06,0.68,9.5,5,low,white,74.955,0.09872590220799146,31.9047619047619,128.3783783783784
6.6,0.41,0.24,4.9,0.158,47.0,144.0,0.99471,3.17,0.49,9.4,5,low,white,74.166,0.08898956395113664,32.63888888888889,142.42424242424244
6.7,0.43,0.23,5.0,0.157,49.0,145.0,0.99471,3.17,0.49,9.4,5,low,white,74.166,0.09033789067766902,33.793103448275865,140.2985074626866
7.4,0.33,0.26,15.6,0.049,67.0,210.0,0.99907,3.06,0.68,9.5,5,low,white,74.955,0.09872590220799146,31.9047619047619,128.3783783783784
7.3,0.4,0.28,6.5,0.037,26.0,97.0,0.99148,3.16,0.58,12.6,7,medium,white,99.414,0.07343030156718369,26.804123711340207,172.6027397260274
7.4,0.18,0.24,1.4,0.047,21.0,106.0,0.99383,3.52,0.64,10.5,7,medium,white,82.845,0.0893234353310399,19.81132075471698,141.89189189189187
8.6,0.17,0.28,2.7,0.047,38.0,150.0,0.99365,3.1,0.56,10.8,6,medium,white,85.212,0.10092475238229356,25.333333333333336,125.58139534883723
6.5,0.32,0.23,1.2,0.054,39.0,208.0,0.99272,3.18,0.46,9.9,6,medium,white,78.111,0.08321491211225052,18.75,152.30769230769232
7.3,0.4,0.28,6.5,0.037,26.0,97.0,0.99148,3.16,0.58,12.6,7,medium,white,99.414,0.07343030156718369,26.804123711340207,172.6027397260274
7.0,0.32,0.31,6.4,0.031,38.0,115.0,0.99235,3.38,0.58,12.2,7,medium,white,96.25800000000001,0.07272122836543456,33.04347826086956,174.28571428571428
7.5,0.42,0.19,6.9,0.041,62.0,150.0,0.99508,3.23,0.37,10.0,6,medium,white,78.9,0.09505703422053231,41.333333333333336,133.33333333333331
6.9,0.28,0.31,7.2,0.04,47.0,168.0,0.9946,3.29,0.57,10.6,7,medium,white,83.634,0.08250233158763183,27.976190476190478,153.6231884057971
6.5,0.29,0.42,10.6,0.042,66.0,202.0,0.99674,3.24,0.53,9.5,6,medium,white,74.955,0.0867186978853979,32.67326732673268,146.15384615384613
6.3,0.41,0.18,3.5,0.027,23.0,109.0,0.99018,3.34,0.54,12.8,8,high,white,100.992,0.06238117870722433,21.100917431192663,203.17460317460322
7.0,0.32,0.31,6.4,0.031,38.0,115.0,0.99235,3.38,0.58,12.2,7,medium,white,96.25800000000001,0.07272122836543456,33.04347826086956,174.28571428571428
7.3,0.3,0.33,2.3,0.043,28.0,125.0,0.99084,3.34,0.44,12.6,7,medium,white,99.414,0.07343030156718369,22.400000000000002,172.6027397260274
6.6,0.22,0.28,12.05,0.058,25.0,125.0,0.99856,3.45,0.45,9.4,5,low,white,74.166,0.08898956395113664,20.0,142.42424242424244
6.0,0.26,0.18,7.0,0.055,50.0,194.0,0.99591,3.21,0.43,9.0,5,low,white,71.01,0.08449514152936205,25.773195876288657,150.0
6.9,0.44,0.18,11.8,0.051,26.0,126.0,0.9975,3.23,0.48,9.1,5,low,white,71.799,0.09610161701416454,20.634920634920633,131.88405797101447
7.5,0.42,0.2,1.4,0.06,15.0,168.0,0.9944,3.06,0.4,9.4,6,medium,white,74.166,0.101124504489928,8.928571428571429,125.33333333333334
7.0,0.36,0.3,5.0,0.04,40.0,143.0,0.99173,3.33,0.42,12.2,7,medium,white,96.25800000000001,0.07272122836543456,27.972027972027973,174.28571428571428
5.6,0.295,0.2,2.2,0.049,18.0,134.0,0.99378,3.21,0.68,10.0,5,low,white,78.9,0.07097591888466412,13.432835820895523,178.57142857142858
6.8,0.21,0.55,14.6,0.053,34.0,159.0,0.99805,2.93,0.44,9.2,5,low,white,72.58800000000001,0.09367939604342314,21.38364779874214,135.2941176470588
9.4,0.28,0.3,1.6,0.045,36.0,139.0,0.99534,3.11,0.49,9.3,5,low,white,73.37700000000001,0.1281055371574199,25.899280575539567,98.93617021276596
8.1,0.28,0.34,1.3,0.035,11.0,126.0,0.99232,3.14,0.5,9.8,6,medium,white,77.322,0.10475673158997438,8.73015873015873,120.98765432098766
6.8,0.21,0.55,14.6,0.053,34.0,159.0,0.99805,2.93,0.44,9.2,5,low,white,72.58800000000001,0.09367939604342314,21.38364779874214,135.2941176470588
7.0,0.22,0.26,2.8,0.036,44.0,132.0,0.99078,3.34,0.41,12.0,7,medium,white,94.68,0.0739332488381918,33.33333333333333,171.42857142857142
9.4,0.28,0.3,1.6,0.045,36.0,139.0,0.99534,3.11,0.49,9.3,5,low,white,73.37700000000001,0.1281055371574199,25.899280575539567,98.93617021276596
6.8,0.32,0.3,3.3,0.029,15.0,80.0,0.99061,3.33,0.63,12.6,7,medium,white,99.414,0.06840082885710262,18.75,185.29411764705884
7.0,0.19,0.33,6.3,0.032,42.0,127.0,0.99182,3.31,0.38,12.2,6,medium,white,96.25800000000001,0.07272122836543456,33.07086614173229,174.28571428571428
7.7,0.42,0.38,8.1,0.061,49.0,144.0,0.9966,3.4,0.58,11.0,6,medium,white,86.79,0.08871989860583016,34.02777777777778,142.85714285714286
7.4,0.2,0.31,1.6,0.038,34.0,116.0,0.9912,3.25,0.39,12.0,7,medium,white,94.68,0.0781580059146599,29.310344827586203,162.16216216216216
7.5,0.24,0.62,10.6,0.045,51.0,153.0,0.99779,3.16,0.44,8.8,5,low,white,69.432,0.10801935706878672,33.33333333333333,117.33333333333333
7.5,0.26,0.59,11.8,0.046,58.0,164.0,0.99814,3.17,0.46,8.9,4,low,white,70.221,0.1068056564275644,35.36585365853659,118.66666666666667
6.6,0.4,0.32,1.7,0.035,39.0,84.0,0.99096,3.59,0.48,12.7,7,medium,white,100.203,0.06586629142840034,46.42857142857143,192.42424242424244
8.0,0.2,0.3,8.1,0.037,42.0,130.0,0.99379,3.1,0.67,11.8,6,medium,white,93.102,0.0859272625722326,32.30769230769231,147.5
4.6,0.445,0.0,1.4,0.053,11.0,178.0,0.99426,3.79,0.55,10.2,5,low,white,80.47800000000001,0.05715847809339197,6.179775280898876,221.73913043478262
6.1,0.41,0.04,1.3,0.036,23.0,121.0,0.99228,3.24,0.61,9.9,6,medium,white,78.111,0.07809399444380433,19.00826446280992,162.29508196721315
7.6,0.2,0.34,1.8,0.041,42.0,148.0,0.99335,3.35,0.66,11.1,6,medium,white,87.57900000000001,0.08677879400312859,28.37837837837838,146.05263157894737
6.9,0.3,0.21,7.2,0.045,54.0,190.0,0.99595,3.22,0.48,9.4,5,low,white,74.166,0.09303454413073377,28.421052631578945,136.23188405797103
7.0,0.35,0.17,1.1,0.049,7.0,119.0,0.99297,3.13,0.36,9.7,6,medium,white,76.533,0.0914638129957012,5.88235294117647,138.57142857142856
6.9,0.35,0.55,11.95,0.038,22.0,111.0,0.99687,3.11,0.29,9.7,5,low,white,76.533,0.09015718709576262,19.81981981981982,140.5797101449275
7.0,0.35,0.17,1.1,0.049,7.0,119.0,0.99297,3.13,0.36,9.7,6,medium,white,76.533,0.0914638129957012,5.88235294117647,138.57142857142856
6.9,0.35,0.55,11.95,0.038,22.0,111.0,0.99687,3.11,0.29,9.7,5,low,white,76.533,0.09015718709576262,19.81981981981982,140.5797101449275
7.6,0.3,0.4,2.2,0.054,29.0,175.0,0.99445,3.19,0.53,9.8,5,low,white,77.322,0.098290266677013,16.57142857142857,128.94736842105266
7.5,0.38,0.29,12.7,0.05,25.0,209.0,0.9986,3.25,0.59,9.3,6,medium,white,73.37700000000001,0.10221186475326055,11.961722488038278,124.0
7.5,0.3,0.32,1.4,0.032,31.0,161.0,0.99154,2.95,0.42,10.5,5,low,white,82.845,0.09053050878145935,19.25465838509317,140.0
6.3,0.4,0.32,10.6,0.049,38.0,209.0,0.9981,3.47,0.59,9.3,6,medium,white,73.37700000000001,0.08585796639273885,18.181818181818183,147.61904761904762
6.8,0.37,0.28,1.9,0.024,64.0,106.0,0.98993,3.45,0.6,12.6,8,high,white,99.414,0.06840082885710262,60.37735849056604,185.29411764705884
7.5,0.23,0.35,17.8,0.058,128.0,212.0,1.00241,3.44,0.43,8.9,5,low,white,70.221,0.1068056564275644,60.37735849056604,118.66666666666667
8.3,0.27,0.34,10.2,0.048,50.0,118.0,0.99716,3.18,0.51,10.3,5,low,white,81.26700000000001,0.10213247689714151,42.3728813559322,124.09638554216866
6.8,0.26,0.22,4.8,0.041,110.0,198.0,0.99437,3.29,0.67,10.6,5,low,white,83.634,0.08130664562259368,55.55555555555556,155.88235294117646
6.5,0.28,0.35,9.8,0.067,61.0,180.0,0.9972,3.15,0.57,9.0,4,low,white,71.01,0.09153640332347555,33.88888888888889,138.46153846153845
7.2,0.34,0.3,8.4,0.051,40.0,167.0,0.99756,3.48,0.62,9.7,5,low,white,76.533,0.09407706479557838,23.952095808383234,134.7222222222222
7.0,0.23,0.26,7.2,0.041,21.0,90.0,0.99509,3.22,0.55,9.5,6,medium,white,74.955,0.09338936695350544,23.333333333333332,135.71428571428572
7.7,0.29,0.29,4.8,0.06,27.0,156.0,0.99572,3.49,0.59,10.3,6,medium,white,81.26700000000001,0.09474940627807105,17.307692307692307,133.76623376623377
7.2,0.34,0.3,8.4,0.051,40.0,167.0,0.99756,3.48,0.62,9.7,5,low,white,76.533,0.09407706479557838,23.952095808383234,134.7222222222222
7.7,0.4,0.27,4.5,0.034,27.0,95.0,0.99175,3.21,0.59,12.3,8,high,white,97.04700000000001,0.07934299875318145,28.421052631578945,159.74025974025975
6.7,0.17,0.27,1.4,0.032,39.0,149.0,0.99254,3.4,0.52,10.5,5,low,white,82.845,0.08087392117810369,26.174496644295303,156.71641791044775
7.0,0.23,0.26,7.2,0.041,21.0,90.0,0.99509,3.22,0.55,9.5,6,medium,white,74.955,0.09338936695350544,23.333333333333332,135.71428571428572
8.1,0.24,0.26,11.0,0.043,41.0,211.0,0.99676,3.11,0.49,10.0,6,medium,white,78.9,0.1026615969581749,19.431279620853083,123.45679012345681
7.7,0.28,0.63,11.1,0.039,58.0,179.0,0.9979,3.08,0.44,8.8,4,low,white,69.432,0.1108998732572877,32.402234636871505,114.2857142857143
7.5,0.23,0.29,2.6,0.031,24.0,98.0,0.99194,3.0,0.54,10.9,6,medium,white,86.001,0.08720828827571772,24.489795918367346,145.33333333333334
8.3,0.26,0.31,2.0,0.029,14.0,141.0,0.99077,2.95,0.77,12.2,6,medium,white,96.25800000000001,0.0862265993475867,9.929078014184398,146.9879518072289
7.9,0.46,0.4,10.1,0.168,19.0,184.0,0.99782,3.06,0.62,9.5,5,low,white,74.955,0.105396571276099,10.326086956521738,120.25316455696202
7.9,0.31,0.22,13.3,0.048,46.0,212.0,0.99942,3.47,0.59,10.0,5,low,white,78.9,0.10012674271229403,21.69811320754717,126.58227848101265
7.9,0.25,0.34,11.4,0.04,53.0,202.0,0.99708,3.11,0.57,9.6,6,medium,white,75.744,0.1042986903253063,26.237623762376238,121.51898734177213
6.1,0.28,0.16,1.3,0.06,36.0,126.0,0.99353,3.13,0.46,8.7,6,medium,white,68.643,0.08886557988432905,28.57142857142857,142.62295081967213
7.0,0.18,0.26,1.4,0.044,46.0,89.0,0.99256,3.39,0.48,10.7,7,medium,white,84.423,0.0829157930895609,51.68539325842697,152.85714285714283
6.5,0.21,0.28,1.4,0.046,26.0,66.0,0.99199,3.43,0.48,11.1,6,medium,white,87.57900000000001,0.07421870539741261,39.39393939393939,170.76923076923077
7.6,0.48,0.33,7.0,0.024,14.0,130.0,0.9918,3.25,0.45,12.5,7,medium,white,98.625,0.07705956907477819,10.76923076923077,164.47368421052633
7.1,0.34,0.32,2.0,0.051,29.0,130.0,0.99354,3.3,0.5,10.4,6,medium,white,82.056,0.08652627473920249,22.30769230769231,146.47887323943664
8.9,0.21,0.37,1.2,0.028,20.0,93.0,0.99244,3.2,0.37,11.5,5,low,white,90.735,0.09808783821017249,21.50537634408602,129.21348314606743
7.4,0.32,0.27,12.9,0.04,60.0,221.0,0.99831,3.05,0.66,9.4,5,low,white,74.166,0.09977617776339563,27.149321266968325,127.02702702702702
6.0,0.495,0.27,5.0,0.157,17.0,129.0,0.99396,3.03,0.36,9.3,5,low,white,73.37700000000001,0.08176949180260844,13.178294573643413,155.0
8.1,0.25,0.34,10.1,0.05,30.0,121.0,0.99724,3.17,0.49,10.1,6,medium,white,79.68900000000001,0.10164514550314345,24.793388429752067,124.69135802469135
8.2,0.25,0.46,3.75,0.05,14.0,102.0,0.99524,3.28,0.58,9.7,5,low,white,76.533,0.10714332379496425,13.725490196078432,118.29268292682926
6.5,0.18,0.29,1.7,0.035,39.0,144.0,0.9927,3.49,0.5,10.5,6,medium,white,82.845,0.07845977427726478,27.083333333333332,161.53846153846155
6.7,0.24,0.26,12.6,0.053,44.0,182.0,0.99802,3.42,0.42,9.7,5,low,white,76.533,0.08754393529588543,24.175824175824175,144.77611940298507
6.6,0.32,0.24,1.3,0.06,42.5,204.0,0.99512,3.59,0.51,9.2,5,low,white,72.58800000000001,0.09092411968920482,20.833333333333336,139.39393939393938
7.6,0.32,0.35,1.6,0.092,24.0,138.0,0.99438,3.19,0.44,9.8,5,low,white,77.322,0.098290266677013,17.391304347826086,128.94736842105266
7.4,0.33,0.44,7.6,0.05,40.0,227.0,0.99679,3.12,0.52,9.0,5,low,white,71.01,0.10421067455287987,17.62114537444934,121.62162162162163
7.2,0.3,0.3,8.1,0.05,40.0,188.0,0.99652,3.15,0.49,9.1,6,medium,white,71.799,0.10027994818869343,21.27659574468085,126.38888888888889
7.4,0.34,0.3,14.9,0.037,70.0,169.0,0.99698,3.25,0.37,10.4,6,medium,white,82.056,0.09018231451691529,41.42011834319527,140.54054054054055
6.1,0.16,0.29,6.0,0.03,29.0,144.0,0.99474,3.68,0.46,10.7,6,medium,white,84.423,0.07225519112090306,20.13888888888889,175.40983606557376
6.3,0.1,0.24,6.0,0.039,25.0,107.0,0.99511,3.59,0.49,10.5,7,medium,white,82.845,0.07604562737642585,23.364485981308412,166.66666666666669
6.2,0.45,0.73,7.2,0.099,47.0,202.0,0.99582,3.21,0.43,9.2,5,low,white,72.58800000000001,0.08541356698076816,23.26732673267327,148.38709677419354
6.0,0.33,0.18,3.0,0.036,5.0,85.0,0.99125,3.28,0.4,11.5,4,low,white,90.735,0.06612663250123987,5.88235294117647,191.66666666666669
7.6,0.48,0.37,1.2,0.034,5.0,57.0,0.99256,3.05,0.54,10.4,3,low,white,82.056,0.0926196743687238,8.771929824561402,136.8421052631579
7.2,0.2,0.3,2.0,0.039,43.0,188.0,0.9911,3.3,0.41,12.0,6,medium,white,94.68,0.07604562737642585,22.872340425531913,166.66666666666666
7.0,0.32,0.29,4.9,0.036,41.0,150.0,0.99168,3.38,0.43,12.2,6,medium,white,96.25800000000001,0.07272122836543456,27.333333333333332,174.28571428571428
7.2,0.2,0.3,2.0,0.039,43.0,188.0,0.9911,3.3,0.41,12.0,6,medium,white,94.68,0.07604562737642585,22.872340425531913,166.66666666666666
7.0,0.22,0.29,8.9,0.05,24.0,90.0,0.99556,3.29,0.46,9.8,6,medium,white,77.322,0.09053050878145935,26.666666666666668,140.0
9.4,0.23,0.56,16.45,0.063,52.5,282.0,1.00098,3.1,0.51,9.3,5,low,white,73.37700000000001,0.1281055371574199,18.617021276595743,98.93617021276596
6.4,0.27,0.19,2.0,0.084,21.0,191.0,0.99516,3.49,0.63,9.6,4,low,white,75.744,0.08449514152936206,10.99476439790576,149.99999999999997
6.4,0.27,0.19,1.9,0.085,21.0,196.0,0.99516,3.49,0.64,9.5,4,low,white,74.955,0.0853845640717764,10.714285714285714,148.4375
7.0,0.23,0.42,5.1,0.042,37.0,144.0,0.99518,3.5,0.59,10.2,6,medium,white,80.47800000000001,0.08698029275081388,25.694444444444443,145.7142857142857
6.9,0.15,0.28,4.4,0.029,14.0,107.0,0.99347,3.24,0.46,10.4,8,high,white,82.056,0.08408891488739398,13.084112149532709,150.72463768115944
6.7,0.26,0.29,5.8,0.025,26.0,74.0,0.9929,3.28,0.53,11.0,6,medium,white,86.79,0.07719783385182624,35.13513513513514,164.17910447761193
6.9,0.15,0.28,4.4,0.029,14.0,107.0,0.99347,3.24,0.46,10.4,8,high,white,82.056,0.08408891488739398,13.084112149532709,150.72463768115944
7.6,0.2,0.68,12.9,0.042,56.0,160.0,0.99841,3.05,0.41,8.7,5,low,white,68.643,0.11071777165916408,35.0,114.4736842105263
6.9,0.3,0.29,1.3,0.053,24.0,189.0,0.99362,3.29,0.54,9.9,4,low,white,78.111,0.0883358297806967,12.698412698412698,143.47826086956522
6.9,0.3,0.3,1.3,0.053,24.0,186.0,0.99361,3.29,0.54,9.9,4,low,white,78.111,0.0883358297806967,12.903225806451612,143.47826086956522
7.6,0.21,0.35,1.2,0.041,7.0,106.0,0.9914,3.06,0.45,11.3,4,low,white,89.15700000000001,0.08524288614466613,6.60377358490566,148.6842105263158
6.8,0.46,0.26,2.7,0.042,28.0,83.0,0.99114,3.38,0.51,12.0,8,high,white,94.68,0.07182087029995775,33.734939759036145,176.47058823529412
7.0,0.28,0.26,1.7,0.042,34.0,130.0,0.9925,3.43,0.5,10.7,8,high,white,84.423,0.0829157930895609,26.153846153846157,152.85714285714283
6.5,0.24,0.29,8.2,0.043,32.0,156.0,0.99453,3.13,0.7,10.1,6,medium,white,79.68900000000001,0.08156709207042377,20.51282051282051,155.3846153846154
6.4,0.17,0.34,1.5,0.091,42.0,135.0,0.9938,3.25,0.49,9.6,7,medium,white,75.744,0.08449514152936206,31.11111111111111,149.99999999999997
6.4,0.17,0.34,1.5,0.093,43.0,136.0,0.9938,3.25,0.49,9.6,6,medium,white,75.744,0.08449514152936206,31.61764705882353,149.99999999999997
6.3,0.695,0.55,12.9,0.056,58.0,252.0,0.99806,3.29,0.49,8.7,5,low,white,68.643,0.09177920545430707,23.015873015873016,138.0952380952381
7.0,0.27,0.29,3.9,0.059,28.0,199.0,0.9961,3.54,0.59,10.3,5,low,white,81.26700000000001,0.08613582388915549,14.07035175879397,147.14285714285717
8.4,0.3,0.25,17.75,0.047,25.0,218.0,1.00016,2.98,0.66,9.1,5,low,white,71.799,0.116993272886809,11.46788990825688,108.33333333333333
6.5,0.19,0.27,4.9,0.037,13.0,101.0,0.9916,3.17,0.41,11.8,6,medium,white,93.102,0.069815900839939,12.871287128712872,181.53846153846155
8.0,0.36,0.39,1.6,0.024,26.0,93.0,0.99116,3.15,0.49,11.9,6,medium,white,93.891,0.08520518473549114,27.956989247311824,148.75
6.1,0.16,0.24,1.4,0.046,17.0,77.0,0.99319,3.66,0.57,10.3,6,medium,white,81.26700000000001,0.07506121796054978,22.07792207792208,168.85245901639348
9.2,0.19,0.42,2.0,0.047,16.0,104.0,0.99517,3.09,0.66,10.0,4,low,white,78.9,0.11660329531051963,15.384615384615385,108.69565217391306
9.2,0.16,0.49,2.0,0.044,18.0,107.0,0.99514,3.1,0.53,10.2,4,low,white,80.47800000000001,0.11431695618678395,16.822429906542055,110.86956521739131
8.0,0.26,0.28,8.2,0.038,72.0,202.0,0.99566,3.12,0.56,10.0,6,medium,white,78.9,0.10139416983523447,35.64356435643564,125.0
8.8,0.33,0.36,2.1,0.034,19.0,125.0,0.99166,2.96,0.98,12.7,6,medium,white,100.203,0.0878217219045338,15.2,144.31818181818178
9.8,0.16,0.46,1.8,0.046,23.0,130.0,0.99587,3.04,0.67,9.6,5,low,white,75.744,0.12938318546683567,17.692307692307693,97.95918367346937
6.6,0.23,0.18,8.5,0.044,59.0,188.0,0.99558,3.16,0.49,9.5,5,low,white,74.955,0.08805283169901941,31.382978723404253,143.93939393939394
7.9,0.44,0.26,4.45,0.033,23.0,100.0,0.99117,3.17,0.52,12.7,6,medium,white,100.203,0.07883995489157011,23.0,160.75949367088606
7.6,0.31,0.27,5.8,0.036,23.0,109.0,0.99399,3.34,0.54,11.0,6,medium,white,86.79,0.08756769213042977,21.100917431192663,144.73684210526315
7.5,0.705,0.1,13.0,0.044,44.0,214.0,0.99741,3.1,0.5,9.1,5,low,white,71.799,0.10445827936322231,20.5607476635514,121.33333333333334
7.1,0.21,0.28,2.7,0.034,23.0,111.0,0.99405,3.35,0.64,10.2,4,low,white,80.47800000000001,0.08822286836153978,20.72072072072072,143.6619718309859
7.0,0.16,0.26,7.3,0.047,30.0,220.0,0.99622,3.38,0.58,10.1,6,medium,white,79.68900000000001,0.08784148376814867,13.636363636363635,144.28571428571428
8.0,0.27,0.25,19.1,0.045,50.0,208.0,1.00051,3.05,0.5,9.2,6,medium,white,72.58800000000001,0.11021105416873311,24.03846153846154,114.99999999999999
6.3,0.38,0.17,8.8,0.08,50.0,212.0,0.99803,3.47,0.66,9.4,4,low,white,74.166,0.08494458377153952,23.58490566037736,149.20634920634922
7.1,0.21,0.28,2.7,0.034,23.0,111.0,0.99405,3.35,0.64,10.2,4,low,white,80.47800000000001,0.08822286836153978,20.72072072072072,143.6619718309859
6.2,0.38,0.18,7.4,0.095,28.0,195.0,0.99773,3.53,0.71,9.2,4,low,white,72.58800000000001,0.08541356698076816,14.358974358974358,148.38709677419354
8.2,0.24,0.3,2.3,0.05,23.0,106.0,0.99397,2.98,0.5,10.0,5,low,white,78.9,0.10392902408111532,21.69811320754717,121.95121951219514
7.0,0.16,0.26,6.85,0.047,30.0,220.0,0.99622,3.38,0.58,10.1,6,medium,white,79.68900000000001,0.08784148376814867,13.636363636363635,144.28571428571428
7.3,0.815,0.09,11.4,0.044,45.0,204.0,0.99713,3.15,0.46,9.0,5,low,white,71.01,0.10280242219405716,22.058823529411764,123.28767123287672
6.3,0.41,0.16,0.9,0.032,25.0,98.0,0.99274,3.16,0.42,9.5,5,low,white,74.955,0.0840504302581549,25.510204081632654,150.79365079365078
6.1,0.36,0.41,19.35,0.07,67.0,207.0,1.00118,3.39,0.53,9.1,5,low,white,71.799,0.08495940054875414,32.367149758454104,149.18032786885246
8.1,0.4,0.32,7.9,0.031,23.0,118.0,0.99176,3.05,0.46,13.3,7,medium,white,104.937,0.07718917064524429,19.491525423728813,164.19753086419755
6.8,0.26,0.43,11.75,0.045,53.0,198.0,0.9969,3.26,0.55,9.5,5,low,white,74.955,0.09072109932626242,26.767676767676768,139.7058823529412
6.2,0.44,0.18,7.7,0.096,28.0,210.0,0.99771,3.56,0.72,9.2,5,low,white,72.58800000000001,0.08541356698076816,13.333333333333334,148.38709677419354
7.2,0.24,0.29,3.0,0.036,17.0,117.0,0.99411,3.36,0.68,10.1,6,medium,white,79.68900000000001,0.09035124044723863,14.529914529914532,140.27777777777777
6.2,0.44,0.18,7.7,0.096,28.0,210.0,0.99771,3.56,0.72,9.2,5,low,white,72.58800000000001,0.08541356698076816,13.333333333333334,148.38709677419354
7.2,0.24,0.29,3.0,0.036,17.0,117.0,0.99411,3.36,0.68,10.1,6,medium,white,79.68900000000001,0.09035124044723863,14.529914529914532,140.27777777777777
7.3,0.22,0.26,1.5,0.04,32.0,172.0,0.99194,3.27,0.48,11.2,6,medium,white,88.36800000000001,0.08260908926308165,18.6046511627907,153.42465753424656
8.1,0.34,0.28,7.5,0.04,70.0,230.0,0.99558,3.14,0.55,9.8,6,medium,white,77.322,0.10475673158997438,30.434782608695656,120.98765432098766
7.3,0.22,0.26,1.5,0.04,32.0,172.0,0.99194,3.27,0.48,11.2,6,medium,white,88.36800000000001,0.08260908926308165,18.6046511627907,153.42465753424656
8.1,0.34,0.28,7.5,0.04,70.0,230.0,0.99558,3.14,0.55,9.8,6,medium,white,77.322,0.10475673158997438,30.434782608695656,120.98765432098766
6.4,0.28,0.17,8.3,0.042,61.0,195.0,0.99577,3.22,0.46,9.4,5,low,white,74.166,0.0862929104980719,31.28205128205128,146.875
6.3,0.29,0.14,7.05,0.045,50.0,177.0,0.99564,3.23,0.42,9.0,5,low,white,71.01,0.08871989860583016,28.24858757062147,142.85714285714286
6.4,0.27,0.17,8.4,0.044,60.0,198.0,0.99578,3.21,0.47,9.4,5,low,white,74.166,0.0862929104980719,30.303030303030305,146.875
7.4,0.35,0.2,13.9,0.054,63.0,229.0,0.99888,3.11,0.5,8.9,6,medium,white,70.221,0.1053815810085302,27.510917030567683,120.27027027027026
8.3,0.28,0.27,17.5,0.045,48.0,253.0,1.00014,3.02,0.56,9.1,6,medium,white,71.799,0.11560049582863272,18.972332015810274,109.63855421686746
6.4,0.35,0.35,5.6,0.034,9.0,148.0,0.99441,3.17,0.5,9.8,4,low,white,77.322,0.0827707508859057,6.081081081081082,153.125
6.9,0.43,0.28,9.4,0.056,29.0,183.0,0.99594,3.17,0.43,9.4,5,low,white,74.166,0.09303454413073377,15.846994535519126,136.23188405797103
8.0,0.26,0.28,4.8,0.05,34.0,150.0,0.99437,3.13,0.5,10.0,6,medium,white,78.9,0.10139416983523447,22.666666666666664,125.0
6.9,0.43,0.28,9.4,0.056,29.0,183.0,0.99594,3.17,0.43,9.4,5,low,white,74.166,0.09303454413073377,15.846994535519126,136.23188405797103
7.3,0.27,0.37,9.7,0.042,36.0,130.0,0.9979,3.48,0.75,9.9,6,medium,white,78.111,0.09345674744914288,27.692307692307693,135.6164383561644
6.8,0.46,0.26,6.3,0.147,49.0,159.0,0.99434,3.14,0.47,10.0,5,low,white,78.9,0.0861850443599493,30.81761006289308,147.05882352941177
7.2,0.2,0.28,1.6,0.028,13.0,168.0,0.99203,3.17,1.06,11.5,6,medium,white,90.735,0.07935195900148785,7.738095238095238,159.7222222222222
7.6,0.285,0.32,14.6,0.063,32.0,201.0,0.998,3.0,0.45,9.2,5,low,white,72.58800000000001,0.10470050146029646,15.92039800995025,121.05263157894737
6.6,0.32,0.33,2.5,0.052,40.0,219.5,0.99316,3.15,0.6,10.0,5,low,white,78.9,0.08365019011406843,18.223234624145785,151.5151515151515
7.6,0.285,0.32,14.6,0.063,32.0,201.0,0.998,3.0,0.45,9.2,5,low,white,72.58800000000001,0.10470050146029646,15.92039800995025,121.05263157894737
6.6,0.34,0.34,2.6,0.051,40.5,210.0,0.99314,3.15,0.61,10.0,5,low,white,78.9,0.08365019011406843,19.28571428571429,151.5151515151515
6.6,0.32,0.33,2.5,0.052,40.0,210.0,0.99316,3.15,0.6,10.0,5,low,white,78.9,0.08365019011406843,19.047619047619047,151.5151515151515
6.5,0.27,0.26,8.2,0.042,21.0,133.0,0.99612,3.43,0.64,9.8,6,medium,white,77.322,0.08406404386849797,15.789473684210526,150.7692307692308
6.6,0.26,0.27,1.5,0.04,19.0,114.0,0.99295,3.36,0.62,10.5,6,medium,white,82.845,0.07966684772768423,16.666666666666664,159.0909090909091
6.7,0.27,0.26,2.3,0.043,61.0,181.0,0.99394,3.45,0.63,10.6,6,medium,white,83.634,0.08011095965755555,33.70165745856354,158.2089552238806
6.6,0.56,0.15,10.0,0.037,38.0,157.0,0.99642,3.28,0.52,9.4,5,low,white,74.166,0.08898956395113664,24.203821656050955,142.42424242424244
6.6,0.56,0.15,10.0,0.037,38.0,157.0,0.99642,3.28,0.52,9.4,5,low,white,74.166,0.08898956395113664,24.203821656050955,142.42424242424244
7.3,0.19,0.27,1.6,0.027,35.0,136.0,0.99248,3.38,0.54,11.0,7,medium,white,86.79,0.08411107270422859,25.735294117647058,150.68493150684932
6.3,0.2,0.26,1.6,0.027,36.0,141.0,0.99268,3.53,0.56,10.8,6,medium,white,85.212,0.0739332488381918,25.53191489361702,171.42857142857144
7.1,0.29,0.3,16.0,0.036,58.0,201.0,0.99954,3.3,0.67,9.0,5,low,white,71.01,0.09998591747641176,28.855721393034827,126.7605633802817
7.8,0.32,0.33,10.4,0.031,47.0,194.0,0.99692,3.07,0.58,9.6,6,medium,white,75.744,0.10297845373891001,24.22680412371134,123.07692307692308
8.1,0.33,0.36,7.4,0.037,36.0,156.0,0.99592,3.19,0.54,10.6,6,medium,white,83.634,0.09685056316808953,23.076923076923077,130.8641975308642
8.1,0.33,0.36,7.4,0.037,36.0,156.0,0.99592,3.19,0.54,10.6,6,medium,white,83.634,0.09685056316808953,23.076923076923077,130.8641975308642
7.8,0.32,0.33,10.4,0.031,47.0,194.0,0.99692,3.07,0.58,9.6,6,medium,white,75.744,0.10297845373891001,24.22680412371134,123.07692307692308
6.6,0.33,0.24,16.05,0.045,31.0,147.0,0.99822,3.08,0.52,9.2,5,low,white,72.58800000000001,0.09092411968920482,21.08843537414966,139.39393939393938
6.6,0.33,0.24,16.05,0.045,31.0,147.0,0.99822,3.08,0.52,9.2,5,low,white,72.58800000000001,0.09092411968920482,21.08843537414966,139.39393939393938
8.2,0.26,0.33,2.6,0.053,11.0,71.0,0.99402,2.89,0.49,9.5,5,low,white,74.955,0.1093989727169635,15.492957746478872,115.85365853658539
8.3,0.25,0.33,2.5,0.053,12.0,72.0,0.99404,2.89,0.48,9.5,5,low,white,74.955,0.11073310653058503,16.666666666666664,114.45783132530119
7.0,0.26,0.26,10.8,0.039,37.0,184.0,0.99787,3.47,0.58,10.3,7,medium,white,81.26700000000001,0.08613582388915549,20.108695652173914,147.14285714285717
6.0,0.26,0.15,1.2,0.053,35.0,124.0,0.99347,3.08,0.46,8.8,5,low,white,69.432,0.08641548565502938,28.225806451612907,146.66666666666669
7.5,0.28,0.78,12.1,0.041,53.0,161.0,0.99838,2.98,0.44,8.7,5,low,white,68.643,0.10926095887417508,32.91925465838509,115.99999999999999
7.5,0.27,0.79,11.95,0.04,51.0,159.0,0.99839,2.98,0.44,8.7,5,low,white,68.643,0.10926095887417508,32.075471698113205,115.99999999999999
7.0,0.28,0.32,1.7,0.038,27.0,128.0,0.99375,3.2,0.62,10.2,6,medium,white,80.47800000000001,0.08698029275081388,21.09375,145.7142857142857
5.2,0.16,0.34,0.8,0.029,26.0,77.0,0.99155,3.25,0.51,10.1,6,medium,white,79.68900000000001,0.06525367365633901,33.76623376623377,194.2307692307692
6.8,0.34,0.1,1.4,0.049,29.0,118.0,0.9936,3.21,0.41,9.5,5,low,white,74.955,0.09072109932626242,24.576271186440678,139.7058823529412
7.6,0.25,0.34,1.3,0.056,34.0,176.0,0.99434,3.1,0.51,9.5,5,low,white,74.955,0.10139416983523447,19.318181818181817,125.0
5.6,0.35,0.4,6.3,0.022,23.0,174.0,0.9922,3.54,0.5,11.6,7,medium,white,91.524,0.06118613696953804,13.218390804597702,207.14285714285717
8.8,0.24,0.23,10.3,0.032,12.0,97.0,0.99571,3.13,0.4,10.7,6,medium,white,84.423,0.10423699702687657,12.371134020618557,121.59090909090908
6.0,0.29,0.21,15.55,0.043,20.0,142.0,0.99658,3.11,0.54,10.1,6,medium,white,79.68900000000001,0.07529270037269886,14.084507042253522,168.33333333333334
6.1,0.27,0.31,1.5,0.035,17.0,83.0,0.99076,3.32,0.44,11.1,7,medium,white,87.57900000000001,0.06965140044987952,20.481927710843372,181.9672131147541
7.4,0.56,0.09,1.5,0.071,19.0,117.0,0.99496,3.22,0.53,9.8,5,low,white,77.322,0.09570368071182846,16.23931623931624,132.43243243243242
6.8,0.29,0.49,1.4,0.142,52.0,148.0,0.9937,3.08,0.49,9.0,6,medium,white,71.01,0.09576116039994366,35.13513513513514,132.35294117647058
6.1,0.27,0.31,1.5,0.035,17.0,83.0,0.99076,3.32,0.44,11.1,7,medium,white,87.57900000000001,0.06965140044987952,20.481927710843372,181.9672131147541
6.3,0.27,0.37,7.9,0.047,58.0,215.0,0.99542,3.19,0.48,9.5,6,medium,white,74.955,0.0840504302581549,26.976744186046513,150.79365079365078
6.6,0.24,0.3,13.0,0.052,18.0,143.0,0.99825,3.37,0.49,9.4,6,medium,white,74.166,0.08898956395113664,12.587412587412588,142.42424242424244
6.8,0.32,0.3,1.0,0.049,22.0,113.0,0.99289,3.24,0.61,10.2,5,low,white,80.47800000000001,0.08449514152936205,19.469026548672566,150.0
6.4,0.37,0.37,4.85,0.041,39.5,216.5,0.99432,3.1,0.5,9.8,6,medium,white,77.322,0.0827707508859057,18.244803695150118,153.125
6.2,0.26,0.37,7.1,0.047,54.0,201.0,0.99523,3.19,0.48,9.5,6,medium,white,74.955,0.08271629644453339,26.865671641791046,153.2258064516129
6.3,0.27,0.37,7.9,0.047,58.0,215.0,0.99542,3.19,0.48,9.5,6,medium,white,74.955,0.0840504302581549,26.976744186046513,150.79365079365078
6.4,0.3,0.16,7.5,0.05,55.0,191.0,0.9959,3.17,0.49,9.0,5,low,white,71.01,0.09012815096465286,28.79581151832461,140.625
8.0,0.28,0.32,7.6,0.045,61.0,204.0,0.99543,3.1,0.55,10.1,6,medium,white,79.68900000000001,0.10039026716359847,29.901960784313726,126.25
6.7,0.24,0.32,10.3,0.079,37.0,122.0,0.99662,3.02,0.45,8.8,5,low,white,69.432,0.09649729231478281,30.327868852459016,131.34328358208955
7.9,0.27,0.27,1.7,0.034,25.0,122.0,0.99088,2.97,0.51,11.9,6,medium,white,93.891,0.08414011992629751,20.491803278688526,150.63291139240508
7.9,0.27,0.27,1.7,0.034,25.0,122.0,0.99088,2.97,0.51,11.9,6,medium,white,93.891,0.08414011992629751,20.491803278688526,150.63291139240508
6.1,0.28,0.24,19.95,0.074,32.0,174.0,0.99922,3.19,0.44,9.3,6,medium,white,73.37700000000001,0.08313231666598524,18.39080459770115,152.45901639344262
7.7,0.39,0.49,7.7,0.036,11.0,110.0,0.9966,3.33,0.76,10.0,6,medium,white,78.9,0.09759188846641317,10.0,129.87012987012986
6.0,0.2,0.24,5.3,0.075,49.0,201.0,0.99466,3.21,0.43,9.5,5,low,white,74.955,0.08004802881729038,24.378109452736318,158.33333333333331
6.1,0.28,0.24,19.95,0.074,32.0,174.0,0.99922,3.19,0.44,9.3,6,medium,white,73.37700000000001,0.08313231666598524,18.39080459770115,152.45901639344262
7.6,0.31,0.23,12.7,0.054,20.0,139.0,0.99836,3.16,0.5,9.7,4,low,white,76.533,0.09930356839533272,14.388489208633093,127.63157894736841
7.6,0.31,0.23,12.7,0.054,20.0,139.0,0.99836,3.16,0.5,9.7,4,low,white,76.533,0.09930356839533272,14.388489208633093,127.63157894736841
6.3,0.18,0.22,1.5,0.043,45.0,155.0,0.99238,3.19,0.48,10.2,5,low,white,80.47800000000001,0.07828226347573249,29.03225806451613,161.9047619047619
8.6,0.23,0.25,11.3,0.031,13.0,96.0,0.99645,3.11,0.4,10.8,5,low,white,85.212,0.10092475238229356,13.541666666666666,125.58139534883723
6.8,0.21,0.36,18.1,0.046,32.0,133.0,1.0,3.27,0.48,8.8,5,low,white,69.432,0.09793755040903329,24.06015037593985,129.41176470588235
6.8,0.21,0.36,18.1,0.046,32.0,133.0,1.0,3.27,0.48,8.8,5,low,white,69.432,0.09793755040903329,24.06015037593985,129.41176470588235
6.9,0.26,0.31,7.0,0.039,37.0,175.0,0.99376,3.32,0.49,11.4,6,medium,white,89.946,0.07671269428323661,21.142857142857142,165.2173913043478
6.8,0.21,0.36,18.1,0.046,32.0,133.0,1.0,3.27,0.48,8.8,5,low,white,69.432,0.09793755040903329,24.06015037593985,129.41176470588235
6.4,0.31,0.4,6.4,0.039,39.0,191.0,0.99513,3.14,0.52,9.8,5,low,white,77.322,0.0827707508859057,20.418848167539267,153.125
8.6,0.34,0.36,1.4,0.045,11.0,119.0,0.99556,3.17,0.47,9.4,4,low,white,74.166,0.1159560984817841,9.243697478991598,109.30232558139537
8.6,0.34,0.36,1.4,0.045,11.0,119.0,0.99556,3.17,0.47,9.4,4,low,white,74.166,0.1159560984817841,9.243697478991598,109.30232558139537
8.5,0.3,0.28,3.1,0.054,54.0,174.0,0.99543,3.21,0.43,9.4,6,medium,white,74.166,0.11460777175525173,31.03448275862069,110.58823529411765
7.4,0.4,0.41,14.1,0.053,37.0,194.0,0.99886,3.2,0.63,9.4,6,medium,white,74.166,0.09977617776339563,19.072164948453608,127.02702702702702
6.6,0.32,0.34,7.7,0.044,63.0,212.0,0.99526,3.22,0.48,9.7,6,medium,white,76.533,0.08623730939594684,29.71698113207547,146.96969696969697
7.1,0.34,0.31,5.2,0.032,36.0,140.0,0.99166,3.35,0.47,12.3,7,medium,white,97.04700000000001,0.0731604274217647,25.71428571428571,173.23943661971833
6.6,0.26,0.25,11.6,0.045,45.0,178.0,0.99691,3.33,0.43,9.8,6,medium,white,77.322,0.08535733685109023,25.280898876404496,148.4848484848485
8.0,0.27,0.57,10.4,0.053,18.0,134.0,0.99732,3.12,0.68,9.0,5,low,white,71.01,0.11266018870581608,13.432835820895523,112.5
6.2,0.28,0.45,7.5,0.045,46.0,203.0,0.99573,3.26,0.46,9.2,6,medium,white,72.58800000000001,0.08541356698076816,22.660098522167488,148.38709677419354
6.2,0.3,0.49,11.2,0.058,68.0,215.0,0.99656,3.19,0.6,9.4,6,medium,white,74.166,0.08359625704500716,31.627906976744185,151.61290322580646
5.6,0.175,0.29,0.8,0.043,20.0,67.0,0.99112,3.28,0.48,9.9,6,medium,white,78.111,0.07169284735824659,29.850746268656714,176.7857142857143
6.9,0.34,0.36,1.4,0.032,13.0,145.0,0.99214,3.07,0.52,9.8,5,low,white,77.322,0.08923721579886708,8.96551724137931,142.02898550724638
6.9,0.34,0.3,4.7,0.029,34.0,148.0,0.99165,3.36,0.49,12.3,7,medium,white,97.04700000000001,0.07109957031129246,22.972972972972975,178.26086956521738
7.1,0.12,0.3,3.1,0.018,15.0,37.0,0.99004,3.02,0.52,11.9,7,medium,white,93.891,0.07561960145274839,40.54054054054054,167.60563380281693
7.1,0.32,0.29,4.0,0.038,33.0,170.0,0.99463,3.27,0.64,10.2,6,medium,white,80.47800000000001,0.08822286836153978,19.411764705882355,143.6619718309859
7.3,0.51,0.29,11.3,0.034,61.0,224.0,0.99683,3.14,0.56,9.5,6,medium,white,74.955,0.09739176839436996,27.232142857142854,130.13698630136986
7.1,0.12,0.3,3.1,0.018,15.0,37.0,0.99004,3.02,0.52,11.9,7,medium,white,93.891,0.07561960145274839,40.54054054054054,167.60563380281693
6.3,0.24,0.55,8.1,0.04,67.0,216.0,0.99596,3.24,0.5,9.2,5,low,white,72.58800000000001,0.08679120515787732,31.01851851851852,146.03174603174602
7.5,0.41,0.23,14.8,0.054,28.0,174.0,0.99898,3.18,0.49,9.7,5,low,white,76.533,0.09799694249539415,16.091954022988507,129.33333333333331
6.5,0.18,0.33,1.4,0.029,35.0,138.0,0.99114,3.36,0.6,11.5,7,medium,white,90.735,0.07163718520967653,25.36231884057971,176.9230769230769
7.3,0.17,0.24,8.1,0.121,32.0,162.0,0.99508,3.17,0.38,10.4,8,high,white,82.056,0.08896363459101102,19.753086419753085,142.46575342465755
8.2,0.2,0.38,3.5,0.053,41.0,174.0,0.99306,3.22,0.41,11.6,5,low,white,91.524,0.08959398627682355,23.563218390804597,141.46341463414635
7.5,0.41,0.23,14.8,0.054,28.0,174.0,0.99898,3.18,0.49,9.7,5,low,white,76.533,0.09799694249539415,16.091954022988507,129.33333333333331
7.3,0.17,0.24,8.1,0.121,32.0,162.0,0.99508,3.17,0.38,10.4,8,high,white,82.056,0.08896363459101102,19.753086419753085,142.46575342465755
6.5,0.18,0.33,1.4,0.029,35.0,138.0,0.99114,3.36,0.6,11.5,7,medium,white,90.735,0.07163718520967653,25.36231884057971,176.9230769230769
7.3,0.16,0.35,1.5,0.036,29.0,108.0,0.99342,3.27,0.51,10.2,6,medium,white,80.47800000000001,0.09070801958299161,26.851851851851855,139.72602739726028
6.4,0.16,0.37,1.5,0.037,27.0,109.0,0.99345,3.38,0.5,9.8,6,medium,white,77.322,0.0827707508859057,24.770642201834864,153.125
6.6,0.42,0.13,12.8,0.044,26.0,158.0,0.99772,3.24,0.47,9.0,5,low,white,71.01,0.09294465568229826,16.455696202531644,136.36363636363637
5.8,0.3,0.12,1.6,0.036,57.0,163.0,0.99239,3.38,0.59,10.5,6,medium,white,82.845,0.07001026012432857,34.96932515337423,181.0344827586207
6.7,0.54,0.27,7.1,0.049,8.0,178.0,0.99502,3.16,0.38,9.4,4,low,white,74.166,0.09033789067766902,4.49438202247191,140.2985074626866
6.7,0.54,0.27,7.1,0.049,8.0,178.0,0.99502,3.16,0.38,9.4,4,low,white,74.166,0.09033789067766902,4.49438202247191,140.2985074626866
6.4,0.22,0.3,11.2,0.046,53.0,149.0,0.99479,3.21,0.34,10.8,5,low,white,85.212,0.07510679247054405,35.57046979865772,168.75
6.8,0.23,0.3,1.7,0.043,19.0,95.0,0.99207,3.17,0.46,10.7,7,medium,white,84.423,0.08054677042985915,20.0,157.35294117647058
9.0,0.26,0.34,6.7,0.029,21.0,162.0,0.99497,3.08,0.5,10.6,6,medium,white,83.634,0.10761173685343281,12.962962962962962,117.77777777777779
6.5,0.23,0.25,17.3,0.046,15.0,110.0,0.99828,3.15,0.42,9.2,6,medium,white,72.58800000000001,0.08954648151209565,13.636363636363635,141.53846153846152
5.9,0.28,0.14,8.6,0.032,30.0,142.0,0.99542,3.28,0.44,9.5,6,medium,white,74.955,0.07871389500366888,21.12676056338028,161.01694915254237
5.9,0.28,0.14,8.6,0.032,30.0,142.0,0.99542,3.28,0.44,9.5,6,medium,white,74.955,0.07871389500366888,21.12676056338028,161.01694915254237
6.2,0.27,0.18,1.5,0.028,20.0,111.0,0.99228,3.41,0.5,10.0,5,low,white,78.9,0.07858048162230671,18.01801801801802,161.29032258064515
9.0,0.29,0.34,12.1,0.03,34.0,177.0,0.99706,3.13,0.47,10.6,5,low,white,83.634,0.10761173685343281,19.2090395480226,117.77777777777779
9.0,0.26,0.34,6.7,0.029,21.0,162.0,0.99497,3.08,0.5,10.6,6,medium,white,83.634,0.10761173685343281,12.962962962962962,117.77777777777779
8.9,0.27,0.34,10.7,0.029,19.5,166.0,0.99669,3.13,0.48,10.6,5,low,white,83.634,0.10641605088839468,11.74698795180723,119.10112359550563
6.5,0.23,0.25,17.3,0.046,15.0,110.0,0.99828,3.15,0.42,9.2,6,medium,white,72.58800000000001,0.08954648151209565,13.636363636363635,141.53846153846152
6.9,0.32,0.3,1.8,0.036,28.0,117.0,0.99269,3.24,0.48,11.0,6,medium,white,86.79,0.07950224680262703,23.931623931623932,159.42028985507247
7.2,0.22,0.24,1.4,0.041,17.0,159.0,0.99196,3.25,0.53,11.2,6,medium,white,88.36800000000001,0.08147745790331341,10.69182389937107,155.55555555555554
6.7,0.5,0.38,7.5,0.046,26.0,175.0,0.99662,3.32,0.54,9.6,5,low,white,75.744,0.08845585128855091,14.857142857142858,143.28358208955223
6.2,0.33,0.14,4.8,0.052,27.0,128.0,0.99475,3.21,0.48,9.4,5,low,white,74.166,0.08359625704500716,21.09375,151.61290322580646
6.3,0.26,0.42,7.1,0.045,62.0,209.0,0.99544,3.2,0.53,9.5,6,medium,white,74.955,0.0840504302581549,29.665071770334926,150.79365079365078
7.5,0.2,0.47,16.9,0.052,51.0,188.0,0.99944,3.09,0.62,9.3,5,low,white,73.37700000000001,0.10221186475326055,27.127659574468083,124.0
6.2,0.33,0.14,4.8,0.052,27.0,128.0,0.99475,3.21,0.48,9.4,5,low,white,74.166,0.08359625704500716,21.09375,151.61290322580646
6.3,0.26,0.42,7.1,0.045,62.0,209.0,0.99544,3.2,0.53,9.5,6,medium,white,74.955,0.0840504302581549,29.665071770334926,150.79365079365078
6.6,0.36,0.52,11.3,0.046,8.0,110.0,0.9966,3.07,0.46,9.4,5,low,white,74.166,0.08898956395113664,7.2727272727272725,142.42424242424244
6.3,0.13,0.42,1.1,0.043,63.0,146.0,0.99066,3.13,0.72,11.2,7,medium,white,88.36800000000001,0.07129277566539922,43.15068493150685,177.77777777777777
6.4,0.15,0.44,1.2,0.043,67.0,150.0,0.9907,3.14,0.73,11.2,7,medium,white,88.36800000000001,0.07242440702516748,44.666666666666664,174.99999999999997
6.3,0.13,0.42,1.1,0.043,63.0,146.0,0.99066,3.13,0.72,11.2,7,medium,white,88.36800000000001,0.07129277566539922,43.15068493150685,177.77777777777777
7.6,0.23,0.64,12.9,0.033,54.0,170.0,0.998,3.0,0.53,8.8,5,low,white,69.432,0.1094596151630372,31.76470588235294,115.78947368421053
6.4,0.15,0.44,1.2,0.043,67.0,150.0,0.9907,3.14,0.73,11.2,7,medium,white,88.36800000000001,0.07242440702516748,44.666666666666664,174.99999999999997
6.3,0.13,0.42,1.1,0.043,63.0,146.0,0.99066,3.13,0.72,11.2,7,medium,white,88.36800000000001,0.07129277566539922,43.15068493150685,177.77777777777777
5.7,0.255,0.65,1.2,0.079,17.0,137.0,0.99307,3.2,0.42,9.4,5,low,white,74.166,0.07685462341234528,12.408759124087592,164.91228070175438
6.9,0.32,0.26,2.3,0.03,11.0,103.0,0.99106,3.06,0.42,11.1,6,medium,white,87.57900000000001,0.0787860103449457,10.679611650485436,160.86956521739128
6.9,0.28,0.22,10.0,0.052,36.0,131.0,0.99696,3.08,0.46,9.6,5,low,white,75.744,0.09109632446134348,27.480916030534353,139.1304347826087
6.9,0.32,0.26,2.3,0.03,11.0,103.0,0.99106,3.06,0.42,11.1,6,medium,white,87.57900000000001,0.0787860103449457,10.679611650485436,160.86956521739128
5.7,0.255,0.65,1.2,0.079,17.0,137.0,0.99307,3.2,0.42,9.4,5,low,white,74.166,0.07685462341234528,12.408759124087592,164.91228070175438
6.6,0.41,0.16,1.4,0.037,28.0,160.0,0.99167,2.95,0.45,10.6,6,medium,white,83.634,0.0789152736925174,17.5,160.60606060606062
7.3,0.37,0.16,14.9,0.048,59.0,240.0,0.99902,3.13,0.45,8.9,5,low,white,70.221,0.10395750558949601,24.583333333333332,121.91780821917808
6.9,0.21,0.24,1.8,0.021,17.0,80.0,0.98992,3.15,0.46,12.3,7,medium,white,97.04700000000001,0.07109957031129246,21.25,178.26086956521738
6.6,0.24,0.28,1.8,0.028,39.0,132.0,0.99182,3.34,0.46,11.4,5,low,white,89.946,0.07337735974918284,29.545454545454547,172.72727272727275
6.8,0.28,0.36,7.0,0.043,60.0,207.0,0.99556,3.16,0.49,9.6,6,medium,white,75.744,0.08977608787494719,28.985507246376812,141.1764705882353
6.6,0.24,0.24,8.6,0.034,25.0,135.0,0.99582,3.33,0.59,10.3,6,medium,white,81.26700000000001,0.08121377680977516,18.51851851851852,156.0606060606061
6.6,0.24,0.28,1.8,0.028,39.0,132.0,0.99182,3.34,0.46,11.4,5,low,white,89.946,0.07337735974918284,29.545454545454547,172.72727272727275
7.0,0.16,0.32,1.1,0.032,29.0,80.0,0.98972,3.23,0.36,12.1,6,medium,white,95.46900000000001,0.0733222302527522,36.25,172.85714285714283
7.0,0.14,0.28,1.3,0.026,10.0,56.0,0.99352,3.46,0.45,9.9,5,low,white,78.111,0.08961605919780824,17.857142857142858,141.42857142857144
6.3,0.34,0.36,4.9,0.035,31.0,185.0,0.9946,3.15,0.49,9.7,5,low,white,76.533,0.08231743169613108,16.756756756756758,153.96825396825395
6.8,0.26,0.24,1.9,0.043,70.0,154.0,0.99273,3.18,0.52,10.5,5,low,white,82.845,0.08208099462852314,45.45454545454545,154.41176470588235
6.7,0.17,0.42,10.4,0.038,85.0,182.0,0.99628,3.04,0.44,8.9,6,medium,white,70.221,0.09541305307529087,46.7032967032967,132.8358208955224
6.5,0.27,0.4,10.0,0.039,74.0,227.0,0.99582,3.18,0.5,9.4,5,low,white,74.166,0.08764123722460428,32.59911894273127,144.6153846153846
6.7,0.25,0.36,8.6,0.037,63.0,206.0,0.99553,3.18,0.5,9.6,5,low,white,75.744,0.08845585128855091,30.582524271844658,143.28358208955223
5.8,0.3,0.27,1.7,0.014,45.0,104.0,0.98914,3.4,0.56,12.6,7,medium,white,99.414,0.05834188343694047,43.269230769230774,217.24137931034483
6.4,0.28,0.56,1.7,0.156,49.0,106.0,0.99354,3.1,0.37,9.2,6,medium,white,72.58800000000001,0.0881688433349865,46.22641509433962,143.74999999999997
7.7,0.3,0.26,18.95,0.053,36.0,174.0,0.99976,3.2,0.5,10.4,5,low,white,82.056,0.09383835429462807,20.689655172413794,135.06493506493507
6.8,0.18,0.3,12.8,0.062,19.0,171.0,0.99808,3.0,0.52,9.0,7,medium,white,71.01,0.09576116039994366,11.11111111111111,132.35294117647058
6.8,0.18,0.3,12.8,0.062,19.0,171.0,0.99808,3.0,0.52,9.0,7,medium,white,71.01,0.09576116039994366,11.11111111111111,132.35294117647058
6.8,0.18,0.3,12.8,0.062,19.0,171.0,0.99808,3.0,0.52,9.0,7,medium,white,71.01,0.09576116039994366,11.11111111111111,132.35294117647058
6.8,0.18,0.3,12.8,0.062,19.0,171.0,0.99808,3.0,0.52,9.0,7,medium,white,71.01,0.09576116039994366,11.11111111111111,132.35294117647058
6.8,0.18,0.3,12.8,0.062,19.0,171.0,0.99808,3.0,0.52,9.0,7,medium,white,71.01,0.09576116039994366,11.11111111111111,132.35294117647058
6.8,0.18,0.3,12.8,0.062,19.0,171.0,0.99808,3.0,0.52,9.0,7,medium,white,71.01,0.09576116039994366,11.11111111111111,132.35294117647058
5.1,0.14,0.25,0.7,0.039,15.0,89.0,0.9919,3.22,0.43,9.2,6,medium,white,72.58800000000001,0.07025954703256736,16.853932584269664,180.3921568627451
6.8,0.18,0.3,12.8,0.062,19.0,171.0,0.99808,3.0,0.52,9.0,7,medium,white,71.01,0.09576116039994366,11.11111111111111,132.35294117647058
7.2,0.615,0.1,1.4,0.068,25.0,154.0,0.99499,3.2,0.48,9.7,4,low,white,76.533,0.09407706479557838,16.233766233766232,134.7222222222222
6.9,0.13,0.28,13.3,0.05,47.0,132.0,0.99655,3.34,0.42,10.1,6,medium,white,79.68900000000001,0.08658660542860369,35.60606060606061,146.37681159420288
6.7,0.34,0.3,8.5,0.059,24.0,152.0,0.99615,3.46,0.64,11.0,7,medium,white,86.79,0.07719783385182624,15.789473684210526,164.17910447761193
7.3,0.32,0.29,1.5,0.038,32.0,144.0,0.99296,3.2,0.55,10.8,5,low,white,85.212,0.0856686851617143,22.22222222222222,147.94520547945206
6.3,0.21,0.29,11.7,0.048,49.0,147.0,0.99482,3.22,0.38,10.8,5,low,white,85.212,0.0739332488381918,33.33333333333333,171.42857142857144
5.4,0.5,0.13,5.0,0.028,12.0,107.0,0.99079,3.48,0.88,13.5,7,medium,white,106.515,0.05069708491761724,11.214953271028037,250.0
8.2,0.52,0.34,1.2,0.042,18.0,167.0,0.99366,3.24,0.39,10.6,5,low,white,83.634,0.09804624913312766,10.778443113772456,129.26829268292684
7.8,0.28,0.31,2.1,0.046,28.0,208.0,0.99434,3.23,0.64,9.8,5,low,white,77.322,0.10087685264219756,13.461538461538462,125.64102564102566
6.4,0.22,0.34,1.4,0.023,56.0,115.0,0.98958,3.18,0.7,11.7,6,medium,white,92.313,0.06932934689588682,48.69565217391305,182.81249999999997
7.8,0.28,0.31,2.1,0.046,28.0,208.0,0.99434,3.23,0.64,9.8,5,low,white,77.322,0.10087685264219756,13.461538461538462,125.64102564102566
6.9,0.32,0.27,16.0,0.034,58.0,185.0,0.99938,3.34,0.6,9.0,6,medium,white,71.01,0.09716941275876637,31.351351351351354,130.43478260869566
6.8,0.11,0.42,1.1,0.042,51.0,132.0,0.99059,3.18,0.74,11.3,7,medium,white,89.15700000000001,0.07626995076101707,38.63636363636363,166.1764705882353
6.2,0.26,0.32,15.3,0.031,64.0,185.0,0.99835,3.31,0.61,9.4,5,low,white,74.166,0.08359625704500716,34.5945945945946,151.61290322580646
6.4,0.22,0.34,1.4,0.023,56.0,115.0,0.98958,3.18,0.7,11.7,6,medium,white,92.313,0.06932934689588682,48.69565217391305,182.81249999999997
6.7,0.3,0.29,2.8,0.025,37.0,107.0,0.99159,3.31,0.63,11.3,7,medium,white,89.15700000000001,0.07514833383806094,34.57943925233645,168.65671641791045
6.7,0.3,0.29,2.8,0.025,37.0,107.0,0.99159,3.31,0.63,11.3,7,medium,white,89.15700000000001,0.07514833383806094,34.57943925233645,168.65671641791045
7.1,0.2,0.3,0.9,0.019,4.0,28.0,0.98931,3.2,0.36,12.0,6,medium,white,94.68,0.07498943810730882,14.285714285714285,169.01408450704227
7.2,0.2,0.36,2.5,0.028,22.0,157.0,0.9938,3.48,0.49,10.6,6,medium,white,83.634,0.08608938948274625,14.012738853503185,147.2222222222222
8.9,0.26,0.33,8.1,0.024,47.0,202.0,0.99558,3.13,0.46,10.8,6,medium,white,85.212,0.10444538327935032,23.26732673267327,121.34831460674158
7.5,0.25,0.32,8.2,0.024,53.0,209.0,0.99563,3.12,0.46,10.8,6,medium,white,85.212,0.08801577242641881,25.358851674641148,144.00000000000003
7.1,0.2,0.3,0.9,0.019,4.0,28.0,0.98931,3.2,0.36,12.0,6,medium,white,94.68,0.07498943810730882,14.285714285714285,169.01408450704227
6.3,0.27,0.46,11.1,0.053,44.0,177.0,0.99691,3.18,0.67,9.4,5,low,white,74.166,0.08494458377153952,24.858757062146893,149.20634920634922
6.5,0.3,0.39,7.8,0.038,61.0,219.0,0.9959,3.19,0.5,9.4,5,low,white,74.166,0.08764123722460428,27.85388127853881,144.6153846153846
6.7,0.3,0.29,2.8,0.025,37.0,107.0,0.99159,3.31,0.63,11.3,7,medium,white,89.15700000000001,0.07514833383806094,34.57943925233645,168.65671641791045
6.6,0.36,0.52,10.1,0.05,29.0,140.0,0.99628,3.07,0.4,9.4,5,low,white,74.166,0.08898956395113664,20.714285714285715,142.42424242424244
6.15,0.21,0.37,3.2,0.021,20.0,80.0,0.99076,3.39,0.47,12.0,5,low,white,94.68,0.06495564005069708,25.0,195.1219512195122
6.5,0.18,0.41,14.2,0.039,47.0,129.0,0.99678,3.28,0.72,10.3,7,medium,white,81.26700000000001,0.0799832650399301,36.434108527131784,158.46153846153848
6.5,0.18,0.41,14.2,0.039,47.0,129.0,0.99678,3.28,0.72,10.3,7,medium,white,81.26700000000001,0.0799832650399301,36.434108527131784,158.46153846153848
6.5,0.18,0.41,14.2,0.039,47.0,129.0,0.99678,3.28,0.72,10.3,7,medium,white,81.26700000000001,0.0799832650399301,36.434108527131784,158.46153846153848
6.6,0.26,0.21,2.9,0.026,48.0,126.0,0.99089,3.22,0.38,11.3,7,medium,white,89.15700000000001,0.0740267169151048,38.095238095238095,171.21212121212125
6.6,0.35,0.35,6.0,0.063,31.0,150.0,0.99537,3.1,0.47,9.4,6,medium,white,74.166,0.08898956395113664,20.666666666666668,142.42424242424244
6.5,0.28,0.28,20.4,0.041,40.0,144.0,1.0002,3.14,0.38,8.7,5,low,white,68.643,0.09469283102428507,27.77777777777778,133.84615384615384
6.6,0.36,0.52,10.1,0.05,29.0,140.0,0.99628,3.07,0.4,9.4,5,low,white,74.166,0.08898956395113664,20.714285714285715,142.42424242424244
6.6,0.26,0.21,2.9,0.026,48.0,126.0,0.99089,3.22,0.38,11.3,7,medium,white,89.15700000000001,0.0740267169151048,38.095238095238095,171.21212121212125
6.5,0.18,0.41,14.2,0.039,47.0,129.0,0.99678,3.28,0.72,10.3,7,medium,white,81.26700000000001,0.0799832650399301,36.434108527131784,158.46153846153848
6.15,0.21,0.37,3.2,0.021,20.0,80.0,0.99076,3.39,0.47,12.0,5,low,white,94.68,0.06495564005069708,25.0,195.1219512195122
4.5,0.19,0.21,0.95,0.033,89.0,159.0,0.99332,3.34,0.42,8.0,5,low,white,63.120000000000005,0.07129277566539924,55.9748427672956,177.77777777777777
8.0,0.24,0.26,1.7,0.033,36.0,136.0,0.99316,3.44,0.51,10.4,7,medium,white,82.056,0.09749439407234084,26.47058823529412,130.0
7.8,0.17,0.23,1.7,0.029,39.0,128.0,0.99272,3.37,0.41,10.7,7,medium,white,84.423,0.09239188372836786,30.46875,137.17948717948718
7.0,0.24,0.24,9.0,0.03,42.0,219.0,0.99636,3.47,0.46,10.2,6,medium,white,80.47800000000001,0.08698029275081388,19.17808219178082,145.7142857142857
5.8,0.6,0.0,1.3,0.044,72.0,197.0,0.99202,3.56,0.43,10.9,5,low,white,86.001,0.06744107626655503,36.54822335025381,187.93103448275863
5.9,0.445,0.26,1.4,0.027,23.0,109.0,0.99148,3.3,0.36,10.5,6,medium,white,82.845,0.07121733357474803,21.100917431192663,177.96610169491524
6.7,0.28,0.28,2.4,0.012,36.0,100.0,0.99064,3.26,0.39,11.7,7,medium,white,92.313,0.07257916003163152,36.0,174.62686567164178
6.8,0.44,0.2,16.0,0.065,61.0,186.0,0.99884,3.13,0.45,8.6,5,low,white,67.854,0.10021516786040617,32.795698924731184,126.47058823529412
7.2,0.24,0.27,11.4,0.034,40.0,174.0,0.99773,3.2,0.44,9.0,5,low,white,71.01,0.10139416983523447,22.988505747126435,125.0
8.7,0.31,0.73,14.35,0.044,27.0,191.0,1.00013,2.96,0.88,8.7,5,low,white,68.643,0.12674271229404308,14.136125654450263,100.0
8.2,0.32,0.26,2.1,0.062,26.0,87.0,0.98974,3.1,0.47,12.8,6,medium,white,100.992,0.08119455006337134,29.88505747126437,156.09756097560978
7.2,0.24,0.27,11.4,0.034,40.0,174.0,0.99773,3.2,0.44,9.0,5,low,white,71.01,0.10139416983523447,22.988505747126435,125.0
8.7,0.31,0.73,14.35,0.044,27.0,191.0,1.00013,2.96,0.88,8.7,5,low,white,68.643,0.12674271229404308,14.136125654450263,100.0
7.5,0.13,0.38,1.1,0.023,42.0,104.0,0.99112,3.28,0.53,11.8,6,medium,white,93.102,0.08055680866146807,40.38461538461539,157.33333333333334
9.2,0.14,0.37,1.1,0.034,36.0,84.0,0.99136,3.05,0.55,11.6,6,medium,white,91.524,0.10052008216424106,42.857142857142854,126.08695652173914
7.4,0.2,0.37,1.2,0.028,28.0,89.0,0.99132,3.14,0.61,11.8,6,medium,white,93.102,0.07948271787931516,31.46067415730337,159.45945945945945
6.1,0.15,0.35,15.8,0.042,55.0,158.0,0.99642,3.24,0.37,10.6,5,low,white,83.634,0.07293684386732668,34.810126582278485,173.7704918032787
7.6,0.23,0.4,5.2,0.066,14.0,91.0,0.99488,3.17,0.8,9.7,5,low,white,76.533,0.09930356839533272,15.384615384615385,127.63157894736841
8.1,0.33,0.22,5.2,0.047,24.0,151.0,0.99527,3.22,0.47,10.3,5,low,white,81.26700000000001,0.09967145335745135,15.894039735099339,127.16049382716051
7.15,0.17,0.24,9.6,0.119,56.0,178.0,0.99578,3.15,0.44,10.2,6,medium,white,80.47800000000001,0.08884415616690275,31.46067415730337,142.65734265734264
6.7,0.12,0.3,5.2,0.048,38.0,113.0,0.99352,3.33,0.44,10.1,7,medium,white,79.68900000000001,0.08407684874951372,33.6283185840708,150.7462686567164
5.7,0.18,0.36,1.2,0.046,9.0,71.0,0.99199,3.7,0.68,10.9,7,medium,white,86.001,0.06627829908954547,12.676056338028168,191.2280701754386
5.8,0.15,0.28,0.8,0.037,43.0,127.0,0.99198,3.24,0.51,9.3,5,low,white,73.37700000000001,0.07904384207585483,33.85826771653544,160.34482758620692
6.6,0.23,0.29,14.45,0.057,29.0,144.0,0.99756,3.33,0.54,10.2,6,medium,white,80.47800000000001,0.08200999030791023,20.13888888888889,154.54545454545453
7.15,0.17,0.24,9.6,0.119,56.0,178.0,0.99578,3.15,0.44,10.2,6,medium,white,80.47800000000001,0.08884415616690275,31.46067415730337,142.65734265734264
7.0,0.34,0.39,6.9,0.066,43.0,162.0,0.99561,3.11,0.53,9.5,5,low,white,74.955,0.09338936695350544,26.543209876543212,135.71428571428572
6.4,0.68,0.26,3.4,0.069,25.0,146.0,0.99347,3.18,0.4,9.3,5,low,white,73.37700000000001,0.08722079125611568,17.123287671232877,145.3125
7.3,0.22,0.31,2.3,0.018,45.0,80.0,0.98936,3.06,0.34,12.9,7,medium,white,101.781,0.07172262013538871,56.25,176.7123287671233
6.4,0.28,0.27,11.0,0.042,45.0,148.0,0.99786,3.14,0.46,8.7,5,low,white,68.643,0.09323601823929607,30.405405405405407,135.93749999999997
6.9,0.4,0.22,5.95,0.081,76.0,303.0,0.99705,3.4,0.57,9.4,5,low,white,74.166,0.09303454413073377,25.082508250825082,136.23188405797103
6.8,0.19,0.23,5.1,0.034,71.0,204.0,0.9942,3.23,0.69,10.1,5,low,white,79.68900000000001,0.0853317270890587,34.80392156862745,148.52941176470588
7.1,0.23,0.24,5.4,0.039,60.0,196.0,0.9948,3.19,0.78,10.0,4,low,white,78.9,0.08998732572877058,30.612244897959183,140.84507042253523
6.45,0.14,0.42,1.2,0.05,51.0,129.0,0.99116,3.27,0.69,11.1,7,medium,white,87.57900000000001,0.07364779227897097,39.53488372093023,172.09302325581396
6.5,0.15,0.44,12.6,0.052,65.0,158.0,0.99688,3.26,0.7,10.3,7,medium,white,81.26700000000001,0.0799832650399301,41.139240506329116,158.46153846153848
7.1,0.15,0.34,1.0,0.033,27.0,73.0,0.98974,3.24,0.41,12.2,6,medium,white,96.25800000000001,0.07376010305636933,36.986301369863014,171.83098591549296
6.7,0.33,0.34,6.6,0.067,35.0,156.0,0.99542,3.11,0.48,9.3,6,medium,white,73.37700000000001,0.09130926584624609,22.435897435897438,138.80597014925374
7.2,0.3,0.26,1.5,0.041,46.0,178.0,0.99154,3.19,0.56,11.3,6,medium,white,89.15700000000001,0.08075641845284161,25.842696629213485,156.94444444444443
7.0,0.23,0.33,1.0,0.043,46.0,110.0,0.99118,3.04,0.65,10.8,6,medium,white,85.212,0.08214805426465756,41.81818181818181,154.2857142857143
8.0,0.13,0.25,1.1,0.033,15.0,86.0,0.99044,2.98,0.39,11.2,8,high,white,88.36800000000001,0.09053050878145934,17.441860465116278,140.0
6.2,0.21,0.34,6.6,0.03,36.0,91.0,0.9914,3.32,0.45,12.5,7,medium,white,98.625,0.06286438529784538,39.56043956043956,201.61290322580646
8.3,0.4,0.41,8.2,0.05,15.0,122.0,0.9979,3.39,0.49,9.3,5,low,white,73.37700000000001,0.11311446366027501,12.295081967213115,112.04819277108433
5.9,0.34,0.31,2.0,0.03,38.0,142.0,0.98892,3.4,0.41,12.9,7,medium,white,101.781,0.05796759709572514,26.76056338028169,218.64406779661016
6.6,0.12,0.25,1.4,0.039,21.0,131.0,0.99114,3.2,0.45,11.2,7,medium,white,88.36800000000001,0.07468766974470395,16.030534351145036,169.6969696969697
9.6,0.655,0.21,2.0,0.039,21.0,120.0,0.99188,3.0,1.0,12.6,6,medium,white,99.414,0.09656587603355664,17.5,131.25
6.8,0.26,0.4,7.5,0.046,45.0,179.0,0.99583,3.2,0.49,9.3,5,low,white,73.37700000000001,0.09267209070962289,25.139664804469277,136.76470588235296
5.9,0.34,0.31,2.0,0.03,38.0,142.0,0.98892,3.4,0.41,12.9,7,medium,white,101.781,0.05796759709572514,26.76056338028169,218.64406779661016
5.9,0.3,0.3,2.0,0.03,38.0,142.0,0.98892,3.41,0.41,12.9,7,medium,white,101.781,0.05796759709572514,26.76056338028169,218.64406779661016
7.0,0.15,0.3,13.3,0.049,46.0,120.0,0.99704,3.2,0.36,9.5,7,medium,white,74.955,0.09338936695350544,38.333333333333336,135.71428571428572
7.9,0.37,0.31,2.85,0.037,5.0,24.0,0.9911,3.19,0.36,11.9,6,medium,white,93.891,0.08414011992629751,20.833333333333336,150.63291139240508
7.2,0.35,0.25,5.6,0.032,23.0,120.0,0.99334,2.93,0.66,10.3,7,medium,white,81.26700000000001,0.08859684742884565,19.166666666666668,143.05555555555557
7.2,0.32,0.24,5.6,0.033,23.0,120.0,0.99334,2.92,0.66,10.3,7,medium,white,81.26700000000001,0.08859684742884565,19.166666666666668,143.05555555555557
7.6,0.1,0.33,1.0,0.031,33.0,93.0,0.99094,3.06,0.68,11.2,6,medium,white,88.36800000000001,0.08600398334238638,35.483870967741936,147.36842105263156
6.2,0.25,0.31,3.2,0.03,32.0,150.0,0.99014,3.18,0.31,12.0,6,medium,white,94.68,0.06548373468525559,21.333333333333336,193.54838709677418
7.1,0.31,0.17,1.0,0.042,21.0,144.0,0.99304,3.13,0.4,9.6,5,low,white,75.744,0.09373679763413603,14.583333333333334,135.2112676056338
7.6,0.18,0.28,7.1,0.041,29.0,110.0,0.99652,3.2,0.42,9.2,6,medium,white,72.58800000000001,0.10470050146029646,26.36363636363636,121.05263157894737
8.0,0.17,0.29,2.4,0.029,52.0,119.0,0.98944,3.03,0.33,12.9,6,medium,white,101.781,0.07860013165522052,43.69747899159664,161.25
7.2,0.19,0.27,11.2,0.061,46.0,149.0,0.99772,2.99,0.59,9.3,6,medium,white,73.37700000000001,0.09812339016313013,30.87248322147651,129.16666666666669
7.6,0.32,0.25,9.5,0.03,15.0,136.0,0.99367,3.1,0.44,12.1,6,medium,white,95.46900000000001,0.07960699284584524,11.029411764705882,159.21052631578948
7.1,0.31,0.17,1.0,0.042,21.0,144.0,0.99304,3.13,0.4,9.6,5,low,white,75.744,0.09373679763413603,14.583333333333334,135.2112676056338
6.6,0.21,0.29,1.8,0.026,35.0,128.0,0.99183,3.37,0.48,11.2,6,medium,white,88.36800000000001,0.07468766974470395,27.34375,169.6969696969697
7.0,0.16,0.36,2.6,0.029,28.0,98.0,0.99126,3.11,0.37,11.2,7,medium,white,88.36800000000001,0.07921419518377693,28.57142857142857,160.0
8.0,0.17,0.29,2.4,0.029,52.0,119.0,0.98944,3.03,0.33,12.9,6,medium,white,101.781,0.07860013165522052,43.69747899159664,161.25
6.6,0.24,0.38,8.0,0.042,56.0,187.0,0.99577,3.21,0.46,9.2,5,low,white,72.58800000000001,0.09092411968920482,29.946524064171122,139.39393939393938
7.2,0.19,0.27,11.2,0.061,46.0,149.0,0.99772,2.99,0.59,9.3,6,medium,white,73.37700000000001,0.09812339016313013,30.87248322147651,129.16666666666669
7.6,0.18,0.28,7.1,0.041,29.0,110.0,0.99652,3.2,0.42,9.2,6,medium,white,72.58800000000001,0.10470050146029646,26.36363636363636,121.05263157894737
6.9,0.3,0.25,3.3,0.041,26.0,124.0,0.99428,3.18,0.5,9.3,6,medium,white,73.37700000000001,0.0940349155729997,20.967741935483872,134.7826086956522
6.2,0.28,0.27,10.3,0.03,26.0,108.0,0.99388,3.2,0.36,10.7,6,medium,white,84.423,0.07343970245075394,24.074074074074073,172.5806451612903
6.9,0.31,0.32,1.2,0.024,20.0,166.0,0.99208,3.05,0.54,9.8,6,medium,white,77.322,0.08923721579886708,12.048192771084338,142.02898550724638
6.7,0.23,0.25,1.6,0.036,28.0,143.0,0.99256,3.3,0.54,10.3,6,medium,white,81.26700000000001,0.08244428857962026,19.58041958041958,153.73134328358208
6.2,0.28,0.27,10.3,0.03,26.0,108.0,0.99388,3.2,0.36,10.7,6,medium,white,84.423,0.07343970245075394,24.074074074074073,172.5806451612903
5.7,0.23,0.28,9.65,0.025,26.0,121.0,0.9925,3.28,0.38,11.3,6,medium,white,89.15700000000001,0.06393216460849961,21.487603305785125,198.24561403508773
6.5,0.22,0.5,16.4,0.048,36.0,182.0,0.99904,3.02,0.49,8.8,6,medium,white,69.432,0.09361677612628183,19.78021978021978,135.3846153846154
7.0,0.18,0.37,1.5,0.043,16.0,104.0,0.99216,3.18,0.5,10.8,5,low,white,85.212,0.08214805426465756,15.384615384615385,154.2857142857143
6.9,0.31,0.32,1.2,0.024,20.0,166.0,0.99208,3.05,0.54,9.8,6,medium,white,77.322,0.08923721579886708,12.048192771084338,142.02898550724638
6.9,0.3,0.25,3.3,0.041,26.0,124.0,0.99428,3.18,0.5,9.3,6,medium,white,73.37700000000001,0.0940349155729997,20.967741935483872,134.7826086956522
6.5,0.46,0.31,5.0,0.027,15.0,72.0,0.99165,3.26,0.6,11.5,7,medium,white,90.735,0.07163718520967653,20.833333333333336,176.9230769230769
6.5,0.23,0.36,16.3,0.038,43.0,133.0,0.99924,3.26,0.41,8.8,5,low,white,69.432,0.09361677612628183,32.33082706766917,135.3846153846154
6.5,0.23,0.36,16.3,0.038,43.0,133.0,0.99924,3.26,0.41,8.8,5,low,white,69.432,0.09361677612628183,32.33082706766917,135.3846153846154
6.5,0.23,0.36,16.3,0.038,43.0,133.0,0.99924,3.26,0.41,8.8,5,low,white,69.432,0.09361677612628183,32.33082706766917,135.3846153846154
6.6,0.26,0.38,6.5,0.17,68.0,201.0,0.9956,3.19,0.38,9.4,6,medium,white,74.166,0.08898956395113664,33.83084577114428,142.42424242424244
6.7,0.26,0.39,6.4,0.171,64.0,200.0,0.99562,3.19,0.38,9.4,6,medium,white,74.166,0.09033789067766902,32.0,140.2985074626866
7.5,0.28,0.39,10.2,0.045,59.0,209.0,0.9972,3.16,0.63,9.6,6,medium,white,75.744,0.09901774397972117,28.22966507177033,128.0
6.5,0.23,0.36,16.3,0.038,43.0,133.0,0.99924,3.26,0.41,8.8,5,low,white,69.432,0.09361677612628183,32.33082706766917,135.3846153846154
6.8,0.23,0.42,7.4,0.044,56.0,189.0,0.9958,3.22,0.48,9.3,6,medium,white,73.37700000000001,0.09267209070962289,29.629629629629626,136.76470588235296
7.8,0.25,0.34,13.7,0.044,66.0,184.0,0.99976,3.22,0.75,8.9,5,low,white,70.221,0.11107788268466696,35.869565217391305,114.10256410256412
7.8,0.25,0.34,13.7,0.044,66.0,184.0,0.99976,3.22,0.75,8.9,5,low,white,70.221,0.11107788268466696,35.869565217391305,114.10256410256412
5.6,0.2,0.22,1.3,0.049,25.0,155.0,0.99296,3.74,0.43,10.0,5,low,white,78.9,0.07097591888466412,16.129032258064516,178.57142857142858
6.4,0.21,0.44,7.4,0.045,47.0,182.0,0.9957,3.24,0.46,9.1,5,low,white,71.799,0.08913773172328306,25.82417582417583,142.18749999999997
6.8,0.23,0.42,7.4,0.044,56.0,189.0,0.9958,3.22,0.48,9.3,6,medium,white,73.37700000000001,0.09267209070962289,29.629629629629626,136.76470588235296
6.8,0.24,0.37,7.45,0.043,59.0,188.0,0.99579,3.2,0.5,9.4,6,medium,white,74.166,0.09168621740420138,31.382978723404253,138.23529411764707
7.8,0.25,0.28,7.2,0.04,46.0,179.0,0.99541,3.14,0.6,10.1,6,medium,white,79.68900000000001,0.09788051048450852,25.69832402234637,129.4871794871795
7.8,0.25,0.34,13.7,0.044,66.0,184.0,0.99976,3.22,0.75,8.9,5,low,white,70.221,0.11107788268466696,35.869565217391305,114.10256410256412
6.8,0.16,0.29,10.4,0.046,59.0,143.0,0.99518,3.2,0.4,10.8,6,medium,white,85.212,0.07980096699995305,41.25874125874126,158.82352941176472
5.2,0.28,0.29,1.1,0.028,18.0,69.0,0.99168,3.24,0.54,10.0,6,medium,white,78.9,0.06590621039290241,26.08695652173913,192.3076923076923
7.5,0.18,0.31,6.5,0.029,53.0,160.0,0.99276,3.03,0.38,10.9,6,medium,white,86.001,0.08720828827571772,33.125,145.33333333333334
7.5,0.26,0.3,4.6,0.027,29.0,92.0,0.99085,3.15,0.38,12.0,7,medium,white,94.68,0.07921419518377693,31.521739130434785,160.0
8.2,0.37,0.64,13.9,0.043,22.0,171.0,0.99873,2.99,0.8,9.3,5,low,white,73.37700000000001,0.11175163879689819,12.865497076023392,113.41463414634147
7.6,0.4,0.27,5.2,0.03,32.0,101.0,0.99172,3.22,0.62,12.3,7,medium,white,97.04700000000001,0.07831257019794531,31.683168316831683,161.84210526315792
7.5,0.26,0.25,1.7,0.038,29.0,129.0,0.99312,3.45,0.56,10.4,6,medium,white,82.056,0.09140099444281954,22.48062015503876,138.66666666666669
7.5,0.18,0.31,6.5,0.029,53.0,160.0,0.99276,3.03,0.38,10.9,6,medium,white,86.001,0.08720828827571772,33.125,145.33333333333334
6.9,0.23,0.32,16.4,0.045,62.0,153.0,0.9972,3.22,0.42,10.5,5,low,white,82.845,0.08328806807894261,40.52287581699346,152.17391304347825
5.3,0.2,0.31,3.6,0.036,22.0,91.0,0.99278,3.41,0.5,9.8,6,medium,white,77.322,0.06854452807739064,24.175824175824175,184.90566037735852
6.5,0.17,0.31,1.5,0.041,34.0,121.0,0.99092,3.06,0.46,10.5,6,medium,white,82.845,0.07845977427726478,28.09917355371901,161.53846153846155
6.5,0.35,0.28,12.4,0.051,86.0,213.0,0.9962,3.16,0.51,9.9,6,medium,white,78.111,0.08321491211225052,40.375586854460096,152.30769230769232
6.5,0.29,0.31,1.7,0.035,24.0,79.0,0.99053,3.27,0.69,11.4,7,medium,white,89.946,0.07226558157116492,30.37974683544304,175.3846153846154
6.8,0.3,0.22,6.2,0.06,41.0,190.0,0.99858,3.18,0.51,9.2,5,low,white,72.58800000000001,0.09367939604342314,21.578947368421055,135.2941176470588
7.9,0.51,0.36,6.2,0.051,30.0,173.0,0.9984,3.09,0.53,9.7,5,low,white,76.533,0.1032234460951485,17.341040462427745,122.78481012658227
7.9,0.51,0.34,2.6,0.049,13.0,135.0,0.99335,3.09,0.51,10.0,5,low,white,78.9,0.10012674271229403,9.62962962962963,126.58227848101265
6.5,0.29,0.31,1.7,0.035,24.0,79.0,0.99053,3.27,0.69,11.4,7,medium,white,89.946,0.07226558157116492,30.37974683544304,175.3846153846154
7.1,0.29,0.28,9.3,0.048,50.0,141.0,0.9949,3.13,0.49,10.3,6,medium,white,81.26700000000001,0.08736633565900057,35.46099290780142,145.07042253521126
6.5,0.35,0.28,12.4,0.051,86.0,213.0,0.9962,3.16,0.51,9.9,6,medium,white,78.111,0.08321491211225052,40.375586854460096,152.30769230769232
6.5,0.17,0.31,1.5,0.041,34.0,121.0,0.99092,3.06,0.46,10.5,6,medium,white,82.845,0.07845977427726478,28.09917355371901,161.53846153846155
7.4,0.2,0.28,9.1,0.047,29.0,95.0,0.99532,3.16,0.47,9.8,7,medium,white,77.322,0.09570368071182846,30.526315789473685,132.43243243243242
6.9,0.615,0.42,12.0,0.067,24.0,131.0,0.99727,3.19,0.34,9.3,5,low,white,73.37700000000001,0.0940349155729997,18.3206106870229,134.7826086956522
6.8,0.32,0.28,4.8,0.034,25.0,100.0,0.99026,3.08,0.47,12.4,7,medium,white,97.836,0.06950406803221718,25.0,182.3529411764706
6.3,0.2,0.19,12.3,0.048,54.0,145.0,0.99668,3.16,0.42,9.3,6,medium,white,73.37700000000001,0.08585796639273885,37.24137931034483,147.61904761904762
6.9,0.615,0.42,12.0,0.067,24.0,131.0,0.99727,3.19,0.34,9.3,5,low,white,73.37700000000001,0.0940349155729997,18.3206106870229,134.7826086956522
8.0,0.23,0.28,2.7,0.048,49.0,165.0,0.9952,3.26,0.72,9.5,6,medium,white,74.955,0.1067307050897205,29.6969696969697,118.75
6.7,0.27,0.33,3.6,0.034,9.0,45.0,0.99144,3.08,0.4,10.5,6,medium,white,82.845,0.08087392117810369,20.0,156.71641791044775
6.7,0.27,0.33,3.6,0.034,9.0,45.0,0.99144,3.08,0.4,10.5,6,medium,white,82.845,0.08087392117810369,20.0,156.71641791044775
6.7,0.44,0.22,4.3,0.032,19.0,99.0,0.99015,3.26,0.53,12.8,7,medium,white,100.992,0.06634188846641317,19.19191919191919,191.04477611940297
7.0,0.34,0.3,1.8,0.045,44.0,142.0,0.9914,2.99,0.45,10.8,6,medium,white,85.212,0.08214805426465756,30.985915492957744,154.2857142857143
7.3,0.26,0.33,11.8,0.057,48.0,127.0,0.99693,3.1,0.55,10.0,6,medium,white,78.9,0.09252217997465145,37.79527559055118,136.986301369863
5.8,0.17,0.34,1.8,0.045,96.0,170.0,0.99035,3.38,0.9,11.8,8,high,white,93.102,0.06229726536486863,56.470588235294116,203.44827586206898
7.3,0.26,0.33,11.8,0.057,48.0,127.0,0.99693,3.1,0.55,10.0,6,medium,white,78.9,0.09252217997465145,37.79527559055118,136.986301369863
5.8,0.17,0.34,1.8,0.045,96.0,170.0,0.99035,3.38,0.9,11.8,8,high,white,93.102,0.06229726536486863,56.470588235294116,203.44827586206898
6.8,0.17,0.36,1.4,0.036,38.0,108.0,0.99006,3.19,0.66,12.0,6,medium,white,94.68,0.07182087029995775,35.18518518518518,176.47058823529412
7.1,0.43,0.3,6.6,0.025,15.0,138.0,0.99126,3.18,0.46,12.6,6,medium,white,99.414,0.07141851248315126,10.869565217391305,177.46478873239437
5.8,0.315,0.27,1.55,0.026,15.0,70.0,0.98994,3.37,0.4,11.9,8,high,white,93.891,0.06177375893323108,21.428571428571427,205.17241379310346
5.9,0.17,0.28,0.7,0.027,5.0,28.0,0.98985,3.13,0.32,10.6,5,low,white,83.634,0.0705454719372504,17.857142857142858,179.66101694915253
6.6,0.34,0.18,6.4,0.082,47.0,240.0,0.9971,3.42,0.48,9.2,5,low,white,72.58800000000001,0.09092411968920482,19.583333333333332,139.39393939393938
8.6,0.33,0.34,11.8,0.059,42.0,240.0,0.99882,3.17,0.52,10.0,6,medium,white,78.9,0.10899873257287705,17.5,116.27906976744187
5.6,0.12,0.26,4.3,0.038,18.0,97.0,0.99477,3.36,0.46,9.2,5,low,white,72.58800000000001,0.07714773791811318,18.556701030927837,164.28571428571428
5.8,0.13,0.26,5.1,0.039,19.0,103.0,0.99478,3.36,0.47,9.3,6,medium,white,73.37700000000001,0.07904384207585483,18.446601941747574,160.34482758620692
7.7,0.18,0.35,5.8,0.055,25.0,144.0,0.99576,3.24,0.54,10.2,6,medium,white,80.47800000000001,0.09567832202589527,17.36111111111111,132.46753246753244
7.7,0.16,0.36,5.9,0.054,25.0,148.0,0.99578,3.25,0.54,10.2,6,medium,white,80.47800000000001,0.09567832202589527,16.89189189189189,132.46753246753244
6.0,0.26,0.15,1.3,0.06,51.0,154.0,0.99354,3.14,0.51,8.7,5,low,white,68.643,0.08740876709934006,33.116883116883116,145.0
7.3,0.32,0.35,1.4,0.05,8.0,163.0,0.99244,3.24,0.42,10.7,5,low,white,84.423,0.0864693270791135,4.9079754601226995,146.5753424657534
7.7,0.3,0.34,1.2,0.048,4.0,119.0,0.99084,3.18,0.34,12.1,6,medium,white,95.46900000000001,0.08065445327802742,3.361344537815126,157.14285714285714
7.9,0.16,0.3,7.4,0.05,58.0,152.0,0.99612,3.12,0.37,9.5,6,medium,white,74.955,0.105396571276099,38.15789473684211,120.25316455696202
6.4,0.27,0.29,10.8,0.028,17.0,118.0,0.99356,3.18,0.37,11.2,6,medium,white,88.36800000000001,0.07242440702516748,14.40677966101695,174.99999999999997
6.9,0.16,0.37,1.8,0.034,36.0,95.0,0.98952,2.93,0.59,12.0,6,medium,white,94.68,0.07287705956907478,37.89473684210527,173.91304347826087
7.9,0.16,0.3,7.4,0.05,58.0,152.0,0.99612,3.12,0.37,9.5,6,medium,white,74.955,0.105396571276099,38.15789473684211,120.25316455696202
7.7,0.3,0.34,1.2,0.048,4.0,119.0,0.99084,3.18,0.34,12.1,6,medium,white,95.46900000000001,0.08065445327802742,3.361344537815126,157.14285714285714
7.3,0.32,0.35,1.4,0.05,8.0,163.0,0.99244,3.24,0.42,10.7,5,low,white,84.423,0.0864693270791135,4.9079754601226995,146.5753424657534
6.4,0.44,0.44,14.4,0.048,29.0,228.0,0.99955,3.26,0.54,8.8,7,medium,white,69.432,0.09217651803203135,12.719298245614036,137.5
6.3,0.2,0.24,1.7,0.052,36.0,135.0,0.99374,3.8,0.66,10.8,6,medium,white,85.212,0.0739332488381918,26.666666666666668,171.42857142857144
6.2,0.29,0.32,3.6,0.026,39.0,138.0,0.9892,3.31,0.37,13.1,7,medium,white,103.35900000000001,0.05998510047504329,28.26086956521739,211.29032258064515
7.6,0.39,0.32,3.6,0.035,22.0,93.0,0.99144,3.08,0.6,12.5,7,medium,white,98.625,0.07705956907477819,23.655913978494624,164.47368421052633
7.0,0.36,0.32,10.05,0.045,37.0,131.0,0.99352,3.09,0.33,11.7,8,high,white,92.313,0.0758289731673762,28.24427480916031,167.14285714285714
7.0,0.36,0.32,10.05,0.045,37.0,131.0,0.99352,3.09,0.33,11.7,8,high,white,92.313,0.0758289731673762,28.24427480916031,167.14285714285714
7.0,0.36,0.32,10.5,0.045,35.0,135.0,0.9935,3.09,0.33,11.6,8,high,white,91.524,0.07648267121192255,25.925925925925924,165.7142857142857
7.6,0.2,0.36,1.9,0.043,24.0,111.0,0.99237,3.29,0.54,11.3,6,medium,white,89.15700000000001,0.08524288614466613,21.62162162162162,148.6842105263158
7.6,0.39,0.32,3.6,0.035,22.0,93.0,0.99144,3.08,0.6,12.5,7,medium,white,98.625,0.07705956907477819,23.655913978494624,164.47368421052633
6.7,0.2,0.37,1.65,0.025,42.0,103.0,0.99022,3.11,0.45,11.4,5,low,white,89.946,0.07448913792720077,40.77669902912621,170.1492537313433
6.2,0.235,0.34,1.9,0.036,4.0,117.0,0.99032,3.4,0.44,12.2,5,low,white,96.25800000000001,0.06441023083795631,3.418803418803419,196.77419354838707
7.8,0.965,0.6,65.8,0.074,8.0,160.0,1.03898,3.39,0.69,11.7,6,medium,white,92.313,0.08449514152936206,5.0,150.0
7.1,0.2,0.31,6.85,0.053,32.0,211.0,0.99587,3.31,0.59,10.4,6,medium,white,82.056,0.08652627473920249,15.165876777251185,146.47887323943664
7.1,0.2,0.31,7.4,0.053,32.0,211.0,0.99587,3.31,0.59,10.4,6,medium,white,82.056,0.08652627473920249,15.165876777251185,146.47887323943664
7.1,0.2,0.31,7.4,0.053,32.0,211.0,0.99587,3.31,0.59,10.4,6,medium,white,82.056,0.08652627473920249,15.165876777251185,146.47887323943664
6.4,0.24,0.25,20.2,0.083,35.0,157.0,0.99976,3.17,0.5,9.1,5,low,white,71.799,0.08913773172328306,22.29299363057325,142.18749999999997
8.0,0.3,0.36,11.0,0.034,8.0,70.0,0.99354,3.05,0.41,12.2,6,medium,white,96.25800000000001,0.08310997527478235,11.428571428571429,152.5
6.4,0.24,0.25,20.2,0.083,35.0,157.0,0.99976,3.17,0.5,9.1,5,low,white,71.799,0.08913773172328306,22.29299363057325,142.18749999999997
6.9,0.4,0.42,6.2,0.066,41.0,176.0,0.99552,3.12,0.54,9.4,5,low,white,74.166,0.09303454413073377,23.295454545454543,136.23188405797103
6.9,0.4,0.43,6.2,0.065,42.0,178.0,0.99552,3.11,0.53,9.4,5,low,white,74.166,0.09303454413073377,23.595505617977526,136.23188405797103
7.1,0.2,0.31,6.85,0.053,32.0,211.0,0.99587,3.31,0.59,10.4,6,medium,white,82.056,0.08652627473920249,15.165876777251185,146.47887323943664
6.6,0.25,0.51,8.0,0.047,61.0,189.0,0.99604,3.22,0.49,9.2,5,low,white,72.58800000000001,0.09092411968920482,32.27513227513227,139.39393939393938
6.8,0.26,0.44,8.2,0.046,52.0,183.0,0.99584,3.2,0.51,9.4,5,low,white,74.166,0.09168621740420138,28.415300546448087,138.23529411764707
6.5,0.37,0.3,2.2,0.033,39.0,107.0,0.98894,3.22,0.53,13.5,7,medium,white,106.515,0.061024268882317045,36.44859813084112,207.6923076923077
6.8,0.35,0.53,10.1,0.053,37.0,151.0,0.9963,3.07,0.4,9.4,5,low,white,74.166,0.09168621740420138,24.503311258278146,138.23529411764707
6.4,0.22,0.32,7.2,0.028,15.0,83.0,0.993,3.13,0.55,10.9,8,high,white,86.001,0.07441773932861245,18.072289156626507,170.3125
6.5,0.37,0.3,2.2,0.033,39.0,107.0,0.98894,3.22,0.53,13.5,7,medium,white,106.515,0.061024268882317045,36.44859813084112,207.6923076923077
6.8,0.35,0.53,10.1,0.053,37.0,151.0,0.9963,3.07,0.4,9.4,5,low,white,74.166,0.09168621740420138,24.503311258278146,138.23529411764707
6.9,0.31,0.32,1.6,0.036,34.0,114.0,0.99068,3.19,0.45,11.4,7,medium,white,89.946,0.07671269428323661,29.82456140350877,165.2173913043478
6.7,0.16,0.37,1.3,0.036,45.0,125.0,0.98964,3.19,0.51,12.4,7,medium,white,97.836,0.06848194938468458,36.0,185.07462686567163
6.6,0.25,0.51,8.0,0.047,61.0,189.0,0.99604,3.22,0.49,9.2,5,low,white,72.58800000000001,0.09092411968920482,32.27513227513227,139.39393939393938
6.8,0.26,0.44,8.2,0.046,52.0,183.0,0.99584,3.2,0.51,9.4,5,low,white,74.166,0.09168621740420138,28.415300546448087,138.23529411764707
5.6,0.15,0.31,5.3,0.038,8.0,79.0,0.9923,3.3,0.39,10.5,6,medium,white,82.845,0.06759611322348964,10.126582278481013,187.50000000000003
5.5,0.15,0.32,14.0,0.031,16.0,99.0,0.99437,3.26,0.38,11.5,8,high,white,90.735,0.060616079792803215,16.161616161616163,209.0909090909091
6.4,0.22,0.32,7.2,0.028,15.0,83.0,0.993,3.13,0.55,10.9,8,high,white,86.001,0.07441773932861245,18.072289156626507,170.3125
7.3,0.2,0.26,1.6,0.04,36.0,123.0,0.99238,3.34,0.44,10.8,6,medium,white,85.212,0.0856686851617143,29.268292682926827,147.94520547945206
7.5,0.17,0.71,11.8,0.038,52.0,148.0,0.99801,3.03,0.46,8.9,5,low,white,70.221,0.1068056564275644,35.13513513513514,118.66666666666667
7.5,0.18,0.72,9.6,0.039,53.0,151.0,0.99802,3.03,0.46,8.9,5,low,white,70.221,0.1068056564275644,35.099337748344375,118.66666666666667
7.0,0.27,0.48,6.1,0.042,60.0,184.0,0.99566,3.2,0.5,9.4,6,medium,white,74.166,0.09438287085726614,32.608695652173914,134.2857142857143
5.8,0.32,0.31,2.7,0.049,25.0,153.0,0.99067,3.44,0.73,12.2,7,medium,white,96.25800000000001,0.0602547320742172,16.33986928104575,210.3448275862069
7.8,0.26,0.31,3.6,0.025,22.0,100.0,0.99066,2.99,0.47,12.1,7,medium,white,95.46900000000001,0.08170191371020959,22.0,155.12820512820514
7.4,0.3,0.32,1.7,0.03,23.0,128.0,0.9929,3.17,0.66,10.9,5,low,white,86.001,0.08604551109870816,17.96875,147.2972972972973
6.7,0.16,0.34,1.6,0.026,27.0,109.0,0.9934,3.34,0.58,10.1,6,medium,white,79.68900000000001,0.08407684874951372,24.770642201834864,150.7462686567164
5.8,0.32,0.31,2.7,0.049,25.0,153.0,0.99067,3.44,0.73,12.2,7,medium,white,96.25800000000001,0.0602547320742172,16.33986928104575,210.3448275862069
6.7,0.19,0.39,1.0,0.032,14.0,71.0,0.98912,3.31,0.38,13.0,7,medium,white,102.57000000000001,0.06532124402846835,19.718309859154928,194.02985074626866
6.6,0.36,0.24,0.9,0.038,15.0,72.0,0.99066,3.23,0.39,11.0,5,low,white,86.79,0.07604562737642584,20.833333333333336,166.66666666666669
7.2,0.17,0.41,1.6,0.052,24.0,126.0,0.99228,3.19,0.49,10.8,5,low,white,85.212,0.08449514152936206,19.047619047619047,150.0
6.7,0.19,0.39,1.0,0.032,14.0,71.0,0.98912,3.31,0.38,13.0,7,medium,white,102.57000000000001,0.06532124402846835,19.718309859154928,194.02985074626866
6.0,0.11,0.47,10.6,0.052,69.0,148.0,0.9958,2.91,0.34,9.3,4,low,white,73.37700000000001,0.08176949180260844,46.62162162162162,155.0
6.0,0.21,0.34,2.0,0.042,63.0,123.0,0.99052,3.44,0.42,11.4,6,medium,white,89.946,0.06670669068107532,51.21951219512195,190.0
6.7,0.325,0.82,1.2,0.152,49.0,120.0,0.99312,2.99,0.38,9.2,5,low,white,72.58800000000001,0.09230175786631398,40.833333333333336,137.3134328358209
6.6,0.4,0.46,6.2,0.056,42.0,241.0,0.9968,3.5,0.6,9.9,5,low,white,78.111,0.08449514152936205,17.42738589211618,150.00000000000003
6.5,0.2,0.24,9.2,0.044,25.0,150.0,0.99502,3.22,0.44,10.5,5,low,white,82.845,0.07845977427726478,16.666666666666664,161.53846153846155
7.6,0.27,0.34,5.0,0.04,18.0,56.0,0.99084,3.06,0.48,12.4,6,medium,white,97.836,0.07768101721247803,32.142857142857146,163.15789473684214
7.2,0.26,0.4,6.3,0.047,52.0,172.0,0.99573,3.18,0.53,9.5,6,medium,white,74.955,0.09605763458074845,30.23255813953488,131.94444444444443
6.3,0.25,0.22,3.3,0.048,41.0,161.0,0.99256,3.16,0.5,10.5,6,medium,white,82.845,0.07604562737642585,25.465838509316768,166.66666666666669
6.5,0.22,0.45,8.0,0.053,52.0,196.0,0.9959,3.23,0.48,9.1,6,medium,white,71.799,0.09053050878145934,26.53061224489796,140.0
6.4,0.14,0.31,1.2,0.034,53.0,138.0,0.99084,3.38,0.35,11.5,7,medium,white,90.735,0.07053507466798921,38.405797101449274,179.6875
6.4,0.14,0.31,1.2,0.034,53.0,138.0,0.99084,3.38,0.35,11.5,7,medium,white,90.735,0.07053507466798921,38.405797101449274,179.6875
7.1,0.26,0.32,16.2,0.044,31.0,170.0,0.99644,3.17,0.37,11.2,5,low,white,88.36800000000001,0.08034582654354516,18.235294117647058,157.74647887323943
6.6,0.22,0.34,11.6,0.05,59.0,140.0,0.99526,3.22,0.4,10.8,5,low,white,85.212,0.07745387973524855,42.142857142857146,163.63636363636365
6.6,0.45,0.43,7.2,0.064,31.0,186.0,0.9954,3.12,0.44,9.4,5,low,white,74.166,0.08898956395113664,16.666666666666664,142.42424242424244
6.6,0.17,0.3,1.1,0.031,13.0,73.0,0.99095,3.17,0.58,11.0,6,medium,white,86.79,0.07604562737642584,17.80821917808219,166.66666666666669
7.2,0.44,0.28,3.4,0.048,22.0,112.0,0.99188,3.21,0.37,11.3,7,medium,white,89.15700000000001,0.08075641845284161,19.642857142857142,156.94444444444443
6.2,0.15,0.27,1.4,0.041,51.0,117.0,0.9909,3.28,0.38,11.2,6,medium,white,88.36800000000001,0.07016114430563099,43.58974358974359,180.64516129032256
6.3,0.25,0.22,3.3,0.048,41.0,161.0,0.99256,3.16,0.5,10.5,6,medium,white,82.845,0.07604562737642585,25.465838509316768,166.66666666666669
6.5,0.22,0.45,8.0,0.053,52.0,196.0,0.9959,3.23,0.48,9.1,6,medium,white,71.799,0.09053050878145934,26.53061224489796,140.0
7.3,0.26,0.3,9.3,0.05,35.0,154.0,0.99581,3.21,0.5,10.4,6,medium,white,82.056,0.08896363459101102,22.727272727272727,142.46575342465755
6.9,0.15,0.29,2.3,0.033,14.0,82.0,0.99132,3.1,0.58,11.2,7,medium,white,88.36800000000001,0.07808256382400869,17.073170731707318,162.31884057971013
5.8,0.22,0.29,0.9,0.034,34.0,89.0,0.98936,3.14,0.36,11.1,7,medium,white,87.57900000000001,0.06622592173922971,38.20224719101123,191.3793103448276
6.5,0.37,0.33,3.5,0.036,23.0,92.0,0.99136,3.18,0.38,11.2,6,medium,white,88.36800000000001,0.07355603838493571,25.0,172.3076923076923
5.5,0.375,0.38,1.7,0.036,17.0,98.0,0.99142,3.29,0.39,10.5,6,medium,white,82.845,0.06638903977307019,17.346938775510203,190.9090909090909
5.9,0.2,0.4,1.3,0.047,23.0,92.0,0.99232,3.2,0.45,10.0,6,medium,white,78.9,0.07477820025348543,25.0,169.4915254237288
5.9,0.22,0.38,1.3,0.046,24.0,90.0,0.99232,3.2,0.47,10.0,6,medium,white,78.9,0.07477820025348543,26.666666666666668,169.4915254237288
8.0,0.22,0.31,5.6,0.049,24.0,97.0,0.993,3.1,0.42,10.9,5,low,white,86.001,0.09302217416076557,24.742268041237114,136.25
6.5,0.22,0.29,7.4,0.028,16.0,87.0,0.99311,3.15,0.56,10.9,7,medium,white,86.001,0.07558051650562202,18.39080459770115,167.6923076923077
6.9,0.15,0.29,2.3,0.033,14.0,82.0,0.99132,3.1,0.58,11.2,7,medium,white,88.36800000000001,0.07808256382400869,17.073170731707318,162.31884057971013
5.8,0.2,0.34,1.0,0.035,40.0,86.0,0.98993,3.5,0.42,11.7,5,low,white,92.313,0.06282972062439743,46.51162790697674,201.72413793103448
6.6,0.31,0.07,1.5,0.033,55.0,144.0,0.99208,3.16,0.42,10.0,5,low,white,78.9,0.08365019011406843,38.19444444444444,151.5151515151515
7.7,0.43,0.37,10.0,0.169,22.0,210.0,0.99776,3.02,0.64,9.5,5,low,white,74.955,0.10272830364885599,10.476190476190476,123.37662337662339
6.7,0.24,0.29,14.9,0.053,55.0,136.0,0.99839,3.03,0.52,9.0,5,low,white,71.01,0.09435290804112097,40.44117647058824,134.32835820895522
7.3,0.23,0.34,9.3,0.052,19.0,86.0,0.99574,3.04,0.56,10.0,5,low,white,78.9,0.09252217997465145,22.093023255813954,136.986301369863
7.9,0.2,0.39,1.0,0.041,37.0,154.0,0.99093,3.08,0.43,11.9,5,low,white,93.891,0.08414011992629751,24.025974025974026,150.63291139240508
5.3,0.16,0.39,1.0,0.028,40.0,101.0,0.99156,3.57,0.59,10.6,6,medium,white,83.634,0.06337135614702154,39.603960396039604,200.0
6.4,0.21,0.28,5.9,0.047,29.0,101.0,0.99278,3.15,0.4,11.0,6,medium,white,86.79,0.07374121442562508,28.71287128712871,171.875
6.9,0.33,0.26,5.0,0.027,46.0,143.0,0.9924,3.25,0.43,11.2,7,medium,white,88.36800000000001,0.07808256382400869,32.16783216783217,162.31884057971013
5.6,0.18,0.58,1.25,0.034,29.0,129.0,0.98984,3.51,0.6,12.0,7,medium,white,94.68,0.05914659907055343,22.48062015503876,214.28571428571428
6.6,0.29,0.31,3.9,0.027,39.0,96.0,0.99035,3.24,0.6,12.6,8,high,white,99.414,0.06638903977307019,40.625,190.9090909090909
6.9,0.33,0.26,5.0,0.027,46.0,143.0,0.9924,3.25,0.43,11.2,7,medium,white,88.36800000000001,0.07808256382400869,32.16783216783217,162.31884057971013
6.6,0.21,0.36,0.8,0.034,48.0,113.0,0.99165,3.24,0.68,10.5,6,medium,white,82.845,0.07966684772768423,42.47787610619469,159.0909090909091
7.3,0.21,0.33,1.0,0.037,66.0,144.0,0.9923,3.11,0.52,10.2,6,medium,white,80.47800000000001,0.09070801958299161,45.83333333333333,139.72602739726028
6.4,0.21,0.28,5.9,0.047,29.0,101.0,0.99278,3.15,0.4,11.0,6,medium,white,86.79,0.07374121442562508,28.71287128712871,171.875
5.1,0.11,0.32,1.6,0.028,12.0,90.0,0.99008,3.57,0.52,12.2,6,medium,white,96.25800000000001,0.05298260923767374,13.333333333333334,239.2156862745098
6.5,0.15,0.32,1.3,0.036,19.0,76.0,0.98964,3.18,0.41,12.3,6,medium,white,97.04700000000001,0.06697785609034797,25.0,189.23076923076925
5.3,0.16,0.39,1.0,0.028,40.0,101.0,0.99156,3.57,0.59,10.6,6,medium,white,83.634,0.06337135614702154,39.603960396039604,200.0
5.6,0.19,0.46,1.1,0.032,33.0,115.0,0.9909,3.36,0.5,10.4,6,medium,white,82.056,0.06824607585063859,28.695652173913043,185.71428571428575
5.6,0.18,0.58,1.25,0.034,29.0,129.0,0.98984,3.51,0.6,12.0,7,medium,white,94.68,0.05914659907055343,22.48062015503876,214.28571428571428
6.7,0.48,0.32,1.4,0.021,22.0,121.0,0.9889,3.15,0.53,12.7,7,medium,white,100.203,0.06686426554095187,18.181818181818183,189.55223880597015
6.2,0.23,0.23,1.2,0.018,18.0,128.0,0.99178,3.05,0.28,10.6,5,low,white,83.634,0.07413252983236483,14.0625,170.96774193548384
6.0,0.17,0.29,5.0,0.028,25.0,108.0,0.99076,3.14,0.34,12.3,6,medium,white,97.04700000000001,0.061825713314167356,23.14814814814815,205.00000000000003
6.7,0.48,0.32,1.4,0.021,22.0,121.0,0.9889,3.15,0.53,12.7,7,medium,white,100.203,0.06686426554095187,18.181818181818183,189.55223880597015
6.7,0.15,0.38,1.7,0.037,20.0,84.0,0.99046,3.09,0.53,11.4,6,medium,white,89.946,0.07448913792720077,23.809523809523807,170.1492537313433
4.2,0.17,0.36,1.8,0.029,93.0,161.0,0.98999,3.65,0.89,12.0,7,medium,white,94.68,0.04435994930291508,57.7639751552795,285.7142857142857
5.8,0.21,0.32,1.6,0.045,38.0,95.0,0.98946,3.23,0.94,12.4,8,high,white,97.836,0.059282881556891126,40.0,213.7931034482759
5.4,0.23,0.36,1.5,0.03,74.0,121.0,0.98976,3.24,0.99,12.1,7,medium,white,95.46900000000001,0.05656286333783741,61.15702479338842,224.07407407407405
6.7,0.15,0.38,1.7,0.037,20.0,84.0,0.99046,3.09,0.53,11.4,6,medium,white,89.946,0.07448913792720077,23.809523809523807,170.1492537313433
6.4,0.22,0.31,13.9,0.04,57.0,135.0,0.99672,3.21,0.38,10.7,5,low,white,84.423,0.07580872511045568,42.22222222222222,167.18749999999997
6.5,0.15,0.55,5.9,0.045,75.0,162.0,0.99482,2.97,0.4,9.3,5,low,white,73.37700000000001,0.08858361611949248,46.2962962962963,143.07692307692307
5.9,0.32,0.33,2.1,0.027,35.0,138.0,0.98945,3.37,0.42,12.7,6,medium,white,100.203,0.05888047264053971,25.36231884057971,215.25423728813556
5.7,0.37,0.3,1.1,0.029,24.0,88.0,0.98883,3.18,0.39,11.7,6,medium,white,92.313,0.0617464495791492,27.27272727272727,205.26315789473682
7.9,0.25,0.35,6.7,0.039,22.0,64.0,0.99362,2.93,0.49,10.7,5,low,white,84.423,0.09357639505821873,34.375,135.44303797468353
7.2,0.21,0.28,2.7,0.033,38.0,94.0,0.99075,2.99,0.43,11.8,7,medium,white,93.102,0.07733453631500935,40.42553191489361,163.88888888888889
7.0,0.24,0.3,6.7,0.039,37.0,125.0,0.99436,3.2,0.39,9.9,5,low,white,78.111,0.08961605919780824,29.599999999999998,141.42857142857144
6.8,0.475,0.33,3.95,0.047,16.0,81.0,0.98988,3.23,0.53,13.4,7,medium,white,105.726,0.06431719728354425,19.753086419753085,197.05882352941177
7.0,0.28,0.32,7.75,0.032,30.0,114.0,0.99158,3.12,0.64,12.8,7,medium,white,100.992,0.06931242078580481,26.31578947368421,182.85714285714286
6.9,0.4,0.3,10.6,0.033,24.0,87.0,0.99265,3.15,0.45,12.8,6,medium,white,100.992,0.0683222433460076,27.586206896551722,185.5072463768116
6.6,0.41,0.31,1.6,0.042,18.0,101.0,0.99195,3.13,0.41,10.5,5,low,white,82.845,0.07966684772768423,17.82178217821782,159.0909090909091
6.4,0.2,0.28,2.5,0.032,24.0,84.0,0.99168,3.31,0.55,11.5,5,low,white,90.735,0.07053507466798921,28.57142857142857,179.6875
8.5,0.22,0.34,0.7,0.04,5.0,25.0,0.9918,3.04,0.37,10.5,4,low,white,82.845,0.10260124328565394,20.0,123.52941176470588
8.4,0.36,0.36,11.1,0.032,21.0,132.0,0.99313,2.95,0.39,13.0,6,medium,white,102.57000000000001,0.0818952910207663,15.909090909090908,154.76190476190476
5.2,0.285,0.29,5.15,0.035,64.0,138.0,0.9895,3.19,0.34,12.4,8,high,white,97.836,0.053150169671695495,46.3768115942029,238.46153846153845
6.9,0.2,0.3,4.7,0.041,40.0,148.0,0.9932,3.16,0.35,10.2,6,medium,white,80.47800000000001,0.08573771714008797,27.027027027027028,147.82608695652172
6.7,0.42,0.46,9.7,0.054,67.0,234.0,0.99848,3.23,0.5,9.0,5,low,white,71.01,0.09435290804112097,28.63247863247863,134.32835820895522
6.2,0.16,0.34,1.7,0.038,85.0,153.0,0.9909,3.33,0.86,12.0,7,medium,white,94.68,0.06548373468525559,55.55555555555556,193.54838709677418
6.4,0.125,0.36,1.4,0.044,22.0,68.0,0.99014,3.15,0.5,11.7,7,medium,white,92.313,0.06932934689588682,32.35294117647059,182.81249999999997
6.4,0.44,0.26,2.0,0.054,20.0,180.0,0.9952,3.58,0.57,10.0,5,low,white,78.9,0.08111533586818757,11.11111111111111,156.25
7.0,0.31,0.39,7.5,0.055,42.0,218.0,0.99652,3.37,0.54,10.3,5,low,white,81.26700000000001,0.08613582388915549,19.26605504587156,147.14285714285717
6.7,0.42,0.46,9.7,0.054,67.0,234.0,0.99848,3.23,0.5,9.0,5,low,white,71.01,0.09435290804112097,28.63247863247863,134.32835820895522
8.6,0.18,0.28,0.8,0.032,25.0,78.0,0.99104,2.99,0.38,11.1,5,low,white,87.57900000000001,0.0981970563719613,32.05128205128205,129.06976744186048
6.2,0.21,0.26,13.1,0.05,59.0,150.0,0.99772,3.31,0.46,9.0,5,low,white,71.01,0.08731164624700746,39.33333333333333,145.16129032258064
6.1,0.16,0.37,1.1,0.031,37.0,97.0,0.9922,3.4,0.58,10.5,6,medium,white,82.845,0.07363148047558693,38.144329896907216,172.13114754098362
6.5,0.22,0.32,2.2,0.028,36.0,92.0,0.99076,3.27,0.59,11.9,7,medium,white,93.891,0.06922921259758656,39.130434782608695,183.0769230769231
6.2,0.36,0.14,8.9,0.036,38.0,155.0,0.99622,3.27,0.5,9.4,5,low,white,74.166,0.08359625704500716,24.516129032258064,151.61290322580646
5.7,0.21,0.25,1.1,0.035,26.0,81.0,0.9902,3.31,0.52,11.4,6,medium,white,89.946,0.06337135614702155,32.098765432098766,200.0
6.4,0.25,0.32,0.9,0.034,40.0,114.0,0.99114,3.31,0.58,10.8,7,medium,white,85.212,0.07510679247054405,35.08771929824561,168.75
7.6,0.31,0.26,1.7,0.073,40.0,157.0,0.9938,3.1,0.46,9.8,5,low,white,77.322,0.098290266677013,25.477707006369428,128.94736842105266
6.6,0.26,0.46,6.9,0.047,59.0,183.0,0.99594,3.2,0.45,9.3,5,low,white,73.37700000000001,0.08994644098286927,32.240437158469945,140.9090909090909
5.7,0.21,0.25,1.1,0.035,26.0,81.0,0.9902,3.31,0.52,11.4,6,medium,white,89.946,0.06337135614702155,32.098765432098766,200.0
6.2,0.2,0.31,1.0,0.031,22.0,73.0,0.99035,3.24,0.52,11.3,6,medium,white,89.15700000000001,0.06954024922328027,30.136986301369863,182.25806451612905
6.2,0.18,0.3,1.0,0.031,23.0,73.0,0.99032,3.23,0.52,11.3,6,medium,white,89.15700000000001,0.06954024922328027,31.506849315068493,182.25806451612905
6.1,0.37,0.2,7.6,0.031,49.0,170.0,0.99558,3.22,0.48,9.5,5,low,white,74.955,0.08138216263091187,28.823529411764703,155.73770491803282
6.2,0.36,0.14,8.9,0.036,38.0,155.0,0.99622,3.27,0.5,9.4,5,low,white,74.166,0.08359625704500716,24.516129032258064,151.61290322580646
6.5,0.22,0.32,2.2,0.028,36.0,92.0,0.99076,3.27,0.59,11.9,7,medium,white,93.891,0.06922921259758656,39.130434782608695,183.0769230769231
7.7,0.18,0.3,1.2,0.046,49.0,199.0,0.99413,3.03,0.38,9.3,5,low,white,73.37700000000001,0.10493751448001416,24.623115577889447,120.7792207792208
6.9,0.14,0.38,1.0,0.041,22.0,81.0,0.99043,3.03,0.54,11.4,6,medium,white,89.946,0.07671269428323661,27.160493827160494,165.2173913043478
6.9,0.14,0.38,1.0,0.041,22.0,81.0,0.99043,3.03,0.54,11.4,6,medium,white,89.946,0.07671269428323661,27.160493827160494,165.2173913043478
6.0,0.44,0.26,3.1,0.053,57.0,128.0,0.98982,3.22,0.39,12.7,6,medium,white,100.203,0.05987844675309122,44.53125,211.66666666666666
7.1,0.36,0.4,1.95,0.033,26.0,118.0,0.98934,3.2,0.45,13.5,7,medium,white,106.515,0.06665727831760784,22.033898305084744,190.14084507042256
5.7,0.28,0.28,2.2,0.019,15.0,65.0,0.9902,3.06,0.52,11.2,6,medium,white,88.36800000000001,0.06450298750678979,23.076923076923077,196.49122807017542
6.4,0.16,0.32,8.75,0.038,38.0,118.0,0.99449,3.19,0.41,10.7,5,low,white,84.423,0.07580872511045568,32.20338983050847,167.18749999999997
7.4,0.28,0.4,11.9,0.032,13.0,92.0,0.99629,3.01,0.46,10.8,4,low,white,85.212,0.08684222879406657,14.130434782608695,145.94594594594594
6.7,0.39,0.31,2.7,0.054,27.0,202.0,0.9948,3.46,0.57,10.5,6,medium,white,82.845,0.08087392117810369,13.366336633663368,156.71641791044775
6.5,0.44,0.47,5.45,0.014,44.0,137.0,0.98984,3.13,0.32,13.0,8,high,white,102.57000000000001,0.06337135614702154,32.11678832116788,200.0
6.9,0.22,0.31,6.3,0.029,41.0,131.0,0.99326,3.08,0.49,10.8,6,medium,white,85.212,0.0809745106323053,31.297709923664126,156.52173913043478
6.6,0.22,0.29,14.4,0.046,39.0,118.0,0.99834,3.05,0.5,9.1,6,medium,white,71.799,0.09192328583963563,33.05084745762712,137.87878787878788
7.7,0.25,0.3,7.8,0.038,67.0,196.0,0.99555,3.1,0.5,10.1,5,low,white,79.68900000000001,0.09662563214496354,34.183673469387756,131.16883116883116
5.2,0.155,0.33,1.6,0.028,13.0,59.0,0.98975,3.3,0.84,11.9,8,high,white,93.891,0.05538337007806925,22.033898305084744,228.84615384615384
7.0,0.31,0.31,9.1,0.036,45.0,140.0,0.99216,2.98,0.31,12.0,7,medium,white,94.68,0.0739332488381918,32.142857142857146,171.42857142857142
7.0,0.31,0.31,9.1,0.036,45.0,140.0,0.99216,2.98,0.31,12.0,7,medium,white,94.68,0.0739332488381918,32.142857142857146,171.42857142857142
6.6,0.22,0.29,14.4,0.046,39.0,118.0,0.99834,3.05,0.5,9.1,6,medium,white,71.799,0.09192328583963563,33.05084745762712,137.87878787878788
5.6,0.21,0.4,1.3,0.041,81.0,147.0,0.9901,3.22,0.95,11.6,8,high,white,91.524,0.06118613696953804,55.10204081632652,207.14285714285717
5.2,0.155,0.33,1.6,0.028,13.0,59.0,0.98975,3.3,0.84,11.9,8,high,white,93.891,0.05538337007806925,22.033898305084744,228.84615384615384
6.4,0.25,0.32,11.3,0.038,69.0,192.0,0.99573,3.14,0.5,10.2,6,medium,white,80.47800000000001,0.07952483908645841,35.9375,159.37499999999997
6.9,0.22,0.31,6.3,0.029,41.0,131.0,0.99326,3.08,0.49,10.8,6,medium,white,85.212,0.0809745106323053,31.297709923664126,156.52173913043478
5.3,0.21,0.29,0.7,0.028,11.0,66.0,0.99215,3.3,0.4,9.8,5,low,white,77.322,0.06854452807739064,16.666666666666664,184.90566037735852
7.1,0.27,0.28,1.25,0.023,3.0,89.0,0.98993,2.95,0.3,11.4,4,low,white,89.946,0.07893625063927245,3.3707865168539324,160.56338028169014
5.2,0.17,0.27,0.7,0.03,11.0,68.0,0.99218,3.3,0.41,9.8,5,low,white,77.322,0.06725123509479837,16.176470588235293,188.46153846153845
7.7,0.25,0.3,7.8,0.038,67.0,196.0,0.99555,3.1,0.5,10.1,5,low,white,79.68900000000001,0.09662563214496354,34.183673469387756,131.16883116883116
7.0,0.12,0.29,10.3,0.039,41.0,98.0,0.99564,3.19,0.38,9.8,8,high,white,77.322,0.09053050878145935,41.83673469387755,140.0
7.0,0.12,0.29,10.3,0.039,41.0,98.0,0.99564,3.19,0.38,9.8,8,high,white,77.322,0.09053050878145935,41.83673469387755,140.0
7.1,0.29,0.34,7.8,0.036,49.0,128.0,0.99397,3.21,0.4,10.7,6,medium,white,84.423,0.08410030441941177,38.28125,150.70422535211267
7.2,0.3,0.3,8.7,0.022,14.0,111.0,0.99576,3.11,0.61,10.6,5,low,white,83.634,0.08608938948274625,12.612612612612612,147.2222222222222
6.8,0.26,0.46,8.3,0.037,49.0,173.0,0.99601,3.17,0.47,9.3,5,low,white,73.37700000000001,0.09267209070962289,28.32369942196532,136.76470588235296
7.0,0.12,0.29,10.3,0.039,41.0,98.0,0.99564,3.19,0.38,9.8,8,high,white,77.322,0.09053050878145935,41.83673469387755,140.0
7.1,0.29,0.34,7.8,0.036,49.0,128.0,0.99397,3.21,0.4,10.7,6,medium,white,84.423,0.08410030441941177,38.28125,150.70422535211267
4.9,0.33,0.31,1.2,0.016,39.0,150.0,0.98713,3.33,0.59,14.0,8,high,white,110.46000000000001,0.044359949302915085,26.0,285.71428571428567
5.1,0.29,0.28,8.3,0.026,27.0,107.0,0.99308,3.36,0.37,11.0,6,medium,white,86.79,0.05876253024541997,25.233644859813083,215.68627450980395
5.1,0.29,0.28,8.3,0.026,27.0,107.0,0.99308,3.36,0.37,11.0,6,medium,white,86.79,0.05876253024541997,25.233644859813083,215.68627450980395
6.8,0.26,0.48,6.2,0.049,55.0,182.0,0.99582,3.21,0.45,9.4,6,medium,white,74.166,0.09168621740420138,30.21978021978022,138.23529411764707
6.0,0.28,0.52,5.0,0.078,30.0,139.0,0.99494,3.1,0.36,9.0,6,medium,white,71.01,0.08449514152936205,21.58273381294964,150.0
6.0,0.28,0.25,1.8,0.042,8.0,108.0,0.9929,3.08,0.55,9.0,5,low,white,71.01,0.08449514152936205,7.4074074074074066,150.0
7.2,0.2,0.22,1.6,0.044,17.0,101.0,0.99471,3.37,0.53,10.0,5,low,white,78.9,0.09125475285171102,16.831683168316832,138.88888888888889
6.1,0.27,0.25,1.8,0.041,9.0,109.0,0.9929,3.08,0.54,9.0,5,low,white,71.01,0.08590339388818476,8.256880733944955,147.54098360655738
6.0,0.28,0.25,1.8,0.042,8.0,108.0,0.9929,3.08,0.55,9.0,5,low,white,71.01,0.08449514152936205,7.4074074074074066,150.0
6.4,0.29,0.3,2.9,0.036,25.0,79.0,0.99037,3.29,0.6,12.4,7,medium,white,97.836,0.06541559344208676,31.645569620253166,193.75
7.4,0.35,0.24,6.0,0.042,28.0,123.0,0.99304,3.14,0.44,11.3,5,low,white,89.15700000000001,0.08299965229875388,22.76422764227642,152.7027027027027
8.1,0.12,0.38,0.9,0.034,36.0,86.0,0.99026,2.8,0.55,12.0,6,medium,white,94.68,0.08555133079847908,41.86046511627907,148.14814814814815
6.4,0.12,0.3,1.1,0.031,37.0,94.0,0.98986,3.01,0.56,11.7,6,medium,white,92.313,0.06932934689588682,39.361702127659576,182.81249999999997
7.2,0.2,0.22,1.6,0.044,17.0,101.0,0.99471,3.37,0.53,10.0,5,low,white,78.9,0.09125475285171102,16.831683168316832,138.88888888888889
7.3,0.4,0.26,5.45,0.016,26.0,90.0,0.98951,2.84,0.54,13.2,7,medium,white,104.14800000000001,0.07009256058685716,28.888888888888886,180.82191780821915
7.7,0.11,0.34,14.05,0.04,41.0,114.0,0.99634,3.07,0.59,11.0,7,medium,white,86.79,0.08871989860583016,35.96491228070175,142.85714285714286
6.9,0.23,0.41,8.0,0.03,30.0,114.0,0.99368,3.22,0.54,11.0,6,medium,white,86.79,0.07950224680262703,26.31578947368421,159.42028985507247
6.9,0.38,0.38,13.1,0.112,14.0,94.0,0.99792,3.02,0.48,9.2,5,low,white,72.58800000000001,0.09505703422053231,14.893617021276595,133.33333333333331
7.5,0.38,0.29,4.9,0.021,38.0,113.0,0.99026,3.08,0.48,13.0,7,medium,white,102.57000000000001,0.07312079555425563,33.6283185840708,173.33333333333334
5.8,0.19,0.24,1.3,0.044,38.0,128.0,0.99362,3.77,0.6,10.6,5,low,white,83.634,0.06934978597221225,29.6875,182.75862068965517
5.5,0.34,0.26,2.2,0.021,31.0,119.0,0.98919,3.55,0.49,13.0,8,high,white,102.57000000000001,0.05362191673978746,26.05042016806723,236.36363636363637
6.6,0.23,0.3,14.9,0.051,33.0,118.0,0.99835,3.04,0.54,9.0,6,medium,white,71.01,0.09294465568229826,27.966101694915253,136.36363636363637
6.6,0.23,0.3,14.9,0.051,33.0,118.0,0.99835,3.04,0.54,9.0,6,medium,white,71.01,0.09294465568229826,27.966101694915253,136.36363636363637
8.4,0.31,0.31,0.95,0.021,52.0,148.0,0.99038,2.93,0.32,11.5,5,low,white,90.735,0.09257728550173583,35.13513513513514,136.9047619047619
6.7,0.2,0.3,1.4,0.025,17.0,76.0,0.99104,3.11,0.44,11.0,6,medium,white,86.79,0.07719783385182624,22.36842105263158,164.17910447761193
8.4,0.31,0.31,0.95,0.021,52.0,148.0,0.99038,2.93,0.32,11.5,5,low,white,90.735,0.09257728550173583,35.13513513513514,136.9047619047619
7.3,0.26,0.24,1.7,0.05,10.0,112.0,0.99286,3.11,0.43,9.9,5,low,white,78.111,0.09345674744914288,8.928571428571429,135.6164383561644
6.3,0.22,0.22,5.6,0.039,31.0,128.0,0.99296,3.12,0.46,10.4,6,medium,white,82.056,0.07677683533196841,24.21875,165.0793650793651
6.6,0.23,0.3,14.9,0.051,33.0,118.0,0.99835,3.04,0.54,9.0,6,medium,white,71.01,0.09294465568229826,27.966101694915253,136.36363636363637
7.5,0.19,0.4,7.1,0.056,50.0,110.0,0.9954,3.06,0.52,9.9,6,medium,white,78.111,0.09601720628336598,45.45454545454545,132.0
8.0,0.14,0.33,1.2,0.045,71.0,162.0,0.9914,3.07,0.47,11.0,6,medium,white,86.79,0.09217651803203133,43.82716049382716,137.5
6.8,0.32,0.39,9.6,0.026,34.0,124.0,0.99286,3.18,0.35,12.1,6,medium,white,95.46900000000001,0.07122730938838785,27.419354838709676,177.94117647058823
6.6,0.23,0.2,11.4,0.044,45.0,131.0,0.99604,2.96,0.51,9.7,6,medium,white,76.533,0.08623730939594684,34.35114503816794,146.96969696969697
6.6,0.23,0.2,11.4,0.044,45.0,131.0,0.99604,2.96,0.51,9.7,6,medium,white,76.533,0.08623730939594684,34.35114503816794,146.96969696969697
6.7,0.36,0.26,7.9,0.034,39.0,123.0,0.99119,2.99,0.3,12.2,7,medium,white,96.25800000000001,0.06960460429263021,31.70731707317073,182.08955223880596
6.1,0.38,0.42,5.0,0.016,31.0,113.0,0.99007,3.15,0.31,12.4,7,medium,white,97.836,0.06234923749948894,27.43362831858407,203.27868852459017
8.5,0.23,0.28,11.1,0.033,30.0,97.0,0.99507,3.03,0.39,10.5,7,medium,white,82.845,0.10260124328565394,30.927835051546392,123.52941176470588
7.0,0.2,0.31,8.0,0.05,29.0,213.0,0.99596,3.28,0.57,10.4,6,medium,white,82.056,0.08530759481329823,13.615023474178404,148.57142857142858
6.0,0.26,0.32,3.8,0.029,48.0,180.0,0.99011,3.15,0.34,12.0,6,medium,white,94.68,0.06337135614702154,26.666666666666668,200.0
6.9,0.3,0.3,10.55,0.037,4.0,28.0,0.99184,3.07,0.32,12.7,6,medium,white,100.203,0.0688602137660549,14.285714285714285,184.05797101449272
6.7,0.18,0.28,10.2,0.039,29.0,115.0,0.99469,3.11,0.45,10.9,7,medium,white,86.001,0.07790607085964117,25.217391304347824,162.6865671641791
6.7,0.18,0.28,10.2,0.039,29.0,115.0,0.99469,3.11,0.45,10.9,7,medium,white,86.001,0.07790607085964117,25.217391304347824,162.6865671641791
6.8,0.18,0.28,9.8,0.039,29.0,113.0,0.99406,3.11,0.45,10.9,7,medium,white,86.001,0.07906884803665074,25.663716814159294,160.29411764705884
7.2,0.19,0.31,6.3,0.034,17.0,103.0,0.99305,3.15,0.52,11.4,7,medium,white,89.946,0.08004802881729038,16.50485436893204,158.33333333333331
6.2,0.16,0.32,1.1,0.036,74.0,184.0,0.99096,3.22,0.41,11.0,6,medium,white,86.79,0.07143680147482429,40.21739130434783,177.41935483870967
5.0,0.27,0.32,4.5,0.032,58.0,178.0,0.98956,3.45,0.31,12.6,7,medium,white,99.414,0.05029472710081075,32.58426966292135,252.0
6.3,0.37,0.28,6.3,0.034,45.0,152.0,0.9921,3.29,0.46,11.6,7,medium,white,91.524,0.0688344040907303,29.605263157894733,184.12698412698413
6.6,0.2,0.27,10.9,0.038,29.0,130.0,0.99496,3.11,0.44,10.5,7,medium,white,82.845,0.07966684772768423,22.30769230769231,159.0909090909091
6.8,0.18,0.28,9.8,0.039,29.0,113.0,0.99406,3.11,0.45,10.9,7,medium,white,86.001,0.07906884803665074,25.663716814159294,160.29411764705884
6.8,0.18,0.28,9.8,0.039,29.0,113.0,0.99406,3.11,0.45,10.9,7,medium,white,86.001,0.07906884803665074,25.663716814159294,160.29411764705884
6.6,0.28,0.34,0.8,0.037,42.0,119.0,0.9888,3.03,0.37,12.5,6,medium,white,98.625,0.06692015209125475,35.294117647058826,189.3939393939394
6.5,0.35,0.36,0.8,0.034,32.0,111.0,0.98942,3.11,0.5,12.1,8,high,white,95.46900000000001,0.06808492809184133,28.82882882882883,186.15384615384616
6.9,0.25,0.33,1.2,0.035,35.0,158.0,0.99082,3.02,0.58,11.3,6,medium,white,89.15700000000001,0.0773915676839732,22.151898734177212,163.76811594202897
6.0,0.32,0.3,1.3,0.025,18.0,112.0,0.98802,3.07,0.64,13.3,7,medium,white,104.937,0.0571771634409217,16.071428571428573,221.66666666666669
6.8,0.18,0.28,9.8,0.039,29.0,113.0,0.99406,3.11,0.45,10.9,7,medium,white,86.001,0.07906884803665074,25.663716814159294,160.29411764705884
6.7,0.18,0.28,10.2,0.039,29.0,115.0,0.99469,3.11,0.45,10.9,7,medium,white,86.001,0.07790607085964117,25.217391304347824,162.6865671641791
6.6,0.2,0.27,10.9,0.038,29.0,130.0,0.99496,3.11,0.44,10.5,7,medium,white,82.845,0.07966684772768423,22.30769230769231,159.0909090909091
6.3,0.37,0.28,6.3,0.034,45.0,152.0,0.9921,3.29,0.46,11.6,7,medium,white,91.524,0.0688344040907303,29.605263157894733,184.12698412698413
7.2,0.19,0.31,6.3,0.034,17.0,103.0,0.99305,3.15,0.52,11.4,7,medium,white,89.946,0.08004802881729038,16.50485436893204,158.33333333333331
6.3,0.18,0.36,1.2,0.034,26.0,111.0,0.99074,3.16,0.51,11.0,6,medium,white,86.79,0.07258900795022467,23.423423423423422,174.6031746031746
6.9,0.3,0.36,0.9,0.037,40.0,156.0,0.98968,3.08,0.36,12.1,6,medium,white,95.46900000000001,0.07227476982057003,25.64102564102564,175.3623188405797
6.2,0.16,0.32,1.1,0.036,74.0,184.0,0.99096,3.22,0.41,11.0,6,medium,white,86.79,0.07143680147482429,40.21739130434783,177.41935483870967
5.0,0.27,0.32,4.5,0.032,58.0,178.0,0.98956,3.45,0.31,12.6,7,medium,white,99.414,0.05029472710081075,32.58426966292135,252.0
5.0,0.3,0.33,3.7,0.03,54.0,173.0,0.9887,3.36,0.3,13.0,7,medium,white,102.57000000000001,0.04874719703617042,31.213872832369944,260.0
6.5,0.2,0.5,18.1,0.054,50.0,221.0,0.99941,2.94,0.64,8.8,6,medium,white,69.432,0.09361677612628183,22.624434389140273,135.3846153846154
6.7,0.25,0.31,1.35,0.061,30.5,218.0,0.99388,3.16,0.53,9.5,5,low,white,74.955,0.08938696551264093,13.990825688073393,141.79104477611938
6.6,0.22,0.36,5.5,0.029,30.0,105.0,0.99206,3.2,0.47,11.8,6,medium,white,93.102,0.07088999162209189,28.57142857142857,178.7878787878788
6.8,0.25,0.37,3.1,0.026,29.0,93.0,0.99035,3.14,0.45,12.2,6,medium,white,96.25800000000001,0.07064347898356499,31.182795698924732,179.41176470588235
7.0,0.13,0.37,12.85,0.042,36.0,105.0,0.99581,3.05,0.55,10.7,6,medium,white,84.423,0.0829157930895609,34.285714285714285,152.85714285714283
7.0,0.45,0.34,19.8,0.04,12.0,67.0,0.9976,3.07,0.38,11.0,6,medium,white,86.79,0.08065445327802742,17.91044776119403,157.14285714285714
7.2,0.32,0.3,8.25,0.02,14.0,104.0,0.99362,2.99,0.44,11.4,6,medium,white,89.946,0.08004802881729038,13.461538461538462,158.33333333333331
7.0,0.13,0.37,12.85,0.042,36.0,105.0,0.99581,3.05,0.55,10.7,6,medium,white,84.423,0.0829157930895609,34.285714285714285,152.85714285714283
5.9,0.34,0.3,3.8,0.035,57.0,135.0,0.99016,3.09,0.34,12.0,6,medium,white,94.68,0.06231516687790452,42.22222222222222,203.38983050847457
6.8,0.22,0.31,6.9,0.037,33.0,121.0,0.99176,3.02,0.39,11.9,8,high,white,93.891,0.07242440702516748,27.27272727272727,175.0
7.2,0.32,0.3,8.25,0.02,14.0,104.0,0.99362,2.99,0.44,11.4,6,medium,white,89.946,0.08004802881729038,13.461538461538462,158.33333333333331
8.4,0.32,0.35,11.7,0.029,3.0,46.0,0.99439,3.02,0.34,11.8,6,medium,white,93.102,0.09022362570084423,6.521739130434782,140.47619047619048
6.8,0.27,0.29,4.6,0.046,6.0,88.0,0.99458,3.34,0.48,10.6,4,low,white,83.634,0.08130664562259368,6.8181818181818175,155.88235294117646
8.0,0.74,0.21,4.0,0.05,24.0,133.0,0.99418,3.06,0.38,9.7,5,low,white,76.533,0.10453007199508708,18.045112781954884,121.24999999999999
7.0,0.45,0.34,19.8,0.04,12.0,67.0,0.9976,3.07,0.38,11.0,6,medium,white,86.79,0.08065445327802742,17.91044776119403,157.14285714285714
7.0,0.13,0.37,12.85,0.042,36.0,105.0,0.99581,3.05,0.55,10.7,6,medium,white,84.423,0.0829157930895609,34.285714285714285,152.85714285714283
5.4,0.22,0.29,1.2,0.045,69.0,152.0,0.99178,3.76,0.63,11.0,7,medium,white,86.79,0.062219149671621156,45.39473684210527,203.70370370370367
8.4,0.22,0.3,8.9,0.024,17.0,118.0,0.99456,2.99,0.34,10.5,6,medium,white,82.845,0.10139416983523449,14.40677966101695,125.0
7.4,0.32,0.22,11.7,0.035,44.0,150.0,0.99578,3.1,0.45,10.4,5,low,white,82.056,0.09018231451691529,29.333333333333332,140.54054054054055
7.5,0.18,0.37,6.2,0.05,21.0,138.0,0.99546,3.2,0.55,10.5,6,medium,white,82.845,0.09053050878145935,15.217391304347828,140.0
7.1,0.47,0.29,14.8,0.024,22.0,142.0,0.99518,3.12,0.48,12.0,8,high,white,94.68,0.07498943810730882,15.492957746478872,169.01408450704227
7.1,0.47,0.29,14.8,0.024,22.0,142.0,0.99518,3.12,0.48,12.0,8,high,white,94.68,0.07498943810730882,15.492957746478872,169.01408450704227
5.8,0.19,0.25,10.8,0.042,33.0,124.0,0.99646,3.22,0.41,9.2,6,medium,white,72.58800000000001,0.0799030142723315,26.61290322580645,158.62068965517238
6.7,0.14,0.46,1.6,0.036,15.0,92.0,0.99264,3.37,0.49,10.9,5,low,white,86.001,0.07790607085964117,16.304347826086957,162.6865671641791
6.8,0.24,0.38,8.3,0.045,50.0,185.0,0.99578,3.15,0.5,9.5,6,medium,white,74.955,0.09072109932626242,27.027027027027028,139.7058823529412
6.9,0.25,0.47,8.4,0.042,36.0,156.0,0.99604,3.15,0.55,9.4,6,medium,white,74.166,0.09303454413073377,23.076923076923077,136.23188405797103
6.0,0.24,0.33,2.5,0.026,31.0,85.0,0.99014,3.13,0.5,11.3,7,medium,white,89.15700000000001,0.067297015377368,36.470588235294116,188.33333333333334
6.8,0.29,0.34,3.5,0.054,26.0,189.0,0.99489,3.42,0.58,10.4,5,low,white,82.056,0.08287023496148971,13.756613756613756,152.94117647058826
6.3,0.33,0.42,17.2,0.037,57.0,170.0,0.99884,3.26,0.57,9.4,6,medium,white,74.166,0.08494458377153952,33.52941176470588,149.20634920634922
6.5,0.23,0.45,2.1,0.027,43.0,104.0,0.99054,3.02,0.52,11.3,6,medium,white,89.15700000000001,0.07290509999214867,41.34615384615385,173.84615384615384
6.3,0.27,0.29,12.2,0.044,59.0,196.0,0.99782,3.14,0.4,8.8,6,medium,white,69.432,0.09073625993778084,30.102040816326532,139.6825396825397
6.3,0.2,0.37,11.8,0.045,58.0,130.0,0.99519,3.2,0.35,10.8,5,low,white,85.212,0.0739332488381918,44.61538461538462,171.42857142857144
6.2,0.33,0.41,16.8,0.037,58.0,173.0,0.99882,3.25,0.57,9.4,6,medium,white,74.166,0.08359625704500716,33.52601156069364,151.61290322580646
6.3,0.33,0.42,17.2,0.037,57.0,170.0,0.99884,3.26,0.57,9.4,6,medium,white,74.166,0.08494458377153952,33.52941176470588,149.20634920634922
7.2,0.21,1.0,1.1,0.154,46.0,114.0,0.9931,2.95,0.43,9.2,6,medium,white,72.58800000000001,0.0991899487518598,40.35087719298245,127.77777777777777
6.0,0.27,0.3,14.7,0.044,15.0,144.0,0.99666,3.12,0.53,10.3,6,medium,white,81.26700000000001,0.0738307061907047,10.416666666666668,171.66666666666669
5.7,0.12,0.26,5.5,0.034,21.0,99.0,0.99324,3.09,0.57,9.9,6,medium,white,78.111,0.07297307677535814,21.21212121212121,173.6842105263158
6.9,0.24,0.37,6.1,0.027,38.0,112.0,0.99086,3.19,0.34,12.4,6,medium,white,97.836,0.07052618667974979,33.92857142857143,179.71014492753622
7.7,0.18,0.53,1.2,0.041,42.0,167.0,0.9908,3.11,0.44,11.9,5,low,white,93.891,0.08200999030791023,25.149700598802394,154.54545454545453
7.1,0.17,0.43,1.3,0.023,33.0,132.0,0.99067,3.11,0.56,11.7,6,medium,white,92.313,0.07691224421262444,25.0,164.7887323943662
7.5,0.33,0.38,8.7,0.126,49.0,199.0,0.99711,2.98,0.57,9.4,5,low,white,74.166,0.101124504489928,24.623115577889447,125.33333333333334
6.2,0.255,0.24,1.7,0.039,138.5,272.0,0.99452,3.53,0.53,9.6,4,low,white,75.744,0.0818546683565695,50.91911764705882,154.83870967741936
7.5,0.33,0.38,8.7,0.126,49.0,199.0,0.99711,2.98,0.57,9.4,5,low,white,74.166,0.101124504489928,24.623115577889447,125.33333333333334
5.6,0.2,0.66,10.2,0.043,78.0,175.0,0.9945,2.98,0.43,10.4,7,medium,white,82.056,0.06824607585063859,44.57142857142857,185.71428571428575
7.6,0.17,0.36,4.5,0.042,26.0,102.0,0.99427,3.09,0.47,9.5,5,low,white,74.955,0.10139416983523447,25.49019607843137,125.0
5.8,0.15,0.31,5.9,0.036,7.0,73.0,0.99152,3.2,0.43,11.9,6,medium,white,93.891,0.06177375893323108,9.58904109589041,205.17241379310346
6.3,0.25,0.44,1.7,0.024,36.0,116.0,0.98935,3.18,0.4,12.5,6,medium,white,98.625,0.06387832699619772,31.03448275862069,198.41269841269843
6.9,0.28,0.41,1.4,0.016,6.0,55.0,0.98876,3.16,0.4,13.4,5,low,white,105.726,0.06526303842006696,10.909090909090908,194.20289855072463
7.2,0.27,0.37,5.4,0.026,27.0,114.0,0.99174,3.13,0.84,12.7,5,low,white,100.203,0.07185413610370947,23.684210526315788,176.38888888888889
6.2,0.25,0.38,7.9,0.045,54.0,208.0,0.99572,3.17,0.46,9.1,5,low,white,71.799,0.08635217760693045,25.961538461538463,146.77419354838707
8.5,0.19,0.48,1.1,0.026,23.0,58.0,0.99184,2.9,0.5,10.5,6,medium,white,82.845,0.10260124328565394,39.6551724137931,123.52941176470588
6.2,0.25,0.54,7.0,0.046,58.0,176.0,0.99454,3.19,0.7,10.4,5,low,white,82.056,0.07555815540606416,32.95454545454545,167.74193548387098
6.2,0.25,0.54,7.0,0.046,58.0,176.0,0.99454,3.19,0.7,10.4,5,low,white,82.056,0.07555815540606416,32.95454545454545,167.74193548387098
6.8,0.28,0.43,7.6,0.03,30.0,110.0,0.99164,3.08,0.59,12.5,8,high,white,98.625,0.06894803548795944,27.27272727272727,183.82352941176472
6.2,0.25,0.54,7.0,0.046,58.0,176.0,0.99454,3.19,0.7,10.4,5,low,white,82.056,0.07555815540606416,32.95454545454545,167.74193548387098
7.4,0.21,0.8,12.3,0.038,77.0,183.0,0.99778,2.95,0.48,9.0,5,low,white,71.01,0.10421067455287987,42.07650273224044,121.62162162162163
7.0,0.15,0.38,15.3,0.045,54.0,120.0,0.9975,3.18,0.42,9.8,6,medium,white,77.322,0.09053050878145935,45.0,140.0
7.4,0.21,0.8,12.3,0.038,77.0,183.0,0.99778,2.95,0.48,9.0,5,low,white,71.01,0.10421067455287987,42.07650273224044,121.62162162162163
7.3,0.28,0.42,1.2,0.033,29.0,142.0,0.99205,3.17,0.43,10.7,4,low,white,84.423,0.0864693270791135,20.422535211267608,146.5753424657534
6.1,0.18,0.38,2.3,0.033,28.0,111.0,0.98962,3.16,0.49,12.4,6,medium,white,97.836,0.06234923749948894,25.225225225225223,203.27868852459017
7.0,0.53,0.43,6.1,0.029,6.0,76.0,0.99118,3.08,0.5,12.5,8,high,white,98.625,0.07097591888466413,7.894736842105263,178.57142857142858
6.8,0.28,0.43,7.6,0.03,30.0,110.0,0.99164,3.08,0.59,12.5,8,high,white,98.625,0.06894803548795944,27.27272727272727,183.82352941176472
6.5,0.36,0.38,10.2,0.028,20.0,82.0,0.99274,3.1,0.43,12.1,7,medium,white,95.46900000000001,0.06808492809184133,24.390243902439025,186.15384615384616
7.5,0.25,0.47,4.1,0.041,95.0,163.0,0.99184,2.92,0.59,11.3,6,medium,white,89.15700000000001,0.08412126922171001,58.282208588957054,150.66666666666669
6.7,0.24,0.41,2.9,0.039,48.0,122.0,0.99052,3.25,0.43,12.0,5,low,white,94.68,0.07076468103084073,39.34426229508197,179.1044776119403
6.6,0.25,0.33,8.5,0.042,29.0,141.0,0.99546,3.28,0.6,10.4,5,low,white,82.056,0.0804328751096812,20.56737588652482,157.5757575757576
6.4,0.15,0.4,1.5,0.042,23.0,87.0,0.98972,3.11,0.46,12.2,7,medium,white,96.25800000000001,0.06648798021982588,26.436781609195403,190.62499999999997
6.3,0.28,0.3,3.1,0.039,24.0,115.0,0.9942,3.05,0.43,8.6,5,low,white,67.854,0.09284640551772924,20.869565217391305,136.5079365079365
6.2,0.25,0.38,7.9,0.045,54.0,208.0,0.99572,3.17,0.46,9.1,5,low,white,71.799,0.08635217760693045,25.961538461538463,146.77419354838707
7.1,0.28,0.35,3.5,0.028,35.0,91.0,0.99022,2.96,0.33,12.1,5,low,white,95.46900000000001,0.07436969068493436,38.46153846153847,170.4225352112676
6.6,0.35,0.34,4.9,0.032,9.0,125.0,0.99253,3.32,0.81,12.0,5,low,white,94.68,0.0697084917617237,7.199999999999999,181.81818181818184
8.5,0.19,0.48,1.1,0.026,23.0,58.0,0.99184,2.9,0.5,10.5,6,medium,white,82.845,0.10260124328565394,39.6551724137931,123.52941176470588
6.2,0.25,0.54,7.0,0.046,58.0,176.0,0.99454,3.19,0.7,10.4,5,low,white,82.056,0.07555815540606416,32.95454545454545,167.74193548387098
6.0,0.35,0.51,1.2,0.029,10.0,102.0,0.9903,3.46,0.42,11.9,6,medium,white,93.891,0.06390388855161837,9.803921568627452,198.33333333333334
5.8,0.31,0.32,4.5,0.024,28.0,94.0,0.98906,3.25,0.52,13.7,7,medium,white,108.093,0.0536574986354343,29.78723404255319,236.20689655172416
6.6,0.17,0.35,2.6,0.03,33.0,78.0,0.99146,3.22,0.72,11.3,6,medium,white,89.15700000000001,0.0740267169151048,42.30769230769231,171.21212121212125
8.5,0.23,0.4,9.9,0.036,24.0,88.0,0.9951,3.02,0.42,10.5,6,medium,white,82.845,0.10260124328565394,27.27272727272727,123.52941176470588
5.8,0.31,0.32,4.5,0.024,28.0,94.0,0.98906,3.25,0.52,13.7,7,medium,white,108.093,0.0536574986354343,29.78723404255319,236.20689655172416
6.1,0.2,0.34,9.5,0.041,38.0,201.0,0.995,3.14,0.44,10.1,3,low,white,79.68900000000001,0.07654757871224384,18.90547263681592,165.5737704918033
6.3,0.37,0.37,1.5,0.024,12.0,76.0,0.98876,2.94,0.39,12.3,6,medium,white,97.04700000000001,0.06491699897987573,15.789473684210526,195.23809523809524
6.2,0.36,0.38,3.2,0.031,20.0,89.0,0.98956,3.06,0.33,12.0,7,medium,white,94.68,0.06548373468525559,22.47191011235955,193.54838709677418
6.6,0.17,0.35,2.6,0.03,33.0,78.0,0.99146,3.22,0.72,11.3,6,medium,white,89.15700000000001,0.0740267169151048,42.30769230769231,171.21212121212125
6.3,0.28,0.47,11.2,0.04,61.0,183.0,0.99592,3.12,0.51,9.5,6,medium,white,74.955,0.0840504302581549,33.33333333333333,150.79365079365078
7.6,0.27,0.52,3.2,0.043,28.0,152.0,0.99129,3.02,0.53,11.4,6,medium,white,89.946,0.08449514152936206,18.421052631578945,150.00000000000003
7.0,0.25,0.45,2.3,0.045,40.0,118.0,0.99064,3.16,0.48,11.9,7,medium,white,93.891,0.07455453664355476,33.89830508474576,170.0
9.7,0.24,0.49,4.9,0.032,3.0,18.0,0.99368,2.85,0.54,10.0,6,medium,white,78.9,0.12294043092522178,16.666666666666664,103.09278350515466
9.7,0.24,0.49,4.9,0.032,3.0,18.0,0.99368,2.85,0.54,10.0,6,medium,white,78.9,0.12294043092522178,16.666666666666664,103.09278350515466
6.8,0.13,0.39,1.4,0.034,19.0,102.0,0.99121,3.23,0.6,11.3,7,medium,white,89.15700000000001,0.07626995076101707,18.627450980392158,166.1764705882353
6.6,0.78,0.5,1.5,0.045,30.0,133.0,0.99104,3.25,0.48,11.7,5,low,white,92.313,0.07149588898638327,22.55639097744361,177.27272727272728
5.1,0.33,0.27,6.7,0.022,44.0,129.0,0.99221,3.36,0.39,11.0,7,medium,white,86.79,0.05876253024541997,34.10852713178294,215.68627450980395
6.7,0.34,0.4,2.1,0.033,34.0,111.0,0.98924,2.97,0.48,12.2,7,medium,white,96.25800000000001,0.06960460429263021,30.630630630630627,182.08955223880596
6.7,0.14,0.51,4.3,0.028,57.0,124.0,0.99176,2.91,0.54,10.7,7,medium,white,84.423,0.0793622591000083,45.96774193548387,159.7014925373134
7.0,0.26,0.34,10.9,0.038,25.0,84.0,0.99432,3.11,0.34,10.9,6,medium,white,86.001,0.08139440239066988,29.761904761904763,155.71428571428572
6.5,0.29,0.26,7.0,0.04,18.0,113.0,0.99366,3.17,0.38,10.2,6,medium,white,80.47800000000001,0.08076741469718432,15.929203539823009,156.92307692307693
7.0,0.25,0.45,2.3,0.045,40.0,118.0,0.99064,3.16,0.48,11.9,7,medium,white,93.891,0.07455453664355476,33.89830508474576,170.0
7.6,0.21,0.49,2.5,0.047,20.0,130.0,0.99178,3.15,0.48,11.1,5,low,white,87.57900000000001,0.08677879400312859,15.384615384615385,146.05263157894737
7.7,0.26,0.51,2.6,0.045,26.0,159.0,0.99126,3.0,0.5,11.2,6,medium,white,88.36800000000001,0.08713561470215461,16.352201257861633,145.45454545454544
7.6,0.27,0.52,3.2,0.043,28.0,152.0,0.99129,3.02,0.53,11.4,6,medium,white,89.946,0.08449514152936206,18.421052631578945,150.00000000000003
7.7,0.25,0.49,2.5,0.047,31.0,169.0,0.99252,3.07,0.57,10.6,6,medium,white,83.634,0.09206781930793696,18.34319526627219,137.66233766233768
7.6,0.35,0.46,14.7,0.047,33.0,151.0,0.99709,3.03,0.53,10.3,5,low,white,81.26700000000001,0.09351889450822595,21.85430463576159,135.5263157894737
6.9,0.3,0.36,4.5,0.054,31.0,203.0,0.99513,3.4,0.57,10.4,4,low,white,82.056,0.08408891488739398,15.270935960591133,150.72463768115944
6.7,0.24,0.46,2.2,0.033,19.0,111.0,0.99045,3.1,0.62,11.9,6,medium,white,93.891,0.07135934221597384,17.117117117117118,177.61194029850748
6.5,0.23,0.39,1.9,0.036,41.0,98.0,0.99,3.19,0.43,11.9,7,medium,white,93.891,0.06922921259758656,41.83673469387755,183.0769230769231
7.6,0.23,0.34,1.6,0.043,24.0,129.0,0.99305,3.12,0.7,10.4,5,low,white,82.056,0.0926196743687238,18.6046511627907,136.8421052631579
6.5,0.24,0.39,17.3,0.052,22.0,126.0,0.99888,3.11,0.47,9.2,6,medium,white,72.58800000000001,0.08954648151209565,17.46031746031746,141.53846153846152
6.3,0.17,0.32,4.2,0.04,37.0,117.0,0.99182,3.24,0.43,11.3,6,medium,white,89.15700000000001,0.0706618661462364,31.62393162393162,179.36507936507937
6.3,0.17,0.32,4.2,0.04,37.0,117.0,0.99182,3.24,0.43,11.3,6,medium,white,89.15700000000001,0.0706618661462364,31.62393162393162,179.36507936507937
6.7,0.21,0.37,2.5,0.034,35.0,89.0,0.9913,3.25,0.5,11.0,7,medium,white,86.79,0.07719783385182624,39.325842696629216,164.17910447761193
6.5,0.23,0.39,1.9,0.036,41.0,98.0,0.99,3.19,0.43,11.9,7,medium,white,93.891,0.06922921259758656,41.83673469387755,183.0769230769231
5.9,0.28,0.39,1.4,0.031,47.0,147.0,0.98836,3.08,0.64,12.9,7,medium,white,101.781,0.05796759709572514,31.97278911564626,218.64406779661016
5.9,0.19,0.37,0.8,0.027,3.0,21.0,0.9897,3.09,0.31,10.8,5,low,white,85.212,0.0692390743087828,14.285714285714285,183.05084745762713
6.2,0.25,0.42,8.0,0.049,53.0,206.0,0.99586,3.16,0.47,9.1,6,medium,white,71.799,0.08635217760693045,25.728155339805824,146.77419354838707
7.6,0.23,0.34,1.6,0.043,24.0,129.0,0.99305,3.12,0.7,10.4,5,low,white,82.056,0.0926196743687238,18.6046511627907,136.8421052631579
5.6,0.18,0.27,1.7,0.03,31.0,103.0,0.98892,3.35,0.37,12.9,6,medium,white,101.781,0.05502009215865436,30.097087378640776,230.3571428571429
5.5,0.18,0.22,5.5,0.037,10.0,86.0,0.99156,3.46,0.44,12.2,5,low,white,96.25800000000001,0.05713810800141286,11.627906976744185,221.8181818181818
6.5,0.24,0.39,17.3,0.052,22.0,126.0,0.99888,3.11,0.47,9.2,6,medium,white,72.58800000000001,0.08954648151209565,17.46031746031746,141.53846153846152
7.4,0.23,0.38,8.6,0.052,41.0,150.0,0.99534,3.06,0.46,10.3,5,low,white,81.26700000000001,0.0910578709685358,27.333333333333332,139.1891891891892
7.2,0.17,0.37,6.9,0.059,47.0,128.0,0.99322,3.08,0.46,11.0,7,medium,white,86.79,0.0829588662288282,36.71875,152.77777777777777
7.6,0.3,0.38,2.1,0.043,10.0,98.0,0.99296,3.17,0.65,11.0,5,low,white,86.79,0.08756769213042977,10.204081632653061,144.73684210526315
5.0,0.24,0.21,2.2,0.039,31.0,100.0,0.99098,3.69,0.62,11.7,6,medium,white,92.313,0.054163552262411575,31.0,234.0
6.1,0.21,0.38,1.5,0.039,37.0,122.0,0.98972,3.2,0.43,12.0,6,medium,white,94.68,0.06442754541613856,30.327868852459016,196.72131147540986
6.5,0.33,0.38,2.5,0.047,30.0,148.0,0.98964,3.17,0.43,12.7,6,medium,white,100.203,0.06486831731584883,20.27027027027027,195.3846153846154
6.3,0.35,0.26,17.6,0.061,59.0,198.0,0.99918,3.11,0.49,8.8,5,low,white,69.432,0.09073625993778084,29.797979797979796,139.6825396825397
6.3,0.17,0.32,4.2,0.04,37.0,117.0,0.99182,3.24,0.43,11.3,6,medium,white,89.15700000000001,0.0706618661462364,31.62393162393162,179.36507936507937
6.6,0.25,0.35,2.9,0.034,38.0,121.0,0.99008,3.19,0.4,12.8,6,medium,white,100.992,0.06535171102661597,31.40495867768595,193.93939393939397
6.5,0.16,0.33,4.8,0.043,45.0,114.0,0.992,3.18,0.44,11.2,6,medium,white,88.36800000000001,0.07355603838493571,39.473684210526315,172.3076923076923
6.6,0.39,0.39,11.9,0.057,51.0,221.0,0.99851,3.26,0.51,8.9,6,medium,white,70.221,0.09398897765625666,23.076923076923077,134.84848484848487
5.6,0.19,0.27,0.9,0.04,52.0,103.0,0.99026,3.5,0.39,11.2,5,low,white,88.36800000000001,0.06337135614702154,50.48543689320388,200.0
6.2,0.25,0.39,1.3,0.051,42.0,135.0,0.9906,3.23,0.4,11.1,6,medium,white,87.57900000000001,0.0707932266867628,31.11111111111111,179.03225806451613
6.9,0.22,0.43,6.4,0.042,34.0,115.0,0.99293,3.05,0.51,10.8,6,medium,white,85.212,0.0809745106323053,29.565217391304348,156.52173913043478
6.2,0.19,0.29,4.3,0.045,33.0,126.0,0.99658,3.18,0.42,9.3,6,medium,white,73.37700000000001,0.08449514152936205,26.190476190476193,150.0
6.6,0.39,0.39,11.9,0.057,51.0,221.0,0.99851,3.26,0.51,8.9,6,medium,white,70.221,0.09398897765625666,23.076923076923077,134.84848484848487
5.9,0.33,0.32,8.1,0.038,9.0,34.0,0.9911,3.22,0.36,12.7,7,medium,white,100.203,0.05888047264053971,26.47058823529412,215.25423728813556
7.8,0.17,0.5,1.3,0.045,35.0,140.0,0.9904,3.16,0.4,12.0,6,medium,white,94.68,0.082382762991128,25.0,153.84615384615387
5.5,0.19,0.27,0.9,0.04,52.0,103.0,0.99026,3.5,0.39,11.2,5,low,white,88.36800000000001,0.0622397247872533,50.48543689320388,203.63636363636363
6.2,0.23,0.36,17.2,0.039,37.0,130.0,0.99946,3.23,0.43,8.8,6,medium,white,69.432,0.08929600184353036,28.46153846153846,141.93548387096774
6.2,0.23,0.36,17.2,0.039,37.0,130.0,0.99946,3.23,0.43,8.8,6,medium,white,69.432,0.08929600184353036,28.46153846153846,141.93548387096774
6.2,0.23,0.36,17.2,0.039,37.0,130.0,0.99946,3.23,0.43,8.8,6,medium,white,69.432,0.08929600184353036,28.46153846153846,141.93548387096774
7.2,0.32,0.4,8.7,0.038,45.0,154.0,0.99568,3.2,0.47,10.4,6,medium,white,82.056,0.08774495466510676,29.22077922077922,144.44444444444443
6.2,0.23,0.36,17.2,0.039,37.0,130.0,0.99946,3.23,0.43,8.8,6,medium,white,69.432,0.08929600184353036,28.46153846153846,141.93548387096774
7.2,0.32,0.4,8.7,0.038,45.0,154.0,0.99568,3.2,0.47,10.4,6,medium,white,82.056,0.08774495466510676,29.22077922077922,144.44444444444443
5.8,0.39,0.47,7.5,0.027,12.0,88.0,0.9907,3.38,0.45,14.0,6,medium,white,110.46000000000001,0.05250769509324642,13.636363636363635,241.3793103448276
6.2,0.23,0.36,17.2,0.039,37.0,130.0,0.99946,3.23,0.43,8.8,6,medium,white,69.432,0.08929600184353036,28.46153846153846,141.93548387096774
7.6,0.25,1.23,4.6,0.035,51.0,294.0,0.99018,3.03,0.43,13.1,6,medium,white,103.35900000000001,0.07353012316295629,17.346938775510203,172.3684210526316
5.8,0.29,0.33,3.7,0.029,30.0,88.0,0.98994,3.25,0.42,12.3,6,medium,white,97.04700000000001,0.05976485620369511,34.090909090909086,212.06896551724142
7.2,0.4,0.38,2.2,0.03,40.0,109.0,0.99075,3.27,0.46,12.6,6,medium,white,99.414,0.07242440702516748,36.69724770642202,175.0
6.8,0.39,0.34,7.4,0.02,38.0,133.0,0.99212,3.18,0.44,12.0,7,medium,white,94.68,0.07182087029995775,28.57142857142857,176.47058823529412
6.1,0.17,0.42,15.1,0.033,28.0,124.0,0.99684,2.87,0.47,9.5,5,low,white,74.955,0.08138216263091187,22.58064516129032,155.73770491803282
6.8,0.39,0.34,7.4,0.02,38.0,133.0,0.99212,3.18,0.44,12.0,7,medium,white,94.68,0.07182087029995775,28.57142857142857,176.47058823529412
7.1,0.36,0.37,4.8,0.019,39.0,114.0,0.99036,3.08,0.49,12.7,7,medium,white,100.203,0.07085616199115795,34.21052631578947,178.8732394366197
6.9,0.19,0.32,7.9,0.042,30.0,130.0,0.99456,3.4,0.39,10.5,6,medium,white,82.845,0.08328806807894261,23.076923076923077,152.17391304347825
6.5,0.34,0.46,1.0,0.023,6.0,80.0,0.98865,3.15,0.54,12.9,6,medium,white,101.781,0.06386260696986668,7.5,198.46153846153845
6.1,0.17,0.42,15.1,0.033,28.0,124.0,0.99684,2.87,0.47,9.5,5,low,white,74.955,0.08138216263091187,22.58064516129032,155.73770491803282
6.8,0.39,0.34,7.4,0.02,38.0,133.0,0.99212,3.18,0.44,12.0,7,medium,white,94.68,0.07182087029995775,28.57142857142857,176.47058823529412
7.1,0.36,0.37,4.8,0.019,39.0,114.0,0.99036,3.08,0.49,12.7,7,medium,white,100.203,0.07085616199115795,34.21052631578947,178.8732394366197
7.8,0.3,0.36,4.6,0.024,20.0,198.0,0.99222,3.06,0.66,11.9,6,medium,white,93.891,0.08307505511710386,10.1010101010101,152.56410256410257
6.1,0.68,0.52,1.4,0.037,32.0,123.0,0.99022,3.24,0.45,12.0,6,medium,white,94.68,0.06442754541613856,26.01626016260163,196.72131147540986
5.2,0.34,0.37,6.2,0.031,42.0,133.0,0.99076,3.25,0.41,12.5,6,medium,white,98.625,0.05272496831432193,31.57894736842105,240.3846153846154
5.6,0.28,0.4,6.1,0.034,36.0,118.0,0.99144,3.21,0.43,12.1,7,medium,white,95.46900000000001,0.05865778420220175,30.508474576271187,216.07142857142856
6.2,0.19,0.38,5.1,0.019,22.0,82.0,0.98961,3.05,0.36,12.5,6,medium,white,98.625,0.06286438529784538,26.82926829268293,201.61290322580646
5.7,0.16,0.26,6.3,0.043,28.0,113.0,0.9936,3.06,0.58,9.9,6,medium,white,78.111,0.07297307677535814,24.778761061946902,173.6842105263158
7.6,0.17,0.46,0.9,0.036,63.0,147.0,0.99126,3.02,0.41,10.7,6,medium,white,84.423,0.09002286106866611,42.857142857142854,140.78947368421052
7.3,0.2,0.39,2.3,0.048,24.0,87.0,0.99044,2.94,0.35,12.0,6,medium,white,94.68,0.07710181664554287,27.586206896551722,164.38356164383563
6.7,0.33,0.36,6.6,0.042,34.0,116.0,0.99123,2.97,0.31,12.2,8,high,white,96.25800000000001,0.06960460429263021,29.310344827586203,182.08955223880596
6.7,0.33,0.34,7.5,0.036,39.0,124.0,0.99123,2.99,0.32,12.4,8,high,white,97.836,0.06848194938468458,31.451612903225808,185.07462686567163
6.9,0.36,0.35,8.6,0.038,37.0,125.0,0.9916,3.0,0.32,12.4,8,high,white,97.836,0.07052618667974979,29.599999999999998,179.71014492753622
7.8,0.21,0.34,11.9,0.039,55.0,140.0,0.9959,3.02,0.31,10.3,6,medium,white,81.26700000000001,0.09597991804791611,39.285714285714285,132.05128205128207
7.3,0.2,0.39,2.3,0.048,24.0,87.0,0.99044,2.94,0.35,12.0,6,medium,white,94.68,0.07710181664554287,27.586206896551722,164.38356164383563
5.6,0.41,0.22,7.1,0.05,44.0,154.0,0.9931,3.3,0.4,10.5,5,low,white,82.845,0.06759611322348964,28.57142857142857,187.50000000000003
7.6,0.15,0.35,4.3,0.051,23.0,98.0,0.99422,3.1,0.44,9.5,6,medium,white,74.955,0.10139416983523447,23.46938775510204,125.0
8.5,0.2,0.4,1.1,0.046,31.0,106.0,0.99194,3.0,0.35,10.5,4,low,white,82.845,0.10260124328565394,29.245283018867923,123.52941176470588
6.5,0.24,0.38,1.0,0.027,31.0,90.0,0.98926,3.24,0.36,12.3,6,medium,white,97.04700000000001,0.06697785609034797,34.44444444444444,189.23076923076925
8.3,0.16,0.37,7.9,0.025,38.0,107.0,0.99306,2.93,0.37,11.9,6,medium,white,93.891,0.08840037916307207,35.51401869158878,143.37349397590359
5.5,0.12,0.33,1.0,0.038,23.0,131.0,0.99164,3.25,0.45,9.8,5,low,white,77.322,0.0711311140425752,17.557251908396946,178.1818181818182
6.5,0.24,0.38,1.0,0.027,31.0,90.0,0.98926,3.24,0.36,12.3,6,medium,white,97.04700000000001,0.06697785609034797,34.44444444444444,189.23076923076925
6.2,0.1,0.41,1.0,0.04,17.0,76.0,0.98988,3.14,0.56,11.4,7,medium,white,89.946,0.06893024703711116,22.36842105263158,183.8709677419355
6.5,0.21,0.4,7.3,0.041,49.0,115.0,0.99268,3.21,0.43,11.0,6,medium,white,86.79,0.07489342090102546,42.608695652173914,169.23076923076923
8.7,0.3,0.59,1.7,0.046,10.0,70.0,0.99373,3.06,0.56,10.8,4,low,white,85.212,0.10209829601464582,14.285714285714285,124.13793103448279
6.7,0.18,0.37,1.3,0.027,42.0,125.0,0.98939,3.24,0.37,12.8,7,medium,white,100.992,0.06634188846641317,33.6,191.04477611940297
7.0,0.17,0.36,6.4,0.055,42.0,123.0,0.99318,3.11,0.5,11.0,8,high,white,86.79,0.08065445327802742,34.146341463414636,157.14285714285714
6.6,0.19,0.33,1.8,0.035,42.0,148.0,0.99196,3.15,0.36,10.2,5,low,white,80.47800000000001,0.08200999030791023,28.37837837837838,154.54545454545453
5.8,0.28,0.3,1.5,0.026,31.0,114.0,0.98952,3.32,0.6,12.5,7,medium,white,98.625,0.05880861850443599,27.192982456140353,215.51724137931038
7.6,0.24,0.44,3.8,0.037,49.0,146.0,0.9911,3.06,0.37,11.6,6,medium,white,91.524,0.08303832874437306,33.56164383561644,152.63157894736844
8.3,0.16,0.37,7.9,0.025,38.0,107.0,0.99306,2.93,0.37,11.9,6,medium,white,93.891,0.08840037916307207,35.51401869158878,143.37349397590359
5.5,0.12,0.33,1.0,0.038,23.0,131.0,0.99164,3.25,0.45,9.8,5,low,white,77.322,0.0711311140425752,17.557251908396946,178.1818181818182
5.7,0.16,0.32,1.2,0.036,7.0,89.0,0.99111,3.26,0.48,11.0,5,low,white,86.79,0.06567576909782233,7.865168539325842,192.98245614035088
7.0,0.21,0.42,5.3,0.037,36.0,123.0,0.99321,3.14,0.52,10.9,6,medium,white,86.001,0.08139440239066988,29.268292682926827,155.71428571428572
6.4,0.22,0.38,9.1,0.044,35.0,127.0,0.99326,2.97,0.3,11.0,7,medium,white,86.79,0.07374121442562508,27.559055118110237,171.875
7.9,0.34,0.44,6.5,0.027,47.0,126.0,0.99124,2.96,0.37,12.5,6,medium,white,98.625,0.08010139416983524,37.301587301587304,158.22784810126583
6.4,0.22,0.38,9.1,0.044,35.0,127.0,0.99326,2.97,0.3,11.0,7,medium,white,86.79,0.07374121442562508,27.559055118110237,171.875
6.8,0.21,0.4,6.3,0.032,40.0,121.0,0.99214,3.18,0.53,12.0,7,medium,white,94.68,0.07182087029995775,33.057851239669425,176.47058823529412
5.2,0.31,0.36,5.1,0.031,46.0,145.0,0.9897,3.14,0.31,12.4,7,medium,white,97.836,0.053150169671695495,31.724137931034484,238.46153846153845
7.9,0.34,0.44,6.5,0.027,47.0,126.0,0.99124,2.96,0.37,12.5,6,medium,white,98.625,0.08010139416983524,37.301587301587304,158.22784810126583
5.6,0.42,0.34,2.4,0.022,34.0,97.0,0.98915,3.22,0.38,12.8,7,medium,white,100.992,0.055449936628643844,35.051546391752574,228.5714285714286
6.4,0.22,0.38,9.1,0.044,35.0,127.0,0.99326,2.97,0.3,11.0,7,medium,white,86.79,0.07374121442562508,27.559055118110237,171.875
6.8,0.28,0.34,7.5,0.035,34.0,177.0,0.99692,3.33,0.43,9.1,5,low,white,71.799,0.09470883995598824,19.2090395480226,133.8235294117647
6.8,0.45,0.36,5.0,0.033,28.0,156.0,0.991,3.11,0.4,12.4,7,medium,white,97.836,0.06950406803221718,17.94871794871795,182.3529411764706
6.6,0.29,0.39,6.75,0.031,22.0,98.0,0.9913,3.15,0.8,12.9,7,medium,white,101.781,0.06484510861555692,22.448979591836736,195.45454545454547
6.8,0.21,0.42,1.2,0.045,24.0,126.0,0.99234,3.09,0.87,10.9,6,medium,white,86.001,0.07906884803665074,19.047619047619047,160.29411764705884
6.8,0.25,0.24,1.6,0.045,39.0,164.0,0.99402,3.53,0.58,10.8,5,low,white,85.212,0.07980096699995305,23.78048780487805,158.82352941176472
6.4,0.21,0.34,16.05,0.04,56.0,142.0,0.99678,3.11,0.38,10.6,5,low,white,83.634,0.07652390176244112,39.436619718309856,165.62499999999997
5.8,0.33,0.23,5.0,0.053,29.0,106.0,0.99458,3.13,0.52,9.0,5,low,white,71.01,0.08167863681171665,27.358490566037734,155.17241379310346
8.2,0.3,0.44,12.4,0.043,52.0,154.0,0.99452,3.04,0.33,12.0,6,medium,white,94.68,0.0866075200675961,33.76623376623377,146.34146341463418
6.4,0.24,0.32,0.95,0.041,23.0,131.0,0.99033,3.25,0.35,11.8,5,low,white,93.102,0.06874181005778608,17.557251908396946,184.375
7.5,0.18,0.45,4.6,0.041,67.0,158.0,0.9927,3.01,0.38,10.6,6,medium,white,83.634,0.08967644737786068,42.405063291139236,141.33333333333334
5.2,0.335,0.2,1.7,0.033,17.0,74.0,0.99002,3.34,0.48,12.3,6,medium,white,97.04700000000001,0.053582284872278375,22.972972972972975,236.53846153846155
7.1,0.14,0.33,1.0,0.104,20.0,54.0,0.99057,3.19,0.64,11.5,6,medium,white,90.735,0.07824984845980051,37.03703703703704,161.9718309859155
7.2,0.13,0.46,1.3,0.044,48.0,111.0,0.99127,2.97,0.45,11.1,5,low,white,87.57900000000001,0.08221148905559551,43.24324324324324,154.16666666666666
5.8,0.33,0.23,5.0,0.053,29.0,106.0,0.99458,3.13,0.52,9.0,5,low,white,71.01,0.08167863681171665,27.358490566037734,155.17241379310346
6.5,0.29,0.25,2.5,0.142,8.0,111.0,0.9927,3.0,0.44,9.9,4,low,white,78.111,0.08321491211225052,7.207207207207207,152.30769230769232
6.2,0.35,0.31,2.6,0.036,37.0,92.0,0.98938,3.27,0.53,12.8,7,medium,white,100.992,0.06139100126742712,40.21739130434783,206.4516129032258
9.0,0.38,0.53,2.1,0.102,19.0,76.0,0.99001,2.93,0.57,12.9,5,low,white,101.781,0.08842514811212308,25.0,143.33333333333334
6.6,0.24,0.38,12.75,0.034,8.0,74.0,0.99386,3.1,0.57,12.9,6,medium,white,101.781,0.06484510861555692,10.81081081081081,195.45454545454547
6.6,0.16,0.34,1.1,0.037,41.0,115.0,0.9899,3.01,0.68,12.0,6,medium,white,94.68,0.0697084917617237,35.65217391304348,181.81818181818184
8.2,0.3,0.44,12.4,0.043,52.0,154.0,0.99452,3.04,0.33,12.0,6,medium,white,94.68,0.0866075200675961,33.76623376623377,146.34146341463418
5.7,0.15,0.28,3.7,0.045,57.0,151.0,0.9913,3.22,0.27,11.2,6,medium,white,88.36800000000001,0.06450298750678979,37.74834437086093,196.49122807017542
6.6,0.33,0.4,2.65,0.041,35.0,86.0,0.98916,3.11,0.39,13.3,7,medium,white,104.937,0.06289487978501386,40.69767441860465,201.51515151515156
5.7,0.2,0.3,2.5,0.046,38.0,125.0,0.99276,3.34,0.5,9.9,6,medium,white,78.111,0.07297307677535814,30.4,173.6842105263158
6.8,0.27,0.37,8.2,0.055,52.0,192.0,0.99586,3.11,0.52,9.5,6,medium,white,74.955,0.09072109932626242,27.083333333333332,139.7058823529412
6.8,0.27,0.42,7.3,0.054,58.0,200.0,0.99556,3.12,0.49,9.4,6,medium,white,74.166,0.09168621740420138,28.999999999999996,138.23529411764707
6.2,0.2,0.26,1.1,0.047,42.0,119.0,0.99158,3.48,0.6,11.0,7,medium,white,86.79,0.07143680147482429,35.294117647058826,177.41935483870967
6.7,0.13,0.57,6.6,0.056,60.0,150.0,0.99548,2.96,0.43,9.4,6,medium,white,74.166,0.09033789067766902,40.0,140.2985074626866
6.8,0.21,0.37,7.0,0.038,27.0,107.0,0.99206,2.98,0.82,11.5,6,medium,white,90.735,0.07494351683473852,25.233644859813083,169.11764705882354
6.7,0.31,0.32,14.5,0.038,6.0,79.0,0.99412,3.14,0.34,12.5,5,low,white,98.625,0.0679340937896071,7.59493670886076,186.56716417910448
6.2,0.2,0.29,11.8,0.035,21.0,93.0,0.99364,3.18,0.34,11.9,6,medium,white,93.891,0.06603401817000565,22.58064516129032,191.93548387096774
6.6,0.25,0.34,3.0,0.054,22.0,141.0,0.99338,3.26,0.47,10.4,6,medium,white,82.056,0.0804328751096812,15.602836879432624,157.5757575757576
5.7,0.15,0.28,3.7,0.045,57.0,151.0,0.9913,3.22,0.27,11.2,6,medium,white,88.36800000000001,0.06450298750678979,37.74834437086093,196.49122807017542
6.9,0.22,0.39,6.0,0.035,44.0,141.0,0.99123,3.11,0.33,12.5,6,medium,white,98.625,0.0699619771863118,31.20567375886525,181.15942028985506
6.4,0.23,0.35,4.6,0.039,43.0,147.0,0.99216,3.18,0.4,11.0,7,medium,white,86.79,0.07374121442562508,29.25170068027211,171.875
7.6,0.27,0.29,2.5,0.059,37.0,115.0,0.99328,3.09,0.37,9.8,5,low,white,77.322,0.098290266677013,32.17391304347826,128.94736842105266
6.6,0.34,0.24,3.3,0.034,29.0,99.0,0.99031,3.1,0.4,12.3,7,medium,white,97.04700000000001,0.06800828464558409,29.292929292929294,186.36363636363637
6.4,0.16,0.42,1.0,0.036,29.0,113.0,0.9908,3.18,0.52,11.0,6,medium,white,86.79,0.07374121442562508,25.663716814159294,171.875
5.8,0.3,0.42,1.1,0.036,19.0,113.0,0.98871,3.1,0.46,12.6,7,medium,white,99.414,0.05834188343694047,16.8141592920354,217.24137931034483
7.0,0.29,0.35,1.4,0.036,42.0,109.0,0.99119,3.31,0.62,11.6,6,medium,white,91.524,0.07648267121192255,38.53211009174312,165.7142857142857
6.6,0.34,0.24,3.3,0.034,29.0,99.0,0.99031,3.1,0.4,12.3,7,medium,white,97.04700000000001,0.06800828464558409,29.292929292929294,186.36363636363637
6.7,0.21,0.36,8.55,0.02,20.0,86.0,0.99146,3.19,0.22,13.4,7,medium,white,105.726,0.06337135614702155,23.25581395348837,200.0
7.6,0.27,0.29,2.5,0.059,37.0,115.0,0.99328,3.09,0.37,9.8,5,low,white,77.322,0.098290266677013,32.17391304347826,128.94736842105266
6.8,0.22,0.41,6.7,0.034,39.0,116.0,0.99245,3.18,0.46,11.5,6,medium,white,90.735,0.07494351683473852,33.62068965517241,169.11764705882354
7.7,0.27,0.49,3.8,0.037,46.0,139.0,0.99116,3.04,0.38,11.6,6,medium,white,91.524,0.08413093833311482,33.093525179856115,150.64935064935062
6.4,0.25,0.37,4.5,0.039,41.0,147.0,0.9921,3.18,0.4,11.1,7,medium,white,87.57900000000001,0.07307687916052935,27.89115646258503,173.43749999999997
6.4,0.23,0.35,4.6,0.039,43.0,147.0,0.99216,3.18,0.4,11.0,7,medium,white,86.79,0.07374121442562508,29.25170068027211,171.875
6.7,0.13,0.45,4.2,0.043,52.0,131.0,0.99162,3.06,0.54,11.3,6,medium,white,89.15700000000001,0.07514833383806094,39.69465648854962,168.65671641791045
6.7,0.24,0.37,11.3,0.043,64.0,173.0,0.99632,3.08,0.53,9.9,6,medium,white,78.111,0.08577537094647361,36.99421965317919,147.76119402985074
7.1,0.26,0.37,5.5,0.025,31.0,105.0,0.99082,3.06,0.33,12.6,8,high,white,99.414,0.07141851248315126,29.523809523809526,177.46478873239437
5.3,0.3,0.16,4.2,0.029,37.0,100.0,0.9905,3.3,0.36,11.8,8,high,white,93.102,0.056926811454104095,37.0,222.6415094339623
7.1,0.38,0.4,2.2,0.042,54.0,201.0,0.99177,3.03,0.5,11.4,5,low,white,89.946,0.07893625063927245,26.865671641791046,160.56338028169014
7.4,0.19,0.31,14.5,0.045,39.0,193.0,0.9986,3.1,0.5,9.2,6,medium,white,72.58800000000001,0.10194522510607813,20.207253886010363,124.3243243243243
7.4,0.19,0.31,14.5,0.045,39.0,193.0,0.9986,3.1,0.5,9.2,6,medium,white,72.58800000000001,0.10194522510607813,20.207253886010363,124.3243243243243
7.4,0.19,0.31,14.5,0.045,39.0,193.0,0.9986,3.1,0.5,9.2,6,medium,white,72.58800000000001,0.10194522510607813,20.207253886010363,124.3243243243243
7.4,0.19,0.31,14.5,0.045,39.0,193.0,0.9986,3.1,0.5,9.2,6,medium,white,72.58800000000001,0.10194522510607813,20.207253886010363,124.3243243243243
7.4,0.19,0.31,14.5,0.045,39.0,193.0,0.9986,3.1,0.5,9.2,6,medium,white,72.58800000000001,0.10194522510607813,20.207253886010363,124.3243243243243
7.4,0.19,0.31,14.5,0.045,39.0,193.0,0.9986,3.1,0.5,9.2,6,medium,white,72.58800000000001,0.10194522510607813,20.207253886010363,124.3243243243243
6.3,0.32,0.32,1.5,0.03,24.0,101.0,0.98923,3.21,0.42,13.0,5,low,white,102.57000000000001,0.06142146826557472,23.762376237623762,206.34920634920638
7.6,0.19,0.32,18.75,0.047,32.0,193.0,1.00014,3.1,0.5,9.3,7,medium,white,73.37700000000001,0.10357468961663735,16.580310880829018,122.36842105263159
6.5,0.26,0.31,3.6,0.03,36.0,92.0,0.99026,3.22,0.62,12.6,8,high,white,99.414,0.06538314523105397,39.130434782608695,193.84615384615384
5.9,0.24,0.12,1.4,0.035,60.0,247.0,0.99358,3.34,0.44,9.6,6,medium,white,75.744,0.07789395859738066,24.291497975708502,162.71186440677965
4.2,0.215,0.23,5.1,0.041,64.0,157.0,0.99688,3.42,0.44,8.0,3,low,white,63.120000000000005,0.06653992395437262,40.76433121019109,190.47619047619045
8.1,0.24,0.32,10.5,0.03,34.0,105.0,0.99407,3.11,0.42,11.8,6,medium,white,93.102,0.08700135335438551,32.38095238095238,145.67901234567904
5.8,0.23,0.2,2.0,0.043,39.0,154.0,0.99226,3.21,0.39,10.2,6,medium,white,80.47800000000001,0.07206938542210292,25.324675324675322,175.86206896551724
7.5,0.33,0.36,2.6,0.051,26.0,126.0,0.99097,3.32,0.53,12.7,6,medium,white,100.203,0.07484805844136402,20.634920634920633,169.33333333333331
6.6,0.38,0.36,9.2,0.061,42.0,214.0,0.9976,3.31,0.56,9.4,5,low,white,74.166,0.08898956395113664,19.626168224299064,142.42424242424244
6.4,0.15,0.29,1.8,0.044,21.0,115.0,0.99166,3.1,0.38,10.2,5,low,white,80.47800000000001,0.07952483908645841,18.26086956521739,159.37499999999997
6.5,0.32,0.34,5.7,0.044,27.0,91.0,0.99184,3.28,0.6,12.0,7,medium,white,94.68,0.06865230249260668,29.67032967032967,184.6153846153846
7.5,0.22,0.32,2.4,0.045,29.0,100.0,0.99135,3.08,0.6,11.3,7,medium,white,89.15700000000001,0.08412126922171001,28.999999999999996,150.66666666666669
6.4,0.23,0.32,1.9,0.038,40.0,118.0,0.99074,3.32,0.53,11.8,7,medium,white,93.102,0.06874181005778608,33.89830508474576,184.375
6.1,0.22,0.31,1.4,0.039,40.0,129.0,0.99193,3.45,0.59,10.9,5,low,white,86.001,0.07092940779758374,31.007751937984494,178.68852459016395
6.5,0.48,0.02,0.9,0.043,32.0,99.0,0.99226,3.14,0.47,9.8,4,low,white,77.322,0.08406404386849797,32.323232323232325,150.7692307692308
6.6,0.23,0.3,4.6,0.06,29.0,154.0,0.99142,3.23,0.49,12.2,8,high,white,96.25800000000001,0.06856572960169544,18.83116883116883,184.84848484848484
6.4,0.16,0.25,1.4,0.057,21.0,125.0,0.99091,3.23,0.44,11.1,7,medium,white,87.57900000000001,0.07307687916052935,16.8,173.43749999999997
6.6,0.38,0.36,9.2,0.061,42.0,214.0,0.9976,3.31,0.56,9.4,5,low,white,74.166,0.08898956395113664,19.626168224299064,142.42424242424244
7.4,0.16,0.32,1.4,0.065,23.0,140.0,0.99134,3.06,0.47,11.4,6,medium,white,89.946,0.08227158517332622,16.428571428571427,154.05405405405406
6.4,0.15,0.29,1.8,0.044,21.0,115.0,0.99166,3.1,0.38,10.2,5,low,white,80.47800000000001,0.07952483908645841,18.26086956521739,159.37499999999997
6.5,0.32,0.3,2.3,0.051,20.0,127.0,0.98964,3.13,0.52,12.8,6,medium,white,100.992,0.06436153358681876,15.748031496062993,196.92307692307693
6.7,0.12,0.36,2.3,0.039,43.0,125.0,0.99229,3.07,0.67,10.1,7,medium,white,79.68900000000001,0.08407684874951372,34.4,150.7462686567164
6.6,0.2,0.14,4.4,0.184,35.0,168.0,0.99396,2.93,0.45,9.4,6,medium,white,74.166,0.08898956395113664,20.833333333333336,142.42424242424244
8.0,0.34,0.25,6.4,0.035,38.0,103.0,0.99148,2.91,0.23,12.2,6,medium,white,96.25800000000001,0.08310997527478235,36.89320388349515,152.5
6.8,0.21,0.31,2.9,0.046,40.0,121.0,0.9913,3.07,0.65,10.9,7,medium,white,86.001,0.07906884803665074,33.057851239669425,160.29411764705884
6.8,0.23,0.31,2.8,0.047,40.0,122.0,0.99126,3.06,0.64,10.9,7,medium,white,86.001,0.07906884803665074,32.78688524590164,160.29411764705884
6.8,0.21,0.31,2.9,0.046,40.0,121.0,0.9913,3.07,0.65,10.9,7,medium,white,86.001,0.07906884803665074,33.057851239669425,160.29411764705884
6.6,0.2,0.14,4.4,0.184,35.0,168.0,0.99396,2.93,0.45,9.4,6,medium,white,74.166,0.08898956395113664,20.833333333333336,142.42424242424244
6.6,0.28,0.42,8.2,0.044,60.0,196.0,0.99562,3.14,0.48,9.4,5,low,white,74.166,0.08898956395113664,30.612244897959183,142.42424242424244
7.8,0.25,0.37,1.0,0.043,10.0,80.0,0.99128,3.08,0.38,11.4,5,low,white,89.946,0.0867186978853979,12.5,146.15384615384616
5.6,0.12,0.33,2.9,0.044,21.0,73.0,0.98896,3.17,0.32,12.9,8,high,white,101.781,0.05502009215865436,28.767123287671232,230.3571428571429
6.6,0.28,0.41,7.0,0.046,59.0,194.0,0.99558,3.14,0.48,9.4,5,low,white,74.166,0.08898956395113664,30.412371134020617,142.42424242424244
6.8,0.17,0.35,1.8,0.04,29.0,84.0,0.98961,2.91,0.57,12.0,7,medium,white,94.68,0.07182087029995775,34.523809523809526,176.47058823529412
7.3,0.25,0.28,1.5,0.043,19.0,113.0,0.99338,3.38,0.56,10.1,6,medium,white,79.68900000000001,0.09160611878678361,16.8141592920354,138.35616438356163
6.6,0.28,0.41,7.0,0.046,59.0,194.0,0.99558,3.14,0.48,9.4,5,low,white,74.166,0.08898956395113664,30.412371134020617,142.42424242424244
6.6,0.28,0.42,8.2,0.044,60.0,196.0,0.99562,3.14,0.48,9.4,5,low,white,74.166,0.08898956395113664,30.612244897959183,142.42424242424244
6.5,0.25,0.5,7.6,0.047,54.0,184.0,0.99572,3.17,0.45,9.2,5,low,white,72.58800000000001,0.08954648151209565,29.347826086956523,141.53846153846152
6.3,0.24,0.35,2.3,0.039,43.0,109.0,0.99056,3.34,0.44,11.8,6,medium,white,93.102,0.06766771927563317,39.44954128440367,187.30158730158732
6.8,0.32,0.32,8.7,0.029,31.0,105.0,0.99146,3.0,0.34,12.3,7,medium,white,97.04700000000001,0.07006914175605633,29.523809523809526,180.8823529411765
7.8,0.25,0.37,1.0,0.043,10.0,80.0,0.99128,3.08,0.38,11.4,5,low,white,89.946,0.0867186978853979,12.5,146.15384615384616
5.6,0.12,0.33,2.9,0.044,21.0,73.0,0.98896,3.17,0.32,12.9,8,high,white,101.781,0.05502009215865436,28.767123287671232,230.3571428571429
6.6,0.24,0.28,6.7,0.032,26.0,91.0,0.99172,3.13,0.32,12.3,6,medium,white,97.04700000000001,0.06800828464558409,28.57142857142857,186.36363636363637
6.3,0.22,0.34,5.0,0.032,36.0,93.0,0.99012,3.27,0.36,13.5,7,medium,white,106.515,0.05914659907055344,38.70967741935484,214.28571428571428
6.0,0.32,0.3,1.9,0.033,41.0,142.0,0.98912,3.29,0.42,12.8,7,medium,white,100.992,0.059410646387832694,28.87323943661972,213.33333333333334
6.3,0.19,0.29,2.0,0.022,33.0,96.0,0.98902,3.04,0.54,12.8,7,medium,white,100.992,0.06238117870722433,34.375,203.17460317460322
6.0,0.32,0.3,1.9,0.033,41.0,142.0,0.98912,3.29,0.42,12.8,7,medium,white,100.992,0.059410646387832694,28.87323943661972,213.33333333333334
9.4,0.24,0.29,8.5,0.037,124.0,208.0,0.99395,2.9,0.38,11.0,3,low,white,86.79,0.10830740868763682,59.61538461538461,117.02127659574468
6.4,0.35,0.28,12.6,0.039,19.0,124.0,0.99539,3.2,0.43,10.6,6,medium,white,83.634,0.07652390176244112,15.32258064516129,165.62499999999997
6.7,0.46,0.27,5.2,0.039,35.0,96.0,0.99129,3.16,0.44,12.4,7,medium,white,97.836,0.06848194938468458,36.45833333333333,185.07462686567163
6.3,0.3,0.29,2.1,0.048,33.0,142.0,0.98956,3.22,0.46,12.9,7,medium,white,101.781,0.06189760367848616,23.239436619718308,204.7619047619048
6.0,0.19,0.29,1.1,0.047,67.0,152.0,0.9916,3.54,0.59,11.1,7,medium,white,87.57900000000001,0.06850957421299626,44.07894736842105,185.0
5.9,0.24,0.28,1.3,0.032,36.0,95.0,0.98889,3.08,0.64,12.9,7,medium,white,101.781,0.05796759709572514,37.89473684210527,218.64406779661016
7.3,0.145,0.33,1.1,0.042,14.0,64.0,0.99012,3.1,0.37,11.8,7,medium,white,93.102,0.07840862709716225,21.875,161.64383561643837
6.6,0.435,0.38,9.2,0.058,66.0,243.0,0.99833,3.23,0.54,9.1,6,medium,white,71.799,0.09192328583963563,27.160493827160494,137.87878787878788
5.8,0.18,0.37,1.2,0.036,19.0,74.0,0.98853,3.09,0.49,12.7,7,medium,white,100.203,0.05788249852798818,25.675675675675674,218.9655172413793
5.8,0.18,0.37,1.1,0.036,31.0,96.0,0.98942,3.16,0.48,12.0,6,medium,white,94.68,0.06125897760878749,32.29166666666667,206.89655172413794
5.6,0.32,0.32,8.3,0.043,32.0,105.0,0.99266,3.24,0.47,11.2,6,medium,white,88.36800000000001,0.06337135614702154,30.476190476190478,200.0
6.6,0.16,0.35,1.8,0.042,26.0,105.0,0.98962,3.19,0.75,12.4,7,medium,white,97.836,0.06745983073715196,24.761904761904763,187.87878787878788
5.1,0.21,0.28,1.4,0.047,48.0,148.0,0.99168,3.5,0.49,10.4,5,low,white,82.056,0.06215267622111728,32.432432432432435,203.92156862745102
7.5,0.29,0.36,15.7,0.05,29.0,124.0,0.9968,3.06,0.54,10.4,5,low,white,82.056,0.09140099444281954,23.387096774193548,138.66666666666669
6.0,0.26,0.33,4.35,0.04,15.0,80.0,0.98934,3.29,0.5,12.7,6,medium,white,100.203,0.05987844675309122,18.75,211.66666666666666
5.7,0.26,0.3,1.8,0.039,30.0,105.0,0.98995,3.48,0.52,12.5,7,medium,white,98.625,0.057794676806083654,28.57142857142857,219.29824561403507
7.1,0.17,0.31,1.6,0.037,15.0,103.0,0.991,3.14,0.5,12.0,6,medium,white,94.68,0.07498943810730882,14.563106796116504,169.01408450704227
6.9,0.17,0.3,2.0,0.047,13.0,117.0,0.99152,3.16,0.51,11.6,6,medium,white,91.524,0.0753900616231808,11.11111111111111,168.1159420289855
6.8,0.25,0.28,5.0,0.035,42.0,126.0,0.99048,3.12,0.38,12.6,7,medium,white,99.414,0.06840082885710262,33.33333333333333,185.29411764705884
6.6,0.17,0.28,1.8,0.042,62.0,178.0,0.99204,3.15,0.42,10.2,5,low,white,80.47800000000001,0.08200999030791023,34.831460674157306,154.54545454545453
5.8,0.17,0.36,1.3,0.036,11.0,70.0,0.99202,3.43,0.68,10.4,7,medium,white,82.056,0.0706834357024471,15.714285714285714,179.31034482758622
6.4,0.24,0.29,1.0,0.038,18.0,122.0,0.9906,3.3,0.42,11.5,5,low,white,90.735,0.07053507466798921,14.754098360655737,179.6875
6.7,0.21,0.34,1.4,0.049,36.0,112.0,0.99091,3.02,0.5,11.0,6,medium,white,86.79,0.07719783385182624,32.142857142857146,164.17910447761193
6.7,0.23,0.33,8.1,0.048,45.0,176.0,0.99472,3.11,0.52,10.1,6,medium,white,79.68900000000001,0.08407684874951372,25.568181818181817,150.7462686567164
6.8,0.23,0.32,8.6,0.046,47.0,159.0,0.99452,3.08,0.52,10.5,6,medium,white,82.845,0.08208099462852314,29.559748427672954,154.41176470588235
6.5,0.22,0.28,3.7,0.059,29.0,151.0,0.99177,3.23,0.41,12.1,7,medium,white,95.46900000000001,0.06808492809184133,19.205298013245034,186.15384615384616
5.1,0.165,0.22,5.7,0.047,42.0,146.0,0.9934,3.18,0.55,9.9,6,medium,white,78.111,0.06529170027268885,28.767123287671232,194.11764705882354
6.6,0.425,0.25,2.35,0.034,23.0,87.0,0.99082,3.05,0.41,11.4,6,medium,white,89.946,0.07337735974918284,26.436781609195403,172.72727272727275
6.9,0.38,0.29,13.65,0.048,52.0,189.0,0.99784,3.0,0.6,9.5,6,medium,white,74.955,0.09205523313988394,27.513227513227513,137.68115942028984
6.9,0.38,0.29,13.65,0.048,52.0,189.0,0.99784,3.0,0.6,9.5,6,medium,white,74.955,0.09205523313988394,27.513227513227513,137.68115942028984
6.9,0.38,0.29,13.65,0.048,52.0,189.0,0.99784,3.0,0.6,9.5,6,medium,white,74.955,0.09205523313988394,27.513227513227513,137.68115942028984
7.2,0.27,0.28,15.2,0.046,6.0,41.0,0.99665,3.17,0.39,10.9,6,medium,white,86.001,0.08371995674468902,14.634146341463413,151.38888888888889
7.6,0.17,0.27,4.6,0.05,23.0,98.0,0.99422,3.08,0.47,9.5,6,medium,white,74.955,0.10139416983523447,23.46938775510204,125.0
6.2,0.3,0.31,1.2,0.048,19.0,125.0,0.98999,3.32,0.54,12.6,6,medium,white,99.414,0.062365461605005335,15.2,203.2258064516129
7.6,0.17,0.27,4.6,0.05,23.0,98.0,0.99422,3.08,0.47,9.5,6,medium,white,74.955,0.10139416983523447,23.46938775510204,125.0
6.5,0.26,0.32,6.65,0.059,34.0,104.0,0.99254,3.18,0.42,11.1,5,low,white,87.57900000000001,0.07421870539741261,32.69230769230769,170.76923076923077
6.9,0.36,0.28,13.55,0.048,51.0,189.0,0.99782,3.0,0.6,9.5,7,medium,white,74.955,0.09205523313988394,26.984126984126984,137.68115942028984
6.9,0.38,0.29,13.65,0.048,52.0,189.0,0.99784,3.0,0.6,9.5,6,medium,white,74.955,0.09205523313988394,27.513227513227513,137.68115942028984
6.8,0.18,0.24,9.8,0.058,64.0,188.0,0.9952,3.13,0.51,10.6,6,medium,white,83.634,0.08130664562259368,34.04255319148936,155.88235294117646
6.7,0.18,0.24,10.3,0.057,64.0,185.0,0.99519,3.12,0.5,10.6,6,medium,white,83.634,0.08011095965755555,34.5945945945946,158.2089552238806
6.6,0.16,0.21,6.7,0.055,43.0,157.0,0.99384,3.15,0.52,10.8,6,medium,white,85.212,0.07745387973524855,27.388535031847134,163.63636363636365
7.2,0.27,0.28,15.2,0.046,6.0,41.0,0.99665,3.17,0.39,10.9,6,medium,white,86.001,0.08371995674468902,14.634146341463413,151.38888888888889
6.4,0.17,0.27,9.9,0.047,26.0,101.0,0.99596,3.34,0.5,9.9,6,medium,white,78.111,0.08193468269513897,25.742574257425744,154.6875
7.2,0.22,0.28,7.2,0.06,41.0,132.0,0.9935,3.08,0.59,11.3,6,medium,white,89.15700000000001,0.08075641845284161,31.060606060606062,156.94444444444443
6.0,0.22,0.28,1.1,0.034,47.0,90.0,0.98862,3.22,0.38,12.6,6,medium,white,99.414,0.0603536725209729,52.22222222222223,210.0
6.7,0.36,0.28,8.3,0.034,29.0,81.0,0.99151,2.96,0.39,12.5,6,medium,white,98.625,0.0679340937896071,35.80246913580247,186.56716417910448
6.5,0.43,0.28,11.25,0.032,31.0,87.0,0.9922,3.02,0.38,12.4,6,medium,white,97.836,0.06643771208961936,35.63218390804598,190.76923076923077
5.9,0.2,0.28,12.8,0.038,29.0,132.0,0.99426,3.31,0.57,11.8,7,medium,white,93.102,0.06337135614702155,21.96969696969697,200.0
5.3,0.32,0.23,9.65,0.026,26.0,119.0,0.99168,3.18,0.53,12.2,6,medium,white,96.25800000000001,0.0550603586195433,21.84873949579832,230.18867924528303
6.8,0.2,0.28,12.6,0.048,54.0,136.0,0.99556,3.19,0.37,10.7,6,medium,white,84.423,0.08054677042985915,39.705882352941174,157.35294117647058
6.0,0.22,0.33,12.2,0.033,25.0,97.0,0.99356,3.17,0.42,11.3,7,medium,white,89.15700000000001,0.067297015377368,25.773195876288657,188.33333333333334
6.7,0.36,0.28,8.3,0.034,29.0,81.0,0.99151,2.96,0.39,12.5,6,medium,white,98.625,0.0679340937896071,35.80246913580247,186.56716417910448
6.5,0.43,0.28,11.25,0.032,31.0,87.0,0.9922,3.02,0.38,12.4,6,medium,white,97.836,0.06643771208961936,35.63218390804598,190.76923076923077
7.1,0.18,0.49,1.3,0.033,12.0,72.0,0.99072,3.05,0.53,11.3,7,medium,white,89.15700000000001,0.07963480152988547,16.666666666666664,159.1549295774648
6.4,0.17,0.27,9.9,0.047,26.0,101.0,0.99596,3.34,0.5,9.9,6,medium,white,78.111,0.08193468269513897,25.742574257425744,154.6875
7.2,0.22,0.28,7.2,0.06,41.0,132.0,0.9935,3.08,0.59,11.3,6,medium,white,89.15700000000001,0.08075641845284161,31.060606060606062,156.94444444444443
6.0,0.22,0.28,1.1,0.034,47.0,90.0,0.98862,3.22,0.38,12.6,6,medium,white,99.414,0.0603536725209729,52.22222222222223,210.0
6.0,0.2,0.26,1.1,0.033,38.0,67.0,0.98954,3.14,0.38,11.5,6,medium,white,90.735,0.06612663250123987,56.71641791044776,191.66666666666669
7.6,0.2,0.26,4.8,0.033,26.0,76.0,0.99076,2.98,0.49,12.3,7,medium,white,97.04700000000001,0.07831257019794531,34.21052631578947,161.84210526315792
6.2,0.3,0.21,1.1,0.032,31.0,111.0,0.9889,2.97,0.42,12.2,6,medium,white,96.25800000000001,0.06441023083795631,27.927927927927925,196.77419354838707
6.0,0.29,0.25,1.4,0.033,30.0,114.0,0.98794,3.08,0.43,13.2,6,medium,white,104.14800000000001,0.05761032377001958,26.31578947368421,219.99999999999997
6.6,0.18,0.28,1.7,0.041,53.0,161.0,0.99207,3.13,0.45,10.2,6,medium,white,80.47800000000001,0.08200999030791023,32.91925465838509,154.54545454545453
7.0,0.22,0.28,10.6,0.039,32.0,117.0,0.99355,3.05,0.55,11.5,7,medium,white,90.735,0.07714773791811319,27.350427350427353,164.28571428571428
6.0,0.29,0.25,1.4,0.033,30.0,114.0,0.98794,3.08,0.43,13.2,6,medium,white,104.14800000000001,0.05761032377001958,26.31578947368421,219.99999999999997
6.2,0.3,0.21,1.1,0.032,31.0,111.0,0.9889,2.97,0.42,12.2,6,medium,white,96.25800000000001,0.06441023083795631,27.927927927927925,196.77419354838707
5.6,0.15,0.26,5.55,0.051,51.0,139.0,0.99336,3.47,0.5,11.0,6,medium,white,86.79,0.06452356262242193,36.69064748201439,196.42857142857144
6.9,0.28,0.24,2.1,0.034,49.0,121.0,0.98882,2.98,0.43,13.2,7,medium,white,104.14800000000001,0.06625187233552252,40.49586776859504,191.30434782608694
5.9,0.19,0.21,1.7,0.045,57.0,135.0,0.99341,3.32,0.44,9.5,5,low,white,74.955,0.07871389500366888,42.22222222222222,161.01694915254237
7.8,0.22,0.26,9.0,0.047,38.0,132.0,0.997,3.25,0.53,10.2,6,medium,white,80.47800000000001,0.09692089763662118,28.78787878787879,130.76923076923077
6.6,0.18,0.28,1.7,0.041,53.0,161.0,0.99207,3.13,0.45,10.2,6,medium,white,80.47800000000001,0.08200999030791023,32.91925465838509,154.54545454545453
7.0,0.4,0.25,1.8,0.05,51.0,189.0,0.99174,3.0,0.55,11.4,6,medium,white,89.946,0.07782447246125453,26.984126984126984,162.85714285714286
6.1,0.28,0.27,4.7,0.03,56.0,140.0,0.99042,3.16,0.42,12.5,8,high,white,98.625,0.06185044359949302,40.0,204.91803278688528
7.6,0.36,0.49,11.3,0.046,87.0,221.0,0.9984,3.01,0.43,9.2,5,low,white,72.58800000000001,0.10470050146029646,39.366515837104075,121.05263157894737
6.5,0.28,0.34,3.6,0.04,29.0,121.0,0.99111,3.28,0.48,12.1,7,medium,white,95.46900000000001,0.06808492809184133,23.96694214876033,186.15384615384616
6.9,0.19,0.35,6.9,0.045,51.0,125.0,0.9933,3.1,0.44,10.7,7,medium,white,84.423,0.08173128175971003,40.8,155.0724637681159
6.5,0.28,0.34,3.6,0.04,29.0,121.0,0.99111,3.28,0.48,12.1,7,medium,white,95.46900000000001,0.06808492809184133,23.96694214876033,186.15384615384616
6.4,0.22,0.32,4.9,0.046,50.0,156.0,0.99316,3.38,0.55,11.2,6,medium,white,88.36800000000001,0.07242440702516748,32.05128205128205,174.99999999999997
6.8,0.23,0.3,6.95,0.044,42.0,179.0,0.9946,3.25,0.56,10.6,6,medium,white,83.634,0.08130664562259368,23.463687150837988,155.88235294117646
6.4,0.32,0.31,1.9,0.037,34.0,126.0,0.99,3.06,0.45,11.8,6,medium,white,93.102,0.06874181005778608,26.984126984126984,184.375
6.1,0.28,0.27,4.7,0.03,56.0,140.0,0.99042,3.16,0.42,12.5,8,high,white,98.625,0.06185044359949302,40.0,204.91803278688528
7.6,0.36,0.49,11.3,0.046,87.0,221.0,0.9984,3.01,0.43,9.2,5,low,white,72.58800000000001,0.10470050146029646,39.366515837104075,121.05263157894737
8.8,0.39,0.35,1.8,0.096,22.0,80.0,0.99016,2.95,0.54,12.6,6,medium,white,99.414,0.08851871969742693,27.500000000000004,143.18181818181816
6.6,0.24,0.3,11.3,0.026,11.0,77.0,0.99381,3.13,0.55,12.8,7,medium,white,100.992,0.06535171102661597,14.285714285714285,193.93939393939397
6.9,0.29,0.3,8.2,0.026,35.0,112.0,0.99144,3.0,0.37,12.3,6,medium,white,97.04700000000001,0.07109957031129246,31.25,178.26086956521738
6.9,0.28,0.3,8.3,0.026,37.0,113.0,0.99139,2.99,0.38,12.3,8,high,white,97.04700000000001,0.07109957031129246,32.743362831858406,178.26086956521738
6.7,0.38,0.26,9.55,0.036,35.0,91.0,0.9919,2.98,0.37,12.4,6,medium,white,97.836,0.06848194938468458,38.46153846153847,185.07462686567163
8.0,0.28,0.3,8.4,0.03,35.0,115.0,0.99192,2.93,0.42,12.3,6,medium,white,97.04700000000001,0.08243428441888981,30.434782608695656,153.75
6.5,0.25,0.45,7.8,0.048,52.0,188.0,0.99576,3.2,0.53,9.1,5,low,white,71.799,0.09053050878145934,27.659574468085108,140.0
6.6,0.26,0.46,7.8,0.047,48.0,186.0,0.9958,3.2,0.54,9.1,5,low,white,71.799,0.09192328583963563,25.806451612903224,137.87878787878788
7.4,0.29,0.28,10.2,0.032,43.0,138.0,0.9951,3.1,0.47,10.6,6,medium,white,83.634,0.08848076141282255,31.15942028985507,143.24324324324323
6.3,0.19,0.29,5.5,0.042,44.0,189.0,0.99304,3.19,0.47,10.3,6,medium,white,81.26700000000001,0.07752224150023994,23.28042328042328,163.49206349206352
6.1,0.33,0.32,7.8,0.052,52.0,183.0,0.99657,3.39,0.65,9.5,5,low,white,74.955,0.08138216263091187,28.415300546448087,155.73770491803282
5.6,0.32,0.33,7.4,0.037,25.0,95.0,0.99268,3.25,0.49,11.1,6,medium,white,87.57900000000001,0.06394226926546318,26.31578947368421,198.21428571428572
7.7,0.46,0.18,3.3,0.054,18.0,143.0,0.99392,3.12,0.51,10.8,6,medium,white,85.212,0.09036285969112332,12.587412587412588,140.25974025974025
8.8,0.19,0.3,5.0,0.028,34.0,120.0,0.99242,2.94,0.47,11.2,5,low,white,88.36800000000001,0.09958355965960529,28.333333333333332,127.27272727272725
7.7,0.46,0.18,3.3,0.054,18.0,143.0,0.99392,3.12,0.51,10.8,6,medium,white,85.212,0.09036285969112332,12.587412587412588,140.25974025974025
8.8,0.27,0.25,5.0,0.024,52.0,99.0,0.9925,2.87,0.49,11.4,5,low,white,89.946,0.09783647966557714,52.52525252525253,129.54545454545453
5.8,0.18,0.28,1.3,0.034,9.0,94.0,0.99092,3.21,0.52,11.2,6,medium,white,88.36800000000001,0.06563461886655803,9.574468085106384,193.10344827586206
5.8,0.15,0.32,1.2,0.037,14.0,119.0,0.99137,3.19,0.5,10.2,6,medium,white,80.47800000000001,0.07206938542210292,11.76470588235294,175.86206896551724
5.6,0.32,0.33,7.4,0.037,25.0,95.0,0.99268,3.25,0.49,11.1,6,medium,white,87.57900000000001,0.06394226926546318,26.31578947368421,198.21428571428572
6.1,0.33,0.32,7.8,0.052,52.0,183.0,0.99657,3.39,0.65,9.5,5,low,white,74.955,0.08138216263091187,28.415300546448087,155.73770491803282
7.1,0.32,0.3,9.9,0.041,63.0,192.0,0.99642,3.12,0.49,10.2,6,medium,white,80.47800000000001,0.08822286836153978,32.8125,143.6619718309859
6.2,0.23,0.35,0.7,0.051,24.0,111.0,0.9916,3.37,0.43,11.0,3,low,white,86.79,0.07143680147482429,21.62162162162162,177.41935483870967
8.9,0.3,0.35,4.6,0.032,32.0,148.0,0.99458,3.15,0.45,11.5,7,medium,white,90.735,0.09808783821017249,21.62162162162162,129.21348314606743
6.0,0.14,0.17,5.6,0.036,37.0,127.0,0.99373,3.05,0.57,9.8,6,medium,white,77.322,0.07759757895553658,29.133858267716533,163.33333333333334
6.8,0.24,0.29,9.5,0.042,56.0,157.0,0.99586,3.11,0.51,10.1,6,medium,white,79.68900000000001,0.0853317270890587,35.6687898089172,148.52941176470588
6.7,0.21,0.48,14.8,0.05,31.0,195.0,0.99942,2.95,0.75,8.8,6,medium,white,69.432,0.09649729231478281,15.897435897435896,131.34328358208955
8.9,0.3,0.35,4.6,0.032,32.0,148.0,0.99458,3.15,0.45,11.5,7,medium,white,90.735,0.09808783821017249,21.62162162162162,129.21348314606743
6.1,0.3,0.3,2.1,0.031,50.0,163.0,0.9895,3.39,0.43,12.7,7,medium,white,100.203,0.06087642086564274,30.67484662576687,208.1967213114754
7.2,0.37,0.4,11.6,0.032,34.0,214.0,0.9963,3.1,0.51,9.8,6,medium,white,77.322,0.0931170947466439,15.887850467289718,136.11111111111111
6.7,0.64,0.3,1.2,0.03,18.0,76.0,0.9892,3.16,0.6,12.9,4,low,white,101.781,0.06582761026124719,23.684210526315788,192.53731343283582
7.2,0.37,0.4,11.6,0.032,34.0,214.0,0.9963,3.1,0.51,9.8,6,medium,white,77.322,0.0931170947466439,15.887850467289718,136.11111111111111
6.1,0.3,0.3,2.1,0.031,50.0,163.0,0.9895,3.39,0.43,12.7,7,medium,white,100.203,0.06087642086564274,30.67484662576687,208.1967213114754
7.6,0.28,0.49,20.15,0.06,30.0,145.0,1.00196,3.01,0.44,8.5,5,low,white,67.065,0.11332289569820324,20.689655172413794,111.8421052631579
6.3,0.29,0.28,4.7,0.059,28.0,81.0,0.99036,3.24,0.56,12.7,8,high,white,100.203,0.06287236909074578,34.5679012345679,201.58730158730157
6.2,0.28,0.28,4.3,0.026,22.0,105.0,0.989,2.98,0.64,13.1,8,high,white,103.35900000000001,0.05998510047504329,20.952380952380953,211.29032258064515
7.1,0.18,0.39,14.5,0.051,48.0,156.0,0.99947,3.35,0.78,9.1,5,low,white,71.799,0.09888717113051712,30.76923076923077,128.16901408450704
6.4,0.32,0.27,4.9,0.034,18.0,122.0,0.9916,3.36,0.71,12.5,6,medium,white,98.625,0.06489226869455007,14.754098360655737,195.3125
7.1,0.17,0.4,14.55,0.047,47.0,156.0,0.99945,3.34,0.78,9.1,6,medium,white,71.799,0.09888717113051712,30.128205128205128,128.16901408450704
7.1,0.17,0.4,14.55,0.047,47.0,156.0,0.99945,3.34,0.78,9.1,6,medium,white,71.799,0.09888717113051712,30.128205128205128,128.16901408450704
5.8,0.24,0.26,10.05,0.039,63.0,162.0,0.99375,3.33,0.5,11.2,6,medium,white,88.36800000000001,0.06563461886655803,38.88888888888889,193.10344827586206
6.4,0.32,0.27,4.9,0.034,18.0,122.0,0.9916,3.36,0.71,12.5,6,medium,white,98.625,0.06489226869455007,14.754098360655737,195.3125
7.1,0.18,0.39,14.5,0.051,48.0,156.0,0.99947,3.35,0.78,9.1,5,low,white,71.799,0.09888717113051712,30.76923076923077,128.16901408450704
7.1,0.17,0.4,14.55,0.047,47.0,156.0,0.99945,3.34,0.78,9.1,6,medium,white,71.799,0.09888717113051712,30.128205128205128,128.16901408450704
7.1,0.18,0.39,15.25,0.047,45.0,158.0,0.99946,3.34,0.77,9.1,6,medium,white,71.799,0.09888717113051712,28.48101265822785,128.16901408450704
7.8,0.29,0.29,3.15,0.044,41.0,117.0,0.99153,3.24,0.35,11.5,5,low,white,90.735,0.08596462225161183,35.04273504273504,147.43589743589746
6.2,0.255,0.27,1.3,0.037,30.0,86.0,0.98834,3.05,0.59,12.9,7,medium,white,101.781,0.060915102032795904,34.883720930232556,208.06451612903226
8.2,0.34,0.29,5.2,0.076,19.0,92.0,0.99138,2.95,0.39,12.5,6,medium,white,98.625,0.08314321926489227,20.652173913043477,152.4390243902439
6.5,0.24,0.28,1.1,0.034,26.0,83.0,0.98928,3.25,0.33,12.3,6,medium,white,97.04700000000001,0.06697785609034797,31.32530120481928,189.23076923076925
6.9,0.24,0.23,7.1,0.041,20.0,97.0,0.99246,3.1,0.85,11.4,6,medium,white,89.946,0.07671269428323661,20.618556701030926,165.2173913043478
6.7,0.4,0.22,8.8,0.052,24.0,113.0,0.99576,3.22,0.45,9.4,5,low,white,74.166,0.09033789067766902,21.238938053097346,140.2985074626866
6.7,0.3,0.44,18.5,0.057,65.0,224.0,0.99956,3.11,0.53,9.1,5,low,white,71.799,0.09331606289781194,29.017857142857146,135.82089552238804
6.7,0.4,0.22,8.8,0.052,24.0,113.0,0.99576,3.22,0.45,9.4,5,low,white,74.166,0.09033789067766902,21.238938053097346,140.2985074626866
6.8,0.17,0.32,1.4,0.04,35.0,106.0,0.99026,3.16,0.66,12.0,5,low,white,94.68,0.07182087029995775,33.0188679245283,176.47058823529412
7.1,0.25,0.28,1.2,0.04,31.0,111.0,0.99174,3.18,0.53,11.1,5,low,white,87.57900000000001,0.08106966281871224,27.927927927927925,156.3380281690141
5.9,0.27,0.27,5.0,0.035,14.0,97.0,0.99058,3.1,0.33,11.8,7,medium,white,93.102,0.06337135614702155,14.432989690721648,200.0
6.0,0.16,0.22,1.6,0.042,36.0,106.0,0.9905,3.24,0.32,11.4,6,medium,white,89.946,0.06670669068107532,33.9622641509434,190.0
6.7,0.3,0.44,18.75,0.057,65.0,224.0,0.99956,3.11,0.53,9.1,5,low,white,71.799,0.09331606289781194,29.017857142857146,135.82089552238804
6.6,0.15,0.32,6.0,0.033,59.0,128.0,0.99192,3.19,0.71,12.1,8,high,white,95.46900000000001,0.0691323885240235,46.09375,183.33333333333334
7.3,0.34,0.3,9.4,0.057,34.0,178.0,0.99554,3.15,0.44,10.4,6,medium,white,82.056,0.08896363459101102,19.101123595505616,142.46575342465755
6.0,0.17,0.29,9.7,0.044,33.0,98.0,0.99536,3.12,0.36,9.2,6,medium,white,72.58800000000001,0.08265829062654984,33.6734693877551,153.33333333333331
6.7,0.47,0.29,4.75,0.034,29.0,134.0,0.99056,3.29,0.46,13.0,7,medium,white,102.57000000000001,0.06532124402846835,21.641791044776117,194.02985074626866
6.6,0.15,0.32,6.0,0.033,59.0,128.0,0.99192,3.19,0.71,12.1,8,high,white,95.46900000000001,0.0691323885240235,46.09375,183.33333333333334
6.6,0.21,0.29,5.35,0.029,43.0,106.0,0.99112,2.93,0.43,11.5,7,medium,white,90.735,0.07273929575136386,40.56603773584906,174.24242424242425
6.6,0.21,0.29,5.35,0.029,43.0,106.0,0.99112,2.93,0.43,11.5,7,medium,white,90.735,0.07273929575136386,40.56603773584906,174.24242424242425
8.0,0.24,0.48,6.8,0.047,13.0,134.0,0.99616,3.23,0.7,10.0,5,low,white,78.9,0.10139416983523447,9.701492537313433,125.0
5.6,0.34,0.3,6.9,0.038,23.0,89.0,0.99266,3.25,0.49,11.1,6,medium,white,87.57900000000001,0.06394226926546318,25.842696629213485,198.21428571428572
5.8,0.54,0.0,1.4,0.033,40.0,107.0,0.98918,3.26,0.35,12.4,5,low,white,97.836,0.059282881556891126,37.38317757009346,213.7931034482759
7.3,0.23,0.24,0.9,0.031,29.0,86.0,0.98926,2.9,0.38,12.2,6,medium,white,96.25800000000001,0.07583785243823889,33.72093023255814,167.12328767123287
6.0,0.39,0.13,1.2,0.042,60.0,172.0,0.99114,3.06,0.52,10.6,5,low,white,83.634,0.07174115790228855,34.883720930232556,176.66666666666666
6.1,0.105,0.31,1.3,0.037,55.0,145.0,0.9912,3.41,0.41,11.1,7,medium,white,87.57900000000001,0.06965140044987952,37.93103448275862,181.9672131147541
5.8,0.32,0.2,2.6,0.027,17.0,123.0,0.98936,3.36,0.78,13.9,7,medium,white,109.671,0.05288544829535611,13.821138211382115,239.6551724137931
7.6,0.22,0.28,12.0,0.056,68.0,143.0,0.9983,2.99,0.3,9.2,6,medium,white,72.58800000000001,0.10470050146029646,47.55244755244755,121.05263157894737
6.8,0.19,0.4,9.85,0.055,41.0,103.0,0.99532,2.98,0.56,10.5,6,medium,white,82.845,0.08208099462852314,39.80582524271845,154.41176470588235
6.7,0.24,0.3,3.85,0.042,105.0,179.0,0.99189,3.04,0.59,11.3,8,high,white,89.15700000000001,0.07514833383806094,58.659217877094974,168.65671641791045
6.8,0.17,0.34,2.0,0.04,38.0,111.0,0.99,3.24,0.45,12.9,6,medium,white,101.781,0.06681011190693743,34.234234234234236,189.7058823529412
6.2,0.3,0.31,1.6,0.035,40.0,106.0,0.98914,3.26,0.39,12.9,7,medium,white,101.781,0.060915102032795904,37.735849056603776,208.06451612903226
6.9,0.29,0.41,7.8,0.046,52.0,171.0,0.99537,3.12,0.51,9.6,5,low,white,75.744,0.09109632446134348,30.409356725146196,139.1304347826087
6.8,0.19,0.34,1.9,0.04,41.0,108.0,0.99,3.25,0.45,12.9,6,medium,white,101.781,0.06681011190693743,37.96296296296296,189.7058823529412
6.8,0.17,0.34,2.0,0.04,38.0,111.0,0.99,3.24,0.45,12.9,6,medium,white,101.781,0.06681011190693743,34.234234234234236,189.7058823529412
6.6,0.24,0.27,10.3,0.047,54.0,219.0,0.99742,3.04,0.45,8.8,5,low,white,69.432,0.09505703422053231,24.65753424657534,133.33333333333334
6.6,0.16,0.36,1.1,0.031,27.0,93.0,0.98884,3.23,0.34,13.2,8,high,white,104.14800000000001,0.06337135614702154,29.03225806451613,200.0
7.6,0.22,0.28,12.0,0.056,68.0,143.0,0.9983,2.99,0.3,9.2,6,medium,white,72.58800000000001,0.10470050146029646,47.55244755244755,121.05263157894737
6.7,0.24,0.3,3.85,0.042,105.0,179.0,0.99189,3.04,0.59,11.3,8,high,white,89.15700000000001,0.07514833383806094,58.659217877094974,168.65671641791045
6.8,0.19,0.4,9.85,0.055,41.0,103.0,0.99532,2.98,0.56,10.5,6,medium,white,82.845,0.08208099462852314,39.80582524271845,154.41176470588235
6.7,0.16,0.36,2.0,0.045,24.0,131.0,0.99284,3.3,0.59,10.5,6,medium,white,82.845,0.08087392117810369,18.3206106870229,156.71641791044775
6.5,0.3,0.27,4.0,0.038,37.0,97.0,0.99026,3.2,0.6,12.6,8,high,white,99.414,0.06538314523105397,38.144329896907216,193.84615384615384
6.5,0.22,0.19,1.1,0.064,36.0,191.0,0.99297,3.05,0.5,9.5,6,medium,white,74.955,0.0867186978853979,18.848167539267017,146.15384615384613
6.2,0.36,0.45,10.4,0.06,22.0,184.0,0.99711,3.31,0.56,9.8,6,medium,white,77.322,0.08018416492072114,11.956521739130435,158.06451612903228
6.2,0.37,0.24,6.1,0.032,19.0,86.0,0.98934,3.04,0.26,13.4,8,high,white,105.726,0.058642150464408,22.093023255813954,216.1290322580645
7.6,0.31,0.24,1.8,0.037,39.0,150.0,0.9913,3.05,0.44,11.8,7,medium,white,93.102,0.08163089944362097,26.0,155.26315789473685
6.2,0.36,0.45,10.4,0.06,22.0,184.0,0.99711,3.31,0.56,9.8,6,medium,white,77.322,0.08018416492072114,11.956521739130435,158.06451612903228
5.9,0.32,0.28,4.7,0.039,34.0,94.0,0.98964,3.22,0.57,13.1,7,medium,white,103.35900000000001,0.05708259561334765,36.17021276595745,222.03389830508473
6.5,0.3,0.27,4.0,0.038,37.0,97.0,0.99026,3.2,0.6,12.6,8,high,white,99.414,0.06538314523105397,38.144329896907216,193.84615384615384
5.8,0.22,0.3,1.1,0.047,36.0,131.0,0.992,3.26,0.45,10.4,5,low,white,82.056,0.0706834357024471,27.480916030534353,179.31034482758622
5.4,0.45,0.27,6.4,0.033,20.0,102.0,0.98944,3.22,0.27,13.4,8,high,white,105.726,0.05107542137222632,19.607843137254903,248.14814814814815
6.1,0.36,0.26,8.15,0.035,14.0,88.0,0.99031,3.06,0.27,13.0,7,medium,white,102.57000000000001,0.059471580384127906,15.909090909090908,213.11475409836066
6.2,0.37,0.24,6.1,0.032,19.0,86.0,0.98934,3.04,0.26,13.4,8,high,white,105.726,0.058642150464408,22.093023255813954,216.1290322580645
7.5,0.21,0.32,4.8,0.056,39.0,113.0,0.99393,3.11,0.52,10.2,7,medium,white,80.47800000000001,0.09319317080444343,34.51327433628318,136.0
6.9,0.28,0.33,1.2,0.039,16.0,98.0,0.9904,3.07,0.39,11.7,6,medium,white,92.313,0.07474570212212799,16.3265306122449,169.56521739130432
6.5,0.22,0.19,1.1,0.064,36.0,191.0,0.99297,3.05,0.5,9.5,6,medium,white,74.955,0.0867186978853979,18.848167539267017,146.15384615384613
7.8,0.2,0.2,1.4,0.036,25.0,83.0,0.99088,3.03,0.46,11.7,6,medium,white,92.313,0.08449514152936206,30.120481927710845,150.0
6.7,0.28,0.31,7.4,0.041,7.0,81.0,0.99254,3.04,0.47,11.4,8,high,white,89.946,0.07448913792720077,8.641975308641975,170.1492537313433
7.6,0.31,0.24,1.8,0.037,39.0,150.0,0.9913,3.05,0.44,11.8,7,medium,white,93.102,0.08163089944362097,26.0,155.26315789473685
8.0,0.2,0.44,1.0,0.057,24.0,111.0,0.99158,3.09,0.32,11.2,6,medium,white,88.36800000000001,0.09053050878145934,21.62162162162162,140.0
6.0,0.28,0.27,15.5,0.036,31.0,134.0,0.99408,3.19,0.44,13.0,7,medium,white,102.57000000000001,0.0584966364434045,23.134328358208954,216.66666666666666
6.0,0.28,0.27,15.5,0.036,31.0,134.0,0.99408,3.19,0.44,13.0,7,medium,white,102.57000000000001,0.0584966364434045,23.134328358208954,216.66666666666666
6.7,0.24,0.36,8.4,0.042,42.0,123.0,0.99473,3.34,0.52,10.9,6,medium,white,86.001,0.07790607085964117,34.146341463414636,162.6865671641791
6.3,0.22,0.28,2.4,0.042,38.0,102.0,0.98998,3.14,0.37,11.6,7,medium,white,91.524,0.0688344040907303,37.254901960784316,184.12698412698413
6.0,0.24,0.28,3.95,0.038,61.0,134.0,0.99146,3.3,0.54,11.3,7,medium,white,89.15700000000001,0.067297015377368,45.52238805970149,188.33333333333334
7.7,0.43,1.0,19.95,0.032,42.0,164.0,0.99742,3.29,0.5,12.0,6,medium,white,94.68,0.08132657372201098,25.609756097560975,155.84415584415586
6.4,0.3,0.36,2.0,0.052,18.0,141.0,0.99273,3.38,0.53,10.5,6,medium,white,82.845,0.07725270082684532,12.76595744680851,164.0625
6.1,0.33,0.3,3.0,0.036,30.0,124.0,0.98922,3.31,0.4,13.1,7,medium,white,103.35900000000001,0.059017598854478076,24.193548387096776,214.75409836065575
6.0,0.28,0.27,15.5,0.036,31.0,134.0,0.99408,3.19,0.44,13.0,7,medium,white,102.57000000000001,0.0584966364434045,23.134328358208954,216.66666666666666
6.7,0.24,0.36,8.4,0.042,42.0,123.0,0.99473,3.34,0.52,10.9,6,medium,white,86.001,0.07790607085964117,34.146341463414636,162.6865671641791
6.7,0.29,0.45,14.3,0.054,30.0,181.0,0.99869,3.14,0.57,9.1,5,low,white,71.799,0.09331606289781194,16.574585635359114,135.82089552238804
6.9,0.33,0.31,4.2,0.04,21.0,93.0,0.9896,3.18,0.48,13.4,7,medium,white,105.726,0.06526303842006696,22.58064516129032,194.20289855072463
6.5,0.16,0.34,1.4,0.029,29.0,133.0,0.99108,3.33,0.64,11.5,7,medium,white,90.735,0.07163718520967653,21.804511278195488,176.9230769230769
6.0,0.2,0.32,3.0,0.031,26.0,118.0,0.99134,3.38,0.68,11.2,7,medium,white,88.36800000000001,0.06789788158609451,22.033898305084744,186.66666666666666
7.5,0.33,0.28,4.9,0.042,21.0,155.0,0.99385,3.36,0.57,10.9,6,medium,white,86.001,0.08720828827571772,13.548387096774196,145.33333333333334
7.1,0.36,0.28,2.4,0.036,35.0,115.0,0.98936,3.19,0.44,13.5,7,medium,white,106.515,0.06665727831760784,30.434782608695656,190.14084507042256
6.7,0.29,0.45,14.3,0.054,30.0,181.0,0.99869,3.14,0.57,9.1,5,low,white,71.799,0.09331606289781194,16.574585635359114,135.82089552238804
6.4,0.26,0.25,10.7,0.046,66.0,179.0,0.99606,3.17,0.55,9.9,6,medium,white,78.111,0.08193468269513897,36.87150837988827,154.6875
7.0,0.22,0.24,11.0,0.041,75.0,167.0,0.99508,2.98,0.56,10.5,6,medium,white,82.845,0.08449514152936206,44.91017964071856,150.0
6.5,0.19,0.28,1.4,0.046,22.0,90.0,0.99038,3.18,0.51,11.7,7,medium,white,92.313,0.07041261794113506,24.444444444444443,179.99999999999997
6.3,0.21,0.31,1.2,0.043,30.0,117.0,0.99158,3.49,0.68,11.0,6,medium,white,86.79,0.07258900795022467,25.64102564102564,174.6031746031746
7.9,0.35,0.28,12.9,0.032,13.0,63.0,0.9932,2.99,0.43,13.0,6,medium,white,102.57000000000001,0.07702057131714926,20.634920634920633,164.55696202531644
7.7,0.38,0.23,10.8,0.03,28.0,95.0,0.99164,2.93,0.41,13.6,6,medium,white,107.304,0.07175874151942145,29.47368421052631,176.62337662337663
6.8,0.19,0.33,1.3,0.031,22.0,87.0,0.98987,3.08,0.62,12.3,7,medium,white,97.04700000000001,0.07006914175605633,25.287356321839084,180.8823529411765
7.2,0.33,0.34,2.0,0.044,61.0,171.0,0.98947,3.25,0.53,13.3,7,medium,white,104.937,0.06861259612910604,35.67251461988304,184.72222222222223
6.6,0.29,0.29,1.8,0.036,38.0,102.0,0.98819,3.08,0.42,13.7,7,medium,white,108.093,0.06105853292997696,37.254901960784316,207.57575757575756
7.5,0.2,0.41,1.2,0.05,26.0,131.0,0.99133,3.19,0.52,11.1,5,low,white,87.57900000000001,0.08563696776624533,19.84732824427481,148.0
6.9,0.33,0.62,7.5,0.038,46.0,132.0,0.99143,3.23,0.43,13.4,7,medium,white,105.726,0.06526303842006696,34.84848484848485,194.20289855072463
6.0,0.23,0.15,9.7,0.048,101.0,207.0,0.99571,3.05,0.3,9.1,5,low,white,71.799,0.08356662349057785,48.792270531400966,151.66666666666666
5.9,0.23,0.24,3.8,0.038,61.0,152.0,0.99139,3.31,0.5,11.3,7,medium,white,89.15700000000001,0.06617539845441188,40.131578947368425,191.52542372881356
6.6,0.32,0.41,7.2,0.048,55.0,178.0,0.99537,3.2,0.46,9.4,5,low,white,74.166,0.08898956395113664,30.89887640449438,142.42424242424244
6.0,0.23,0.15,9.7,0.048,101.0,207.0,0.99571,3.05,0.3,9.1,5,low,white,71.799,0.08356662349057785,48.792270531400966,151.66666666666666
5.3,0.36,0.27,6.3,0.028,40.0,132.0,0.99186,3.37,0.4,11.6,6,medium,white,91.524,0.05790830820331279,30.303030303030305,218.86792452830187
5.3,0.36,0.27,6.3,0.028,40.0,132.0,0.99186,3.37,0.4,11.6,6,medium,white,91.524,0.05790830820331279,30.303030303030305,218.86792452830187
8.9,0.27,0.28,0.8,0.024,29.0,128.0,0.98984,3.01,0.35,12.4,6,medium,white,97.836,0.0909685596304019,22.65625,139.32584269662922
7.6,0.23,0.29,8.6,0.053,65.0,146.0,0.9963,3.11,0.32,9.8,6,medium,white,77.322,0.098290266677013,44.52054794520548,128.94736842105266
6.9,0.75,0.13,6.3,0.036,19.0,50.0,0.99312,3.09,0.25,11.1,4,low,white,87.57900000000001,0.0787860103449457,38.0,160.86956521739128
7.1,0.35,0.27,3.1,0.034,28.0,134.0,0.9897,3.26,0.38,13.1,7,medium,white,103.35900000000001,0.06869261506013022,20.8955223880597,184.50704225352112
7.2,0.31,0.35,7.2,0.046,45.0,178.0,0.9955,3.14,0.53,9.7,5,low,white,76.533,0.09407706479557838,25.280898876404496,134.7222222222222
6.4,0.28,0.44,7.1,0.048,49.0,179.0,0.99528,3.15,0.48,9.2,5,low,white,72.58800000000001,0.0881688433349865,27.37430167597765,143.74999999999997
7.2,0.23,0.46,6.4,0.036,17.0,85.0,0.99279,3.1,0.78,11.7,6,medium,white,92.313,0.07799551525787267,20.0,162.49999999999997
6.6,0.22,0.3,14.7,0.045,50.0,136.0,0.99704,3.14,0.37,10.6,6,medium,white,83.634,0.0789152736925174,36.76470588235294,160.60606060606062
7.2,0.31,0.35,7.2,0.046,45.0,178.0,0.9955,3.14,0.53,9.7,5,low,white,76.533,0.09407706479557838,25.280898876404496,134.7222222222222
6.4,0.28,0.44,7.1,0.048,49.0,179.0,0.99528,3.15,0.48,9.2,5,low,white,72.58800000000001,0.0881688433349865,27.37430167597765,143.74999999999997
7.2,0.24,0.28,1.9,0.032,30.0,92.0,0.9914,3.1,0.39,10.9,6,medium,white,86.001,0.08371995674468902,32.608695652173914,151.38888888888889
6.2,0.27,0.47,1.2,0.146,28.0,105.0,0.99224,3.23,0.51,10.1,5,low,white,79.68900000000001,0.07780245705178883,26.666666666666668,162.9032258064516
6.5,0.28,0.25,4.8,0.029,54.0,128.0,0.99074,3.17,0.44,12.2,7,medium,white,96.25800000000001,0.06752685491076066,42.1875,187.69230769230768
7.2,0.27,0.31,1.2,0.031,27.0,80.0,0.98892,3.03,0.33,12.7,6,medium,white,100.203,0.07185413610370947,33.75,176.38888888888889
7.8,0.28,0.25,3.4,0.024,27.0,99.0,0.98959,2.98,0.37,13.0,6,medium,white,102.57000000000001,0.07604562737642585,27.27272727272727,166.66666666666669
8.1,0.26,0.27,4.3,0.03,43.0,123.0,0.99212,3.16,0.33,11.2,6,medium,white,88.36800000000001,0.09166214014122757,34.959349593495936,138.2716049382716
6.6,0.23,0.37,8.5,0.036,46.0,153.0,0.99576,3.2,0.48,9.4,6,medium,white,74.166,0.08898956395113664,30.065359477124183,142.42424242424244
6.0,0.33,0.2,1.8,0.031,49.0,159.0,0.9919,3.41,0.53,11.0,6,medium,white,86.79,0.0691323885240235,30.81761006289308,183.33333333333331
6.0,0.33,0.2,1.8,0.031,49.0,159.0,0.9919,3.41,0.53,11.0,6,medium,white,86.79,0.0691323885240235,30.81761006289308,183.33333333333331
7.3,0.2,0.29,19.5,0.039,69.0,237.0,1.00037,3.1,0.48,9.2,6,medium,white,72.58800000000001,0.10056758692896896,29.11392405063291,126.02739726027397
6.6,0.23,0.37,8.5,0.036,46.0,153.0,0.99576,3.2,0.48,9.4,6,medium,white,74.166,0.08898956395113664,30.065359477124183,142.42424242424244
7.3,0.2,0.29,19.9,0.039,69.0,237.0,1.00037,3.1,0.48,9.2,6,medium,white,72.58800000000001,0.10056758692896896,29.11392405063291,126.02739726027397
6.2,0.47,0.19,8.3,0.029,24.0,142.0,0.992,3.22,0.45,12.3,6,medium,white,97.04700000000001,0.0638865704246396,16.901408450704224,198.38709677419354
6.0,0.33,0.2,1.8,0.031,49.0,159.0,0.9919,3.41,0.53,11.0,6,medium,white,86.79,0.0691323885240235,30.81761006289308,183.33333333333331
7.2,0.14,0.32,1.1,0.022,48.0,116.0,0.99218,3.04,0.67,10.0,6,medium,white,78.9,0.09125475285171102,41.37931034482759,138.88888888888889
5.7,0.22,0.22,16.65,0.044,39.0,110.0,0.99855,3.24,0.48,9.0,6,medium,white,71.01,0.08027038445289396,35.45454545454545,157.89473684210526
5.7,0.22,0.22,16.65,0.044,39.0,110.0,0.99855,3.24,0.48,9.0,6,medium,white,71.01,0.08027038445289396,35.45454545454545,157.89473684210526
5.7,0.22,0.22,16.65,0.044,39.0,110.0,0.99855,3.24,0.48,9.0,6,medium,white,71.01,0.08027038445289396,35.45454545454545,157.89473684210526
8.1,0.2,0.28,0.9,0.023,49.0,87.0,0.99062,2.92,0.36,11.1,6,medium,white,87.57900000000001,0.09248792518754495,56.32183908045977,137.03703703703704
5.8,0.14,0.15,6.1,0.042,27.0,123.0,0.99362,3.06,0.6,9.9,6,medium,white,78.111,0.07425330619246968,21.951219512195124,170.6896551724138
4.8,0.21,0.21,10.2,0.037,17.0,112.0,0.99324,3.66,0.48,12.2,7,medium,white,96.25800000000001,0.049865985164869404,15.178571428571427,254.16666666666666
8.1,0.2,0.28,0.9,0.023,49.0,87.0,0.99062,2.92,0.36,11.1,6,medium,white,87.57900000000001,0.09248792518754495,56.32183908045977,137.03703703703704
5.7,0.22,0.22,16.65,0.044,39.0,110.0,0.99855,3.24,0.48,9.0,6,medium,white,71.01,0.08027038445289396,35.45454545454545,157.89473684210526
7.5,0.34,0.24,3.85,0.031,5.0,34.0,0.99098,3.01,0.36,11.8,4,low,white,93.102,0.08055680866146807,14.705882352941178,157.33333333333334
6.6,0.64,0.28,4.4,0.032,19.0,78.0,0.99036,3.11,0.62,12.9,6,medium,white,101.781,0.06484510861555692,24.358974358974358,195.45454545454547
7.0,0.48,0.12,4.5,0.05,23.0,86.0,0.99398,2.86,0.35,9.0,5,low,white,71.01,0.09857766511758906,26.744186046511626,128.57142857142858
7.6,0.37,0.34,3.2,0.028,42.0,162.0,0.9903,3.01,0.33,12.4,6,medium,white,97.836,0.07768101721247803,25.925925925925924,163.15789473684214
7.0,0.48,0.12,4.5,0.05,23.0,86.0,0.99398,2.86,0.35,9.0,5,low,white,71.01,0.09857766511758906,26.744186046511626,128.57142857142858
6.6,0.64,0.28,4.4,0.032,19.0,78.0,0.99036,3.11,0.62,12.9,6,medium,white,101.781,0.06484510861555692,24.358974358974358,195.45454545454547
8.0,0.25,0.27,9.7,0.036,15.0,85.0,0.99406,2.99,0.36,11.2,6,medium,white,88.36800000000001,0.09053050878145934,17.647058823529413,140.0
7.6,0.38,0.28,4.2,0.029,7.0,112.0,0.9906,3.0,0.41,12.6,6,medium,white,99.414,0.07644798519323234,6.25,165.78947368421052
6.9,0.26,0.27,4.2,0.031,20.0,80.0,0.99089,3.12,0.39,11.5,6,medium,white,90.735,0.07604562737642585,25.0,166.66666666666666
7.8,0.15,0.34,1.1,0.035,31.0,93.0,0.99096,3.07,0.72,11.3,7,medium,white,89.15700000000001,0.08748611999057841,33.33333333333333,144.8717948717949
8.0,0.25,0.27,9.7,0.036,15.0,85.0,0.99406,2.99,0.36,11.2,6,medium,white,88.36800000000001,0.09053050878145934,17.647058823529413,140.0
6.9,0.26,0.27,4.2,0.031,20.0,80.0,0.99089,3.12,0.39,11.5,6,medium,white,90.735,0.07604562737642585,25.0,166.66666666666666
5.9,0.655,0.0,5.6,0.033,8.0,31.0,0.9936,3.32,0.51,10.5,4,low,white,82.845,0.07121733357474803,25.806451612903224,177.96610169491524
7.6,0.38,0.28,4.2,0.029,7.0,112.0,0.9906,3.0,0.41,12.6,6,medium,white,99.414,0.07644798519323234,6.25,165.78947368421052
7.8,0.31,0.4,1.6,0.027,20.0,87.0,0.9911,3.15,0.48,11.9,6,medium,white,93.891,0.08307505511710386,22.988505747126435,152.56410256410257
8.1,0.17,0.21,1.6,0.036,24.0,119.0,0.99396,3.18,0.52,10.1,6,medium,white,79.68900000000001,0.10164514550314345,20.168067226890756,124.69135802469135
6.8,0.18,0.28,1.1,0.027,32.0,112.0,0.99089,3.15,0.45,11.0,7,medium,white,86.79,0.07835004032722663,28.57142857142857,161.76470588235296
7.4,0.28,0.36,14.6,0.048,35.0,161.0,0.9968,3.14,0.56,10.6,5,low,white,83.634,0.08848076141282255,21.73913043478261,143.24324324324323
7.3,0.23,0.27,2.6,0.035,39.0,120.0,0.99138,3.04,0.59,11.3,7,medium,white,89.15700000000001,0.08187803537579774,32.5,154.7945205479452
6.7,0.22,0.22,1.2,0.038,5.0,124.0,0.99098,3.1,0.37,11.2,4,low,white,88.36800000000001,0.0758193011044722,4.032258064516129,167.1641791044776
7.4,0.25,0.28,7.25,0.028,14.0,78.0,0.99238,2.94,0.37,11.5,7,medium,white,90.735,0.08155618008486251,17.94871794871795,155.4054054054054
7.5,0.3,0.21,6.55,0.026,33.0,143.0,0.99244,2.92,0.35,11.1,5,low,white,87.57900000000001,0.08563696776624533,23.076923076923077,148.0
7.2,0.26,0.24,7.0,0.023,19.0,130.0,0.99176,3.14,0.49,12.8,7,medium,white,100.992,0.07129277566539924,14.615384615384617,177.7777777777778
6.3,0.32,0.32,1.5,0.037,12.0,76.0,0.98993,3.3,0.46,12.3,6,medium,white,97.04700000000001,0.06491699897987573,15.789473684210526,195.23809523809524
7.7,0.24,0.3,1.4,0.041,15.0,102.0,0.9929,3.26,0.53,10.4,6,medium,white,82.056,0.09383835429462807,14.705882352941178,135.06493506493507
7.4,0.25,0.28,7.25,0.028,14.0,78.0,0.99238,2.94,0.37,11.5,7,medium,white,90.735,0.08155618008486251,17.94871794871795,155.4054054054054
7.0,0.24,0.35,1.0,0.032,42.0,104.0,0.98988,3.16,0.37,11.7,7,medium,white,92.313,0.0758289731673762,40.38461538461539,167.14285714285714
5.8,0.28,0.28,4.2,0.044,52.0,158.0,0.992,3.35,0.44,10.7,7,medium,white,84.423,0.06870165713135046,32.91139240506329,184.48275862068965
6.8,0.19,0.71,17.5,0.042,21.0,114.0,0.99784,2.85,0.5,9.5,6,medium,white,74.955,0.09072109932626242,18.421052631578945,139.7058823529412
6.8,0.19,0.71,17.5,0.042,21.0,114.0,0.99784,2.85,0.5,9.5,6,medium,white,74.955,0.09072109932626242,18.421052631578945,139.7058823529412
6.8,0.19,0.71,17.5,0.042,21.0,114.0,0.99784,2.85,0.5,9.5,6,medium,white,74.955,0.09072109932626242,18.421052631578945,139.7058823529412
6.6,0.19,0.35,1.5,0.037,37.0,107.0,0.99006,3.18,0.68,12.0,7,medium,white,94.68,0.0697084917617237,34.57943925233645,181.81818181818184
6.4,0.28,0.36,1.3,0.053,28.0,186.0,0.99211,3.31,0.45,10.8,5,low,white,85.212,0.07510679247054405,15.053763440860216,168.75
5.6,0.28,0.27,3.9,0.043,52.0,158.0,0.99202,3.35,0.44,10.7,7,medium,white,84.423,0.06633263447164872,32.91139240506329,191.07142857142858
5.6,0.28,0.28,4.2,0.044,52.0,158.0,0.992,3.35,0.44,10.7,7,medium,white,84.423,0.06633263447164872,32.91139240506329,191.07142857142858
6.8,0.19,0.32,7.6,0.049,37.0,107.0,0.99332,3.12,0.44,10.7,7,medium,white,84.423,0.08054677042985915,34.57943925233645,157.35294117647058
7.2,0.16,0.29,1.0,0.031,40.0,123.0,0.98958,3.12,0.4,12.1,7,medium,white,95.46900000000001,0.07541715111711654,32.52032520325203,168.05555555555554
6.6,0.17,0.28,1.1,0.034,55.0,108.0,0.98939,3.0,0.52,11.9,7,medium,white,93.891,0.0702942774067802,50.92592592592593,180.3030303030303
6.6,0.19,0.28,11.8,0.042,54.0,137.0,0.99492,3.18,0.37,10.8,6,medium,white,85.212,0.07745387973524855,39.416058394160586,163.63636363636365
5.8,0.2,0.24,1.4,0.033,65.0,169.0,0.99043,3.59,0.56,12.3,7,medium,white,97.04700000000001,0.05976485620369511,38.46153846153847,212.06896551724142
6.6,0.39,0.38,9.7,0.053,49.0,226.0,0.99787,3.3,0.57,9.4,6,medium,white,74.166,0.08898956395113664,21.68141592920354,142.42424242424244
6.8,0.12,0.3,12.9,0.049,32.0,88.0,0.99654,3.2,0.35,9.9,6,medium,white,78.111,0.08705560036358514,36.36363636363637,145.58823529411765
6.6,0.295,0.24,1.6,0.039,29.0,140.0,0.99304,3.35,0.61,10.4,7,medium,white,82.056,0.0804328751096812,20.714285714285715,157.5757575757576
6.6,0.26,0.24,7.2,0.038,28.0,137.0,0.9952,3.35,0.6,10.4,6,medium,white,82.056,0.0804328751096812,20.437956204379564,157.5757575757576
7.0,0.32,0.27,7.1,0.027,37.0,122.0,0.99165,3.15,0.6,12.6,7,medium,white,99.414,0.07041261794113506,30.327868852459016,180.0
7.4,0.36,0.23,1.9,0.017,31.0,69.0,0.9892,2.93,0.36,12.5,6,medium,white,98.625,0.07503168567807351,44.927536231884055,168.9189189189189
6.7,0.35,0.48,8.8,0.056,35.0,167.0,0.99628,3.04,0.47,9.4,5,low,white,74.166,0.09033789067766902,20.958083832335326,140.2985074626866
6.4,0.38,0.24,7.2,0.047,41.0,151.0,0.99604,3.11,0.6,9.2,5,low,white,72.58800000000001,0.0881688433349865,27.1523178807947,143.74999999999997
6.8,0.14,0.18,1.4,0.047,30.0,90.0,0.99164,3.27,0.54,11.2,6,medium,white,88.36800000000001,0.07695093246424044,33.33333333333333,164.70588235294116
7.0,0.16,0.25,14.3,0.044,27.0,149.0,0.998,2.91,0.46,9.2,6,medium,white,72.58800000000001,0.09643467239764147,18.120805369127517,131.42857142857142
7.0,0.16,0.25,14.3,0.044,27.0,149.0,0.998,2.91,0.46,9.2,6,medium,white,72.58800000000001,0.09643467239764147,18.120805369127517,131.42857142857142
6.7,0.35,0.48,8.8,0.056,35.0,167.0,0.99628,3.04,0.47,9.4,5,low,white,74.166,0.09033789067766902,20.958083832335326,140.2985074626866
6.8,0.14,0.18,1.4,0.047,30.0,90.0,0.99164,3.27,0.54,11.2,6,medium,white,88.36800000000001,0.07695093246424044,33.33333333333333,164.70588235294116
6.8,0.16,0.18,1.8,0.046,31.0,114.0,0.99226,3.27,0.55,10.8,6,medium,white,85.212,0.07980096699995305,27.192982456140353,158.82352941176472
7.0,0.16,0.25,14.3,0.044,27.0,149.0,0.998,2.91,0.46,9.2,6,medium,white,72.58800000000001,0.09643467239764147,18.120805369127517,131.42857142857142
6.4,0.38,0.24,7.2,0.047,41.0,151.0,0.99604,3.11,0.6,9.2,5,low,white,72.58800000000001,0.0881688433349865,27.1523178807947,143.74999999999997
7.2,0.24,0.3,1.2,0.037,11.0,95.0,0.98914,2.96,0.36,12.5,6,medium,white,98.625,0.07300380228136882,11.578947368421053,173.61111111111111
7.7,0.32,0.61,11.8,0.041,66.0,188.0,0.99794,3.0,0.54,9.3,5,low,white,73.37700000000001,0.10493751448001416,35.1063829787234,120.7792207792208
7.0,0.29,0.33,0.9,0.041,20.0,117.0,0.99048,3.21,0.5,11.4,5,low,white,89.946,0.07782447246125453,17.094017094017094,162.85714285714286
7.1,0.27,0.24,12.6,0.044,48.0,118.0,0.99726,3.04,0.56,10.0,7,medium,white,78.9,0.08998732572877058,40.67796610169492,140.84507042253523
6.8,0.45,0.28,26.05,0.031,27.0,122.0,1.00295,3.06,0.42,10.6,6,medium,white,83.634,0.08130664562259368,22.131147540983605,155.88235294117646
6.3,0.2,0.26,4.7,0.04,108.0,168.0,0.99278,3.07,0.75,10.7,7,medium,white,84.423,0.07462421378060481,64.28571428571429,169.84126984126985
7.1,0.27,0.24,12.6,0.044,48.0,118.0,0.99726,3.04,0.56,10.0,7,medium,white,78.9,0.08998732572877058,40.67796610169492,140.84507042253523
7.2,0.24,0.3,1.2,0.037,11.0,95.0,0.98914,2.96,0.36,12.5,6,medium,white,98.625,0.07300380228136882,11.578947368421053,173.61111111111111
6.8,0.45,0.28,26.05,0.031,27.0,122.0,1.00295,3.06,0.42,10.6,6,medium,white,83.634,0.08130664562259368,22.131147540983605,155.88235294117646
6.6,0.36,0.28,6.1,0.029,12.0,93.0,0.99054,3.19,0.27,12.8,7,medium,white,100.992,0.06535171102661597,12.903225806451612,193.93939393939397
7.7,0.32,0.61,11.8,0.041,66.0,188.0,0.99794,3.0,0.54,9.3,5,low,white,73.37700000000001,0.10493751448001416,35.1063829787234,120.7792207792208
7.0,0.29,0.33,0.9,0.041,20.0,117.0,0.99048,3.21,0.5,11.4,5,low,white,89.946,0.07782447246125453,17.094017094017094,162.85714285714286
6.4,0.37,0.2,5.6,0.117,61.0,183.0,0.99459,3.24,0.43,9.5,5,low,white,74.955,0.0853845640717764,33.33333333333333,148.4375
6.4,0.38,0.2,5.3,0.117,57.0,181.0,0.99459,3.24,0.43,9.5,6,medium,white,74.955,0.0853845640717764,31.491712707182316,148.4375
6.4,0.36,0.2,5.7,0.118,61.0,172.0,0.9946,3.24,0.43,9.5,6,medium,white,74.955,0.0853845640717764,35.46511627906977,148.4375
6.6,0.3,0.25,8.0,0.036,21.0,124.0,0.99362,3.06,0.38,10.8,6,medium,white,85.212,0.07745387973524855,16.93548387096774,163.63636363636365
6.6,0.3,0.25,8.0,0.036,21.0,124.0,0.99362,3.06,0.38,10.8,6,medium,white,85.212,0.07745387973524855,16.93548387096774,163.63636363636365
6.5,0.21,0.51,17.6,0.045,34.0,125.0,0.99966,3.2,0.47,8.8,6,medium,white,69.432,0.09361677612628183,27.200000000000003,135.3846153846154
6.6,0.3,0.25,8.0,0.036,21.0,124.0,0.99362,3.06,0.38,10.8,6,medium,white,85.212,0.07745387973524855,16.93548387096774,163.63636363636365
7.6,0.31,0.27,8.8,0.021,57.0,156.0,0.99442,3.08,0.38,11.0,7,medium,white,86.79,0.08756769213042977,36.53846153846153,144.73684210526315
5.8,0.58,0.0,1.5,0.02,33.0,96.0,0.98918,3.29,0.38,12.4,6,medium,white,97.836,0.059282881556891126,34.375,213.7931034482759
6.5,0.26,0.39,1.4,0.02,12.0,66.0,0.99089,3.25,0.75,11.3,7,medium,white,89.15700000000001,0.07290509999214867,18.181818181818183,173.84615384615384
8.7,0.3,0.34,4.8,0.018,23.0,127.0,0.99474,3.12,0.49,11.2,7,medium,white,88.36800000000001,0.09845192829983702,18.11023622047244,128.73563218390805
6.4,0.29,0.32,2.4,0.014,34.0,89.0,0.99008,3.24,0.66,12.5,7,medium,white,98.625,0.06489226869455007,38.20224719101123,195.3125
6.7,0.13,0.32,3.7,0.017,32.0,99.0,0.99348,3.12,0.44,10.0,6,medium,white,78.9,0.08491761723700887,32.323232323232325,149.25373134328356
6.8,0.19,0.33,4.9,0.047,42.0,130.0,0.99283,3.12,0.56,11.0,6,medium,white,86.79,0.07835004032722663,32.30769230769231,161.76470588235296
6.0,0.25,0.4,5.7,0.052,56.0,152.0,0.99398,3.16,0.88,10.5,6,medium,white,82.845,0.07242440702516749,36.84210526315789,175.0
6.0,0.25,0.4,5.7,0.052,56.0,152.0,0.99398,3.16,0.88,10.5,6,medium,white,82.845,0.07242440702516749,36.84210526315789,175.0
6.8,0.19,0.33,4.9,0.047,42.0,130.0,0.99283,3.12,0.56,11.0,6,medium,white,86.79,0.07835004032722663,32.30769230769231,161.76470588235296
6.4,0.24,0.23,2.0,0.046,30.0,133.0,0.9908,3.12,0.54,11.4,7,medium,white,89.946,0.071153803393147,22.55639097744361,178.125
5.9,0.18,0.28,5.1,0.039,50.0,139.0,0.99165,3.16,0.44,11.3,6,medium,white,89.15700000000001,0.06617539845441188,35.97122302158273,191.52542372881356
7.2,0.33,0.22,4.5,0.031,10.0,73.0,0.99076,2.97,0.52,12.2,7,medium,white,96.25800000000001,0.07479897774730411,13.698630136986301,169.44444444444443
6.4,0.29,0.24,3.2,0.037,31.0,95.0,0.98942,2.9,0.66,12.6,7,medium,white,99.414,0.06437725068903777,32.631578947368425,196.87499999999997
7.3,0.31,0.25,6.65,0.032,30.0,138.0,0.99244,2.9,0.37,11.1,5,low,white,87.57900000000001,0.08335331529247877,21.73913043478261,152.05479452054794
7.0,0.29,0.37,1.6,0.035,34.0,126.0,0.99058,3.26,0.47,12.3,6,medium,white,97.04700000000001,0.07212999886652859,26.984126984126984,175.71428571428572
6.9,0.19,0.6,4.0,0.037,6.0,122.0,0.99255,2.92,0.59,10.4,4,low,white,82.056,0.08408891488739398,4.918032786885246,150.72463768115944
6.3,0.32,0.17,17.75,0.06,51.0,190.0,0.99916,3.13,0.48,8.8,6,medium,white,69.432,0.09073625993778084,26.842105263157894,139.6825396825397
6.6,0.085,0.33,1.4,0.036,17.0,109.0,0.99306,3.27,0.61,9.5,6,medium,white,74.955,0.08805283169901941,15.59633027522936,143.93939393939394
6.3,0.32,0.17,17.75,0.06,51.0,190.0,0.99916,3.13,0.48,8.8,6,medium,white,69.432,0.09073625993778084,26.842105263157894,139.6825396825397
6.8,0.18,0.32,7.2,0.047,17.0,109.0,0.99498,3.42,0.44,10.4,6,medium,white,82.056,0.08287023496148971,15.59633027522936,152.94117647058826
6.8,0.52,0.26,5.7,0.038,27.0,130.0,0.99,3.11,0.27,13.0,7,medium,white,102.57000000000001,0.06629618796919176,20.76923076923077,191.1764705882353
7.1,0.28,0.28,8.5,0.03,25.0,191.0,0.99338,3.16,0.46,12.2,7,medium,white,96.25800000000001,0.07376010305636933,13.089005235602095,171.83098591549296
5.7,0.15,0.47,11.4,0.035,49.0,128.0,0.99456,3.03,0.34,10.5,8,high,white,82.845,0.06880318667390911,38.28125,184.21052631578948
5.8,0.275,0.3,5.4,0.043,41.0,149.0,0.9926,3.33,0.42,10.8,7,medium,white,85.212,0.06806553067643055,27.516778523489933,186.20689655172416
5.4,0.53,0.16,2.7,0.036,34.0,128.0,0.98856,3.2,0.53,13.2,8,high,white,104.14800000000001,0.051849291393017624,26.5625,244.44444444444443
5.8,0.32,0.28,4.3,0.032,46.0,115.0,0.98946,3.16,0.57,13.0,8,high,white,102.57000000000001,0.05654674856195768,40.0,224.1379310344828
6.7,0.22,0.39,1.2,0.049,26.0,152.0,0.99346,3.5,0.47,10.0,6,medium,white,78.9,0.08491761723700887,17.105263157894736,149.25373134328356
6.1,0.6,0.12,1.8,0.05,11.0,76.0,0.99268,3.42,0.48,10.4,4,low,white,82.056,0.07433947548015989,14.473684210526317,170.49180327868854
6.5,0.26,0.31,1.3,0.034,59.0,145.0,0.98944,3.16,0.54,12.4,6,medium,white,97.836,0.06643771208961936,40.689655172413794,190.76923076923077
5.0,0.29,0.54,5.7,0.035,54.0,155.0,0.98976,3.27,0.34,12.9,8,high,white,101.781,0.049125082284512823,34.83870967741935,258.0
5.4,0.53,0.16,2.7,0.036,34.0,128.0,0.98856,3.2,0.53,13.2,8,high,white,104.14800000000001,0.051849291393017624,26.5625,244.44444444444443
6.8,0.21,0.26,11.7,0.038,61.0,152.0,0.99523,3.02,0.56,10.5,7,medium,white,82.845,0.08208099462852314,40.131578947368425,154.41176470588235
5.8,0.32,0.28,4.3,0.032,46.0,115.0,0.98946,3.16,0.57,13.0,8,high,white,102.57000000000001,0.05654674856195768,40.0,224.1379310344828
6.5,0.27,0.26,11.0,0.03,2.0,82.0,0.99402,3.07,0.36,11.2,5,low,white,88.36800000000001,0.07355603838493571,2.4390243902439024,172.3076923076923
5.9,0.37,0.32,1.6,0.029,41.0,102.0,0.98916,3.41,0.55,12.7,7,medium,white,100.203,0.05888047264053971,40.19607843137255,215.25423728813556
6.2,0.21,0.18,11.6,0.044,61.0,155.0,0.99655,3.14,0.52,9.4,6,medium,white,74.166,0.08359625704500716,39.35483870967742,151.61290322580646
6.8,0.3,0.29,6.2,0.025,29.0,95.0,0.99071,3.03,0.32,12.9,7,medium,white,101.781,0.06681011190693743,30.526315789473685,189.7058823529412
7.3,0.41,0.29,1.8,0.032,26.0,74.0,0.98889,2.96,0.35,13.0,8,high,white,102.57000000000001,0.0711709076728088,35.13513513513514,178.08219178082192
5.4,0.3,0.3,1.2,0.029,25.0,93.0,0.98742,3.31,0.4,13.6,7,medium,white,107.304,0.05032431223439947,26.881720430107524,251.85185185185182
6.6,0.34,0.2,1.0,0.053,26.0,112.0,0.99336,3.32,0.55,9.1,5,low,white,71.799,0.09192328583963563,23.214285714285715,137.87878787878788
5.6,0.25,0.19,2.4,0.049,42.0,166.0,0.992,3.25,0.43,10.4,6,medium,white,82.056,0.06824607585063859,25.301204819277107,185.71428571428575
5.3,0.3,0.3,1.2,0.029,25.0,93.0,0.98742,3.31,0.4,13.6,7,medium,white,107.304,0.04939238052635503,26.881720430107524,256.60377358490564
6.9,0.58,0.58,8.2,0.032,29.0,169.0,0.99275,3.28,0.44,12.2,6,medium,white,96.25800000000001,0.07168235367449978,17.159763313609467,176.81159420289853
7.2,0.23,0.25,18.8,0.085,19.0,111.0,1.00044,3.1,0.51,8.7,5,low,white,68.643,0.10489052051920808,17.117117117117118,120.83333333333333
7.1,0.2,0.27,9.6,0.037,19.0,105.0,0.99444,3.04,0.37,10.5,7,medium,white,82.845,0.08570221497978152,18.095238095238095,147.88732394366198
6.8,0.15,0.41,12.9,0.044,79.5,183.0,0.99742,3.24,0.78,10.2,6,medium,white,80.47800000000001,0.08449514152936205,43.44262295081967,150.0
7.0,0.22,0.26,9.2,0.027,37.0,122.0,0.99228,3.06,0.34,12.5,8,high,white,98.625,0.07097591888466413,30.327868852459016,178.57142857142858
6.4,0.16,0.44,1.2,0.051,39.0,122.0,0.99058,3.11,0.75,11.3,7,medium,white,89.15700000000001,0.07178348306919255,31.967213114754102,176.5625
6.8,0.15,0.41,12.9,0.044,79.5,183.0,0.99742,3.24,0.78,10.2,6,medium,white,80.47800000000001,0.08449514152936205,43.44262295081967,150.0
6.8,0.31,0.3,8.0,0.028,33.0,122.0,0.99164,3.13,0.63,12.6,7,medium,white,99.414,0.06840082885710262,27.049180327868854,185.29411764705884
6.8,0.15,0.41,12.9,0.044,79.5,183.0,0.99742,3.24,0.78,10.2,6,medium,white,80.47800000000001,0.08449514152936205,43.44262295081967,150.0
7.6,0.3,0.37,1.6,0.087,27.0,177.0,0.99438,3.09,0.5,9.8,5,low,white,77.322,0.098290266677013,15.254237288135593,128.94736842105266
6.0,0.16,0.27,12.0,0.03,39.0,98.0,0.99402,3.15,0.34,10.8,5,low,white,85.212,0.07041261794113506,39.795918367346935,180.0
7.1,0.21,0.35,2.5,0.04,41.0,186.0,0.99128,3.32,0.56,12.5,6,medium,white,98.625,0.07198986058301647,22.043010752688172,176.05633802816902
7.0,0.22,0.26,9.2,0.027,37.0,122.0,0.99228,3.06,0.34,12.5,8,high,white,98.625,0.07097591888466413,30.327868852459016,178.57142857142858
5.6,0.21,0.24,4.4,0.027,37.0,150.0,0.991,3.3,0.31,11.5,7,medium,white,90.735,0.061718190334490546,24.666666666666668,205.3571428571429
7.4,0.22,0.26,8.8,0.027,23.0,112.0,0.9931,2.98,0.41,11.4,6,medium,white,89.946,0.08227158517332622,20.535714285714285,154.05405405405406
7.1,0.2,0.27,9.6,0.037,19.0,105.0,0.99444,3.04,0.37,10.5,7,medium,white,82.845,0.08570221497978152,18.095238095238095,147.88732394366198
6.8,0.31,0.3,8.0,0.028,33.0,122.0,0.99164,3.13,0.63,12.6,7,medium,white,99.414,0.06840082885710262,27.049180327868854,185.29411764705884
7.2,0.23,0.25,18.8,0.085,19.0,111.0,1.00044,3.1,0.51,8.7,5,low,white,68.643,0.10489052051920808,17.117117117117118,120.83333333333333
6.4,0.15,0.4,1.3,0.053,61.0,146.0,0.99112,3.17,0.68,11.0,6,medium,white,86.79,0.07374121442562508,41.78082191780822,171.875
6.4,0.16,0.44,1.2,0.051,39.0,122.0,0.99058,3.11,0.75,11.3,7,medium,white,89.15700000000001,0.07178348306919255,31.967213114754102,176.5625
6.8,0.15,0.41,12.9,0.044,79.5,182.0,0.99742,3.24,0.78,10.2,6,medium,white,80.47800000000001,0.08449514152936205,43.68131868131868,150.0
6.3,0.22,0.34,1.2,0.036,32.0,96.0,0.98961,3.06,0.74,11.6,6,medium,white,91.524,0.0688344040907303,33.33333333333333,184.12698412698413
7.6,0.3,0.37,1.6,0.087,27.0,177.0,0.99438,3.09,0.5,9.8,5,low,white,77.322,0.098290266677013,15.254237288135593,128.94736842105266
7.0,0.3,0.27,1.5,0.076,24.0,145.0,0.99344,3.1,0.52,10.1,5,low,white,79.68900000000001,0.08784148376814867,16.551724137931036,144.28571428571428
6.6,0.26,0.22,18.15,0.05,23.0,139.0,0.99904,3.06,0.5,9.2,5,low,white,72.58800000000001,0.09092411968920482,16.546762589928058,139.39393939393938
7.5,0.24,0.31,13.1,0.05,26.0,180.0,0.99884,3.05,0.53,9.1,6,medium,white,71.799,0.10445827936322231,14.444444444444443,121.33333333333334
7.5,0.24,0.31,13.1,0.05,26.0,180.0,0.99884,3.05,0.53,9.1,6,medium,white,71.799,0.10445827936322231,14.444444444444443,121.33333333333334
7.5,0.24,0.31,13.1,0.05,26.0,180.0,0.99884,3.05,0.53,9.1,6,medium,white,71.799,0.10445827936322231,14.444444444444443,121.33333333333334
7.5,0.24,0.31,13.1,0.05,26.0,180.0,0.99884,3.05,0.53,9.1,6,medium,white,71.799,0.10445827936322231,14.444444444444443,121.33333333333334
6.6,0.15,0.34,1.0,0.037,45.0,79.0,0.98949,2.96,0.5,11.7,6,medium,white,92.313,0.07149588898638327,56.9620253164557,177.27272727272728
6.7,0.34,0.43,1.6,0.041,29.0,114.0,0.99014,3.23,0.44,12.6,6,medium,white,99.414,0.0673949343150864,25.438596491228072,188.0597014925373
7.7,0.35,0.46,11.8,0.088,61.0,183.0,0.99786,2.86,0.47,9.0,5,low,white,71.01,0.10843543162934798,33.33333333333333,116.88311688311688
6.7,0.31,0.09,1.4,0.039,53.0,141.0,0.99206,3.12,0.44,10.1,5,low,white,79.68900000000001,0.08407684874951372,37.5886524822695,150.7462686567164
4.7,0.67,0.09,1.0,0.02,5.0,9.0,0.98722,3.3,0.34,13.6,5,low,white,107.304,0.04380079027808842,55.55555555555556,289.36170212765956
7.5,0.24,0.31,13.1,0.05,26.0,180.0,0.99884,3.05,0.53,9.1,6,medium,white,71.799,0.10445827936322231,14.444444444444443,121.33333333333334
6.3,0.2,0.18,10.6,0.045,57.0,159.0,0.99666,3.09,0.54,9.2,5,low,white,72.58800000000001,0.08679120515787732,35.84905660377358,146.03174603174602
6.6,0.28,0.23,10.4,0.049,45.0,190.0,0.99754,3.12,0.51,8.8,5,low,white,69.432,0.09505703422053231,23.684210526315788,133.33333333333334
8.5,0.18,0.3,1.1,0.028,34.0,95.0,0.99272,2.83,0.36,10.0,4,low,white,78.9,0.10773130544993662,35.78947368421053,117.64705882352942
6.5,0.35,0.38,7.4,0.036,20.0,196.0,0.99712,3.47,0.48,9.1,6,medium,white,71.799,0.09053050878145934,10.204081632653061,140.0
6.8,0.22,0.26,1.2,0.041,29.0,182.0,0.99104,3.04,0.35,11.2,5,low,white,88.36800000000001,0.07695093246424044,15.934065934065933,164.70588235294116
6.3,0.18,0.24,3.4,0.053,20.0,119.0,0.99373,3.11,0.52,9.2,6,medium,white,72.58800000000001,0.08679120515787732,16.80672268907563,146.03174603174602
6.6,0.26,0.22,18.15,0.05,23.0,139.0,0.99904,3.06,0.5,9.2,5,low,white,72.58800000000001,0.09092411968920482,16.546762589928058,139.39393939393938
6.6,0.3,0.45,8.0,0.038,54.0,200.0,0.9956,3.18,0.48,9.5,5,low,white,74.955,0.08805283169901941,27.0,143.93939393939394
6.3,0.34,0.27,2.5,0.024,40.0,152.0,0.99095,3.35,0.6,11.9,7,medium,white,93.891,0.06709908297919928,26.31578947368421,188.8888888888889
7.7,0.3,0.23,2.0,0.068,28.0,138.0,0.99382,3.11,0.62,9.8,5,low,white,77.322,0.09958355965960529,20.28985507246377,127.27272727272727
7.7,0.31,0.23,2.0,0.069,29.0,134.0,0.99382,3.11,0.62,9.8,5,low,white,77.322,0.09958355965960529,21.641791044776117,127.27272727272727
5.7,0.265,0.28,6.9,0.036,46.0,150.0,0.99299,3.36,0.44,10.8,7,medium,white,85.212,0.0668919870440783,30.666666666666664,189.47368421052633
5.4,0.255,0.33,1.2,0.051,29.0,122.0,0.99048,3.37,0.66,11.3,6,medium,white,89.15700000000001,0.06056731383963121,23.770491803278688,209.25925925925927
6.6,0.26,0.28,9.4,0.028,13.0,121.0,0.99254,3.17,0.34,12.1,6,medium,white,95.46900000000001,0.0691323885240235,10.743801652892563,183.33333333333334
4.8,0.17,0.28,2.9,0.03,22.0,111.0,0.9902,3.38,0.34,11.3,7,medium,white,89.15700000000001,0.053837612301894405,19.81981981981982,235.41666666666669
5.7,0.265,0.28,6.9,0.036,46.0,150.0,0.99299,3.36,0.44,10.8,7,medium,white,85.212,0.0668919870440783,30.666666666666664,189.47368421052633
6.2,0.2,0.33,5.4,0.028,21.0,75.0,0.99012,3.36,0.41,13.5,7,medium,white,106.515,0.058207764164671646,28.000000000000004,217.74193548387095
7.5,0.28,0.41,1.3,0.044,11.0,126.0,0.99293,3.28,0.45,10.3,5,low,white,81.26700000000001,0.09228838273838089,8.73015873015873,137.33333333333334
6.2,0.22,0.2,20.8,0.035,58.0,184.0,1.00022,3.11,0.53,9.0,6,medium,white,71.01,0.08731164624700746,31.521739130434785,145.16129032258064
7.0,0.34,0.26,10.3,0.041,51.0,166.0,0.99382,3.08,0.35,11.6,6,medium,white,91.524,0.07648267121192255,30.72289156626506,165.7142857142857
7.5,0.28,0.41,1.3,0.044,11.0,126.0,0.99293,3.28,0.45,10.3,5,low,white,81.26700000000001,0.09228838273838089,8.73015873015873,137.33333333333334
6.5,0.19,0.34,1.6,0.029,39.0,116.0,0.98954,3.21,0.68,12.5,6,medium,white,98.625,0.06590621039290241,33.62068965517241,192.30769230769232
6.0,0.21,0.29,13.1,0.042,28.0,125.0,0.99936,3.39,0.45,8.6,5,low,white,67.854,0.08842514811212308,22.400000000000002,143.33333333333334
6.1,0.22,0.46,1.8,0.16,34.0,74.0,0.9884,3.19,0.33,13.4,6,medium,white,105.726,0.05769630932788528,45.94594594594595,219.672131147541
6.5,0.32,0.48,8.0,0.026,18.0,88.0,0.99144,3.22,0.79,12.7,4,low,white,100.203,0.06486831731584883,20.454545454545457,195.3846153846154
7.1,0.21,0.72,1.6,0.167,65.0,120.0,0.99324,2.97,0.51,9.2,5,low,white,72.58800000000001,0.09781231057475064,54.166666666666664,129.5774647887324
5.6,0.26,0.18,1.4,0.034,18.0,135.0,0.99174,3.32,0.35,10.2,6,medium,white,80.47800000000001,0.0695842342006511,13.333333333333334,182.14285714285714
7.0,0.15,0.28,14.7,0.051,29.0,149.0,0.99792,2.96,0.39,9.0,7,medium,white,71.01,0.09857766511758906,19.463087248322147,128.57142857142858
7.0,0.15,0.28,14.7,0.051,29.0,149.0,0.99792,2.96,0.39,9.0,7,medium,white,71.01,0.09857766511758906,19.463087248322147,128.57142857142858
7.0,0.15,0.28,14.7,0.051,29.0,149.0,0.99792,2.96,0.39,9.0,7,medium,white,71.01,0.09857766511758906,19.463087248322147,128.57142857142858
7.0,0.15,0.28,14.7,0.051,29.0,149.0,0.99792,2.96,0.39,9.0,7,medium,white,71.01,0.09857766511758906,19.463087248322147,128.57142857142858
7.0,0.15,0.28,14.7,0.051,29.0,149.0,0.99792,2.96,0.39,9.0,7,medium,white,71.01,0.09857766511758906,19.463087248322147,128.57142857142858
7.0,0.15,0.28,14.7,0.051,29.0,149.0,0.99792,2.96,0.39,9.0,7,medium,white,71.01,0.09857766511758906,19.463087248322147,128.57142857142858
7.0,0.15,0.28,14.7,0.051,29.0,149.0,0.99792,2.96,0.39,9.0,7,medium,white,71.01,0.09857766511758906,19.463087248322147,128.57142857142858
7.4,0.27,0.28,1.8,0.04,45.0,121.0,0.99043,3.02,0.4,11.9,5,low,white,93.891,0.07881479588032932,37.1900826446281,160.8108108108108
6.8,0.22,0.3,10.6,0.07,67.0,194.0,0.99654,2.89,0.42,9.0,6,medium,white,71.01,0.09576116039994366,34.5360824742268,132.35294117647058
6.2,0.24,0.25,12.5,0.055,47.0,134.0,0.99758,3.3,0.51,9.0,5,low,white,71.01,0.08731164624700746,35.07462686567165,145.16129032258064
6.3,0.28,0.29,6.8,0.051,40.0,143.0,0.99374,3.43,0.59,11.0,6,medium,white,86.79,0.07258900795022467,27.972027972027973,174.6031746031746
7.0,0.15,0.28,14.7,0.051,29.0,149.0,0.99792,2.96,0.39,9.0,7,medium,white,71.01,0.09857766511758906,19.463087248322147,128.57142857142858
5.5,0.17,0.23,2.9,0.039,10.0,108.0,0.99243,3.28,0.5,10.0,5,low,white,78.9,0.0697084917617237,9.25925925925926,181.8181818181818
6.5,0.26,0.34,1.4,0.04,25.0,184.0,0.99216,3.29,0.46,10.7,5,low,white,84.423,0.07699323644030655,13.586956521739129,164.6153846153846
6.6,0.27,0.33,1.4,0.042,24.0,183.0,0.99215,3.29,0.46,10.7,5,low,white,84.423,0.07817774777015742,13.114754098360656,162.12121212121212
5.4,0.46,0.15,2.1,0.026,29.0,130.0,0.98953,3.39,0.77,13.4,8,high,white,105.726,0.05107542137222632,22.30769230769231,248.14814814814815
7.8,0.19,0.32,7.4,0.015,47.0,124.0,0.99278,2.99,0.39,11.0,6,medium,white,86.79,0.08987210508123054,37.903225806451616,141.02564102564102
5.5,0.17,0.23,2.9,0.039,10.0,108.0,0.99243,3.28,0.5,10.0,5,low,white,78.9,0.0697084917617237,9.25925925925926,181.8181818181818
6.5,0.26,0.34,1.4,0.04,25.0,184.0,0.99216,3.29,0.46,10.7,5,low,white,84.423,0.07699323644030655,13.586956521739129,164.6153846153846
6.6,0.27,0.33,1.4,0.042,24.0,183.0,0.99215,3.29,0.46,10.7,5,low,white,84.423,0.07817774777015742,13.114754098360656,162.12121212121212
7.8,0.19,0.32,7.4,0.015,47.0,124.0,0.99278,2.99,0.39,11.0,6,medium,white,86.79,0.08987210508123054,37.903225806451616,141.02564102564102
7.8,0.2,0.32,5.0,0.016,31.0,101.0,0.99186,2.99,0.39,11.0,6,medium,white,86.79,0.08987210508123054,30.693069306930692,141.02564102564102
6.1,0.17,0.28,2.5,0.028,22.0,98.0,0.99072,3.16,0.37,11.1,7,medium,white,87.57900000000001,0.06965140044987952,22.448979591836736,181.9672131147541
7.4,0.2,0.35,6.1,0.025,10.0,40.0,0.99244,2.79,0.52,10.9,5,low,white,86.001,0.08604551109870816,25.0,147.2972972972973
6.7,0.39,0.24,2.7,0.017,22.0,80.0,0.99084,3.03,0.37,11.5,5,low,white,90.735,0.07384140629305119,27.500000000000004,171.6417910447761
5.4,0.46,0.15,2.1,0.026,29.0,130.0,0.98953,3.39,0.77,13.4,8,high,white,105.726,0.05107542137222632,22.30769230769231,248.14814814814815
6.9,0.4,0.17,12.9,0.033,59.0,186.0,0.99754,3.08,0.49,9.4,5,low,white,74.166,0.09303454413073377,31.72043010752688,136.23188405797103
6.9,0.4,0.17,12.9,0.033,59.0,186.0,0.99754,3.08,0.49,9.4,5,low,white,74.166,0.09303454413073377,31.72043010752688,136.23188405797103
6.9,0.4,0.17,12.9,0.033,59.0,186.0,0.99754,3.08,0.49,9.4,5,low,white,74.166,0.09303454413073377,31.72043010752688,136.23188405797103
6.3,0.24,0.29,13.7,0.035,53.0,134.0,0.99567,3.17,0.38,10.6,6,medium,white,83.634,0.07532821579740297,39.55223880597015,168.25396825396825
6.9,0.4,0.17,12.9,0.033,59.0,186.0,0.99754,3.08,0.49,9.4,5,low,white,74.166,0.09303454413073377,31.72043010752688,136.23188405797103
7.4,0.27,0.31,2.4,0.014,15.0,143.0,0.99094,3.03,0.65,12.0,4,low,white,94.68,0.0781580059146599,10.48951048951049,162.16216216216216
6.1,0.27,0.28,9.8,0.042,61.0,125.0,0.99532,3.14,0.42,10.2,6,medium,white,80.47800000000001,0.07579711225428067,48.8,167.21311475409837
6.3,0.24,0.29,13.7,0.035,53.0,134.0,0.99567,3.17,0.38,10.6,6,medium,white,83.634,0.07532821579740297,39.55223880597015,168.25396825396825
5.0,0.61,0.12,1.3,0.009,65.0,100.0,0.9874,3.26,0.37,13.5,5,low,white,106.515,0.04694174529409004,65.0,270.0
6.7,0.42,0.39,12.1,0.04,61.0,248.0,0.99794,3.31,0.58,9.7,5,low,white,76.533,0.08754393529588543,24.596774193548388,144.77611940298507
6.5,0.33,0.28,6.1,0.018,41.0,103.0,0.99122,3.24,0.32,12.2,6,medium,white,96.25800000000001,0.06752685491076066,39.80582524271845,187.69230769230768
6.9,0.33,0.31,7.7,0.04,29.0,135.0,0.99226,3.11,0.57,12.3,5,low,white,97.04700000000001,0.07109957031129246,21.48148148148148,178.26086956521738
6.5,0.33,0.28,6.1,0.018,41.0,103.0,0.99122,3.24,0.32,12.2,6,medium,white,96.25800000000001,0.06752685491076066,39.80582524271845,187.69230769230768
6.3,0.15,0.3,1.4,0.022,38.0,100.0,0.99099,3.42,0.57,11.4,7,medium,white,89.946,0.07004202521512908,38.0,180.95238095238096
6.5,0.32,0.45,7.7,0.022,31.0,97.0,0.99134,3.2,0.7,12.7,7,medium,white,100.203,0.06486831731584883,31.958762886597935,195.3846153846154
6.7,0.42,0.39,12.1,0.04,61.0,248.0,0.99794,3.31,0.58,9.7,5,low,white,76.533,0.08754393529588543,24.596774193548388,144.77611940298507
7.4,0.25,0.29,6.8,0.02,31.0,113.0,0.99338,3.13,0.29,10.8,6,medium,white,85.212,0.08684222879406657,27.43362831858407,145.94594594594594
7.6,0.27,0.3,9.2,0.018,23.0,96.0,0.9938,3.08,0.29,11.0,6,medium,white,86.79,0.08756769213042977,23.958333333333336,144.73684210526315
6.4,0.27,0.45,8.3,0.05,52.0,196.0,0.9955,3.18,0.48,9.5,5,low,white,74.955,0.0853845640717764,26.53061224489796,148.4375
6.5,0.25,0.27,17.4,0.064,29.0,140.0,0.99776,3.2,0.49,10.1,6,medium,white,79.68900000000001,0.08156709207042377,20.714285714285715,155.3846153846154
5.6,0.19,0.31,2.7,0.027,11.0,100.0,0.98964,3.46,0.4,13.2,7,medium,white,104.14800000000001,0.05376963551868494,11.0,235.71428571428572
7.4,0.29,0.48,12.8,0.037,61.5,182.0,0.99808,3.02,0.34,8.8,5,low,white,69.432,0.10657909897453624,33.791208791208796,118.91891891891892
6.4,0.34,0.44,8.2,0.043,54.0,201.0,0.99551,3.18,0.48,9.5,5,low,white,74.955,0.0853845640717764,26.865671641791046,148.4375
6.6,0.27,0.52,8.1,0.044,53.0,202.0,0.99548,3.18,0.48,9.5,5,low,white,74.955,0.08805283169901941,26.237623762376238,143.93939393939394
6.6,0.26,0.52,8.2,0.047,52.0,191.0,0.99541,3.16,0.47,9.5,6,medium,white,74.955,0.08805283169901941,27.225130890052355,143.93939393939394
6.4,0.27,0.45,8.3,0.05,52.0,196.0,0.9955,3.18,0.48,9.5,5,low,white,74.955,0.0853845640717764,26.53061224489796,148.4375
6.5,0.26,0.5,8.0,0.051,46.0,197.0,0.99536,3.18,0.47,9.5,5,low,white,74.955,0.0867186978853979,23.3502538071066,146.15384615384613
6.8,0.25,0.3,11.8,0.043,53.0,133.0,0.99524,3.03,0.58,10.4,6,medium,white,82.056,0.08287023496148971,39.849624060150376,152.94117647058826
6.3,0.32,0.26,12.0,0.049,63.0,170.0,0.9961,3.14,0.55,9.9,6,medium,white,78.111,0.08065445327802742,37.05882352941177,157.14285714285717
5.5,0.24,0.45,1.7,0.046,22.0,113.0,0.99224,3.22,0.48,10.0,5,low,white,78.9,0.0697084917617237,19.469026548672566,181.8181818181818
6.5,0.25,0.27,17.4,0.064,29.0,140.0,0.99776,3.2,0.49,10.1,6,medium,white,79.68900000000001,0.08156709207042377,20.714285714285715,155.3846153846154
6.6,0.13,0.29,13.9,0.056,33.0,95.0,0.99702,3.17,0.39,9.4,6,medium,white,74.166,0.08898956395113664,34.73684210526316,142.42424242424244
7.0,0.39,0.21,10.7,0.098,13.0,91.0,0.99657,3.03,0.47,9.3,5,low,white,73.37700000000001,0.09539774043637651,14.285714285714285,132.85714285714286
7.9,0.21,0.39,2.0,0.057,21.0,138.0,0.99176,3.05,0.52,10.9,5,low,white,86.001,0.091859396983756,15.217391304347828,137.9746835443038
7.0,0.3,0.28,2.2,0.042,21.0,177.0,0.99166,3.2,0.57,11.4,5,low,white,89.946,0.07782447246125453,11.864406779661017,162.85714285714286
8.1,0.2,0.3,1.3,0.036,7.0,49.0,0.99242,2.99,0.73,10.3,5,low,white,81.26700000000001,0.09967145335745135,14.285714285714285,127.16049382716051
8.3,0.18,0.3,1.1,0.033,20.0,57.0,0.99109,3.02,0.51,11.0,6,medium,white,86.79,0.09563313745823251,35.08771929824561,132.5301204819277
7.9,0.21,0.39,2.0,0.057,21.0,138.0,0.99176,3.05,0.52,10.9,5,low,white,86.001,0.091859396983756,15.217391304347828,137.9746835443038
7.2,0.17,0.34,6.4,0.042,16.0,111.0,0.99278,2.99,0.4,10.8,6,medium,white,85.212,0.08449514152936206,14.414414414414415,150.0
8.1,0.2,0.3,1.3,0.036,7.0,49.0,0.99242,2.99,0.73,10.3,5,low,white,81.26700000000001,0.09967145335745135,14.285714285714285,127.16049382716051
8.3,0.18,0.3,1.1,0.033,20.0,57.0,0.99109,3.02,0.51,11.0,6,medium,white,86.79,0.09563313745823251,35.08771929824561,132.5301204819277
7.0,0.39,0.21,10.7,0.098,13.0,91.0,0.99657,3.03,0.47,9.3,5,low,white,73.37700000000001,0.09539774043637651,14.285714285714285,132.85714285714286
6.8,0.21,0.62,6.4,0.041,7.0,113.0,0.99358,2.96,0.59,10.2,5,low,white,80.47800000000001,0.08449514152936205,6.1946902654867255,150.0
6.9,0.21,0.62,6.3,0.042,7.0,109.0,0.99358,2.96,0.59,10.2,6,medium,white,80.47800000000001,0.08573771714008797,6.422018348623854,147.82608695652172
7.2,0.17,0.34,6.4,0.042,16.0,111.0,0.99278,2.99,0.4,10.8,6,medium,white,85.212,0.08449514152936206,14.414414414414415,150.0
6.8,0.26,0.34,15.1,0.06,42.0,162.0,0.99705,3.24,0.52,10.5,3,low,white,82.845,0.08208099462852314,25.925925925925924,154.41176470588235
7.2,0.28,0.38,2.0,0.052,23.0,156.0,0.9912,3.13,0.52,11.1,5,low,white,87.57900000000001,0.08221148905559551,14.743589743589745,154.16666666666666
7.9,0.21,0.39,2.0,0.057,21.0,138.0,0.99176,3.05,0.52,10.9,5,low,white,86.001,0.091859396983756,15.217391304347828,137.9746835443038
7.0,0.3,0.28,2.2,0.042,21.0,177.0,0.99166,3.2,0.57,11.4,5,low,white,89.946,0.07782447246125453,11.864406779661017,162.85714285714286
7.4,0.34,0.28,12.1,0.049,31.0,149.0,0.99677,3.22,0.49,10.3,5,low,white,81.26700000000001,0.0910578709685358,20.80536912751678,139.1891891891892
6.3,0.43,0.32,8.8,0.042,18.0,106.0,0.99172,3.28,0.33,12.9,7,medium,white,101.781,0.06189760367848616,16.9811320754717,204.7619047619048
6.8,0.41,0.3,8.8,0.045,28.0,131.0,0.9953,3.12,0.59,9.9,5,low,white,78.111,0.08705560036358514,21.374045801526716,145.58823529411765
6.3,0.4,0.24,5.1,0.036,43.0,131.0,0.99186,3.24,0.44,11.3,6,medium,white,89.15700000000001,0.0706618661462364,32.82442748091603,179.36507936507937
5.1,0.35,0.26,6.8,0.034,36.0,120.0,0.99188,3.38,0.4,11.5,6,medium,white,90.735,0.05620763762605389,30.0,225.49019607843138
5.1,0.35,0.26,6.8,0.034,36.0,120.0,0.99188,3.38,0.4,11.5,6,medium,white,90.735,0.05620763762605389,30.0,225.49019607843138
6.3,0.3,0.2,3.7,0.039,34.0,132.0,0.99158,3.0,0.38,10.7,5,low,white,84.423,0.07462421378060481,25.757575757575758,169.84126984126985
6.9,0.28,0.28,12.2,0.042,52.0,139.0,0.99522,3.03,0.56,10.4,6,medium,white,82.056,0.08408891488739398,37.410071942446045,150.72463768115944
7.0,0.33,0.28,5.7,0.033,39.0,204.0,0.99176,3.17,0.64,12.5,6,medium,white,98.625,0.07097591888466413,19.11764705882353,178.57142857142858
6.7,0.26,0.49,8.1,0.052,48.0,197.0,0.99558,3.19,0.48,9.5,5,low,white,74.955,0.08938696551264093,24.36548223350254,141.79104477611938
7.3,0.24,0.3,2.5,0.042,31.0,104.0,0.9911,3.05,0.56,11.3,7,medium,white,89.15700000000001,0.08187803537579774,29.807692307692307,154.7945205479452
6.7,0.46,0.21,4.0,0.034,12.0,88.0,0.99016,3.26,0.54,13.0,6,medium,white,102.57000000000001,0.06532124402846835,13.636363636363635,194.02985074626866
5.1,0.35,0.26,6.8,0.034,36.0,120.0,0.99188,3.38,0.4,11.5,6,medium,white,90.735,0.05620763762605389,30.0,225.49019607843138
5.1,0.23,0.18,1.0,0.053,13.0,99.0,0.98956,3.22,0.39,11.5,5,low,white,90.735,0.05620763762605389,13.131313131313133,225.49019607843138
6.3,0.4,0.24,5.1,0.036,43.0,131.0,0.99186,3.24,0.44,11.3,6,medium,white,89.15700000000001,0.0706618661462364,32.82442748091603,179.36507936507937
7.1,0.44,0.23,5.8,0.035,24.0,100.0,0.99062,3.15,0.57,13.2,7,medium,white,104.14800000000001,0.06817221646118983,24.0,185.91549295774647
4.8,0.26,0.23,10.6,0.034,23.0,111.0,0.99274,3.46,0.28,11.5,7,medium,white,90.735,0.052901306000991896,20.72072072072072,239.58333333333334
6.8,0.31,0.19,3.5,0.086,30.0,130.0,0.993,2.83,0.44,9.6,5,low,white,75.744,0.08977608787494719,23.076923076923077,141.1764705882353
6.8,0.31,0.19,3.5,0.086,30.0,130.0,0.993,2.83,0.44,9.6,5,low,white,75.744,0.08977608787494719,23.076923076923077,141.1764705882353
7.0,0.15,0.29,16.4,0.058,45.0,110.0,0.9978,3.15,0.37,9.7,6,medium,white,76.533,0.0914638129957012,40.909090909090914,138.57142857142856
6.5,0.41,0.22,4.8,0.052,49.0,142.0,0.9946,3.14,0.62,9.2,5,low,white,72.58800000000001,0.08954648151209565,34.50704225352113,141.53846153846152
6.2,0.31,0.23,3.3,0.052,34.0,113.0,0.99429,3.16,0.48,8.4,5,low,white,66.276,0.093548192407508,30.08849557522124,135.48387096774195
8.0,0.27,0.33,1.2,0.05,41.0,103.0,0.99002,3.0,0.45,12.4,6,medium,white,97.836,0.08176949180260845,39.80582524271845,155.0
8.0,0.27,0.33,1.2,0.05,41.0,103.0,0.99002,3.0,0.45,12.4,6,medium,white,97.836,0.08176949180260845,39.80582524271845,155.0
6.5,0.41,0.22,4.8,0.052,49.0,142.0,0.9946,3.14,0.62,9.2,5,low,white,72.58800000000001,0.08954648151209565,34.50704225352113,141.53846153846152
6.2,0.31,0.23,3.3,0.052,34.0,113.0,0.99429,3.16,0.48,8.4,5,low,white,66.276,0.093548192407508,30.08849557522124,135.48387096774195
6.7,0.37,0.25,2.5,0.028,24.0,84.0,0.9909,3.14,0.36,11.7,6,medium,white,92.313,0.07257916003163152,28.57142857142857,174.62686567164178
6.6,0.21,0.5,8.7,0.036,41.0,191.0,0.99294,2.96,0.56,11.0,6,medium,white,86.79,0.07604562737642584,21.465968586387437,166.66666666666669
7.5,0.26,0.31,1.6,0.032,36.0,109.0,0.99044,2.97,0.43,11.9,6,medium,white,93.891,0.07987986068952295,33.02752293577982,158.66666666666666
7.5,0.34,0.28,4.0,0.028,46.0,100.0,0.98958,3.2,0.5,13.2,7,medium,white,104.14800000000001,0.07201290471252447,46.0,176.0
6.7,0.37,0.25,2.5,0.028,24.0,84.0,0.9909,3.14,0.36,11.7,6,medium,white,92.313,0.07257916003163152,28.57142857142857,174.62686567164178
6.4,0.32,0.23,16.2,0.055,36.0,176.0,0.9986,3.26,0.54,9.1,5,low,white,71.799,0.08913773172328306,20.454545454545457,142.18749999999997
6.7,0.24,0.32,9.0,0.023,20.0,109.0,0.99262,3.34,0.35,12.6,6,medium,white,99.414,0.0673949343150864,18.34862385321101,188.0597014925373
6.4,0.32,0.23,16.2,0.055,36.0,176.0,0.9986,3.26,0.54,9.1,5,low,white,71.799,0.08913773172328306,20.454545454545457,142.18749999999997
7.1,0.39,0.79,1.4,0.194,23.0,90.0,0.99212,3.17,0.46,10.5,6,medium,white,82.845,0.08570221497978152,25.555555555555554,147.88732394366198
8.2,0.31,0.43,7.0,0.047,18.0,87.0,0.99628,3.23,0.64,10.6,5,low,white,83.634,0.09804624913312766,20.689655172413794,129.26829268292684
6.7,0.24,0.32,9.0,0.023,20.0,109.0,0.99262,3.34,0.35,12.6,6,medium,white,99.414,0.0673949343150864,18.34862385321101,188.0597014925373
5.9,0.17,0.29,3.1,0.03,32.0,123.0,0.98913,3.41,0.33,13.7,7,medium,white,108.093,0.05458262792225214,26.01626016260163,232.20338983050843
5.9,0.2,0.23,1.5,0.037,38.0,93.0,0.99021,3.36,0.49,12.0,6,medium,white,94.68,0.06231516687790452,40.86021505376344,203.38983050847457
6.6,0.32,0.26,4.6,0.031,26.0,120.0,0.99198,3.4,0.73,12.5,7,medium,white,98.625,0.06692015209125475,21.666666666666668,189.3939393939394
5.9,0.12,0.27,4.8,0.03,40.0,110.0,0.99226,3.55,0.68,12.1,6,medium,white,95.46900000000001,0.06180016549874828,36.36363636363637,205.08474576271186
5.9,0.18,0.29,4.6,0.032,68.0,137.0,0.99159,3.21,0.38,11.3,6,medium,white,89.15700000000001,0.06617539845441188,49.63503649635037,191.52542372881356
5.9,0.2,0.23,1.5,0.037,38.0,93.0,0.99021,3.36,0.49,12.0,6,medium,white,94.68,0.06231516687790452,40.86021505376344,203.38983050847457
5.4,0.17,0.27,2.7,0.049,28.0,104.0,0.99224,3.46,0.55,10.3,6,medium,white,81.26700000000001,0.06644763557163424,26.923076923076923,190.74074074074073
6.1,0.21,0.3,6.3,0.039,47.0,136.0,0.99068,3.27,0.31,12.7,6,medium,white,100.203,0.06087642086564274,34.55882352941176,208.1967213114754
7.3,0.25,0.26,7.2,0.048,52.0,207.0,0.99587,3.12,0.37,9.2,5,low,white,72.58800000000001,0.10056758692896896,25.120772946859905,126.02739726027397
7.3,0.25,0.26,7.2,0.048,52.0,207.0,0.99587,3.12,0.37,9.2,5,low,white,72.58800000000001,0.10056758692896896,25.120772946859905,126.02739726027397
6.2,0.22,0.3,12.4,0.054,108.0,152.0,0.99728,3.1,0.47,9.5,6,medium,white,74.955,0.08271629644453339,71.05263157894737,153.2258064516129
6.5,0.27,0.19,6.6,0.045,98.0,175.0,0.99364,3.16,0.34,10.1,6,medium,white,79.68900000000001,0.08156709207042377,56.00000000000001,155.3846153846154
6.5,0.27,0.19,6.6,0.045,98.0,175.0,0.99364,3.16,0.34,10.1,6,medium,white,79.68900000000001,0.08156709207042377,56.00000000000001,155.3846153846154
6.6,0.39,0.22,4.0,0.038,17.0,98.0,0.99018,3.25,0.53,13.0,7,medium,white,102.57000000000001,0.06434630008774495,17.346938775510203,196.96969696969697
6.0,0.31,0.38,4.8,0.04,41.0,101.0,0.98968,3.24,0.56,13.1,6,medium,white,103.35900000000001,0.05805009723391286,40.5940594059406,218.33333333333331
8.4,0.23,0.32,1.3,0.048,59.0,113.0,0.99178,3.1,0.55,11.0,6,medium,white,86.79,0.0967853439336329,52.21238938053098,130.95238095238096
7.3,0.25,0.26,7.2,0.048,52.0,207.0,0.99587,3.12,0.37,9.2,5,low,white,72.58800000000001,0.10056758692896896,25.120772946859905,126.02739726027397
6.0,0.22,0.25,11.1,0.056,112.0,177.0,0.9961,3.08,0.36,9.4,6,medium,white,74.166,0.0808996035919424,63.2768361581921,156.66666666666666
6.2,0.22,0.3,12.4,0.054,108.0,152.0,0.99728,3.1,0.47,9.5,6,medium,white,74.955,0.08271629644453339,71.05263157894737,153.2258064516129
6.1,0.23,0.27,9.8,0.055,74.0,134.0,0.99534,3.16,0.4,10.2,6,medium,white,80.47800000000001,0.07579711225428067,55.223880597014926,167.21311475409837
6.5,0.27,0.19,6.6,0.045,98.0,175.0,0.99364,3.16,0.34,10.1,6,medium,white,79.68900000000001,0.08156709207042377,56.00000000000001,155.3846153846154
7.3,0.36,0.54,13.3,0.054,63.0,193.0,0.99864,3.06,0.49,8.6,4,low,white,67.854,0.10758393020308309,32.64248704663213,117.8082191780822
7.6,0.37,0.51,11.7,0.094,58.0,181.0,0.99776,2.91,0.51,9.0,5,low,white,71.01,0.10702717927052527,32.04419889502763,118.42105263157896
6.7,0.26,0.51,8.0,0.062,50.0,194.0,0.99545,3.13,0.5,9.6,5,low,white,75.744,0.08845585128855091,25.773195876288657,143.28358208955223
7.4,0.22,0.27,1.6,0.057,45.0,98.0,0.99299,3.29,0.44,9.9,7,medium,white,78.111,0.09473697686625443,45.91836734693878,133.78378378378378
6.1,0.22,0.28,16.55,0.059,54.0,135.0,0.99665,3.2,0.38,10.5,5,low,white,82.845,0.07363148047558693,40.0,172.13114754098362
7.1,0.28,0.31,1.5,0.053,20.0,98.0,0.99069,3.15,0.5,11.4,5,low,white,89.946,0.07893625063927245,20.408163265306122,160.56338028169014
6.5,0.35,0.31,10.2,0.069,58.0,170.0,0.99692,3.18,0.49,9.4,5,low,white,74.166,0.08764123722460428,34.11764705882353,144.6153846153846
6.8,0.73,0.2,6.6,0.054,25.0,65.0,0.99324,3.12,0.28,11.1,4,low,white,87.57900000000001,0.07764418410806243,38.46153846153847,163.23529411764704
6.0,0.28,0.24,17.8,0.047,42.0,111.0,0.99896,3.1,0.45,8.9,6,medium,white,70.221,0.08544452514205152,37.83783783783784,148.33333333333334
6.0,0.28,0.24,17.8,0.047,42.0,111.0,0.99896,3.1,0.45,8.9,6,medium,white,70.221,0.08544452514205152,37.83783783783784,148.33333333333334
7.1,0.2,0.37,1.5,0.049,28.0,129.0,0.99226,3.15,0.52,10.8,5,low,white,85.212,0.0833215978970098,21.705426356589147,152.11267605633805
6.8,0.33,0.31,7.4,0.045,34.0,143.0,0.99226,3.06,0.55,12.2,6,medium,white,96.25800000000001,0.07064347898356499,23.776223776223777,179.41176470588235
6.0,0.28,0.24,17.8,0.047,42.0,111.0,0.99896,3.1,0.45,8.9,6,medium,white,70.221,0.08544452514205152,37.83783783783784,148.33333333333334
7.2,0.24,0.36,2.0,0.029,21.0,63.0,0.99076,3.13,0.63,12.5,6,medium,white,98.625,0.07300380228136882,33.33333333333333,173.61111111111111
6.8,0.33,0.31,7.4,0.045,34.0,143.0,0.99226,3.06,0.55,12.2,6,medium,white,96.25800000000001,0.07064347898356499,23.776223776223777,179.41176470588235
7.2,0.24,0.36,2.0,0.029,21.0,63.0,0.99076,3.13,0.63,12.5,6,medium,white,98.625,0.07300380228136882,33.33333333333333,173.61111111111111
6.0,0.28,0.24,17.8,0.047,42.0,111.0,0.99896,3.1,0.45,8.9,6,medium,white,70.221,0.08544452514205152,37.83783783783784,148.33333333333334
6.2,0.27,0.26,12.1,0.046,43.0,127.0,0.9951,3.16,0.37,10.8,6,medium,white,85.212,0.07275970520583955,33.85826771653544,174.19354838709677
6.4,0.38,0.26,8.2,0.043,28.0,98.0,0.99234,2.99,0.31,11.4,6,medium,white,89.946,0.071153803393147,28.57142857142857,178.125
7.1,0.2,0.37,1.5,0.049,28.0,129.0,0.99226,3.15,0.52,10.8,5,low,white,85.212,0.0833215978970098,21.705426356589147,152.11267605633805
6.0,0.21,0.3,8.7,0.036,47.0,127.0,0.99368,3.18,0.39,10.6,5,low,white,83.634,0.07174115790228855,37.00787401574803,176.66666666666666
7.0,0.34,0.1,3.5,0.044,17.0,63.0,0.9937,3.01,0.39,9.2,5,low,white,72.58800000000001,0.09643467239764147,26.984126984126984,131.42857142857142
5.9,0.435,0.16,6.4,0.031,21.0,134.0,0.99151,3.24,0.46,12.2,6,medium,white,96.25800000000001,0.061293606765151984,15.671641791044777,206.77966101694915
7.0,0.25,0.33,2.1,0.021,17.0,76.0,0.99021,3.26,0.45,12.3,6,medium,white,97.04700000000001,0.07212999886652859,22.36842105263158,175.71428571428572
6.7,0.26,0.29,7.7,0.038,40.0,179.0,0.99479,3.23,0.56,10.4,6,medium,white,82.056,0.08165155503558545,22.3463687150838,155.22388059701493
7.0,0.24,0.3,12.3,0.035,72.0,172.0,0.9954,2.99,0.57,10.4,6,medium,white,82.056,0.08530759481329823,41.86046511627907,148.57142857142858
8.5,0.23,0.34,1.3,0.035,54.0,110.0,0.99176,3.07,0.55,11.0,7,medium,white,86.79,0.09793755040903329,49.09090909090909,129.41176470588235
6.0,0.21,0.3,8.7,0.036,47.0,127.0,0.99368,3.18,0.39,10.6,5,low,white,83.634,0.07174115790228855,37.00787401574803,176.66666666666666
7.0,0.34,0.1,3.5,0.044,17.0,63.0,0.9937,3.01,0.39,9.2,5,low,white,72.58800000000001,0.09643467239764147,26.984126984126984,131.42857142857142
4.8,0.65,0.12,1.1,0.013,4.0,10.0,0.99246,3.32,0.36,13.5,4,low,white,106.515,0.04506407548232643,40.0,281.25
6.1,0.22,0.38,2.8,0.144,12.0,65.0,0.9908,2.95,0.64,11.4,6,medium,white,89.946,0.06781846885909323,18.461538461538463,186.88524590163937
5.8,0.27,0.26,3.5,0.071,26.0,69.0,0.98994,3.1,0.38,11.5,6,medium,white,90.735,0.06392241141786521,37.68115942028986,198.27586206896552
5.0,0.455,0.18,1.9,0.036,33.0,106.0,0.98746,3.21,0.83,14.0,7,medium,white,110.46000000000001,0.045265254390729676,31.132075471698112,280.0
6.5,0.33,0.3,3.8,0.036,34.0,88.0,0.99028,3.25,0.63,12.5,7,medium,white,98.625,0.06590621039290241,38.63636363636363,192.30769230769232
6.5,0.33,0.3,3.8,0.036,34.0,88.0,0.99028,3.25,0.63,12.5,7,medium,white,98.625,0.06590621039290241,38.63636363636363,192.30769230769232
6.7,0.31,0.3,2.4,0.038,30.0,83.0,0.98867,3.09,0.36,12.8,7,medium,white,100.992,0.06634188846641317,36.144578313253014,191.04477611940297
6.2,0.39,0.24,4.8,0.037,45.0,138.0,0.99174,3.23,0.43,11.2,7,medium,white,88.36800000000001,0.07016114430563099,32.608695652173914,180.64516129032256
6.2,0.39,0.24,4.8,0.037,45.0,138.0,0.99174,3.23,0.43,11.2,7,medium,white,88.36800000000001,0.07016114430563099,32.608695652173914,180.64516129032256
7.1,0.37,0.3,6.2,0.04,49.0,139.0,0.99021,3.17,0.27,13.6,6,medium,white,107.304,0.06616715127115484,35.25179856115108,191.5492957746479
7.2,0.23,0.82,1.3,0.149,70.0,109.0,0.99304,2.93,0.42,9.2,6,medium,white,72.58800000000001,0.0991899487518598,64.22018348623854,127.77777777777777
6.5,0.33,0.3,3.8,0.036,34.0,88.0,0.99028,3.25,0.63,12.5,7,medium,white,98.625,0.06590621039290241,38.63636363636363,192.30769230769232
7.2,0.25,0.32,1.5,0.054,24.0,105.0,0.99154,3.17,0.48,11.1,6,medium,white,87.57900000000001,0.08221148905559551,22.857142857142858,154.16666666666666
6.2,0.39,0.24,4.8,0.037,45.0,138.0,0.99174,3.23,0.43,11.2,7,medium,white,88.36800000000001,0.07016114430563099,32.608695652173914,180.64516129032256
4.7,0.455,0.18,1.9,0.036,33.0,106.0,0.98746,3.21,0.83,14.0,7,medium,white,110.46000000000001,0.042549339127285896,31.132075471698112,297.8723404255319
7.1,0.37,0.3,6.2,0.04,49.0,139.0,0.99021,3.17,0.27,13.6,6,medium,white,107.304,0.06616715127115484,35.25179856115108,191.5492957746479
6.2,0.28,0.51,7.9,0.056,49.0,206.0,0.9956,3.18,0.52,9.4,5,low,white,74.166,0.08359625704500716,23.78640776699029,151.61290322580646
6.4,0.35,0.28,1.6,0.037,31.0,113.0,0.98779,3.12,0.4,14.2,7,medium,white,112.03800000000001,0.057123475963512374,27.43362831858407,221.87499999999994
6.6,0.31,0.28,1.4,0.035,28.0,107.0,0.98836,3.0,0.4,13.2,6,medium,white,104.14800000000001,0.06337135614702154,26.168224299065418,200.0
7.4,0.25,0.37,2.6,0.05,24.0,132.0,0.99138,3.04,0.53,11.2,6,medium,white,88.36800000000001,0.0837407206228499,18.181818181818183,151.35135135135133
7.3,0.36,0.34,14.8,0.057,46.0,173.0,0.99751,3.14,0.57,10.2,5,low,white,80.47800000000001,0.09070801958299161,26.589595375722542,139.72602739726028
6.7,0.31,0.3,2.4,0.038,30.0,83.0,0.98867,3.09,0.36,12.8,7,medium,white,100.992,0.06634188846641317,36.144578313253014,191.04477611940297
8.6,0.31,0.3,0.9,0.045,16.0,109.0,0.99249,2.95,0.39,10.1,5,low,white,79.68900000000001,0.10791953720086836,14.678899082568808,117.44186046511629
8.6,0.31,0.3,0.9,0.045,16.0,109.0,0.99249,2.95,0.39,10.1,5,low,white,79.68900000000001,0.10791953720086836,14.678899082568808,117.44186046511629
8.6,0.22,0.33,1.2,0.031,38.0,95.0,0.99239,2.83,0.31,10.3,5,low,white,81.26700000000001,0.10582401220667674,40.0,119.76744186046513
6.9,0.14,0.29,9.9,0.056,30.0,91.0,0.99512,3.19,0.33,9.9,6,medium,white,78.111,0.0883358297806967,32.967032967032964,143.47826086956522
6.5,0.22,0.31,3.9,0.046,17.0,106.0,0.99098,3.15,0.31,11.5,5,low,white,90.735,0.07163718520967653,16.037735849056602,176.9230769230769
6.6,0.32,0.47,15.6,0.063,27.0,173.0,0.99872,3.18,0.56,9.0,5,low,white,71.01,0.09294465568229826,15.606936416184972,136.36363636363637
6.6,0.32,0.47,15.6,0.063,27.0,173.0,0.99872,3.18,0.56,9.0,5,low,white,71.01,0.09294465568229826,15.606936416184972,136.36363636363637
6.1,0.28,0.26,1.5,0.03,25.0,101.0,0.98894,3.03,0.41,12.1,6,medium,white,95.46900000000001,0.06389508636311263,24.752475247524753,198.36065573770492
6.2,0.3,0.28,1.6,0.036,28.0,106.0,0.988245,3.14,0.41,13.3,6,medium,white,104.937,0.05908306888895242,26.41509433962264,214.51612903225805
6.9,0.22,0.28,7.8,0.05,43.0,116.0,0.99326,3.22,0.6,11.5,8,high,white,90.735,0.07604562737642585,37.06896551724138,166.66666666666666
8.7,0.31,0.21,5.6,0.039,28.0,67.0,0.99328,2.96,0.52,11.0,4,low,white,86.79,0.10024196335983407,41.7910447761194,126.4367816091954
7.3,0.27,0.3,1.3,0.04,26.0,84.0,0.99222,3.28,0.53,10.7,6,medium,white,84.423,0.0864693270791135,30.952380952380953,146.5753424657534
7.0,0.46,0.2,16.7,0.046,50.0,184.0,0.99898,3.08,0.56,9.4,5,low,white,74.166,0.09438287085726614,27.173913043478258,134.2857142857143
5.7,0.23,0.25,7.95,0.042,16.0,108.0,0.99486,3.44,0.61,10.3,6,medium,white,81.26700000000001,0.07013917088116947,14.814814814814813,180.70175438596493
6.5,0.36,0.36,6.7,0.185,51.5,151.0,0.99528,3.17,0.42,9.3,5,low,white,73.37700000000001,0.08858361611949248,34.105960264900666,143.07692307692307
8.2,0.18,0.38,1.1,0.04,41.0,92.0,0.99062,2.88,0.6,12.0,6,medium,white,94.68,0.0866075200675961,44.565217391304344,146.34146341463418
6.2,0.27,0.32,6.3,0.048,47.0,159.0,0.99282,3.21,0.6,11.0,6,medium,white,86.79,0.07143680147482429,29.559748427672954,177.41935483870967
6.9,0.4,0.37,8.9,0.053,36.0,148.0,0.996,3.16,0.5,9.3,5,low,white,73.37700000000001,0.0940349155729997,24.324324324324326,134.7826086956522
4.9,0.345,0.34,1.0,0.068,32.0,143.0,0.99138,3.24,0.4,10.1,5,low,white,79.68900000000001,0.06148903863770407,22.377622377622377,206.1224489795918
7.2,0.23,0.39,1.5,0.053,26.0,106.0,0.99166,3.18,0.47,11.1,6,medium,white,87.57900000000001,0.08221148905559551,24.528301886792452,154.16666666666666
6.4,0.2,0.15,6.6,0.046,26.0,113.0,0.99408,2.99,0.58,9.9,6,medium,white,78.111,0.08193468269513897,23.008849557522122,154.6875
6.1,0.27,0.32,6.2,0.048,47.0,161.0,0.99281,3.22,0.6,11.0,6,medium,white,86.79,0.07028459499942388,29.19254658385093,180.327868852459
6.2,0.27,0.32,6.3,0.048,47.0,159.0,0.99282,3.21,0.6,11.0,6,medium,white,86.79,0.07143680147482429,29.559748427672954,177.41935483870967
6.0,0.3,0.33,2.1,0.042,31.0,127.0,0.98964,3.32,0.42,12.5,6,medium,white,98.625,0.060836501901140684,24.409448818897637,208.33333333333334
6.1,0.3,0.32,2.2,0.042,41.0,142.0,0.98952,3.31,0.44,12.7,7,medium,white,100.203,0.06087642086564274,28.87323943661972,208.1967213114754
5.7,0.14,0.3,5.4,0.045,26.0,105.0,0.99469,3.32,0.45,9.3,5,low,white,73.37700000000001,0.07768101721247801,24.761904761904763,163.1578947368421
6.9,0.4,0.37,8.9,0.053,36.0,148.0,0.996,3.16,0.5,9.3,5,low,white,73.37700000000001,0.0940349155729997,24.324324324324326,134.7826086956522
4.9,0.345,0.34,1.0,0.068,32.0,143.0,0.99138,3.24,0.4,10.1,5,low,white,79.68900000000001,0.06148903863770407,22.377622377622377,206.1224489795918
6.3,0.33,0.2,17.9,0.066,36.0,161.0,0.9991,3.14,0.51,8.8,5,low,white,69.432,0.09073625993778084,22.36024844720497,139.6825396825397
7.0,0.16,0.3,2.6,0.043,34.0,90.0,0.99047,2.88,0.47,11.2,6,medium,white,88.36800000000001,0.07921419518377693,37.77777777777778,160.0
8.4,0.22,0.3,1.3,0.038,45.0,122.0,0.99178,3.13,0.54,10.8,7,medium,white,85.212,0.09857766511758907,36.885245901639344,128.57142857142858
6.3,0.33,0.2,17.9,0.066,36.0,161.0,0.9991,3.14,0.51,8.8,5,low,white,69.432,0.09073625993778084,22.36024844720497,139.6825396825397
7.0,0.16,0.3,2.6,0.043,34.0,90.0,0.99047,2.88,0.47,11.2,6,medium,white,88.36800000000001,0.07921419518377693,37.77777777777778,160.0
5.4,0.24,0.18,2.3,0.05,22.0,145.0,0.99207,3.24,0.46,10.3,5,low,white,81.26700000000001,0.06644763557163424,15.172413793103448,190.74074074074073
7.7,0.31,0.36,4.3,0.026,15.0,87.0,0.99152,3.11,0.48,12.0,5,low,white,94.68,0.08132657372201098,17.24137931034483,155.84415584415586
5.6,0.185,0.19,7.1,0.048,36.0,110.0,0.99438,3.26,0.41,9.5,6,medium,white,74.955,0.07471149356280435,32.72727272727273,169.64285714285717
5.6,0.185,0.19,7.1,0.048,36.0,110.0,0.99438,3.26,0.41,9.5,6,medium,white,74.955,0.07471149356280435,32.72727272727273,169.64285714285717
6.6,0.43,0.24,11.9,0.04,54.0,159.0,0.99622,3.14,0.54,9.8,6,medium,white,77.322,0.08535733685109023,33.9622641509434,148.4848484848485
7.6,0.39,0.46,11.7,0.084,55.0,170.0,0.99773,2.91,0.51,9.0,5,low,white,71.01,0.10702717927052527,32.35294117647059,118.42105263157896
7.2,0.58,0.27,5.8,0.032,40.0,118.0,0.99088,3.17,0.53,13.0,7,medium,white,102.57000000000001,0.0701959637320854,33.89830508474576,180.55555555555557
6.0,0.34,0.32,3.8,0.044,13.0,116.0,0.99108,3.39,0.44,11.8,7,medium,white,93.102,0.06444544692917445,11.206896551724139,196.66666666666669
7.5,0.35,0.48,12.4,0.056,61.0,176.5,0.99803,2.97,0.52,8.8,5,low,white,69.432,0.10801935706878672,34.56090651558073,117.33333333333333
7.3,0.38,0.23,6.5,0.05,18.0,102.0,0.99304,3.1,0.55,11.2,4,low,white,88.36800000000001,0.08260908926308165,17.647058823529413,153.42465753424656
5.4,0.185,0.19,7.1,0.048,36.0,110.0,0.99438,3.26,0.41,9.5,6,medium,white,74.955,0.07204322593556134,32.72727272727273,175.9259259259259
6.3,0.27,0.51,7.6,0.049,35.0,200.0,0.99548,3.16,0.54,9.4,4,low,white,74.166,0.08494458377153952,17.5,149.20634920634922
6.5,0.29,0.52,7.9,0.049,35.0,192.0,0.99551,3.16,0.51,9.5,6,medium,white,74.955,0.0867186978853979,18.229166666666664,146.15384615384613
6.4,0.17,0.3,2.8,0.034,33.0,125.0,0.99152,3.03,0.49,10.4,6,medium,white,82.056,0.07799551525787268,26.400000000000002,162.5
6.7,0.18,0.31,10.6,0.035,42.0,143.0,0.99572,3.08,0.49,9.8,7,medium,white,77.322,0.08665062983368252,29.37062937062937,146.26865671641792
6.4,0.17,0.3,2.8,0.034,33.0,125.0,0.99152,3.03,0.49,10.4,6,medium,white,82.056,0.07799551525787268,26.400000000000002,162.5
6.8,0.37,0.67,1.5,0.175,16.0,98.0,0.99244,3.06,0.56,10.3,6,medium,white,81.26700000000001,0.08367480034946533,16.3265306122449,151.47058823529414
6.3,0.27,0.51,7.6,0.049,35.0,200.0,0.99548,3.16,0.54,9.4,4,low,white,74.166,0.08494458377153952,17.5,149.20634920634922
6.5,0.29,0.52,7.9,0.049,35.0,192.0,0.99551,3.16,0.51,9.5,6,medium,white,74.955,0.0867186978853979,18.229166666666664,146.15384615384613
6.1,0.24,0.26,1.7,0.033,61.0,134.0,0.9903,3.19,0.81,11.9,7,medium,white,93.891,0.064968953360812,45.52238805970149,195.08196721311478
7.0,0.32,0.29,7.6,0.025,35.0,124.0,0.99162,3.15,0.65,12.8,7,medium,white,100.992,0.06931242078580481,28.225806451612907,182.85714285714286
6.9,0.27,0.25,7.5,0.03,18.0,117.0,0.99116,3.09,0.38,13.0,6,medium,white,102.57000000000001,0.06727113190991518,15.384615384615385,188.40579710144928
6.5,0.29,0.53,1.7,0.04,41.0,192.0,0.9922,3.26,0.59,10.4,7,medium,white,82.056,0.07921419518377694,21.354166666666664,160.0
6.5,0.29,0.52,1.7,0.034,41.0,193.0,0.99223,3.25,0.59,10.4,6,medium,white,82.056,0.07921419518377694,21.243523316062177,160.0
6.1,0.22,0.25,12.1,0.035,54.0,135.0,0.99481,3.21,0.4,10.7,5,low,white,84.423,0.07225519112090306,40.0,175.40983606557376
6.3,0.22,0.27,4.5,0.036,81.0,157.0,0.9928,3.05,0.76,10.7,7,medium,white,84.423,0.07462421378060481,51.59235668789809,169.84126984126985
6.1,0.24,0.26,1.7,0.033,61.0,134.0,0.9903,3.19,0.81,11.9,7,medium,white,93.891,0.064968953360812,45.52238805970149,195.08196721311478
5.6,0.23,0.25,8.0,0.043,31.0,101.0,0.99429,3.19,0.42,10.4,6,medium,white,82.056,0.06824607585063859,30.693069306930692,185.71428571428575
7.0,0.32,0.29,7.6,0.025,35.0,124.0,0.99162,3.15,0.65,12.8,7,medium,white,100.992,0.06931242078580481,28.225806451612907,182.85714285714286
6.8,0.11,0.27,8.6,0.044,45.0,104.0,0.99454,3.2,0.37,9.9,6,medium,white,78.111,0.08705560036358514,43.269230769230774,145.58823529411765
6.8,0.11,0.27,8.6,0.044,45.0,104.0,0.99454,3.2,0.37,9.9,6,medium,white,78.111,0.08705560036358514,43.269230769230774,145.58823529411765
7.3,0.23,0.41,14.6,0.048,73.0,223.0,0.99863,3.16,0.71,9.4,6,medium,white,74.166,0.09842785103686326,32.73542600896861,128.76712328767124
6.1,0.2,0.17,1.6,0.048,46.0,129.0,0.991,3.3,0.43,11.4,6,medium,white,89.946,0.06781846885909323,35.65891472868217,186.88524590163937
6.8,0.11,0.27,8.6,0.044,45.0,104.0,0.99454,3.2,0.37,9.9,6,medium,white,78.111,0.08705560036358514,43.269230769230774,145.58823529411765
7.3,0.23,0.41,14.6,0.048,73.0,223.0,0.99863,3.16,0.71,9.4,6,medium,white,74.166,0.09842785103686326,32.73542600896861,128.76712328767124
6.9,0.2,0.41,1.1,0.06,36.0,104.0,0.99317,2.99,0.39,9.2,5,low,white,72.58800000000001,0.09505703422053231,34.61538461538461,133.33333333333331
6.7,0.19,0.32,3.7,0.041,26.0,76.0,0.99173,2.9,0.57,10.5,7,medium,white,82.845,0.08087392117810369,34.21052631578947,156.71641791044775
6.7,0.28,0.34,8.9,0.048,32.0,111.0,0.99455,3.25,0.54,11.0,7,medium,white,86.79,0.07719783385182624,28.82882882882883,164.17910447761193
6.7,0.28,0.34,8.9,0.048,32.0,111.0,0.99455,3.25,0.54,11.0,7,medium,white,86.79,0.07719783385182624,28.82882882882883,164.17910447761193
8.0,0.37,0.31,4.7,0.038,3.0,127.0,0.99186,2.9,0.72,12.1,5,low,white,95.46900000000001,0.08379683457457394,2.3622047244094486,151.25
6.7,0.28,0.34,8.9,0.048,32.0,111.0,0.99455,3.25,0.54,11.0,7,medium,white,86.79,0.07719783385182624,28.82882882882883,164.17910447761193
6.0,0.26,0.29,3.1,0.041,37.0,144.0,0.98944,3.22,0.39,12.8,7,medium,white,100.992,0.059410646387832694,25.694444444444443,213.33333333333334
6.4,0.24,0.49,5.8,0.053,25.0,120.0,0.9942,3.01,0.98,10.5,6,medium,white,82.845,0.07725270082684532,20.833333333333336,164.0625
6.4,0.24,0.49,5.8,0.053,25.0,120.0,0.9942,3.01,0.98,10.5,6,medium,white,82.845,0.07725270082684532,20.833333333333336,164.0625
6.4,0.24,0.49,5.8,0.053,25.0,120.0,0.9942,3.01,0.98,10.5,6,medium,white,82.845,0.07725270082684532,20.833333333333336,164.0625
6.4,0.25,0.57,1.0,0.062,21.0,122.0,0.99238,3.0,0.4,9.5,5,low,white,74.955,0.0853845640717764,17.21311475409836,148.4375
6.1,0.25,0.48,15.8,0.052,25.0,94.0,0.99782,3.07,0.45,9.2,6,medium,white,72.58800000000001,0.084035928803659,26.595744680851062,150.81967213114754
6.8,0.14,0.35,1.5,0.047,40.0,117.0,0.99111,3.07,0.72,11.1,6,medium,white,87.57900000000001,0.07764418410806243,34.18803418803419,163.23529411764704
6.5,0.38,0.26,5.2,0.042,33.0,112.0,0.99067,3.06,0.5,12.3,7,medium,white,97.04700000000001,0.06697785609034797,29.464285714285715,189.23076923076925
6.8,0.14,0.35,1.5,0.047,40.0,117.0,0.99111,3.07,0.72,11.1,6,medium,white,87.57900000000001,0.07764418410806243,34.18803418803419,163.23529411764704
5.4,0.15,0.32,2.5,0.037,10.0,51.0,0.98878,3.04,0.58,12.6,6,medium,white,99.414,0.054318305268875614,19.607843137254903,233.33333333333331
6.4,0.25,0.57,1.0,0.062,21.0,122.0,0.99238,3.0,0.4,9.5,5,low,white,74.955,0.0853845640717764,17.21311475409836,148.4375
6.1,0.25,0.48,15.8,0.052,25.0,94.0,0.99782,3.07,0.45,9.2,6,medium,white,72.58800000000001,0.084035928803659,26.595744680851062,150.81967213114754
6.8,0.22,0.32,5.9,0.054,40.0,152.0,0.9938,3.2,0.57,10.8,6,medium,white,85.212,0.07980096699995305,26.31578947368421,158.82352941176472
7.2,0.21,0.29,3.1,0.044,39.0,122.0,0.99143,3.0,0.6,11.3,6,medium,white,89.15700000000001,0.08075641845284161,31.967213114754102,156.94444444444443
6.0,0.26,0.29,3.1,0.041,37.0,144.0,0.98944,3.22,0.39,12.8,7,medium,white,100.992,0.059410646387832694,25.694444444444443,213.33333333333334
6.4,0.24,0.49,5.8,0.053,25.0,120.0,0.9942,3.01,0.98,10.5,6,medium,white,82.845,0.07725270082684532,20.833333333333336,164.0625
6.5,0.46,0.24,11.5,0.051,56.0,171.0,0.99588,3.08,0.56,9.8,6,medium,white,77.322,0.08406404386849797,32.748538011695906,150.7692307692308
6.5,0.18,0.48,18.0,0.054,56.0,183.0,1.00038,2.98,0.61,8.5,6,medium,white,67.065,0.09692089763662119,30.601092896174865,130.76923076923077
6.2,0.32,0.12,4.8,0.054,6.0,97.0,0.99424,3.16,0.5,9.3,5,low,white,73.37700000000001,0.08449514152936205,6.185567010309279,150.0
7.2,0.4,0.24,8.5,0.055,45.0,151.0,0.99626,3.2,0.52,9.2,5,low,white,72.58800000000001,0.0991899487518598,29.80132450331126,127.77777777777777
5.9,0.23,0.24,1.6,0.037,32.0,115.0,0.99076,3.21,0.51,11.4,6,medium,white,89.946,0.06559491250305739,27.82608695652174,193.22033898305085
6.4,0.18,0.48,18.0,0.054,56.0,183.0,1.00038,2.98,0.61,8.5,6,medium,white,67.065,0.09542980690375011,30.601092896174865,132.8125
6.2,0.32,0.12,4.8,0.054,6.0,97.0,0.99424,3.16,0.5,9.3,5,low,white,73.37700000000001,0.08449514152936205,6.185567010309279,150.0
6.4,0.37,0.12,5.9,0.056,6.0,91.0,0.99536,3.06,0.46,8.4,4,low,white,66.276,0.09656587603355665,6.593406593406594,131.25
7.0,0.23,0.42,1.1,0.062,35.0,100.0,0.99318,3.04,0.4,9.2,5,low,white,72.58800000000001,0.09643467239764147,35.0,131.42857142857142
7.2,0.4,0.24,8.5,0.055,45.0,151.0,0.99626,3.2,0.52,9.2,5,low,white,72.58800000000001,0.0991899487518598,29.80132450331126,127.77777777777777
7.6,0.19,0.37,13.1,0.033,52.0,151.0,0.99726,3.18,0.79,10.4,6,medium,white,82.056,0.0926196743687238,34.437086092715234,136.8421052631579
6.0,0.28,0.27,4.1,0.046,50.0,147.0,0.99126,3.27,0.56,11.6,6,medium,white,91.524,0.06555657532450505,34.01360544217687,193.33333333333334
6.2,0.32,0.45,2.9,0.029,37.0,94.0,0.98998,3.25,0.6,12.4,6,medium,white,97.836,0.06337135614702155,39.361702127659576,200.0
7.6,0.19,0.37,13.1,0.033,52.0,151.0,0.99726,3.18,0.79,10.4,6,medium,white,82.056,0.0926196743687238,34.437086092715234,136.8421052631579
6.4,0.26,0.26,1.1,0.052,22.0,176.0,0.99304,3.09,0.54,9.3,5,low,white,73.37700000000001,0.08722079125611568,12.5,145.3125
5.9,0.25,0.27,1.5,0.029,37.0,81.0,0.9892,3.2,0.46,12.2,6,medium,white,96.25800000000001,0.061293606765151984,45.67901234567901,206.77966101694915
6.1,0.28,0.3,7.75,0.031,33.0,139.0,0.99296,3.22,0.46,11.0,6,medium,white,86.79,0.07028459499942388,23.741007194244602,180.327868852459
6.9,0.19,0.38,1.15,0.023,30.0,105.0,0.99047,3.11,0.38,11.4,5,low,white,89.946,0.07671269428323661,28.57142857142857,165.2173913043478
6.4,0.29,0.57,1.0,0.06,15.0,120.0,0.9924,3.06,0.41,9.5,5,low,white,74.955,0.0853845640717764,12.5,148.4375
6.8,0.27,0.22,17.8,0.034,16.0,116.0,0.9989,3.07,0.53,9.2,5,low,white,72.58800000000001,0.09367939604342314,13.793103448275861,135.2941176470588
7.5,0.26,0.38,5.7,0.021,23.0,125.0,0.99338,3.13,0.62,11.1,6,medium,white,87.57900000000001,0.08563696776624533,18.4,148.0
6.8,0.27,0.22,17.8,0.034,16.0,116.0,0.9989,3.07,0.53,9.2,5,low,white,72.58800000000001,0.09367939604342314,13.793103448275861,135.2941176470588
6.4,0.2,0.22,7.4,0.032,53.0,172.0,0.99404,3.24,0.58,11.0,6,medium,white,86.79,0.07374121442562508,30.813953488372093,171.875
7.3,0.33,0.22,1.4,0.041,40.0,177.0,0.99287,3.14,0.48,9.9,5,low,white,78.111,0.09345674744914288,22.598870056497177,135.6164383561644
7.3,0.34,0.22,1.4,0.044,43.0,176.0,0.99286,3.14,0.46,9.9,5,low,white,78.111,0.09345674744914288,24.431818181818183,135.6164383561644
6.4,0.29,0.57,1.0,0.06,15.0,120.0,0.9924,3.06,0.41,9.5,5,low,white,74.955,0.0853845640717764,12.5,148.4375
6.1,1.1,0.16,4.4,0.033,8.0,109.0,0.99058,3.35,0.47,12.4,4,low,white,97.836,0.06234923749948894,7.339449541284404,203.27868852459017
6.3,0.24,0.29,1.6,0.052,48.0,185.0,0.9934,3.21,0.5,9.4,5,low,white,74.166,0.08494458377153952,25.945945945945947,149.20634920634922
6.2,0.24,0.22,7.9,0.053,45.0,149.0,0.99545,3.23,0.52,9.3,5,low,white,73.37700000000001,0.08449514152936205,30.201342281879196,150.0
7.4,0.16,0.27,15.5,0.05,25.0,135.0,0.9984,2.9,0.43,8.7,7,medium,white,68.643,0.10780414608918608,18.51851851851852,117.56756756756755
7.4,0.16,0.27,15.5,0.05,25.0,135.0,0.9984,2.9,0.43,8.7,7,medium,white,68.643,0.10780414608918608,18.51851851851852,117.56756756756755
7.4,0.16,0.27,15.5,0.05,25.0,135.0,0.9984,2.9,0.43,8.7,7,medium,white,68.643,0.10780414608918608,18.51851851851852,117.56756756756755
7.4,0.16,0.27,15.5,0.05,25.0,135.0,0.9984,2.9,0.43,8.7,7,medium,white,68.643,0.10780414608918608,18.51851851851852,117.56756756756755
7.2,0.17,0.28,17.55,0.05,33.0,154.0,0.99971,2.94,0.43,9.0,7,medium,white,71.01,0.10139416983523447,21.428571428571427,125.0
6.9,0.19,0.35,13.5,0.038,49.0,118.0,0.99546,3.0,0.63,10.7,6,medium,white,84.423,0.08173128175971003,41.52542372881356,155.0724637681159
6.9,0.19,0.35,13.5,0.038,49.0,118.0,0.99546,3.0,0.63,10.7,6,medium,white,84.423,0.08173128175971003,41.52542372881356,155.0724637681159
6.8,0.16,0.36,1.3,0.034,32.0,98.0,0.99058,3.02,0.58,11.3,6,medium,white,89.15700000000001,0.07626995076101707,32.6530612244898,166.1764705882353
7.4,0.16,0.27,15.5,0.05,25.0,135.0,0.9984,2.9,0.43,8.7,7,medium,white,68.643,0.10780414608918608,18.51851851851852,117.56756756756755
6.8,0.3,0.27,11.6,0.028,22.0,97.0,0.99314,2.96,0.38,11.7,6,medium,white,92.313,0.07366243107687974,22.68041237113402,172.05882352941174
6.2,0.24,0.22,7.9,0.053,45.0,149.0,0.99545,3.23,0.52,9.3,5,low,white,73.37700000000001,0.08449514152936205,30.201342281879196,150.0
7.4,0.16,0.27,15.5,0.05,25.0,135.0,0.9984,2.9,0.43,8.7,7,medium,white,68.643,0.10780414608918608,18.51851851851852,117.56756756756755
7.2,0.17,0.28,17.55,0.05,33.0,154.0,0.99971,2.94,0.43,9.0,7,medium,white,71.01,0.10139416983523447,21.428571428571427,125.0
6.8,0.3,0.27,11.6,0.028,22.0,97.0,0.99314,2.96,0.38,11.7,6,medium,white,92.313,0.07366243107687974,22.68041237113402,172.05882352941174
6.5,0.43,0.18,13.15,0.032,25.0,131.0,0.99565,3.23,0.51,10.7,5,low,white,84.423,0.07699323644030655,19.083969465648856,164.6153846153846
6.6,0.17,0.36,1.9,0.036,38.0,110.0,0.99056,3.05,0.54,11.4,6,medium,white,89.946,0.07337735974918284,34.54545454545455,172.72727272727275
6.9,0.19,0.35,13.5,0.038,49.0,118.0,0.99546,3.0,0.63,10.7,6,medium,white,84.423,0.08173128175971003,41.52542372881356,155.0724637681159
6.8,0.16,0.36,1.3,0.034,32.0,98.0,0.99058,3.02,0.58,11.3,6,medium,white,89.15700000000001,0.07626995076101707,32.6530612244898,166.1764705882353
6.4,0.41,0.01,6.1,0.048,20.0,70.0,0.99362,3.19,0.42,10.0,5,low,white,78.9,0.08111533586818757,28.57142857142857,156.25
6.4,0.41,0.01,6.1,0.048,20.0,70.0,0.99362,3.19,0.42,10.0,5,low,white,78.9,0.08111533586818757,28.57142857142857,156.25
7.4,0.36,0.32,1.9,0.036,27.0,119.0,0.99196,3.15,0.49,11.2,6,medium,white,88.36800000000001,0.0837407206228499,22.689075630252102,151.35135135135133
6.1,0.17,0.21,1.9,0.09,44.0,130.0,0.99255,3.07,0.41,9.7,5,low,white,76.533,0.0797041798962539,33.84615384615385,159.01639344262296
5.5,0.28,0.21,1.6,0.032,23.0,85.0,0.99027,3.42,0.42,12.5,5,low,white,98.625,0.05576679340937896,27.058823529411764,227.27272727272728
6.6,0.5,0.26,11.3,0.029,32.0,110.0,0.99302,3.27,0.78,12.9,8,high,white,101.781,0.06484510861555692,29.09090909090909,195.45454545454547
7.1,0.44,0.27,8.4,0.057,60.0,160.0,0.99257,3.16,0.36,11.8,6,medium,white,93.102,0.07626044553285644,37.5,166.19718309859158
6.9,0.38,0.28,8.3,0.062,22.0,166.0,0.99506,3.16,0.72,10.6,5,low,white,83.634,0.08250233158763183,13.253012048192772,153.6231884057971
7.1,0.44,0.27,8.4,0.057,60.0,160.0,0.99257,3.16,0.36,11.8,6,medium,white,93.102,0.07626044553285644,37.5,166.19718309859158
6.2,0.24,0.28,12.2,0.049,54.0,133.0,0.9952,3.19,0.37,10.7,6,medium,white,84.423,0.07343970245075394,40.6015037593985,172.5806451612903
6.1,0.28,0.27,8.0,0.048,41.0,162.0,0.99498,3.21,0.51,9.9,5,low,white,78.111,0.07809399444380433,25.308641975308642,162.29508196721315
7.6,0.26,0.32,1.3,0.048,23.0,76.0,0.9903,2.96,0.46,12.0,6,medium,white,94.68,0.08027038445289394,30.263157894736842,157.89473684210526
7.5,0.16,0.38,12.7,0.043,70.5,163.0,0.99706,3.15,0.82,10.4,7,medium,white,82.056,0.09140099444281954,43.25153374233129,138.66666666666669
6.5,0.36,0.16,1.3,0.054,11.0,107.0,0.99398,3.19,0.39,8.5,5,low,white,67.065,0.09692089763662119,10.2803738317757,130.76923076923077
6.6,0.35,0.19,10.5,0.06,15.0,82.0,0.99588,3.13,0.38,9.9,4,low,white,78.111,0.08449514152936205,18.29268292682927,150.00000000000003
5.7,0.25,0.26,12.5,0.049,52.5,120.0,0.99691,3.08,0.45,9.4,6,medium,white,74.166,0.07685462341234528,43.75,164.91228070175438
7.4,0.37,0.26,9.6,0.05,33.0,134.0,0.99608,3.13,0.46,10.4,5,low,white,82.056,0.09018231451691529,24.62686567164179,140.54054054054055
5.7,0.25,0.21,1.5,0.044,21.0,108.0,0.99142,3.3,0.59,11.0,6,medium,white,86.79,0.06567576909782233,19.444444444444446,192.98245614035088
5.8,0.23,0.21,1.5,0.044,21.0,110.0,0.99138,3.3,0.57,11.0,6,medium,white,86.79,0.06682797557322272,19.090909090909093,189.6551724137931
5.4,0.265,0.28,7.8,0.052,27.0,91.0,0.99432,3.19,0.38,10.4,6,medium,white,82.056,0.06580871599883008,29.67032967032967,192.59259259259258
5.7,0.25,0.27,10.8,0.05,58.0,116.0,0.99592,3.1,0.5,9.8,6,medium,white,77.322,0.07371770000775976,50.0,171.9298245614035
5.7,0.25,0.26,12.5,0.049,52.5,106.0,0.99691,3.08,0.45,9.4,6,medium,white,74.166,0.07685462341234528,49.528301886792455,164.91228070175438
5.9,0.23,0.28,8.6,0.046,37.0,142.0,0.99432,3.23,0.53,10.6,6,medium,white,83.634,0.0705454719372504,26.056338028169012,179.66101694915253
6.2,0.3,0.32,1.2,0.052,32.0,185.0,0.99266,3.28,0.44,10.1,5,low,white,79.68900000000001,0.07780245705178883,17.2972972972973,162.9032258064516
6.5,0.33,0.24,14.5,0.048,20.0,96.0,0.99456,3.06,0.3,11.5,8,high,white,90.735,0.07163718520967653,20.833333333333336,176.9230769230769
7.4,0.26,0.29,3.7,0.048,14.0,73.0,0.9915,3.06,0.45,11.4,6,medium,white,89.946,0.08227158517332622,19.17808219178082,154.05405405405406
7.0,0.2,0.4,1.1,0.058,30.0,93.0,0.99322,3.03,0.38,9.2,6,medium,white,72.58800000000001,0.09643467239764147,32.25806451612903,131.42857142857142
6.5,0.21,0.42,1.1,0.059,33.0,101.0,0.9927,3.12,0.38,9.7,6,medium,white,76.533,0.08493068349600826,32.67326732673268,149.2307692307692
7.3,0.25,0.27,3.8,0.047,16.0,79.0,0.99173,3.07,0.46,11.3,6,medium,white,89.15700000000001,0.08187803537579774,20.253164556962027,154.7945205479452
6.8,0.27,0.24,4.6,0.098,36.0,127.0,0.99412,3.15,0.49,9.6,6,medium,white,75.744,0.08977608787494719,28.346456692913385,141.1764705882353
6.7,0.24,0.3,10.2,0.07,44.0,179.0,0.99666,2.86,0.46,8.9,6,medium,white,70.221,0.09541305307529087,24.581005586592177,132.8358208955224
6.4,0.14,0.28,7.9,0.057,21.0,82.0,0.99425,3.26,0.36,10.0,6,medium,white,78.9,0.08111533586818757,25.609756097560975,156.25
6.4,0.5,0.2,2.4,0.059,19.0,112.0,0.99314,3.18,0.4,9.2,6,medium,white,72.58800000000001,0.0881688433349865,16.964285714285715,143.74999999999997
6.6,0.41,0.27,10.7,0.11,20.0,103.0,0.99672,3.08,0.41,9.0,6,medium,white,71.01,0.09294465568229826,19.41747572815534,136.36363636363637
6.4,0.25,0.28,4.9,0.03,29.0,98.0,0.99024,3.09,0.58,12.8,7,medium,white,100.992,0.06337135614702155,29.591836734693878,200.0
6.6,0.41,0.27,10.7,0.11,20.0,103.0,0.99672,3.08,0.41,9.0,6,medium,white,71.01,0.09294465568229826,19.41747572815534,136.36363636363637
8.0,0.25,0.35,1.1,0.054,13.0,136.0,0.99366,3.08,0.55,9.5,5,low,white,74.955,0.1067307050897205,9.558823529411764,118.75
6.4,0.14,0.28,7.9,0.057,21.0,82.0,0.99425,3.26,0.36,10.0,6,medium,white,78.9,0.08111533586818757,25.609756097560975,156.25
6.6,0.21,0.34,5.6,0.046,30.0,140.0,0.99299,3.22,0.38,11.0,5,low,white,86.79,0.07604562737642584,21.428571428571427,166.66666666666669
6.4,0.5,0.2,2.4,0.059,19.0,112.0,0.99314,3.18,0.4,9.2,6,medium,white,72.58800000000001,0.0881688433349865,16.964285714285715,143.74999999999997
6.3,0.29,0.23,14.2,0.037,24.0,99.0,0.99528,3.08,0.38,10.6,6,medium,white,83.634,0.07532821579740297,24.242424242424242,168.25396825396825
6.9,0.37,0.23,9.5,0.057,54.0,166.0,0.99568,3.23,0.42,10.0,5,low,white,78.9,0.08745247148288973,32.53012048192771,144.92753623188406
6.9,0.37,0.23,9.5,0.057,54.0,166.0,0.99568,3.23,0.42,10.0,5,low,white,78.9,0.08745247148288973,32.53012048192771,144.92753623188406
5.7,0.31,0.28,4.1,0.03,22.0,86.0,0.99062,3.31,0.38,11.7,7,medium,white,92.313,0.0617464495791492,25.581395348837212,205.26315789473682
6.9,0.45,0.27,4.7,0.035,17.0,80.0,0.99058,3.12,0.36,12.5,7,medium,white,98.625,0.0699619771863118,21.25,181.15942028985506
6.9,0.3,0.45,1.4,0.039,36.0,122.0,0.99059,3.07,0.47,11.1,7,medium,white,87.57900000000001,0.0787860103449457,29.508196721311474,160.86956521739128
5.3,0.23,0.56,0.9,0.041,46.0,141.0,0.99119,3.16,0.62,9.7,5,low,white,76.533,0.06925117269674519,32.62411347517731,183.0188679245283
6.8,0.3,0.26,20.3,0.037,45.0,150.0,0.99727,3.04,0.38,12.3,6,medium,white,97.04700000000001,0.07006914175605633,30.0,180.8823529411765
6.7,0.28,0.42,3.5,0.035,43.0,105.0,0.99021,3.18,0.38,12.2,6,medium,white,96.25800000000001,0.06960460429263021,40.95238095238095,182.08955223880596
5.0,0.255,0.22,2.7,0.043,46.0,153.0,0.99238,3.75,0.76,11.3,6,medium,white,89.15700000000001,0.05608084614780667,30.065359477124183,226.00000000000003
7.6,0.4,0.27,1.2,0.053,23.0,193.0,0.99164,3.22,0.38,11.6,5,low,white,91.524,0.08303832874437306,11.917098445595855,152.63157894736844
5.5,0.21,0.25,1.2,0.04,18.0,75.0,0.99006,3.31,0.56,11.3,6,medium,white,89.15700000000001,0.061688930762587336,24.0,205.45454545454547
6.0,0.2,0.25,2.0,0.041,30.0,95.0,0.99078,3.27,0.56,11.1,6,medium,white,87.57900000000001,0.06850957421299626,31.57894736842105,185.0
6.1,0.17,0.29,1.1,0.041,32.0,92.0,0.99036,3.26,0.57,11.2,6,medium,white,88.36800000000001,0.06902951294586275,34.78260869565217,183.60655737704917
7.5,0.21,0.29,1.5,0.046,35.0,107.0,0.99123,3.15,0.45,11.3,6,medium,white,89.15700000000001,0.08412126922171001,32.71028037383177,150.66666666666669
7.3,0.26,0.32,1.2,0.041,29.0,94.0,0.98978,3.07,0.45,12.0,6,medium,white,94.68,0.07710181664554287,30.851063829787233,164.38356164383563
6.2,0.35,0.2,18.1,0.069,33.0,158.0,0.99908,3.15,0.5,8.8,6,medium,white,69.432,0.08929600184353036,20.88607594936709,141.93548387096774
6.2,0.35,0.2,18.1,0.069,33.0,158.0,0.99908,3.15,0.5,8.8,6,medium,white,69.432,0.08929600184353036,20.88607594936709,141.93548387096774
6.5,0.43,0.31,3.6,0.046,19.0,143.0,0.99022,3.15,0.34,12.0,8,high,white,94.68,0.06865230249260668,13.286713286713287,184.6153846153846
6.5,0.4,0.31,3.5,0.046,22.0,147.0,0.99024,3.15,0.31,12.0,7,medium,white,94.68,0.06865230249260668,14.965986394557824,184.6153846153846
7.4,0.28,0.5,12.1,0.049,48.0,122.0,0.9973,3.01,0.44,9.0,5,low,white,71.01,0.10421067455287987,39.34426229508197,121.62162162162163
6.3,0.23,0.22,17.45,0.054,42.0,151.0,0.99853,3.12,0.6,9.3,6,medium,white,73.37700000000001,0.08585796639273885,27.81456953642384,147.61904761904762
6.2,0.34,0.25,12.1,0.059,33.0,171.0,0.99769,3.14,0.56,8.7,6,medium,white,68.643,0.09032239266931807,19.298245614035086,140.32258064516128
6.6,0.44,0.32,3.0,0.095,13.0,75.0,0.98954,3.1,0.63,12.8,6,medium,white,100.992,0.06535171102661597,17.333333333333336,193.93939393939397
6.0,0.13,0.36,1.6,0.052,23.0,72.0,0.98974,3.1,0.5,11.5,7,medium,white,90.735,0.06612663250123987,31.944444444444443,191.66666666666669
6.3,0.17,0.23,5.7,0.048,44.0,147.0,0.99382,3.08,0.54,10.0,5,low,white,78.9,0.07984790874524714,29.931972789115648,158.73015873015873
6.3,0.18,0.22,5.6,0.047,45.0,147.0,0.99383,3.09,0.54,10.0,5,low,white,78.9,0.07984790874524714,30.612244897959183,158.73015873015873
6.7,0.31,0.34,6.8,0.059,51.0,215.0,0.99538,3.33,0.56,10.3,5,low,white,81.26700000000001,0.08244428857962026,23.72093023255814,153.73134328358208
6.6,0.33,0.32,15.6,0.054,62.0,227.0,0.99734,3.25,0.56,10.4,5,low,white,82.056,0.0804328751096812,27.312775330396477,157.5757575757576
6.3,0.34,0.31,6.0,0.02,18.0,68.0,0.98981,3.22,0.29,13.4,7,medium,white,105.726,0.05958799160093071,26.47058823529412,212.6984126984127
6.8,0.29,0.32,1.8,0.032,18.0,130.0,0.99095,3.05,0.62,11.2,6,medium,white,88.36800000000001,0.07695093246424044,13.846153846153847,164.70588235294116
7.4,0.31,0.26,8.6,0.048,47.0,206.0,0.9964,3.26,0.36,9.1,5,low,white,71.799,0.10306550230504603,22.815533980582526,122.97297297297295
7.4,0.31,0.26,8.6,0.048,47.0,206.0,0.9964,3.26,0.36,9.1,5,low,white,71.799,0.10306550230504603,22.815533980582526,122.97297297297295
5.7,0.25,0.27,11.5,0.04,24.0,120.0,0.99411,3.33,0.31,10.8,6,medium,white,85.212,0.0668919870440783,20.0,189.47368421052633
6.8,0.27,0.28,7.8,0.038,26.0,89.0,0.9915,3.24,0.34,12.5,6,medium,white,98.625,0.06894803548795944,29.213483146067414,183.82352941176472
5.9,0.26,0.24,2.4,0.046,27.0,132.0,0.99234,3.63,0.73,11.3,5,low,white,89.15700000000001,0.06617539845441188,20.454545454545457,191.52542372881356
5.9,0.65,0.23,5.0,0.035,20.0,128.0,0.99016,3.46,0.48,12.8,6,medium,white,100.992,0.05842046894803549,15.625,216.94915254237287
7.4,0.31,0.26,8.6,0.048,47.0,206.0,0.9964,3.26,0.36,9.1,5,low,white,71.799,0.10306550230504603,22.815533980582526,122.97297297297295
6.6,0.23,0.32,1.5,0.041,8.0,72.0,0.98949,3.22,0.39,12.7,6,medium,white,100.203,0.06586629142840034,11.11111111111111,192.42424242424244
6.8,0.18,0.35,5.4,0.054,53.0,143.0,0.99287,3.1,0.54,11.0,7,medium,white,86.79,0.07835004032722663,37.06293706293706,161.76470588235296
6.8,0.28,0.29,11.9,0.052,51.0,149.0,0.99544,3.02,0.58,10.4,6,medium,white,82.056,0.08287023496148971,34.22818791946309,152.94117647058826
6.8,0.28,0.29,11.9,0.052,51.0,149.0,0.99544,3.02,0.58,10.4,6,medium,white,82.056,0.08287023496148971,34.22818791946309,152.94117647058826
5.9,0.27,0.27,9.0,0.051,43.0,136.0,0.9941,3.25,0.53,10.7,6,medium,white,84.423,0.06988616846120134,31.61764705882353,181.3559322033898
6.1,0.25,0.28,10.0,0.055,56.0,131.0,0.994,3.22,0.35,10.9,6,medium,white,86.001,0.07092940779758374,42.74809160305343,178.68852459016395
6.8,0.28,0.29,11.9,0.052,51.0,149.0,0.99544,3.02,0.58,10.4,6,medium,white,82.056,0.08287023496148971,34.22818791946309,152.94117647058826
6.8,0.26,0.29,11.9,0.052,54.0,160.0,0.99546,3.03,0.58,10.4,6,medium,white,82.056,0.08287023496148971,33.75,152.94117647058826
7.1,0.13,0.29,15.5,0.064,56.0,115.5,0.99737,3.16,0.41,9.7,7,medium,white,76.533,0.09277043889563978,48.484848484848484,136.61971830985914
6.8,0.18,0.35,5.4,0.054,53.0,143.0,0.99287,3.1,0.54,11.0,7,medium,white,86.79,0.07835004032722663,37.06293706293706,161.76470588235296
6.2,0.2,0.25,15.0,0.055,8.0,120.0,0.99767,3.19,0.53,9.6,6,medium,white,75.744,0.0818546683565695,6.666666666666667,154.83870967741936
5.8,0.24,0.28,1.4,0.038,40.0,76.0,0.98711,3.1,0.29,13.9,7,medium,white,109.671,0.05288544829535611,52.63157894736842,239.6551724137931
7.6,0.48,0.31,9.4,0.046,6.0,194.0,0.99714,3.07,0.61,9.4,5,low,white,74.166,0.10247283121646038,3.0927835051546393,123.6842105263158
7.4,0.26,0.32,3.7,0.032,29.0,193.0,0.99134,3.1,0.67,12.5,6,medium,white,98.625,0.07503168567807351,15.025906735751295,168.9189189189189
6.2,0.2,0.25,15.0,0.055,8.0,120.0,0.99767,3.19,0.53,9.6,6,medium,white,75.744,0.0818546683565695,6.666666666666667,154.83870967741936
6.1,0.3,0.47,1.4,0.049,50.0,187.0,0.9927,3.19,0.45,9.5,5,low,white,74.955,0.08138216263091187,26.737967914438503,155.73770491803282
6.2,0.32,0.5,6.5,0.048,61.0,186.0,0.9948,3.19,0.45,9.6,5,low,white,75.744,0.0818546683565695,32.795698924731184,154.83870967741936
6.1,0.3,0.47,1.4,0.049,50.0,187.0,0.9927,3.19,0.45,9.5,5,low,white,74.955,0.08138216263091187,26.737967914438503,155.73770491803282
6.3,0.34,0.52,6.3,0.047,63.0,186.0,0.99481,3.18,0.44,9.6,5,low,white,75.744,0.08317490494296578,33.87096774193548,152.38095238095238
7.4,0.16,0.3,13.7,0.056,33.0,168.0,0.99825,2.9,0.44,8.7,7,medium,white,68.643,0.10780414608918608,19.642857142857142,117.56756756756755
7.4,0.16,0.3,13.7,0.056,33.0,168.0,0.99825,2.9,0.44,8.7,7,medium,white,68.643,0.10780414608918608,19.642857142857142,117.56756756756755
7.4,0.16,0.3,13.7,0.056,33.0,168.0,0.99825,2.9,0.44,8.7,7,medium,white,68.643,0.10780414608918608,19.642857142857142,117.56756756756755
7.4,0.16,0.3,13.7,0.056,33.0,168.0,0.99825,2.9,0.44,8.7,7,medium,white,68.643,0.10780414608918608,19.642857142857142,117.56756756756755
7.4,0.16,0.3,13.7,0.056,33.0,168.0,0.99825,2.9,0.44,8.7,7,medium,white,68.643,0.10780414608918608,19.642857142857142,117.56756756756755
7.4,0.16,0.3,13.7,0.056,33.0,168.0,0.99825,2.9,0.44,8.7,7,medium,white,68.643,0.10780414608918608,19.642857142857142,117.56756756756755
7.2,0.26,0.38,1.5,0.061,12.0,120.0,0.99192,3.18,0.46,10.4,5,low,white,82.056,0.08774495466510676,10.0,144.44444444444443
7.0,0.31,0.35,1.6,0.063,13.0,119.0,0.99184,3.22,0.5,10.7,5,low,white,84.423,0.0829157930895609,10.92436974789916,152.85714285714283
6.6,0.22,0.35,1.4,0.05,23.0,83.0,0.99019,3.17,0.48,12.0,7,medium,white,94.68,0.0697084917617237,27.710843373493976,181.81818181818184
5.8,0.23,0.31,3.5,0.044,35.0,158.0,0.98998,3.19,0.37,12.1,7,medium,white,95.46900000000001,0.060752705066566104,22.151898734177212,208.6206896551724
6.3,0.17,0.32,1.0,0.04,39.0,118.0,0.98886,3.31,0.4,13.1,8,high,white,103.35900000000001,0.0609526020956085,33.05084745762712,207.93650793650795
6.0,0.19,0.26,1.4,0.039,30.0,104.0,0.98998,3.32,0.41,12.4,6,medium,white,97.836,0.06132711885195634,28.846153846153843,206.66666666666669
6.7,0.21,0.34,1.5,0.035,45.0,123.0,0.98949,3.24,0.36,12.6,7,medium,white,99.414,0.0673949343150864,36.58536585365854,188.0597014925373
7.4,0.16,0.3,13.7,0.056,33.0,168.0,0.99825,2.9,0.44,8.7,7,medium,white,68.643,0.10780414608918608,19.642857142857142,117.56756756756755
6.6,0.22,0.37,1.6,0.04,31.0,101.0,0.99009,3.15,0.66,12.0,5,low,white,94.68,0.0697084917617237,30.693069306930692,181.81818181818184
6.8,0.34,0.27,5.2,0.06,14.0,169.0,0.99252,3.27,0.57,11.6,6,medium,white,91.524,0.07429745203443905,8.284023668639055,170.58823529411765
7.1,0.34,0.86,1.4,0.174,36.0,99.0,0.99288,2.92,0.5,9.3,5,low,white,73.37700000000001,0.09676056529975331,36.36363636363637,130.98591549295776
6.3,0.24,0.22,11.9,0.05,65.0,179.0,0.99659,3.06,0.58,9.3,6,medium,white,73.37700000000001,0.08585796639273885,36.312849162011176,147.61904761904762
6.9,0.35,0.39,2.4,0.048,25.0,157.0,0.99133,3.2,0.54,11.1,7,medium,white,87.57900000000001,0.0787860103449457,15.92356687898089,160.86956521739128
6.8,0.24,0.33,3.2,0.049,68.0,161.0,0.99324,3.1,0.69,10.2,6,medium,white,80.47800000000001,0.08449514152936205,42.2360248447205,150.0
6.4,0.25,0.33,1.7,0.037,35.0,113.0,0.99164,3.23,0.66,10.6,6,medium,white,83.634,0.07652390176244112,30.973451327433626,165.62499999999997
5.8,0.19,0.33,4.2,0.038,49.0,133.0,0.99107,3.16,0.42,11.3,7,medium,white,89.15700000000001,0.06505378153145573,36.84210526315789,194.82758620689657
6.9,0.24,0.4,15.4,0.052,81.0,198.0,0.9986,3.2,0.69,9.4,5,low,white,74.166,0.09303454413073377,40.909090909090914,136.23188405797103
6.5,0.31,0.61,13.0,0.053,31.0,123.0,0.99708,3.09,0.5,9.3,6,medium,white,73.37700000000001,0.08858361611949248,25.203252032520325,143.07692307692307
6.6,0.25,0.32,5.6,0.039,15.0,68.0,0.99163,2.96,0.52,11.1,6,medium,white,87.57900000000001,0.07536053163429589,22.058823529411764,168.1818181818182
7.5,0.38,0.56,9.7,0.055,15.0,170.0,0.99605,3.13,0.65,9.9,6,medium,white,78.111,0.09601720628336598,8.823529411764707,132.0
6.2,0.3,0.3,2.5,0.041,29.0,82.0,0.99065,3.31,0.61,11.8,7,medium,white,93.102,0.06659362849348027,35.36585365853659,190.3225806451613
6.4,0.33,0.28,4.0,0.04,24.0,81.0,0.9903,3.26,0.64,12.6,7,medium,white,99.414,0.06437725068903777,29.629629629629626,196.87499999999997
6.9,0.24,0.4,15.4,0.052,81.0,198.0,0.9986,3.2,0.69,9.4,5,low,white,74.166,0.09303454413073377,40.909090909090914,136.23188405797103
7.6,0.27,0.32,1.2,0.043,23.0,72.0,0.99236,3.06,0.68,10.5,5,low,white,82.845,0.0917375822318788,31.944444444444443,138.1578947368421
5.9,0.24,0.34,2.0,0.037,40.0,108.0,0.98948,3.19,0.5,12.3,6,medium,white,97.04700000000001,0.060795284758931235,37.03703703703704,208.4745762711864
5.3,0.33,0.3,1.2,0.048,25.0,119.0,0.99045,3.32,0.62,11.3,6,medium,white,89.15700000000001,0.05944569691667507,21.008403361344538,213.20754716981133
6.4,0.21,0.21,5.1,0.097,21.0,105.0,0.9939,3.07,0.46,9.6,5,low,white,75.744,0.08449514152936206,20.0,149.99999999999997
7.0,0.22,0.3,1.4,0.04,14.0,63.0,0.98985,3.2,0.33,12.0,6,medium,white,94.68,0.0739332488381918,22.22222222222222,171.42857142857142
7.8,0.27,0.35,1.2,0.05,36.0,140.0,0.99138,3.09,0.45,11.2,5,low,white,88.36800000000001,0.08826724606192286,25.71428571428571,143.5897435897436
6.7,0.2,0.24,6.5,0.044,28.0,100.0,0.99348,3.12,0.33,10.2,6,medium,white,80.47800000000001,0.08325256591863614,28.000000000000004,152.23880597014926
8.1,0.27,0.33,1.3,0.045,26.0,100.0,0.99066,2.98,0.44,12.4,6,medium,white,97.836,0.08279161045014105,26.0,153.08641975308643
6.7,0.2,0.24,6.5,0.044,28.0,100.0,0.99348,3.12,0.33,10.2,6,medium,white,80.47800000000001,0.08325256591863614,28.000000000000004,152.23880597014926
7.1,0.45,0.24,2.7,0.04,24.0,87.0,0.98862,2.94,0.38,13.4,8,high,white,105.726,0.06715472069311239,27.586206896551722,188.73239436619718
5.8,0.22,0.29,1.3,0.036,25.0,68.0,0.98865,3.24,0.35,12.6,6,medium,white,99.414,0.05834188343694047,36.76470588235294,217.24137931034483
6.3,0.3,0.48,7.4,0.053,34.0,149.0,0.99472,3.18,0.53,9.8,5,low,white,77.322,0.08147745790331341,22.818791946308725,155.55555555555557
7.9,0.36,0.53,12.9,0.049,63.0,139.0,0.99792,2.94,0.45,9.1,5,low,white,71.799,0.11002938759592751,45.32374100719424,115.18987341772151
8.1,0.27,0.33,1.3,0.045,26.0,100.0,0.99066,2.98,0.44,12.4,6,medium,white,97.836,0.08279161045014105,26.0,153.08641975308643
8.0,0.24,0.33,1.2,0.044,28.0,101.0,0.99035,3.03,0.43,12.5,6,medium,white,98.625,0.08111533586818757,27.722772277227726,156.25
6.7,0.41,0.27,2.6,0.033,25.0,85.0,0.99086,3.05,0.34,11.7,6,medium,white,92.313,0.07257916003163152,29.411764705882355,174.62686567164178
6.7,0.24,0.31,2.3,0.044,37.0,113.0,0.99013,3.29,0.46,12.9,6,medium,white,101.781,0.06582761026124719,32.743362831858406,192.53731343283582
6.2,0.3,0.32,1.3,0.054,27.0,183.0,0.99266,3.3,0.43,10.1,5,low,white,79.68900000000001,0.07780245705178883,14.754098360655737,162.9032258064516
6.9,0.26,0.38,10.5,0.044,33.0,139.0,0.99517,3.06,0.5,10.3,6,medium,white,81.26700000000001,0.08490531211931042,23.741007194244602,149.27536231884056
6.7,0.41,0.27,2.6,0.033,25.0,85.0,0.99086,3.05,0.34,11.7,6,medium,white,92.313,0.07257916003163152,29.411764705882355,174.62686567164178
5.9,0.32,0.2,14.4,0.05,29.0,144.0,0.99666,3.24,0.41,10.3,6,medium,white,81.26700000000001,0.07260019442085963,20.13888888888889,174.5762711864407
6.1,0.25,0.3,1.2,0.036,42.0,107.0,0.991,3.34,0.56,10.8,7,medium,white,85.212,0.0715861615734873,39.25233644859813,177.04918032786887
5.6,0.23,0.29,3.1,0.023,19.0,89.0,0.99068,3.25,0.51,11.2,6,medium,white,88.36800000000001,0.06337135614702154,21.34831460674157,200.0
6.6,0.23,0.32,1.7,0.024,26.0,102.0,0.99084,3.29,0.6,11.8,6,medium,white,93.102,0.07088999162209189,25.49019607843137,178.7878787878788
6.0,0.17,0.21,6.0,0.05,26.0,134.0,0.9939,3.08,0.54,9.8,6,medium,white,77.322,0.07759757895553658,19.402985074626866,163.33333333333334
7.1,0.38,0.42,11.8,0.041,32.0,193.0,0.99624,3.04,0.49,10.0,6,medium,white,78.9,0.08998732572877058,16.580310880829018,140.84507042253523
6.6,0.31,0.37,6.2,0.052,13.0,164.0,0.99602,3.24,0.39,8.8,4,low,white,69.432,0.09505703422053231,7.926829268292683,133.33333333333334
6.5,0.38,0.53,1.4,0.142,5.0,69.0,0.9926,3.14,0.52,10.1,4,low,white,79.68900000000001,0.08156709207042377,7.246376811594203,155.3846153846154
7.0,0.44,0.24,12.1,0.056,68.0,210.0,0.99718,3.05,0.5,9.5,5,low,white,74.955,0.09338936695350544,32.38095238095238,135.71428571428572
7.0,0.44,0.24,12.1,0.056,68.0,210.0,0.99718,3.05,0.5,9.5,5,low,white,74.955,0.09338936695350544,32.38095238095238,135.71428571428572
7.0,0.44,0.24,12.1,0.056,68.0,210.0,0.99718,3.05,0.5,9.5,5,low,white,74.955,0.09338936695350544,32.38095238095238,135.71428571428572
6.1,0.38,0.14,3.9,0.06,27.0,113.0,0.99344,3.07,0.34,9.2,4,low,white,72.58800000000001,0.084035928803659,23.893805309734514,150.81967213114754
8.0,0.33,0.32,4.6,0.041,31.0,180.0,0.99184,2.92,0.74,12.2,6,medium,white,96.25800000000001,0.08310997527478235,17.22222222222222,152.5
7.0,0.44,0.24,12.1,0.056,68.0,210.0,0.99718,3.05,0.5,9.5,5,low,white,74.955,0.09338936695350544,32.38095238095238,135.71428571428572
6.0,0.19,0.29,1.2,0.046,29.0,92.0,0.99033,3.22,0.53,11.3,6,medium,white,89.15700000000001,0.067297015377368,31.521739130434785,188.33333333333334
6.3,0.28,0.34,8.1,0.038,44.0,129.0,0.99248,3.26,0.29,12.1,6,medium,white,95.46900000000001,0.06599000722747697,34.10852713178294,192.06349206349208
6.1,0.38,0.14,3.9,0.06,27.0,113.0,0.99344,3.07,0.34,9.2,4,low,white,72.58800000000001,0.084035928803659,23.893805309734514,150.81967213114754
5.3,0.43,0.11,1.1,0.029,6.0,51.0,0.99076,3.51,0.48,11.2,4,low,white,88.36800000000001,0.05997646206771681,11.76470588235294,211.32075471698113
5.4,0.22,0.35,6.5,0.029,26.0,87.0,0.99092,3.29,0.44,12.5,7,medium,white,98.625,0.05475285171102662,29.88505747126437,231.4814814814815
6.2,0.345,0.27,10.1,0.056,38.0,187.0,0.99486,3.31,0.56,10.6,5,low,white,83.634,0.07413252983236483,20.32085561497326,170.96774193548384
5.6,0.255,0.57,10.7,0.056,66.0,171.0,0.99464,3.25,0.61,10.4,7,medium,white,82.056,0.06824607585063859,38.59649122807017,185.71428571428575
5.2,0.2,0.27,3.2,0.047,16.0,93.0,0.99235,3.44,0.53,10.1,7,medium,white,79.68900000000001,0.06525367365633901,17.20430107526882,194.2307692307692
6.2,0.29,0.23,12.4,0.048,33.0,201.0,0.99612,3.11,0.56,9.9,6,medium,white,78.111,0.07937422386091587,16.417910447761194,159.6774193548387
6.3,0.26,0.25,5.2,0.046,11.0,133.0,0.99202,2.97,0.68,11.0,6,medium,white,86.79,0.07258900795022467,8.270676691729323,174.6031746031746
6.0,0.22,0.23,5.0,0.045,10.0,122.0,0.99261,2.94,0.63,10.0,6,medium,white,78.9,0.07604562737642585,8.19672131147541,166.66666666666669
7.5,0.35,0.37,2.5,0.066,29.0,89.0,0.98964,3.14,0.42,12.7,6,medium,white,100.203,0.07484805844136402,32.58426966292135,169.33333333333331
6.6,0.39,0.28,9.2,0.036,10.0,92.0,0.99206,3.07,0.35,12.1,6,medium,white,95.46900000000001,0.0691323885240235,10.869565217391305,183.33333333333334
6.3,0.23,0.33,6.9,0.052,23.0,118.0,0.9938,3.23,0.46,10.4,6,medium,white,82.056,0.07677683533196841,19.491525423728813,165.0793650793651
6.3,0.22,0.3,2.0,0.05,23.0,120.0,0.99204,3.24,0.47,10.4,6,medium,white,82.056,0.07677683533196841,19.166666666666668,165.0793650793651
6.4,0.29,0.18,15.0,0.04,21.0,116.0,0.99736,3.14,0.5,9.2,5,low,white,72.58800000000001,0.0881688433349865,18.103448275862068,143.74999999999997
6.4,0.29,0.18,15.0,0.04,21.0,116.0,0.99736,3.14,0.5,9.2,5,low,white,72.58800000000001,0.0881688433349865,18.103448275862068,143.74999999999997
7.5,0.23,0.3,1.2,0.03,27.0,80.0,0.99192,3.05,0.68,10.5,5,low,white,82.845,0.09053050878145935,33.75,140.0
6.4,0.29,0.18,15.0,0.04,21.0,116.0,0.99736,3.14,0.5,9.2,5,low,white,72.58800000000001,0.0881688433349865,18.103448275862068,143.74999999999997
5.7,0.28,0.36,1.8,0.041,38.0,90.0,0.99002,3.27,0.98,11.9,7,medium,white,93.891,0.06070869412403745,42.22222222222222,208.7719298245614
6.5,0.26,0.24,10.8,0.042,47.0,130.0,0.996,3.08,0.4,10.1,6,medium,white,79.68900000000001,0.08156709207042377,36.15384615384615,155.3846153846154
6.4,0.27,0.29,3.9,0.034,62.0,140.0,0.99237,3.1,0.59,11.1,6,medium,white,87.57900000000001,0.07307687916052935,44.285714285714285,173.43749999999997
5.9,0.22,0.29,4.2,0.037,69.0,144.0,0.99214,3.13,0.74,10.8,7,medium,white,85.212,0.0692390743087828,47.91666666666667,183.05084745762713
6.8,0.26,0.26,2.0,0.019,23.5,72.0,0.99041,3.16,0.47,11.8,6,medium,white,93.102,0.07303817318639771,32.63888888888889,173.52941176470588
7.6,0.36,0.48,13.5,0.038,44.0,116.0,0.9982,3.04,0.48,9.2,5,low,white,72.58800000000001,0.10470050146029646,37.93103448275862,121.05263157894737
7.6,0.35,0.47,13.3,0.037,42.0,116.0,0.99822,3.04,0.5,9.2,5,low,white,72.58800000000001,0.10470050146029646,36.206896551724135,121.05263157894737
5.7,0.18,0.26,2.2,0.023,21.0,95.0,0.9893,3.07,0.54,12.3,6,medium,white,97.04700000000001,0.05873442764845899,22.105263157894736,215.78947368421052
6.6,0.36,0.47,1.4,0.145,26.0,124.0,0.99274,3.09,0.56,10.1,6,medium,white,79.68900000000001,0.08282197040996875,20.967741935483872,153.03030303030303
5.9,0.14,0.2,1.6,0.04,26.0,114.0,0.99105,3.25,0.45,11.4,6,medium,white,89.946,0.06559491250305739,22.807017543859647,193.22033898305085
5.5,0.23,0.19,2.2,0.044,39.0,161.0,0.99209,3.19,0.43,10.4,6,medium,white,82.056,0.06702739592473433,24.22360248447205,189.0909090909091
6.7,0.11,0.26,14.8,0.053,44.0,95.0,0.99676,3.2,0.35,9.8,6,medium,white,77.322,0.08665062983368252,46.31578947368421,146.26865671641792
7.0,0.24,0.24,1.8,0.047,29.0,91.0,0.99251,3.3,0.43,9.9,6,medium,white,78.111,0.08961605919780824,31.868131868131865,141.42857142857144
6.7,0.11,0.26,14.8,0.053,44.0,95.0,0.99676,3.2,0.35,9.8,6,medium,white,77.322,0.08665062983368252,46.31578947368421,146.26865671641792
5.3,0.47,0.1,1.3,0.036,11.0,74.0,0.99082,3.48,0.54,11.2,4,low,white,88.36800000000001,0.05997646206771681,14.864864864864865,211.32075471698113
7.5,0.29,0.24,9.9,0.058,25.0,115.0,0.99567,3.15,0.46,10.9,5,low,white,86.001,0.08720828827571772,21.73913043478261,145.33333333333334
6.0,0.33,0.26,5.1,0.051,16.0,119.0,0.99416,3.15,0.41,9.2,5,low,white,72.58800000000001,0.08265829062654984,13.445378151260504,153.33333333333331
6.0,0.33,0.26,5.1,0.051,16.0,119.0,0.99416,3.15,0.41,9.2,5,low,white,72.58800000000001,0.08265829062654984,13.445378151260504,153.33333333333331
5.8,0.32,0.23,1.5,0.033,39.0,121.0,0.9887,2.96,0.35,12.0,5,low,white,94.68,0.06125897760878749,32.231404958677686,206.89655172413794
5.8,0.3,0.23,1.5,0.034,37.0,121.0,0.98871,2.96,0.34,12.1,6,medium,white,95.46900000000001,0.060752705066566104,30.57851239669421,208.6206896551724
3.8,0.31,0.02,11.1,0.036,20.0,114.0,0.99248,3.75,0.44,12.4,6,medium,white,97.836,0.03884050860623901,17.543859649122805,326.3157894736843
6.2,0.36,0.22,5.25,0.038,44.0,145.0,0.99184,3.22,0.4,11.2,6,medium,white,88.36800000000001,0.07016114430563099,30.344827586206897,180.64516129032256
6.0,0.31,0.27,2.3,0.042,19.0,120.0,0.98952,3.32,0.41,12.7,7,medium,white,100.203,0.05987844675309122,15.833333333333332,211.66666666666666
6.9,0.52,0.54,7.9,0.036,23.0,169.0,0.99267,3.26,0.47,12.2,6,medium,white,96.25800000000001,0.07168235367449978,13.609467455621301,176.81159420289853
7.0,0.55,0.05,8.0,0.036,19.0,164.0,0.99269,3.26,0.46,12.2,6,medium,white,96.25800000000001,0.07272122836543456,11.585365853658537,174.28571428571428
5.8,0.2,0.16,1.4,0.042,44.0,99.0,0.98912,3.23,0.37,12.2,6,medium,white,96.25800000000001,0.0602547320742172,44.44444444444444,210.3448275862069
6.2,0.36,0.22,5.25,0.038,44.0,145.0,0.99184,3.22,0.4,11.2,6,medium,white,88.36800000000001,0.07016114430563099,30.344827586206897,180.64516129032256
6.0,0.31,0.27,2.3,0.042,19.0,120.0,0.98952,3.32,0.41,12.7,7,medium,white,100.203,0.05987844675309122,15.833333333333332,211.66666666666666
6.0,0.29,0.27,2.3,0.044,20.0,117.0,0.9895,3.31,0.41,12.7,7,medium,white,100.203,0.05987844675309122,17.094017094017094,211.66666666666666
5.7,0.22,0.29,3.5,0.04,27.0,146.0,0.98999,3.17,0.36,12.1,6,medium,white,95.46900000000001,0.05970524463438393,18.493150684931507,212.28070175438597
7.1,0.46,0.23,13.7,0.045,44.0,192.0,0.9981,3.11,0.53,9.4,5,low,white,74.166,0.0957311975837985,22.916666666666664,132.3943661971831
6.6,0.21,0.3,9.9,0.041,64.0,174.0,0.995,3.07,0.5,10.1,6,medium,white,79.68900000000001,0.08282197040996875,36.7816091954023,153.03030303030303
6.9,0.42,0.2,15.4,0.043,57.0,201.0,0.99848,3.08,0.54,9.4,5,low,white,74.166,0.09303454413073377,28.35820895522388,136.23188405797103
5.7,0.22,0.2,16.0,0.044,41.0,113.0,0.99862,3.22,0.46,8.9,6,medium,white,70.221,0.08117229888494895,36.283185840707965,156.140350877193
5.7,0.22,0.2,16.0,0.044,41.0,113.0,0.99862,3.22,0.46,8.9,6,medium,white,70.221,0.08117229888494895,36.283185840707965,156.140350877193
5.7,0.22,0.2,16.0,0.044,41.0,113.0,0.99862,3.22,0.46,8.9,6,medium,white,70.221,0.08117229888494895,36.283185840707965,156.140350877193
5.7,0.22,0.2,16.0,0.044,41.0,113.0,0.99862,3.22,0.46,8.9,6,medium,white,70.221,0.08117229888494895,36.283185840707965,156.140350877193
5.2,0.31,0.2,2.4,0.027,27.0,117.0,0.98886,3.56,0.45,13.0,7,medium,white,102.57000000000001,0.050697084917617236,23.076923076923077,250.0
7.2,0.22,0.35,5.5,0.054,37.0,183.0,0.99474,3.08,0.5,10.3,5,low,white,81.26700000000001,0.08859684742884565,20.21857923497268,143.05555555555557
5.6,0.18,0.29,2.3,0.04,5.0,47.0,0.99126,3.07,0.45,10.1,4,low,white,79.68900000000001,0.07027318701451893,10.638297872340425,180.35714285714286
6.2,0.24,0.27,16.8,0.04,48.0,129.0,0.99691,3.23,0.38,10.5,6,medium,white,82.845,0.0748385539260064,37.2093023255814,169.35483870967744
5.7,0.22,0.2,16.0,0.044,41.0,113.0,0.99862,3.22,0.46,8.9,6,medium,white,70.221,0.08117229888494895,36.283185840707965,156.140350877193
5.7,0.26,0.24,17.8,0.059,23.0,124.0,0.99773,3.3,0.5,10.1,5,low,white,79.68900000000001,0.07152806535406392,18.548387096774192,177.19298245614036
5.7,0.26,0.24,17.8,0.059,23.0,124.0,0.99773,3.3,0.5,10.1,5,low,white,79.68900000000001,0.07152806535406392,18.548387096774192,177.19298245614036
6.0,0.2,0.26,6.8,0.049,22.0,93.0,0.9928,3.15,0.42,11.0,6,medium,white,86.79,0.0691323885240235,23.655913978494624,183.33333333333331
6.0,0.2,0.26,6.8,0.049,22.0,93.0,0.9928,3.15,0.42,11.0,6,medium,white,86.79,0.0691323885240235,23.655913978494624,183.33333333333331
6.0,0.2,0.26,6.8,0.049,22.0,93.0,0.9928,3.15,0.42,11.0,6,medium,white,86.79,0.0691323885240235,23.655913978494624,183.33333333333331
6.0,0.2,0.26,6.8,0.049,22.0,93.0,0.9928,3.15,0.42,11.0,6,medium,white,86.79,0.0691323885240235,23.655913978494624,183.33333333333331
7.6,0.28,0.17,1.6,0.046,28.0,117.0,0.99288,3.08,0.43,10.0,5,low,white,78.9,0.09632446134347274,23.931623931623932,131.57894736842107
7.0,0.2,0.33,4.7,0.03,25.0,76.0,0.99202,2.88,0.54,10.5,6,medium,white,82.845,0.08449514152936206,32.89473684210527,150.0
6.6,0.26,0.27,11.8,0.048,28.0,112.0,0.99606,2.87,0.49,9.7,6,medium,white,76.533,0.08623730939594684,25.0,146.96969696969697
5.7,0.26,0.24,17.8,0.059,23.0,124.0,0.99773,3.3,0.5,10.1,5,low,white,79.68900000000001,0.07152806535406392,18.548387096774192,177.19298245614036
7.2,0.21,0.36,15.7,0.045,68.0,183.0,0.99922,3.25,0.76,9.4,5,low,white,74.166,0.09707952431033089,37.15846994535519,130.55555555555557
6.9,0.22,0.32,5.8,0.041,20.0,119.0,0.99296,3.17,0.55,11.2,6,medium,white,88.36800000000001,0.07808256382400869,16.80672268907563,162.31884057971013
7.2,0.21,0.36,15.7,0.045,68.0,183.0,0.99922,3.25,0.76,9.4,5,low,white,74.166,0.09707952431033089,37.15846994535519,130.55555555555557
7.4,0.22,0.28,9.0,0.046,22.0,121.0,0.99468,3.1,0.55,10.8,5,low,white,85.212,0.08684222879406657,18.181818181818183,145.94594594594594
7.2,0.21,0.36,15.7,0.045,68.0,183.0,0.99922,3.25,0.76,9.4,5,low,white,74.166,0.09707952431033089,37.15846994535519,130.55555555555557
6.9,0.22,0.32,5.8,0.041,20.0,119.0,0.99296,3.17,0.55,11.2,6,medium,white,88.36800000000001,0.07808256382400869,16.80672268907563,162.31884057971013
7.0,0.2,0.35,8.8,0.037,31.0,103.0,0.99388,3.13,0.49,11.0,6,medium,white,86.79,0.08065445327802742,30.097087378640776,157.14285714285714
5.6,0.26,0.0,10.2,0.038,13.0,111.0,0.99315,3.44,0.46,12.4,6,medium,white,97.836,0.05723864426182591,11.711711711711711,221.42857142857144
6.3,0.28,0.3,6.6,0.208,60.0,154.0,0.99478,3.1,0.4,9.4,6,medium,white,74.166,0.08494458377153952,38.961038961038966,149.20634920634922
6.4,0.29,0.3,6.5,0.209,62.0,156.0,0.99478,3.1,0.4,9.4,5,low,white,74.166,0.0862929104980719,39.743589743589745,146.875
7.2,0.34,0.23,8.9,0.105,22.0,155.0,0.99692,3.01,0.58,9.5,5,low,white,74.955,0.09605763458074845,14.193548387096774,131.94444444444443
7.1,0.39,0.39,11.1,0.034,25.0,204.0,0.99616,3.05,0.52,10.0,6,medium,white,78.9,0.08998732572877058,12.254901960784313,140.84507042253523
6.9,0.26,0.29,4.2,0.043,33.0,114.0,0.9902,3.16,0.31,12.5,6,medium,white,98.625,0.0699619771863118,28.947368421052634,181.15942028985506
6.1,0.24,0.25,1.6,0.044,24.0,115.0,0.9921,3.39,0.59,10.9,6,medium,white,86.001,0.07092940779758374,20.869565217391305,178.68852459016395
5.9,0.25,0.24,7.4,0.044,21.0,113.0,0.99462,3.38,0.58,10.5,6,medium,white,82.845,0.07121733357474803,18.58407079646018,177.96610169491524
6.1,0.24,0.27,11.5,0.05,51.0,133.0,0.99476,3.22,0.37,10.8,6,medium,white,85.212,0.0715861615734873,38.34586466165413,177.04918032786887
6.5,0.22,0.27,1.6,0.039,36.0,116.0,0.99178,3.38,0.57,11.0,7,medium,white,86.79,0.07489342090102546,31.03448275862069,169.23076923076923
6.2,0.26,0.29,2.0,0.036,16.0,87.0,0.99081,3.33,0.61,11.8,6,medium,white,93.102,0.06659362849348027,18.39080459770115,190.3225806451613
6.6,0.34,0.25,4.8,0.038,16.0,121.0,0.99198,3.36,0.71,12.6,6,medium,white,99.414,0.06638903977307019,13.223140495867769,190.9090909090909
5.6,0.225,0.24,9.8,0.054,59.0,140.0,0.99545,3.17,0.39,10.2,6,medium,white,80.47800000000001,0.0695842342006511,42.142857142857146,182.14285714285714
7.1,0.23,0.28,1.9,0.046,33.0,103.0,0.98997,3.12,0.31,12.0,5,low,white,94.68,0.07498943810730882,32.038834951456316,169.01408450704227
6.9,0.26,0.29,4.2,0.043,33.0,114.0,0.9902,3.16,0.31,12.5,6,medium,white,98.625,0.0699619771863118,28.947368421052634,181.15942028985506
6.4,0.27,0.3,1.6,0.04,19.0,86.0,0.99089,3.32,0.65,11.5,6,medium,white,90.735,0.07053507466798921,22.093023255813954,179.6875
6.3,0.41,0.22,7.3,0.035,23.0,117.0,0.99172,3.2,0.39,11.94,7,medium,white,94.2066,0.06687429543153027,19.65811965811966,189.52380952380952
6.7,0.41,0.24,5.4,0.035,33.0,115.0,0.9901,3.12,0.44,12.8933333333333,7,medium,white,101.72839999999974,0.06586164728826972,28.695652173913043,192.43781094527316
7.2,0.585,0.2,10.4,0.086,17.0,94.0,0.99681,3.13,0.4,9.4,5,low,white,74.166,0.09707952431033089,18.085106382978726,130.55555555555557
6.7,0.34,0.26,1.9,0.038,58.0,138.0,0.9893,3.0,0.47,12.2,7,medium,white,96.25800000000001,0.06960460429263021,42.028985507246375,182.08955223880596
6.3,0.41,0.22,7.3,0.035,23.0,117.0,0.99172,3.2,0.39,11.94,7,medium,white,94.2066,0.06687429543153027,19.65811965811966,189.52380952380952
6.7,0.41,0.24,5.4,0.035,33.0,115.0,0.9901,3.12,0.44,12.8933333333333,7,medium,white,101.72839999999974,0.06586164728826972,28.695652173913043,192.43781094527316
6.4,0.26,0.35,7.7,0.056,45.0,191.0,0.99527,3.16,0.5,9.5,5,low,white,74.955,0.0853845640717764,23.56020942408377,148.4375
6.3,0.28,0.22,11.5,0.036,27.0,150.0,0.99445,3.0,0.33,10.6,6,medium,white,83.634,0.07532821579740297,18.0,168.25396825396825
7.4,0.16,0.33,1.2,0.042,47.0,121.0,0.99198,3.04,0.68,10.5,7,medium,white,82.845,0.0893234353310399,38.84297520661157,141.89189189189187
8.4,0.27,0.3,2.2,0.037,36.0,129.0,0.99085,2.89,0.3,11.4666666666667,6,medium,white,90.47200000000026,0.09284640551772898,27.906976744186046,136.5079365079369
5.9,0.2,0.28,1.0,0.043,45.0,100.0,0.99033,3.4,0.41,11.4,6,medium,white,89.946,0.06559491250305739,45.0,193.22033898305085
6.4,0.24,0.26,8.2,0.054,47.0,182.0,0.99538,3.12,0.5,9.5,5,low,white,74.955,0.0853845640717764,25.82417582417583,148.4375
7.4,0.38,0.34,8.3,0.052,44.0,168.0,0.99627,3.11,0.52,9.2,5,low,white,72.58800000000001,0.10194522510607813,26.190476190476193,124.3243243243243
6.4,0.24,0.26,8.2,0.054,47.0,182.0,0.99538,3.12,0.5,9.5,5,low,white,74.955,0.0853845640717764,25.82417582417583,148.4375
6.4,0.42,0.19,9.3,0.043,28.0,145.0,0.99433,3.23,0.53,10.98,5,low,white,86.63220000000001,0.07387553357758431,19.310344827586206,171.5625
6.4,0.23,0.26,8.1,0.054,47.0,181.0,0.9954,3.12,0.49,9.4,5,low,white,74.166,0.0862929104980719,25.96685082872928,146.875
6.4,0.24,0.26,8.2,0.054,47.0,182.0,0.99538,3.12,0.5,9.5,5,low,white,74.955,0.0853845640717764,25.82417582417583,148.4375
7.4,0.38,0.34,8.3,0.052,44.0,168.0,0.99627,3.11,0.52,9.2,5,low,white,72.58800000000001,0.10194522510607813,26.190476190476193,124.3243243243243
7.3,0.19,0.27,13.9,0.057,45.0,155.0,0.99807,2.94,0.41,8.8,8,high,white,69.432,0.10513884088028574,29.03225806451613,120.54794520547946
7.3,0.19,0.27,13.9,0.057,45.0,155.0,0.99807,2.94,0.41,8.8,8,high,white,69.432,0.10513884088028574,29.03225806451613,120.54794520547946
7.3,0.19,0.27,13.9,0.057,45.0,155.0,0.99807,2.94,0.41,8.8,8,high,white,69.432,0.10513884088028574,29.03225806451613,120.54794520547946
7.3,0.19,0.27,13.9,0.057,45.0,155.0,0.99807,2.94,0.41,8.8,8,high,white,69.432,0.10513884088028574,29.03225806451613,120.54794520547946
7.3,0.19,0.27,13.9,0.057,45.0,155.0,0.99807,2.94,0.41,8.8,8,high,white,69.432,0.10513884088028574,29.03225806451613,120.54794520547946
7.3,0.19,0.27,13.9,0.057,45.0,155.0,0.99807,2.94,0.41,8.8,8,high,white,69.432,0.10513884088028574,29.03225806451613,120.54794520547946
7.3,0.19,0.27,13.9,0.057,45.0,155.0,0.99807,2.94,0.41,8.8,8,high,white,69.432,0.10513884088028574,29.03225806451613,120.54794520547946
6.8,0.24,0.29,2.0,0.044,15.0,96.0,0.99232,3.23,0.64,10.4,8,high,white,82.056,0.08287023496148971,15.625,152.94117647058826
7.3,0.19,0.27,13.9,0.057,45.0,155.0,0.99807,2.94,0.41,8.8,8,high,white,69.432,0.10513884088028574,29.03225806451613,120.54794520547946
7.4,0.27,0.52,15.7,0.054,36.0,139.0,0.99788,3.04,0.62,10.0333333333333,6,medium,white,79.16299999999974,0.09347801371853043,25.899280575539567,135.5855855855851
5.7,0.28,0.35,1.2,0.052,39.0,141.0,0.99108,3.44,0.69,11.3,6,medium,white,89.15700000000001,0.06393216460849961,27.659574468085108,198.24561403508773
5.8,0.22,0.25,1.5,0.024,21.0,109.0,0.99234,3.37,0.58,10.4,6,medium,white,82.056,0.0706834357024471,19.26605504587156,179.31034482758622
6.7,0.27,0.69,1.2,0.176,36.0,106.0,0.99288,2.96,0.43,9.2,6,medium,white,72.58800000000001,0.09230175786631398,33.9622641509434,137.3134328358209
7.1,0.2,0.35,3.2,0.034,21.0,107.0,0.99195,3.11,0.54,11.1,6,medium,white,87.57900000000001,0.08106966281871224,19.626168224299064,156.3380281690141
6.7,0.27,0.69,1.2,0.176,36.0,106.0,0.99288,2.96,0.43,9.2,6,medium,white,72.58800000000001,0.09230175786631398,33.9622641509434,137.3134328358209
7.1,0.23,0.3,2.6,0.034,62.0,148.0,0.99121,3.03,0.56,11.3,7,medium,white,89.15700000000001,0.07963480152988547,41.891891891891895,159.1549295774648
7.6,0.31,0.52,13.2,0.042,61.0,148.0,0.99839,2.98,0.47,9.1,6,medium,white,71.799,0.10585105642139861,41.21621621621622,119.73684210526316
7.2,0.34,0.28,10.4,0.108,43.0,187.0,0.99738,2.96,0.57,9.4,5,low,white,74.166,0.09707952431033089,22.994652406417114,130.55555555555557
7.0,0.36,0.25,5.7,0.015,14.0,73.0,0.98963,2.82,0.59,13.2,6,medium,white,104.14800000000001,0.06721204439835618,19.17808219178082,188.57142857142856
6.4,0.31,0.28,2.5,0.039,34.0,137.0,0.98946,3.22,0.38,12.7,6,medium,white,100.203,0.0638703432032973,24.817518248175183,198.43749999999997
7.3,0.28,0.35,1.6,0.054,31.0,148.0,0.99178,3.18,0.47,10.7,5,low,white,84.423,0.0864693270791135,20.945945945945947,146.5753424657534
7.4,0.16,0.3,1.4,0.064,34.0,166.0,0.99136,3.11,0.42,11.4333333333333,6,medium,white,90.20899999999975,0.08203172632442463,20.481927710843372,154.50450450450404
6.4,0.31,0.27,7.4,0.049,48.0,169.0,0.99323,3.27,0.45,11.1,6,medium,white,87.57900000000001,0.07307687916052935,28.402366863905325,173.43749999999997
6.4,0.31,0.28,2.5,0.039,34.0,137.0,0.98946,3.22,0.38,12.7,6,medium,white,100.203,0.0638703432032973,24.817518248175183,198.43749999999997
6.2,0.29,0.29,5.6,0.046,35.0,178.0,0.99313,3.25,0.51,10.5333333333333,5,low,white,83.10799999999975,0.07460172305915218,19.662921348314608,169.892473118279
5.9,0.28,0.34,3.6,0.04,50.0,194.0,0.9912,3.31,0.52,11.6,6,medium,white,91.524,0.0644639657357633,25.773195876288657,196.6101694915254
6.5,0.23,0.2,7.5,0.05,44.0,179.0,0.99504,3.18,0.48,9.53333333333333,5,low,white,75.21799999999998,0.0864154856550294,24.581005586592177,146.6666666666666
7.2,0.34,0.2,5.8,0.062,52.0,203.0,0.99461,3.17,0.44,9.8,6,medium,white,77.322,0.0931170947466439,25.615763546798032,136.11111111111111
7.3,0.28,0.35,1.6,0.054,31.0,148.0,0.99178,3.18,0.47,10.7,5,low,white,84.423,0.0864693270791135,20.945945945945947,146.5753424657534
6.5,0.2,0.33,1.5,0.039,36.0,110.0,0.99008,3.22,0.65,12.0,6,medium,white,94.68,0.06865230249260668,32.72727272727273,184.6153846153846
6.2,0.24,0.27,2.9,0.039,30.0,123.0,0.98959,3.12,0.37,12.8,6,medium,white,100.992,0.06139100126742712,24.390243902439025,206.4516129032258
7.1,0.31,0.25,11.2,0.048,32.0,136.0,0.99663,3.14,0.4,9.5,5,low,white,74.955,0.09472350076712693,23.52941176470588,133.80281690140845
6.4,0.29,0.21,9.65,0.041,36.0,119.0,0.99334,2.99,0.34,10.9333333333333,6,medium,white,86.26399999999974,0.07419085597700106,30.252100840336134,170.8333333333328
6.3,0.19,0.33,10.1,0.063,63.0,133.0,0.99561,2.86,0.41,9.1,5,low,white,71.799,0.08774495466510675,47.368421052631575,144.44444444444443
5.9,0.29,0.28,3.2,0.035,16.0,117.0,0.98959,3.26,0.42,12.6,6,medium,white,99.414,0.05934777797895669,13.675213675213676,213.55932203389827
7.1,0.31,0.25,11.2,0.048,32.0,136.0,0.99663,3.14,0.4,9.5,5,low,white,74.955,0.09472350076712693,23.52941176470588,133.80281690140845
6.5,0.3,0.28,11.45,0.041,29.0,109.0,0.99418,2.98,0.3,10.9,6,medium,white,86.001,0.07558051650562202,26.605504587155966,167.6923076923077
6.4,0.29,0.21,9.65,0.041,36.0,119.0,0.99334,2.99,0.34,10.9333333333333,6,medium,white,86.26399999999974,0.07419085597700106,30.252100840336134,170.8333333333328
6.5,0.22,0.19,4.5,0.096,16.0,115.0,0.9937,3.02,0.44,9.6,5,low,white,75.744,0.08581537811575835,13.91304347826087,147.69230769230768
7.0,0.23,0.28,2.7,0.053,16.0,92.0,0.99372,3.18,0.56,9.3,5,low,white,73.37700000000001,0.09539774043637651,17.391304347826086,132.85714285714286
7.1,0.23,0.23,3.5,0.038,23.0,112.0,0.99157,3.05,0.37,11.3666666666667,6,medium,white,89.68300000000026,0.07916773524525249,20.535714285714285,160.0938967136155
6.1,0.26,0.28,1.7,0.043,24.0,98.0,0.98918,3.14,0.44,12.5,6,medium,white,98.625,0.06185044359949302,24.489795918367346,204.91803278688528
6.4,0.35,0.21,2.1,0.051,46.0,171.0,0.9932,3.16,0.5,9.5,5,low,white,74.955,0.0853845640717764,26.900584795321635,148.4375
6.0,0.32,0.32,4.8,0.041,40.0,186.0,0.99235,3.22,0.54,11.0,6,medium,white,86.79,0.0691323885240235,21.50537634408602,183.33333333333331
6.1,0.34,0.21,5.0,0.042,17.0,133.0,0.99373,3.02,0.53,9.4,5,low,white,74.166,0.08224793031847477,12.781954887218044,154.0983606557377
6.5,0.13,0.27,2.6,0.035,32.0,76.0,0.9914,3.21,0.76,11.3333333333333,6,medium,white,89.41999999999975,0.0726906732274661,42.10526315789473,174.35897435897385
6.5,0.315,0.2,6.6,0.041,9.0,126.0,0.99494,2.94,0.51,8.8,5,low,white,69.432,0.09361677612628183,7.142857142857142,135.3846153846154
6.1,0.34,0.21,5.0,0.042,17.0,133.0,0.99373,3.02,0.53,9.4,5,low,white,74.166,0.08224793031847477,12.781954887218044,154.0983606557377
5.7,0.31,0.29,7.3,0.05,33.0,143.0,0.99332,3.31,0.5,11.0666666666667,6,medium,white,87.31600000000027,0.06528013193458224,23.076923076923077,194.15204678362633
6.4,0.3,0.27,5.0,0.058,27.0,151.0,0.99198,3.22,0.49,12.2,6,medium,white,96.25800000000001,0.06648798021982588,17.880794701986755,190.62499999999997
7.0,0.24,0.26,1.7,0.041,31.0,110.0,0.99142,3.2,0.53,11.0,6,medium,white,86.79,0.08065445327802742,28.18181818181818,157.14285714285714
6.5,0.13,0.27,2.6,0.035,32.0,76.0,0.9914,3.21,0.76,11.3333333333333,6,medium,white,89.41999999999975,0.0726906732274661,42.10526315789473,174.35897435897385
6.4,0.26,0.21,8.2,0.05,51.0,182.0,0.99542,3.23,0.48,9.5,5,low,white,74.955,0.0853845640717764,28.021978021978022,148.4375
6.4,0.26,0.21,8.2,0.05,51.0,182.0,0.99542,3.23,0.48,9.5,5,low,white,74.955,0.0853845640717764,28.021978021978022,148.4375
6.0,0.27,0.31,5.0,0.043,54.0,170.0,0.9924,3.28,0.52,11.0,6,medium,white,86.79,0.0691323885240235,31.76470588235294,183.33333333333331
7.1,0.21,0.33,1.2,0.039,34.0,97.0,0.99112,3.11,0.75,11.2,6,medium,white,88.36800000000001,0.08034582654354516,35.051546391752574,157.74647887323943
6.7,0.26,0.29,7.1,0.036,28.0,100.0,0.99534,3.08,0.36,9.3,6,medium,white,73.37700000000001,0.09130926584624609,28.000000000000004,138.80597014925374
6.3,0.28,0.22,9.5,0.04,30.0,111.0,0.99338,3.05,0.31,10.8,4,low,white,85.212,0.0739332488381918,27.027027027027028,171.42857142857144
6.2,0.25,0.44,15.8,0.057,39.0,167.0,0.99804,3.14,0.51,9.2,5,low,white,72.58800000000001,0.08541356698076816,23.353293413173652,148.38709677419354
7.3,0.22,0.37,15.5,0.048,70.0,203.0,0.99899,3.25,0.77,9.4,5,low,white,74.166,0.09842785103686326,34.48275862068966,128.76712328767124
6.2,0.25,0.44,15.8,0.057,39.0,167.0,0.99804,3.14,0.51,9.2,5,low,white,72.58800000000001,0.08541356698076816,23.353293413173652,148.38709677419354
6.4,0.18,0.28,17.05,0.047,53.0,139.0,0.99724,3.25,0.35,10.5,6,medium,white,82.845,0.07725270082684532,38.1294964028777,164.0625
6.3,0.2,0.26,12.7,0.046,60.0,143.0,0.99526,3.26,0.35,10.8,6,medium,white,85.212,0.0739332488381918,41.95804195804196,171.42857142857144
6.6,0.24,0.22,12.3,0.051,35.0,146.0,0.99676,3.1,0.67,9.4,5,low,white,74.166,0.08898956395113664,23.972602739726025,142.42424242424244
7.4,0.27,0.26,11.8,0.053,55.0,173.0,0.99699,3.11,0.6,9.8,5,low,white,77.322,0.09570368071182846,31.79190751445087,132.43243243243242
7.4,0.27,0.26,11.8,0.053,55.0,173.0,0.99699,3.11,0.6,9.8,5,low,white,77.322,0.09570368071182846,31.79190751445087,132.43243243243242
7.4,0.27,0.26,11.8,0.053,55.0,173.0,0.99699,3.11,0.6,9.8,5,low,white,77.322,0.09570368071182846,31.79190751445087,132.43243243243242
6.6,0.24,0.22,12.3,0.051,35.0,146.0,0.99676,3.1,0.67,9.4,5,low,white,74.166,0.08898956395113664,23.972602739726025,142.42424242424244
7.4,0.27,0.26,11.8,0.053,55.0,173.0,0.99699,3.11,0.6,9.8,5,low,white,77.322,0.09570368071182846,31.79190751445087,132.43243243243242
7.1,0.38,0.29,13.6,0.041,30.0,137.0,0.99461,3.02,0.96,12.1,6,medium,white,95.46900000000001,0.07436969068493436,21.897810218978105,170.4225352112676
6.8,0.43,0.26,5.2,0.043,40.0,176.0,0.99116,3.17,0.41,12.3,6,medium,white,97.04700000000001,0.07006914175605633,22.727272727272727,180.8823529411765
5.2,0.22,0.46,6.2,0.066,41.0,187.0,0.99362,3.19,0.42,9.73333333333333,5,low,white,76.79599999999999,0.06771185999270796,21.92513368983957,187.17948717948713
5.9,0.29,0.16,7.9,0.044,48.0,197.0,0.99512,3.21,0.36,9.4,5,low,white,74.166,0.07955127686541004,24.36548223350254,159.32203389830508
5.9,0.29,0.16,7.9,0.044,48.0,197.0,0.99512,3.21,0.36,9.4,5,low,white,74.166,0.07955127686541004,24.36548223350254,159.32203389830508
6.3,0.29,0.29,3.3,0.037,32.0,140.0,0.9895,3.17,0.36,12.8,7,medium,white,100.992,0.06238117870722433,22.857142857142858,203.17460317460322
6.3,0.19,0.32,2.8,0.046,18.0,80.0,0.99043,2.92,0.47,11.05,6,medium,white,87.1845,0.07226055090067615,22.5,175.39682539682542
5.7,0.29,0.16,7.9,0.044,48.0,197.0,0.99512,3.21,0.36,9.4,5,low,white,74.166,0.07685462341234528,24.36548223350254,164.91228070175438
6.3,0.29,0.29,3.3,0.037,32.0,140.0,0.9895,3.17,0.36,12.8,7,medium,white,100.992,0.06238117870722433,22.857142857142858,203.17460317460322
5.7,0.24,0.47,6.3,0.069,35.0,182.0,0.99391,3.11,0.46,9.73333333333333,5,low,white,76.79599999999999,0.07422261576123758,19.230769230769234,170.7602339181286
5.8,0.3,0.38,4.9,0.039,22.0,86.0,0.98963,3.23,0.58,13.1,7,medium,white,103.35900000000001,0.05611509399278243,25.581395348837212,225.86206896551727
7.1,0.27,0.27,10.4,0.041,26.0,114.0,0.99335,3.04,0.52,11.5,7,medium,white,90.735,0.07824984845980051,22.807017543859647,161.9718309859155
5.8,0.3,0.38,4.9,0.039,22.0,86.0,0.98963,3.23,0.58,13.1,7,medium,white,103.35900000000001,0.05611509399278243,25.581395348837212,225.86206896551727
7.1,0.27,0.27,10.4,0.041,26.0,114.0,0.99335,3.04,0.52,11.5,7,medium,white,90.735,0.07824984845980051,22.807017543859647,161.9718309859155
6.3,0.305,0.22,16.0,0.061,26.0,141.0,0.99824,3.08,0.5,9.1,5,low,white,71.799,0.08774495466510675,18.439716312056735,144.44444444444443
5.7,0.24,0.47,6.3,0.069,35.0,182.0,0.99391,3.11,0.46,9.75,5,low,white,76.92750000000001,0.07409573949497904,19.230769230769234,171.05263157894737
6.2,0.22,0.28,2.2,0.04,24.0,125.0,0.9917,3.19,0.48,10.5,6,medium,white,82.845,0.0748385539260064,19.2,169.35483870967744
6.6,0.22,0.23,17.3,0.047,37.0,118.0,0.99906,3.08,0.46,8.8,6,medium,white,69.432,0.09505703422053231,31.35593220338983,133.33333333333334
6.6,0.22,0.23,17.3,0.047,37.0,118.0,0.99906,3.08,0.46,8.8,6,medium,white,69.432,0.09505703422053231,31.35593220338983,133.33333333333334
6.6,0.22,0.23,17.3,0.047,37.0,118.0,0.99906,3.08,0.46,8.8,6,medium,white,69.432,0.09505703422053231,31.35593220338983,133.33333333333334
6.6,0.22,0.23,17.3,0.047,37.0,118.0,0.99906,3.08,0.46,8.8,6,medium,white,69.432,0.09505703422053231,31.35593220338983,133.33333333333334
6.2,0.22,0.28,2.2,0.04,24.0,125.0,0.9917,3.19,0.48,10.5,6,medium,white,82.845,0.0748385539260064,19.2,169.35483870967744
6.2,0.22,0.28,2.2,0.04,24.0,125.0,0.9917,3.19,0.48,10.5,6,medium,white,82.845,0.0748385539260064,19.2,169.35483870967744
6.6,0.22,0.23,17.3,0.047,37.0,118.0,0.99906,3.08,0.46,8.8,6,medium,white,69.432,0.09505703422053231,31.35593220338983,133.33333333333334
6.1,0.22,0.5,6.6,0.045,30.0,122.0,0.99415,3.22,0.49,9.9,6,medium,white,78.111,0.07809399444380433,24.59016393442623,162.29508196721315
6.2,0.21,0.52,6.5,0.047,28.0,123.0,0.99418,3.22,0.49,9.9,6,medium,white,78.111,0.07937422386091587,22.76422764227642,159.6774193548387
6.3,0.32,0.26,12.3,0.044,24.0,205.0,0.99611,3.11,0.58,9.9,5,low,white,78.111,0.08065445327802742,11.707317073170733,157.14285714285717
6.9,0.44,0.27,5.0,0.038,33.0,166.0,0.99124,3.2,0.42,12.2,6,medium,white,96.25800000000001,0.07168235367449978,19.879518072289155,176.81159420289853
6.1,0.31,0.34,2.8,0.042,59.5,162.0,0.99179,3.27,0.47,10.8,6,medium,white,85.212,0.0715861615734873,36.7283950617284,177.04918032786887
8.1,0.36,0.59,13.6,0.051,60.0,134.0,0.99886,2.96,0.39,8.7,5,low,white,68.643,0.11800183558410908,44.776119402985074,107.40740740740739
6.6,0.38,0.28,2.8,0.043,17.0,67.0,0.98924,3.21,0.47,13.2,6,medium,white,104.14800000000001,0.06337135614702154,25.37313432835821,200.0
6.7,0.24,0.26,5.4,0.03,15.0,94.0,0.99045,3.15,0.38,12.7,6,medium,white,100.203,0.06686426554095187,15.957446808510639,189.55223880597015
6.9,0.56,0.26,10.9,0.06,55.0,193.0,0.9969,3.21,0.44,9.4,5,low,white,74.166,0.09303454413073377,28.497409326424872,136.23188405797103
7.2,0.24,0.24,1.7,0.045,18.0,161.0,0.99196,3.25,0.53,11.2,6,medium,white,88.36800000000001,0.08147745790331341,11.180124223602485,155.55555555555554
6.5,0.29,0.3,9.15,0.051,25.0,166.0,0.99339,3.24,0.56,11.3333333333333,6,medium,white,89.41999999999975,0.0726906732274661,15.060240963855422,174.35897435897385
6.7,0.28,0.28,4.5,0.051,14.0,92.0,0.99224,3.36,0.58,11.9,6,medium,white,93.891,0.07135934221597384,15.217391304347828,177.61194029850748
6.5,0.29,0.3,9.15,0.051,25.0,166.0,0.99339,3.24,0.56,11.35,6,medium,white,89.5515,0.07258393215077358,15.060240963855422,174.6153846153846
6.1,0.21,0.19,1.4,0.046,51.0,131.0,0.99184,3.22,0.39,10.5,5,low,white,82.845,0.07363148047558693,38.93129770992366,172.13114754098362
7.2,0.47,0.16,5.9,0.048,14.0,125.0,0.99428,3.09,0.49,9.8,5,low,white,77.322,0.0931170947466439,11.200000000000001,136.11111111111111
6.7,0.34,0.31,16.4,0.051,20.0,146.0,0.99834,3.06,0.54,9.1,5,low,white,71.799,0.09331606289781194,13.698630136986301,135.82089552238804
6.6,0.27,0.25,1.2,0.033,36.0,111.0,0.98918,3.16,0.37,12.4,6,medium,white,97.836,0.06745983073715196,32.432432432432435,187.87878787878788
6.7,0.34,0.31,16.4,0.051,20.0,146.0,0.99834,3.06,0.54,9.1,5,low,white,71.799,0.09331606289781194,13.698630136986301,135.82089552238804
7.2,0.47,0.16,5.9,0.048,14.0,125.0,0.99428,3.09,0.49,9.8,5,low,white,77.322,0.0931170947466439,11.200000000000001,136.11111111111111
5.0,0.35,0.25,7.8,0.031,24.0,116.0,0.99241,3.39,0.4,11.3,6,medium,white,89.15700000000001,0.05608084614780667,20.689655172413794,226.00000000000003
5.0,0.35,0.25,7.8,0.031,24.0,116.0,0.99241,3.39,0.4,11.3,6,medium,white,89.15700000000001,0.05608084614780667,20.689655172413794,226.00000000000003
4.4,0.46,0.1,2.8,0.024,31.0,111.0,0.98816,3.48,0.34,13.1,6,medium,white,103.35900000000001,0.042570071304869436,27.927927927927925,297.7272727272727
6.6,0.38,0.29,2.9,0.035,15.0,101.0,0.98916,3.04,0.37,12.5,6,medium,white,98.625,0.06692015209125475,14.85148514851485,189.3939393939394
7.3,0.3,0.25,2.5,0.045,32.0,122.0,0.99329,3.18,0.54,10.3,5,low,white,81.26700000000001,0.08982735919869073,26.229508196721312,141.0958904109589
6.4,0.28,0.22,12.8,0.039,51.0,150.0,0.99535,3.23,0.43,10.7,6,medium,white,84.423,0.07580872511045568,34.0,167.18749999999997
6.9,0.29,0.25,12.2,0.04,29.0,136.0,0.99552,3.05,0.65,10.4,6,medium,white,82.056,0.08408891488739398,21.323529411764707,150.72463768115944
6.3,0.3,0.19,7.7,0.049,47.0,184.0,0.99514,3.22,0.48,9.5,5,low,white,74.955,0.0840504302581549,25.543478260869566,150.79365079365078
6.3,0.39,0.22,2.8,0.048,53.0,173.0,0.99304,3.24,0.45,9.8,5,low,white,77.322,0.08147745790331341,30.63583815028902,155.55555555555557
6.6,0.38,0.29,2.9,0.035,15.0,101.0,0.98916,3.04,0.37,12.5,6,medium,white,98.625,0.06692015209125475,14.85148514851485,189.3939393939394
6.6,0.18,0.26,17.3,0.051,17.0,149.0,0.9984,3.0,0.43,9.4,6,medium,white,74.166,0.08898956395113664,11.409395973154362,142.42424242424244
6.0,0.28,0.29,19.3,0.051,36.0,174.0,0.99911,3.14,0.5,9.0,5,low,white,71.01,0.08449514152936205,20.689655172413794,150.0
6.0,0.28,0.29,19.3,0.051,36.0,174.0,0.99911,3.14,0.5,9.0,5,low,white,71.01,0.08449514152936205,20.689655172413794,150.0
6.0,0.28,0.29,19.3,0.051,36.0,174.0,0.99911,3.14,0.5,9.0,5,low,white,71.01,0.08449514152936205,20.689655172413794,150.0
6.6,0.35,0.26,2.7,0.045,19.0,129.0,0.98952,3.24,0.48,13.0,7,medium,white,102.57000000000001,0.06434630008774495,14.728682170542637,196.96969696969697
5.9,0.22,0.18,6.4,0.041,28.0,120.0,0.99403,3.27,0.5,9.9,5,low,white,78.111,0.07553353560958123,23.333333333333332,167.79661016949152
6.6,0.18,0.26,17.3,0.051,17.0,149.0,0.9984,3.0,0.43,9.4,6,medium,white,74.166,0.08898956395113664,11.409395973154362,142.42424242424244
7.7,0.28,0.24,2.4,0.044,29.0,157.0,0.99312,3.27,0.56,10.6,6,medium,white,83.634,0.09206781930793696,18.471337579617835,137.66233766233768
7.1,0.42,0.2,2.8,0.038,28.0,109.0,0.98968,3.23,0.47,13.4,6,medium,white,105.726,0.06715472069311239,25.688073394495415,188.73239436619718
6.7,0.32,0.32,1.7,0.031,31.0,114.0,0.98946,3.12,0.35,12.5,6,medium,white,98.625,0.0679340937896071,27.192982456140353,186.56716417910448
6.6,0.26,0.56,15.4,0.053,32.0,141.0,0.9981,3.11,0.49,9.3,5,low,white,73.37700000000001,0.08994644098286927,22.69503546099291,140.9090909090909
6.6,0.26,0.56,15.4,0.053,32.0,141.0,0.9981,3.11,0.49,9.3,5,low,white,73.37700000000001,0.08994644098286927,22.69503546099291,140.9090909090909
6.2,0.32,0.24,4.1,0.051,34.0,149.0,0.99306,3.36,0.52,11.0,5,low,white,86.79,0.07143680147482429,22.818791946308725,177.41935483870967
6.3,0.25,0.27,6.6,0.054,40.0,158.0,0.99378,3.2,0.48,10.3,5,low,white,81.26700000000001,0.07752224150023994,25.31645569620253,163.49206349206352
6.2,0.21,0.24,1.2,0.051,31.0,95.0,0.99036,3.24,0.57,11.3,6,medium,white,89.15700000000001,0.06954024922328027,32.631578947368425,182.25806451612905
6.4,0.23,0.27,2.1,0.042,35.0,100.0,0.99094,3.03,0.63,10.9,6,medium,white,86.001,0.07441773932861245,35.0,170.3125
4.7,0.145,0.29,1.0,0.042,35.0,90.0,0.9908,3.76,0.49,11.3,6,medium,white,89.15700000000001,0.05271599537893827,38.88888888888889,240.4255319148936
6.2,0.2,0.28,1.1,0.039,24.0,78.0,0.9899,3.36,0.47,12.1,6,medium,white,95.46900000000001,0.0649425467952948,30.76923076923077,195.16129032258064
7.0,0.28,0.28,1.4,0.039,12.0,83.0,0.99173,3.18,0.65,11.1,5,low,white,87.57900000000001,0.07992783658182898,14.457831325301203,158.57142857142856
7.1,0.36,0.2,1.6,0.271,24.0,140.0,0.99356,3.11,0.63,9.8,5,low,white,77.322,0.09182380176405162,17.142857142857142,138.0281690140845
5.7,0.25,0.22,9.8,0.049,50.0,125.0,0.99571,3.2,0.45,10.1,6,medium,white,79.68900000000001,0.07152806535406392,40.0,177.19298245614036
5.7,0.22,0.33,1.9,0.036,37.0,110.0,0.98945,3.26,0.58,12.4,6,medium,white,97.836,0.05826076290935852,33.63636363636363,217.54385964912282
6.0,0.2,0.38,1.3,0.034,37.0,104.0,0.98865,3.11,0.52,12.7,6,medium,white,100.203,0.05987844675309122,35.57692307692308,211.66666666666666
6.4,0.32,0.26,7.9,0.05,53.0,180.0,0.99514,3.14,0.5,9.6,5,low,white,75.744,0.08449514152936206,29.444444444444446,149.99999999999997
6.4,0.32,0.26,7.9,0.05,53.0,180.0,0.99514,3.14,0.5,9.6,5,low,white,75.744,0.08449514152936206,29.444444444444446,149.99999999999997
6.0,0.555,0.26,4.5,0.053,17.0,126.0,0.9943,3.24,0.46,9.1,5,low,white,71.799,0.08356662349057785,13.492063492063492,151.66666666666666
5.9,0.22,0.45,22.6,0.12,55.0,122.0,0.99636,3.1,0.35,12.8,5,low,white,100.992,0.05842046894803549,45.08196721311475,216.94915254237287
6.4,0.32,0.26,7.9,0.05,53.0,180.0,0.99514,3.14,0.5,9.6,5,low,white,75.744,0.08449514152936206,29.444444444444446,149.99999999999997
6.2,0.3,0.33,3.5,0.037,37.0,155.0,0.98987,3.18,0.37,12.4,6,medium,white,97.836,0.06337135614702155,23.870967741935484,200.0
5.8,0.28,0.18,1.2,0.058,7.0,108.0,0.99288,3.23,0.58,9.55,4,low,white,75.3495,0.07697463155030888,6.481481481481481,164.65517241379314
5.8,0.555,0.26,4.5,0.053,17.0,126.0,0.9943,3.24,0.46,9.1,5,low,white,71.799,0.08078106937422526,13.492063492063492,156.89655172413794
6.7,0.31,0.33,2.0,0.033,12.0,74.0,0.99064,3.29,0.65,12.5,6,medium,white,98.625,0.0679340937896071,16.216216216216218,186.56716417910448
6.4,0.15,0.25,7.8,0.05,13.0,68.0,0.99394,3.16,0.4,9.9,6,medium,white,78.111,0.08193468269513897,19.11764705882353,154.6875
6.4,0.13,0.28,0.9,0.045,32.0,87.0,0.99175,3.47,0.52,11.2,6,medium,white,88.36800000000001,0.07242440702516748,36.7816091954023,174.99999999999997
6.7,0.48,0.49,2.9,0.03,28.0,122.0,0.98926,3.13,0.4,13.0,6,medium,white,102.57000000000001,0.06532124402846835,22.950819672131146,194.02985074626866
6.7,0.48,0.49,2.9,0.03,28.0,122.0,0.98926,3.13,0.4,13.0,6,medium,white,102.57000000000001,0.06532124402846835,22.950819672131146,194.02985074626866
5.8,0.3,0.33,3.5,0.033,25.0,116.0,0.99057,3.2,0.44,11.7,6,medium,white,92.313,0.06282972062439743,21.551724137931032,201.72413793103448
6.1,0.28,0.23,4.2,0.038,13.0,95.0,0.98898,2.97,0.7,13.1,6,medium,white,103.35900000000001,0.059017598854478076,13.684210526315791,214.75409836065575
6.0,0.19,0.37,9.7,0.032,17.0,50.0,0.9932,3.08,0.66,12.0,6,medium,white,94.68,0.06337135614702154,34.0,200.0
6.8,0.31,0.25,10.5,0.043,30.0,165.0,0.9972,3.36,0.55,10.55,6,medium,white,83.2395,0.08169198517530739,18.181818181818183,155.14705882352942
7.5,0.24,0.29,1.1,0.046,34.0,84.0,0.9902,3.04,0.39,11.45,6,medium,white,90.3405,0.08301924386072691,40.476190476190474,152.66666666666666
6.8,0.23,0.39,16.1,0.053,71.0,194.0,0.9988,3.18,0.64,10.2,6,medium,white,80.47800000000001,0.08449514152936205,36.597938144329895,150.0
7.5,0.24,0.29,1.1,0.046,34.0,84.0,0.9902,3.04,0.39,11.45,6,medium,white,90.3405,0.08301924386072691,40.476190476190474,152.66666666666666
6.3,0.29,0.3,8.1,0.212,60.0,150.0,0.9958,3.1,0.4,9.3,5,low,white,73.37700000000001,0.08585796639273885,40.0,147.61904761904762
6.8,0.2,0.25,6.2,0.052,22.0,106.0,0.9935,3.09,0.54,10.8,5,low,white,85.212,0.07980096699995305,20.754716981132077,158.82352941176472
5.2,0.38,0.26,7.7,0.053,20.0,103.0,0.9925,3.27,0.45,12.2,6,medium,white,96.25800000000001,0.054021483928608525,19.41747572815534,234.61538461538458
7.8,0.27,0.33,2.4,0.053,36.0,175.0,0.992,3.2,0.55,11.0,6,medium,white,86.79,0.08987210508123054,20.57142857142857,141.02564102564102
6.6,0.54,0.21,16.3,0.055,41.0,182.0,0.9986,3.35,0.54,10.4,6,medium,white,82.056,0.0804328751096812,22.52747252747253,157.5757575757576
7.1,0.25,0.31,2.3,0.05,32.0,156.0,0.9914,3.14,0.51,11.4,6,medium,white,89.946,0.07893625063927245,20.51282051282051,160.56338028169014
5.8,0.61,0.01,8.4,0.041,31.0,104.0,0.9909,3.26,0.72,14.05,7,medium,white,110.8545,0.052320834968359424,29.807692307692307,242.24137931034483
6.5,0.32,0.23,8.5,0.051,20.0,138.0,0.9943,3.03,0.42,10.7,5,low,white,84.423,0.07699323644030655,14.492753623188406,164.6153846153846
6.4,0.28,0.23,6.0,0.051,50.0,162.0,0.994,3.15,0.52,10.2,5,low,white,80.47800000000001,0.07952483908645841,30.864197530864196,159.37499999999997
6.6,0.19,0.28,1.1,0.044,38.0,100.0,0.9904,3.22,0.69,11.2,6,medium,white,88.36800000000001,0.07468766974470395,38.0,169.6969696969697
5.1,0.305,0.13,1.75,0.036,17.0,73.0,0.99,3.4,0.51,12.3333333333333,5,low,white,97.30999999999975,0.052409824272942274,23.28767123287671,241.8300653594765
5.8,0.26,0.3,2.6,0.034,75.0,129.0,0.9902,3.2,0.38,11.5,4,low,white,90.735,0.06392241141786521,58.139534883720934,198.27586206896552
6.7,0.23,0.17,1.3,0.061,14.0,100.0,0.9925,3.07,0.55,9.5,5,low,white,74.955,0.08938696551264093,14.000000000000002,141.79104477611938
6.8,0.33,0.3,2.1,0.047,35.0,147.0,0.9886,3.24,0.56,13.4,6,medium,white,105.726,0.06431719728354425,23.809523809523807,197.05882352941177
6.1,0.27,0.32,1.1,0.034,24.0,110.0,0.9898,3.36,0.4,12.5,6,medium,white,98.625,0.06185044359949302,21.818181818181817,204.91803278688528
6.1,0.27,0.32,1.1,0.034,24.0,110.0,0.9898,3.36,0.4,12.5,6,medium,white,98.625,0.06185044359949302,21.818181818181817,204.91803278688528
6.8,0.4,0.29,2.8,0.044,27.0,97.0,0.9904,3.12,0.42,11.2,6,medium,white,88.36800000000001,0.07695093246424044,27.835051546391753,164.70588235294116
6.1,0.4,0.18,9.0,0.051,28.5,259.0,0.9964,3.19,0.5,8.8,5,low,white,69.432,0.08785574374927986,11.003861003861005,144.26229508196724
7.1,0.28,0.26,2.8,0.039,50.0,118.0,0.9908,3.06,0.59,11.2,6,medium,white,88.36800000000001,0.08034582654354516,42.3728813559322,157.74647887323943
6.2,0.32,0.32,2.2,0.036,15.0,70.0,0.9899,3.16,0.48,12.7,6,medium,white,100.203,0.06187439497819427,21.428571428571427,204.83870967741936
6.8,0.17,0.17,5.1,0.049,26.0,82.0,0.993,3.0,0.38,9.8,6,medium,white,77.322,0.08794392281627479,31.70731707317073,144.11764705882354
9.0,0.2,0.33,3.5,0.049,10.0,40.0,0.9944,3.14,0.36,9.8,6,medium,white,77.322,0.11639636843330488,25.0,108.8888888888889
5.8,0.13,0.22,12.7,0.058,24.0,183.0,0.9956,3.32,0.42,11.7,6,medium,white,92.313,0.06282972062439743,13.114754098360656,201.72413793103448
5.8,0.31,0.31,7.5,0.052,55.0,230.0,0.9949,3.19,0.46,9.8,5,low,white,77.322,0.07501099299035204,23.91304347826087,168.96551724137933
6.3,0.36,0.2,2.0,0.048,48.0,191.0,0.9929,3.17,0.51,9.6,5,low,white,75.744,0.08317490494296578,25.13089005235602,152.38095238095238
9.0,0.2,0.33,3.5,0.049,10.0,40.0,0.9944,3.14,0.36,9.8,6,medium,white,77.322,0.11639636843330488,25.0,108.8888888888889
6.7,0.18,0.25,14.3,0.048,79.0,149.0,0.9975,3.12,0.37,9.7,5,low,white,76.533,0.08754393529588543,53.02013422818792,144.77611940298507
6.6,0.16,0.25,9.8,0.049,59.5,137.0,0.995,3.16,0.38,10.0,6,medium,white,78.9,0.08365019011406843,43.43065693430657,151.5151515151515
5.8,0.13,0.22,12.7,0.058,24.0,183.0,0.9956,3.32,0.42,11.7,6,medium,white,92.313,0.06282972062439743,13.114754098360656,201.72413793103448
5.8,0.27,0.22,12.7,0.058,42.0,206.0,0.9946,3.32,0.38,12.3,6,medium,white,97.04700000000001,0.05976485620369511,20.388349514563107,212.06896551724142
6.8,0.17,0.17,5.1,0.049,26.0,82.0,0.993,3.0,0.38,9.8,6,medium,white,77.322,0.08794392281627479,31.70731707317073,144.11764705882354
6.4,0.37,0.19,3.5,0.068,18.0,101.0,0.9934,3.03,0.38,9.0,6,medium,white,71.01,0.09012815096465286,17.82178217821782,140.625
7.3,0.26,0.53,12.7,0.047,60.5,164.5,0.9984,3.06,0.45,9.1,6,medium,white,71.799,0.10167272524686972,36.77811550151976,124.65753424657532
7.3,0.28,0.54,12.9,0.049,62.0,162.5,0.9984,3.06,0.45,9.1,6,medium,white,71.799,0.10167272524686972,38.15384615384615,124.65753424657532
7.3,0.28,0.54,12.9,0.049,62.0,162.5,0.9984,3.06,0.45,9.1,6,medium,white,71.799,0.10167272524686972,38.15384615384615,124.65753424657532
5.8,0.12,0.21,1.3,0.056,35.0,121.0,0.9908,3.32,0.33,11.4,6,medium,white,89.946,0.06448313432503947,28.92561983471074,196.55172413793105
6.1,0.25,0.18,10.5,0.049,41.0,124.0,0.9963,3.14,0.35,10.5,5,low,white,82.845,0.07363148047558693,33.064516129032256,172.13114754098362
6.4,0.24,0.27,1.5,0.04,35.0,105.0,0.98914,3.13,0.3,12.4,6,medium,white,97.836,0.06541559344208676,33.33333333333333,193.75
7.3,0.26,0.53,12.7,0.047,60.5,156.0,0.9984,3.06,0.45,9.1,6,medium,white,71.799,0.10167272524686972,38.782051282051285,124.65753424657532
7.3,0.28,0.54,12.9,0.049,62.0,152.0,0.9984,3.06,0.45,9.1,6,medium,white,71.799,0.10167272524686972,40.78947368421053,124.65753424657532
8.3,0.18,0.37,1.2,0.049,6.0,94.0,0.9937,3.18,0.52,10.1,5,low,white,79.68900000000001,0.10415490218223343,6.382978723404255,121.68674698795179
7.1,0.09,0.3,6.2,0.032,24.0,134.0,0.993,2.99,0.39,10.9,6,medium,white,86.001,0.08255717956767944,17.91044776119403,153.5211267605634
8.3,0.14,0.36,8.8,0.026,13.0,60.0,0.9956,3.13,0.35,11.05,5,low,white,87.1845,0.09520040832946224,21.666666666666668,133.13253012048193
5.8,0.28,0.3,3.9,0.026,36.0,105.0,0.98963,3.26,0.58,12.75,6,medium,white,100.59750000000001,0.05765550833768234,34.285714285714285,219.82758620689657
6.0,0.23,0.34,1.3,0.025,23.0,111.0,0.98961,3.36,0.37,12.7,6,medium,white,100.203,0.05987844675309122,20.72072072072072,211.66666666666666
6.9,0.28,0.37,9.1,0.037,16.0,76.0,0.9948,3.05,0.54,11.1,5,low,white,87.57900000000001,0.0787860103449457,21.052631578947366,160.86956521739128
6.9,0.28,0.37,9.1,0.037,16.0,76.0,0.9948,3.05,0.54,11.1,5,low,white,87.57900000000001,0.0787860103449457,21.052631578947366,160.86956521739128
5.8,0.28,0.3,3.9,0.026,36.0,105.0,0.98963,3.26,0.58,12.75,6,medium,white,100.59750000000001,0.05765550833768234,34.285714285714285,219.82758620689657
6.3,0.25,0.53,1.8,0.021,41.0,101.0,0.989315,3.19,0.31,13.0,6,medium,white,102.57000000000001,0.06142146826557472,40.5940594059406,206.34920634920638
6.5,0.2,0.31,2.1,0.033,32.0,95.0,0.989435,2.96,0.61,12.0,6,medium,white,94.68,0.06865230249260668,33.68421052631579,184.6153846153846
5.9,0.29,0.32,1.4,0.022,17.0,47.0,0.9899,3.35,0.35,11.5,6,medium,white,90.735,0.06502452195955255,36.17021276595745,194.91525423728814
6.4,0.46,0.22,14.7,0.047,51.0,183.0,0.998275,3.39,0.6,10.5,5,low,white,82.845,0.07725270082684532,27.86885245901639,164.0625
6.9,0.28,0.37,9.1,0.037,16.0,76.0,0.9948,3.05,0.54,11.1,5,low,white,87.57900000000001,0.0787860103449457,21.052631578947366,160.86956521739128
6.8,0.23,0.33,1.9,0.047,20.0,101.0,0.9914,3.1,0.46,11.1,6,medium,white,87.57900000000001,0.07764418410806243,19.801980198019802,163.23529411764704
7.0,0.23,0.32,1.8,0.048,25.0,113.0,0.9915,3.11,0.47,11.1,6,medium,white,87.57900000000001,0.07992783658182898,22.123893805309734,158.57142857142856
6.4,0.55,0.26,9.6,0.027,20.0,104.0,0.9924,3.22,0.73,13.1,6,medium,white,103.35900000000001,0.06192010371617372,19.230769230769234,204.6875
5.7,0.28,0.3,3.9,0.026,36.0,105.0,0.98963,3.26,0.58,12.75,6,medium,white,100.59750000000001,0.05666144784910161,34.285714285714285,223.6842105263158
6.0,0.23,0.34,1.3,0.025,23.0,111.0,0.98961,3.36,0.37,12.7,6,medium,white,100.203,0.05987844675309122,20.72072072072072,211.66666666666666
6.8,0.45,0.3,11.8,0.094,23.0,97.0,0.997,3.09,0.44,9.6,5,low,white,75.744,0.08977608787494719,23.711340206185564,141.1764705882353
6.1,0.2,0.4,1.9,0.028,32.0,138.0,0.9914,3.26,0.72,11.7,5,low,white,92.313,0.06607953376014213,23.18840579710145,191.80327868852459
6.1,0.37,0.46,12.0,0.042,61.0,210.0,0.997,3.17,0.59,9.7,6,medium,white,76.533,0.0797041798962539,29.04761904761905,159.01639344262296
5.9,0.21,0.23,7.9,0.033,22.0,130.0,0.9944,3.38,0.59,10.9,6,medium,white,86.001,0.06860385344356461,16.923076923076923,184.74576271186442
6.9,0.22,0.32,9.3,0.04,22.0,110.0,0.9958,3.34,0.54,10.7,7,medium,white,84.423,0.08173128175971003,20.0,155.0724637681159
5.4,0.27,0.22,4.6,0.022,29.0,107.0,0.98889,3.33,0.54,13.8,6,medium,white,108.882,0.049594974375929905,27.102803738317753,255.55555555555554
6.0,0.26,0.26,2.2,0.035,10.0,72.0,0.989465,3.11,0.48,12.15,6,medium,white,95.8635,0.06258899372545337,13.88888888888889,202.5
5.6,0.18,0.3,10.2,0.028,28.0,131.0,0.9954,3.49,0.42,10.8,7,medium,white,85.212,0.06571844341172604,21.374045801526716,192.8571428571429
5.6,0.26,0.27,10.6,0.03,27.0,119.0,0.9947,3.4,0.34,10.7,7,medium,white,84.423,0.06633263447164872,22.689075630252102,191.07142857142858
7.0,0.23,0.35,1.4,0.036,31.0,113.0,0.9912,3.16,0.48,10.8,7,medium,white,85.212,0.08214805426465756,27.43362831858407,154.2857142857143
5.8,0.28,0.66,9.1,0.039,26.0,159.0,0.9965,3.66,0.55,10.8,5,low,white,85.212,0.06806553067643055,16.352201257861633,186.20689655172416
8.6,0.36,0.26,11.1,0.03,43.5,171.0,0.9948,3.03,0.49,12.0,5,low,white,94.68,0.09083227714406421,25.438596491228072,139.53488372093022
5.8,0.28,0.66,9.1,0.039,26.0,159.0,0.9965,3.66,0.55,10.8,5,low,white,85.212,0.06806553067643055,16.352201257861633,186.20689655172416
6.4,0.3,0.27,4.4,0.055,17.0,135.0,0.9925,3.23,0.44,12.2,6,medium,white,96.25800000000001,0.06648798021982588,12.592592592592592,190.62499999999997
6.2,0.2,0.32,2.8,0.05,17.0,126.0,0.9936,3.18,0.55,9.4,6,medium,white,74.166,0.08359625704500716,13.492063492063492,151.61290322580646
5.8,0.29,0.15,1.1,0.029,12.0,83.0,0.9898,3.3,0.4,11.4,6,medium,white,89.946,0.06448313432503947,14.457831325301203,196.55172413793105
5.7,0.22,0.28,1.3,0.027,26.0,101.0,0.98948,3.35,0.38,12.5,7,medium,white,98.625,0.057794676806083654,25.742574257425744,219.29824561403507
5.6,0.22,0.32,1.2,0.024,29.0,97.0,0.98823,3.2,0.46,13.05,7,medium,white,102.9645,0.05438767730625604,29.896907216494846,233.03571428571433
6.8,0.32,0.23,3.3,0.026,31.0,99.0,0.9896,3.1,0.4,12.4,6,medium,white,97.836,0.06950406803221718,31.313131313131315,182.3529411764706
6.2,0.2,0.26,9.7,0.03,39.0,102.0,0.9908,3.08,0.56,12.9,7,medium,white,101.781,0.060915102032795904,38.23529411764706,208.06451612903226
6.1,0.35,0.24,2.3,0.034,25.0,133.0,0.9906,3.34,0.59,12.0,7,medium,white,94.68,0.06442754541613856,18.796992481203006,196.72131147540986
5.9,0.3,0.29,1.1,0.036,23.0,56.0,0.9904,3.19,0.38,11.3,5,low,white,89.15700000000001,0.06617539845441188,41.07142857142857,191.52542372881356
6.3,0.15,0.34,11.4,0.05,25.0,96.0,0.99754,3.21,0.49,10.0,6,medium,white,78.9,0.07984790874524714,26.041666666666668,158.73015873015873
4.8,0.13,0.32,1.2,0.042,40.0,98.0,0.9898,3.42,0.64,11.8,7,medium,white,93.102,0.05155635754333956,40.816326530612244,245.83333333333334
6.0,0.2,0.26,14.7,0.045,53.0,125.0,0.998365,2.99,0.69,9.4,6,medium,white,74.166,0.0808996035919424,42.4,156.66666666666666
5.7,0.2,0.24,13.8,0.047,44.0,112.0,0.99837,2.97,0.66,8.8,6,medium,white,69.432,0.08209471137227792,39.285714285714285,154.3859649122807
6.0,0.27,0.26,1.3,0.038,32.0,138.0,0.99125,3.46,0.43,11.1,6,medium,white,87.57900000000001,0.06850957421299626,23.18840579710145,185.0
6.3,0.37,0.51,6.3,0.048,35.0,146.0,0.9943,3.1,1.01,10.5,6,medium,white,82.845,0.07604562737642585,23.972602739726025,166.66666666666669
6.4,0.23,0.37,7.9,0.05,60.0,150.0,0.99488,2.86,0.49,9.3,6,medium,white,73.37700000000001,0.08722079125611568,40.0,145.3125
5.9,0.34,0.25,2.0,0.042,12.0,110.0,0.99034,3.02,0.54,11.4,6,medium,white,89.946,0.06559491250305739,10.909090909090908,193.22033898305085
5.0,0.33,0.23,11.8,0.03,23.0,158.0,0.99322,3.41,0.64,11.8,6,medium,white,93.102,0.053704539107645374,14.556962025316455,236.00000000000003
5.4,0.29,0.38,1.2,0.029,31.0,132.0,0.98895,3.28,0.36,12.4,6,medium,white,97.836,0.05519440696676071,23.484848484848484,229.62962962962962
8.0,0.33,0.35,10.0,0.035,22.0,108.0,0.99457,3.12,0.36,11.6,6,medium,white,91.524,0.08740876709934006,20.37037037037037,145.0
6.4,0.3,0.33,5.2,0.05,30.0,137.0,0.99304,3.26,0.58,11.1,5,low,white,87.57900000000001,0.07307687916052935,21.897810218978105,173.43749999999997
5.4,0.29,0.38,1.2,0.029,31.0,132.0,0.98895,3.28,0.36,12.4,6,medium,white,97.836,0.05519440696676071,23.484848484848484,229.62962962962962
6.4,0.33,0.3,7.2,0.041,42.0,168.0,0.99331,3.22,0.49,11.1,6,medium,white,87.57900000000001,0.07307687916052935,25.0,173.43749999999997
7.0,0.33,0.78,9.9,0.042,21.0,251.0,0.99435,3.01,0.55,11.0,6,medium,white,86.79,0.08065445327802742,8.366533864541832,157.14285714285714
6.7,0.45,0.3,5.3,0.036,27.0,165.0,0.99122,3.12,0.46,12.2,6,medium,white,96.25800000000001,0.06960460429263021,16.363636363636363,182.08955223880596
6.5,0.36,0.31,13.55,0.053,20.0,113.0,0.99544,3.2,0.56,11.0,6,medium,white,86.79,0.07489342090102546,17.699115044247787,169.23076923076923
5.8,0.42,0.3,2.2,0.035,26.0,129.0,0.989,3.32,0.47,12.9,6,medium,white,101.781,0.05698509545003488,20.155038759689923,222.4137931034483
7.1,0.39,0.3,9.9,0.037,29.0,124.0,0.99414,3.07,0.42,10.9,6,medium,white,86.001,0.08255717956767944,23.387096774193548,153.5211267605634
6.7,0.53,0.29,4.3,0.069,20.0,114.0,0.99014,3.22,0.59,13.4,6,medium,white,105.726,0.06337135614702155,17.543859649122805,200.0
6.7,0.66,0.0,13.0,0.033,32.0,75.0,0.99551,3.15,0.5,10.7,6,medium,white,84.423,0.0793622591000083,42.66666666666667,159.7014925373134
6.5,0.36,0.31,13.55,0.053,20.0,113.0,0.99544,3.2,0.56,11.0,6,medium,white,86.79,0.07489342090102546,17.699115044247787,169.23076923076923
6.5,0.16,0.33,1.0,0.027,23.0,75.0,0.9908,3.3,0.39,11.4,7,medium,white,89.946,0.07226558157116492,30.666666666666664,175.3846153846154
8.3,0.22,0.34,1.1,0.043,20.0,116.0,0.9927,3.0,0.47,10.2,6,medium,white,80.47800000000001,0.10313377569025076,17.24137931034483,122.89156626506022
6.9,0.23,0.35,6.9,0.03,45.0,116.0,0.99244,2.8,0.54,11.0,6,medium,white,86.79,0.07950224680262703,38.793103448275865,159.42028985507247
6.4,0.17,0.34,13.4,0.044,45.0,139.0,0.99752,3.06,0.43,9.1,6,medium,white,71.799,0.08913773172328306,32.37410071942446,142.18749999999997
5.0,0.33,0.18,4.6,0.032,40.0,124.0,0.99114,3.18,0.4,11.0,6,medium,white,86.79,0.05761032377001958,32.25806451612903,220.00000000000003
6.8,0.38,0.29,9.9,0.037,40.0,146.0,0.99326,3.11,0.37,11.5,6,medium,white,90.735,0.07494351683473852,27.397260273972602,169.11764705882354
6.5,0.29,0.32,3.0,0.036,38.0,93.0,0.9906,3.16,0.59,12.0,6,medium,white,94.68,0.06865230249260668,40.86021505376344,184.6153846153846
6.9,0.29,0.32,5.8,0.04,16.0,112.0,0.993,3.04,0.58,11.2,5,low,white,88.36800000000001,0.07808256382400869,14.285714285714285,162.31884057971013
6.6,0.28,0.3,12.9,0.033,31.0,177.0,0.99479,3.12,0.39,11.2,6,medium,white,88.36800000000001,0.07468766974470395,17.51412429378531,169.6969696969697
6.2,0.36,0.27,3.2,0.032,13.0,73.0,0.98942,2.9,0.69,12.6,7,medium,white,99.414,0.062365461605005335,17.80821917808219,203.2258064516129
6.0,0.615,0.04,0.8,0.032,8.0,50.0,0.99036,3.14,0.4,11.0,4,low,white,86.79,0.0691323885240235,16.0,183.33333333333331
5.9,0.44,0.36,2.5,0.03,12.0,73.0,0.99201,3.22,0.48,10.8,6,medium,white,85.212,0.0692390743087828,16.43835616438356,183.05084745762713
5.9,0.42,0.36,2.4,0.034,19.0,77.0,0.99184,3.25,0.48,10.9,5,low,white,86.001,0.06860385344356461,24.675324675324674,184.74576271186442
5.8,0.34,0.21,7.2,0.041,48.0,146.0,0.99441,3.16,0.49,9.8,5,low,white,77.322,0.07501099299035204,32.87671232876712,168.96551724137933
5.8,0.27,0.2,7.3,0.04,42.0,145.0,0.99442,3.15,0.48,9.8,5,low,white,77.322,0.07501099299035204,28.965517241379313,168.96551724137933
7.1,0.33,0.18,6.3,0.094,27.0,166.0,0.99474,2.9,0.49,9.5,5,low,white,74.955,0.09472350076712693,16.265060240963855,133.80281690140845
6.1,0.44,0.28,4.25,0.032,43.0,132.0,0.9916,3.26,0.47,11.2666666666667,7,medium,white,88.89400000000026,0.06862105428937816,32.57575757575758,184.6994535519131
7.3,0.28,0.37,1.2,0.039,26.0,99.0,0.99198,3.01,0.62,10.8,5,low,white,85.212,0.0856686851617143,26.262626262626267,147.94520547945206
5.2,0.5,0.18,2.0,0.036,23.0,129.0,0.98949,3.36,0.77,13.4,7,medium,white,105.726,0.049183739099180904,17.829457364341085,257.69230769230774
6.1,0.44,0.28,4.25,0.032,43.0,132.0,0.9916,3.26,0.47,11.3,7,medium,white,89.15700000000001,0.06841863230032413,32.57575757575758,185.24590163934428
6.4,0.62,0.12,4.7,0.06,33.0,196.0,0.99556,3.22,0.48,8.9,5,low,white,70.221,0.09114082681818829,16.83673469387755,139.0625
6.4,0.38,0.19,4.5,0.038,36.0,119.0,0.99151,3.07,0.42,11.2,6,medium,white,88.36800000000001,0.07242440702516748,30.252100840336134,174.99999999999997
7.5,0.305,0.38,1.4,0.047,30.0,95.0,0.99158,3.22,0.52,11.5,7,medium,white,90.735,0.08265829062654985,31.57894736842105,153.33333333333334
6.5,0.5,0.22,4.1,0.036,35.0,131.0,0.9902,3.26,0.55,13.0,7,medium,white,102.57000000000001,0.06337135614702154,26.717557251908396,200.0
6.6,0.4,0.3,5.3,0.038,20.0,125.0,0.99204,3.36,0.73,12.6,6,medium,white,99.414,0.06638903977307019,16.0,190.9090909090909
6.4,0.4,0.25,4.2,0.032,15.0,91.0,0.98988,3.26,0.52,13.1,6,medium,white,103.35900000000001,0.06192010371617372,16.483516483516482,204.6875
8.3,0.49,0.23,6.65,0.034,6.0,158.0,0.99344,3.05,0.48,11.2,5,low,white,88.36800000000001,0.09392540286076408,3.79746835443038,134.93975903614458
6.3,0.3,0.91,8.2,0.034,50.0,199.0,0.99394,3.39,0.49,11.7,6,medium,white,92.313,0.06824607585063859,25.125628140703515,185.7142857142857
6.1,0.19,0.37,2.6,0.041,24.0,99.0,0.99153,3.18,0.5,10.9,6,medium,white,86.001,0.07092940779758374,24.242424242424242,178.68852459016395
6.1,0.19,0.37,2.6,0.041,24.0,99.0,0.99153,3.18,0.5,10.9,6,medium,white,86.001,0.07092940779758374,24.242424242424242,178.68852459016395
5.6,0.24,0.34,2.0,0.041,14.0,73.0,0.98981,3.04,0.45,11.6,7,medium,white,91.524,0.06118613696953804,19.17808219178082,207.14285714285717
5.7,0.25,0.32,12.2,0.041,43.0,127.0,0.99524,3.23,0.53,10.4,7,medium,white,82.056,0.06946475577654285,33.85826771653544,182.45614035087718
6.6,0.21,0.39,2.3,0.041,31.0,102.0,0.99221,3.22,0.58,10.9,7,medium,white,86.001,0.0767432936826316,30.392156862745097,165.15151515151516
6.3,0.3,0.91,8.2,0.034,50.0,199.0,0.99394,3.39,0.49,11.7,6,medium,white,92.313,0.06824607585063859,25.125628140703515,185.7142857142857
6.2,0.28,0.41,5.0,0.043,50.0,188.0,0.99318,3.23,0.64,10.8,6,medium,white,85.212,0.07275970520583955,26.595744680851062,174.19354838709677
5.8,0.29,0.38,10.7,0.038,49.0,136.0,0.99366,3.11,0.59,11.2,6,medium,white,88.36800000000001,0.06563461886655803,36.029411764705884,193.10344827586206
5.8,0.345,0.15,10.8,0.033,26.0,120.0,0.99494,3.25,0.49,10.0,6,medium,white,78.9,0.07351077313054499,21.666666666666668,172.41379310344828
6.5,0.51,0.25,1.7,0.048,39.0,177.0,0.99212,3.28,0.57,10.5666666666667,5,low,white,83.37100000000027,0.07796475992851207,22.033898305084744,162.56410256410308
6.0,0.24,0.41,1.3,0.036,42.0,118.0,0.99018,3.04,0.64,11.7333333333333,6,medium,white,92.57599999999974,0.06481161424127221,35.59322033898305,195.555555555555
6.5,0.51,0.25,1.7,0.048,39.0,177.0,0.99212,3.28,0.57,10.6,5,low,white,83.634,0.07771958772747925,22.033898305084744,163.07692307692307
6.9,0.54,0.26,12.7,0.049,59.0,195.0,0.99596,3.26,0.54,10.5,6,medium,white,82.845,0.08328806807894261,30.256410256410255,152.17391304347825
6.0,0.24,0.41,1.3,0.036,42.0,118.0,0.99018,3.04,0.64,11.75,6,medium,white,92.70750000000001,0.06471968287355391,35.59322033898305,195.83333333333331
6.6,0.26,0.36,1.2,0.035,43.0,126.0,0.99094,3.01,0.63,11.4,6,medium,white,89.946,0.07337735974918284,34.12698412698413,172.72727272727275
5.7,0.24,0.3,1.3,0.03,25.0,98.0,0.98968,3.37,0.43,12.4,7,medium,white,97.836,0.05826076290935852,25.510204081632654,217.54385964912282
6.5,0.21,0.35,5.7,0.043,47.0,197.0,0.99392,3.24,0.5,10.1,6,medium,white,79.68900000000001,0.08156709207042377,23.85786802030457,155.3846153846154
6.8,0.29,0.22,3.4,0.035,40.0,122.0,0.99024,3.09,0.47,12.3,6,medium,white,97.04700000000001,0.07006914175605633,32.78688524590164,180.8823529411765
5.0,0.24,0.34,1.1,0.034,49.0,158.0,0.98774,3.32,0.32,13.1,7,medium,white,103.35900000000001,0.04837508102826072,31.0126582278481,262.0
5.9,0.18,0.28,1.0,0.037,24.0,88.0,0.99094,3.29,0.55,10.65,7,medium,white,84.02850000000001,0.07021427253848396,27.27272727272727,180.50847457627117
5.8,0.26,0.29,1.0,0.042,35.0,101.0,0.99044,3.36,0.48,11.4,7,medium,white,89.946,0.06448313432503947,34.65346534653465,196.55172413793105
6.7,0.61,0.21,1.65,0.117,40.0,240.0,0.9938,3.11,0.57,9.3,5,low,white,73.37700000000001,0.09130926584624609,16.666666666666664,138.80597014925374
5.7,0.695,0.06,6.8,0.042,9.0,84.0,0.99432,3.44,0.44,10.2,5,low,white,80.47800000000001,0.07082680981137701,10.714285714285714,178.9473684210526
5.6,0.695,0.06,6.8,0.042,9.0,84.0,0.99432,3.44,0.44,10.2,5,low,white,80.47800000000001,0.0695842342006511,10.714285714285714,182.14285714285714
5.7,0.39,0.25,4.9,0.033,49.0,113.0,0.98966,3.26,0.58,13.1,7,medium,white,103.35900000000001,0.05514759237221722,43.36283185840708,229.82456140350877
6.1,0.38,0.47,1.4,0.051,59.0,210.0,0.99309,3.24,0.5,9.6,5,low,white,75.744,0.0805344317701732,28.095238095238095,157.37704918032787
6.3,0.36,0.28,2.5,0.035,18.0,73.0,0.98868,3.1,0.47,12.8,7,medium,white,100.992,0.06238117870722433,24.65753424657534,203.17460317460322
6.0,0.29,0.41,10.8,0.048,55.0,149.0,0.9937,3.09,0.59,10.9666666666667,7,medium,white,86.52700000000027,0.06934251736452184,36.91275167785235,182.77777777777834
6.0,0.29,0.41,10.8,0.048,55.0,149.0,0.9937,3.09,0.59,10.9666666666667,7,medium,white,86.52700000000027,0.06934251736452184,36.91275167785235,182.77777777777834
6.0,0.29,0.41,10.8,0.048,55.0,149.0,0.9937,3.09,0.59,10.9666666666667,7,medium,white,86.52700000000027,0.06934251736452184,36.91275167785235,182.77777777777834
6.0,0.29,0.41,10.8,0.048,55.0,149.0,0.9937,3.09,0.59,11.0,7,medium,white,86.79,0.0691323885240235,36.91275167785235,183.33333333333331
7.1,0.43,0.25,2.8,0.036,43.0,132.0,0.98975,3.21,0.47,13.4,6,medium,white,105.726,0.06715472069311239,32.57575757575758,188.73239436619718
6.6,0.25,0.25,1.3,0.04,28.0,85.0,0.98984,2.87,0.48,11.2,6,medium,white,88.36800000000001,0.07468766974470395,32.94117647058823,169.6969696969697
6.6,0.33,0.41,2.0,0.027,14.0,79.0,0.99063,3.27,0.63,12.4,6,medium,white,97.836,0.06745983073715196,17.72151898734177,187.87878787878788
8.0,0.23,0.41,1.1,0.048,35.0,150.0,0.99168,3.09,0.47,11.2,5,low,white,88.36800000000001,0.09053050878145934,23.333333333333332,140.0
7.3,0.17,0.36,8.2,0.028,44.0,111.0,0.99272,3.14,0.41,12.4,6,medium,white,97.836,0.0746146612698802,39.63963963963964,169.86301369863014
6.0,0.17,0.33,6.0,0.036,30.0,111.0,0.99362,3.32,0.58,10.1333333333333,7,medium,white,79.95199999999974,0.07504502701620996,27.027027027027028,168.88888888888835
6.1,0.16,0.34,6.1,0.034,31.0,114.0,0.99365,3.32,0.58,10.1333333333333,7,medium,white,79.95199999999974,0.07629577746648013,27.192982456140353,166.12021857923446
7.3,0.17,0.36,8.2,0.028,44.0,111.0,0.99272,3.14,0.41,12.4,6,medium,white,97.836,0.0746146612698802,39.63963963963964,169.86301369863014
6.4,0.31,0.53,8.8,0.057,36.0,221.0,0.99642,3.17,0.44,9.1,5,low,white,71.799,0.08913773172328306,16.289592760180994,142.18749999999997
6.1,0.16,0.34,6.1,0.034,31.0,114.0,0.99365,3.32,0.58,10.15,7,medium,white,80.0835,0.07617049704371062,27.192982456140353,166.39344262295083
6.0,0.17,0.33,6.0,0.036,30.0,111.0,0.99362,3.32,0.58,10.15,7,medium,white,80.0835,0.0749218003708629,27.027027027027028,169.16666666666666
5.9,0.44,0.33,1.2,0.049,12.0,117.0,0.99134,3.46,0.44,11.5,5,low,white,90.735,0.06502452195955255,10.256410256410255,194.91525423728814
6.6,0.285,0.49,11.4,0.035,57.0,137.0,0.99732,3.08,0.54,8.9,6,medium,white,70.221,0.09398897765625666,41.605839416058394,134.84848484848487
4.9,0.335,0.14,1.3,0.036,69.0,168.0,0.99212,3.47,0.46,10.4666666666667,5,low,white,82.58200000000026,0.059334964035746104,41.07142857142857,213.60544217687143
4.9,0.335,0.14,1.3,0.036,69.0,168.0,0.99212,3.47,0.46,10.4666666666667,5,low,white,82.58200000000026,0.059334964035746104,41.07142857142857,213.60544217687143
6.0,0.28,0.52,6.2,0.028,37.0,104.0,0.99161,3.28,0.51,11.8,7,medium,white,93.102,0.06444544692917445,35.57692307692308,196.66666666666669
5.8,0.35,0.29,3.2,0.034,41.0,151.0,0.9912,3.35,0.58,11.6333333333333,7,medium,white,91.78699999999974,0.06318977632998155,27.1523178807947,200.5747126436776
5.7,0.21,0.37,4.5,0.04,58.0,140.0,0.99332,3.29,0.62,10.6,6,medium,white,83.634,0.06815410000717412,41.42857142857143,185.96491228070172
6.5,0.25,0.32,9.9,0.045,41.0,128.0,0.99636,3.18,0.52,9.6,6,medium,white,75.744,0.08581537811575835,32.03125,147.69230769230768
6.0,0.28,0.52,6.2,0.028,37.0,104.0,0.99161,3.28,0.51,11.8,7,medium,white,93.102,0.06444544692917445,35.57692307692308,196.66666666666669
6.6,0.285,0.49,11.4,0.035,57.0,137.0,0.99732,3.08,0.54,8.9,6,medium,white,70.221,0.09398897765625666,41.605839416058394,134.84848484848487
4.7,0.335,0.14,1.3,0.036,69.0,168.0,0.99212,3.47,0.46,10.5,5,low,white,82.845,0.05673245216971453,41.07142857142857,223.40425531914892
6.8,0.63,0.04,1.3,0.058,25.0,133.0,0.99271,3.17,0.39,10.2,4,low,white,80.47800000000001,0.08449514152936205,18.796992481203006,150.0
5.6,0.27,0.37,0.9,0.025,11.0,49.0,0.98845,3.29,0.33,13.1,6,medium,white,103.35900000000001,0.054180090751652,22.448979591836736,233.92857142857144
6.8,0.32,0.33,0.7,0.027,15.0,66.0,0.9899,3.11,0.31,11.8,6,medium,white,93.102,0.07303817318639771,22.727272727272727,173.52941176470588
6.5,0.33,0.32,1.0,0.041,39.0,120.0,0.99004,3.06,0.37,12.2,6,medium,white,96.25800000000001,0.06752685491076066,32.5,187.69230769230768
6.0,0.24,0.34,1.0,0.036,52.0,184.0,0.99097,3.44,0.44,11.45,6,medium,white,90.3405,0.06641539508858153,28.26086956521739,190.83333333333331
7.2,0.26,0.32,10.4,0.062,23.0,114.0,0.9966,3.23,0.49,10.5,5,low,white,82.845,0.08690928843020099,20.175438596491226,145.83333333333331
6.8,0.63,0.04,1.3,0.058,25.0,133.0,0.99271,3.17,0.39,10.2,4,low,white,80.47800000000001,0.08449514152936205,18.796992481203006,150.0
6.7,0.16,0.32,12.5,0.035,18.0,156.0,0.99666,2.88,0.36,9.0,6,medium,white,71.01,0.09435290804112097,11.538461538461538,134.32835820895522
6.7,0.16,0.32,12.5,0.035,18.0,156.0,0.99666,2.88,0.36,9.0,6,medium,white,71.01,0.09435290804112097,11.538461538461538,134.32835820895522
6.7,0.16,0.32,12.5,0.035,18.0,156.0,0.99666,2.88,0.36,9.0,6,medium,white,71.01,0.09435290804112097,11.538461538461538,134.32835820895522
6.7,0.16,0.32,12.5,0.035,18.0,156.0,0.99666,2.88,0.36,9.0,6,medium,white,71.01,0.09435290804112097,11.538461538461538,134.32835820895522
6.9,0.19,0.31,19.25,0.043,38.0,167.0,0.99954,2.93,0.52,9.1,7,medium,white,71.799,0.09610161701416454,22.75449101796407,131.88405797101447
6.0,0.36,0.32,1.1,0.053,26.0,173.0,0.99414,3.38,0.54,8.8,5,low,white,69.432,0.08641548565502938,15.028901734104046,146.66666666666669
6.7,0.16,0.32,12.5,0.035,18.0,156.0,0.99666,2.88,0.36,9.0,6,medium,white,71.01,0.09435290804112097,11.538461538461538,134.32835820895522
6.9,0.19,0.31,19.25,0.043,38.0,167.0,0.99954,2.93,0.52,9.1,7,medium,white,71.799,0.09610161701416454,22.75449101796407,131.88405797101447
6.7,0.35,0.32,9.0,0.032,29.0,113.0,0.99188,3.13,0.65,12.9,7,medium,white,101.781,0.06582761026124719,25.663716814159294,192.53731343283582
6.1,0.15,0.4,1.2,0.03,19.0,84.0,0.98926,3.19,0.96,13.0,6,medium,white,102.57000000000001,0.059471580384127906,22.61904761904762,213.11475409836066
6.7,0.35,0.32,9.0,0.032,29.0,113.0,0.99188,3.13,0.65,12.9,7,medium,white,101.781,0.06582761026124719,25.663716814159294,192.53731343283582
7.0,0.27,0.74,1.3,0.173,34.0,121.0,0.99334,3.04,0.46,9.2,6,medium,white,72.58800000000001,0.09643467239764147,28.09917355371901,131.42857142857142
6.8,0.3,0.33,12.8,0.041,60.0,168.0,0.99659,3.1,0.56,9.8,5,low,white,77.322,0.08794392281627479,35.714285714285715,144.11764705882354
6.8,0.3,0.33,12.8,0.041,60.0,168.0,0.99659,3.1,0.56,9.8,5,low,white,77.322,0.08794392281627479,35.714285714285715,144.11764705882354
6.4,0.69,0.09,7.6,0.044,34.0,144.0,0.9948,3.26,0.38,10.1,6,medium,white,79.68900000000001,0.0803122137308788,23.61111111111111,157.81249999999997
6.4,0.69,0.09,7.6,0.044,34.0,144.0,0.9948,3.26,0.38,10.1,6,medium,white,79.68900000000001,0.0803122137308788,23.61111111111111,157.81249999999997
5.9,0.12,0.28,1.4,0.037,36.0,83.0,0.99074,3.33,0.42,10.9,7,medium,white,86.001,0.06860385344356461,43.373493975903614,184.74576271186442
6.3,0.36,0.5,8.3,0.053,51.0,202.0,0.9955,3.2,0.51,9.6,6,medium,white,75.744,0.08317490494296578,25.247524752475247,152.38095238095238
5.7,0.27,0.16,9.0,0.053,32.0,111.0,0.99474,3.36,0.37,10.4,6,medium,white,82.056,0.06946475577654285,28.82882882882883,182.45614035087718
6.1,0.22,0.4,1.85,0.031,25.0,111.0,0.98966,3.03,0.3,11.8,7,medium,white,93.102,0.06551953771132736,22.52252252252252,193.4426229508197
5.6,0.205,0.16,12.55,0.051,31.0,115.0,0.99564,3.4,0.38,10.8,6,medium,white,85.212,0.06571844341172604,26.956521739130434,192.8571428571429
7.2,0.33,0.28,1.4,0.034,26.0,109.0,0.99246,3.28,0.57,10.6,6,medium,white,83.634,0.08608938948274625,23.853211009174313,147.2222222222222
5.9,0.21,0.31,1.8,0.033,45.0,142.0,0.98984,3.35,0.5,12.7,6,medium,white,100.203,0.05888047264053971,31.690140845070424,215.25423728813556
5.4,0.33,0.31,4.0,0.03,27.0,108.0,0.99031,3.3,0.43,12.2,7,medium,white,96.25800000000001,0.056099233310478086,25.0,225.9259259259259
5.4,0.205,0.16,12.55,0.051,31.0,115.0,0.99564,3.4,0.38,10.8,6,medium,white,85.212,0.06337135614702155,26.956521739130434,200.0
5.7,0.27,0.16,9.0,0.053,32.0,111.0,0.99474,3.36,0.37,10.4,6,medium,white,82.056,0.06946475577654285,28.82882882882883,182.45614035087718
6.4,0.28,0.28,3.0,0.04,19.0,98.0,0.99216,3.25,0.47,11.1,6,medium,white,87.57900000000001,0.07307687916052935,19.387755102040817,173.43749999999997
6.1,0.22,0.4,1.85,0.031,25.0,111.0,0.98966,3.03,0.3,11.8,7,medium,white,93.102,0.06551953771132736,22.52252252252252,193.4426229508197
6.7,0.15,0.32,7.9,0.034,17.0,81.0,0.99512,3.29,0.31,10.0,6,medium,white,78.9,0.08491761723700887,20.98765432098765,149.25373134328356
5.5,0.315,0.38,2.6,0.033,10.0,69.0,0.9909,3.12,0.59,10.8,6,medium,white,85.212,0.06454489977937379,14.492753623188406,196.36363636363637
4.8,0.225,0.38,1.2,0.074,47.0,130.0,0.99132,3.31,0.4,10.3,6,medium,white,81.26700000000001,0.059064564952563764,36.15384615384615,214.58333333333334
5.2,0.24,0.15,7.1,0.043,32.0,134.0,0.99378,3.24,0.48,9.9,6,medium,white,78.111,0.06657192968980041,23.88059701492537,190.3846153846154
6.7,0.15,0.32,7.9,0.034,17.0,81.0,0.99512,3.29,0.31,10.0,6,medium,white,78.9,0.08491761723700887,20.98765432098765,149.25373134328356
6.6,0.27,0.32,1.3,0.044,18.0,93.0,0.99044,3.11,0.56,12.25,5,low,white,96.6525,0.06828586948087219,19.35483870967742,185.60606060606062
6.1,0.32,0.33,10.7,0.036,27.0,98.0,0.99521,3.34,0.52,10.2,6,medium,white,80.47800000000001,0.07579711225428067,27.55102040816326,167.21311475409837
6.0,0.25,0.28,7.7,0.053,37.0,132.0,0.99489,3.06,0.5,9.4,6,medium,white,74.166,0.0808996035919424,28.030303030303028,156.66666666666666
6.4,0.42,0.46,8.4,0.05,58.0,180.0,0.99495,3.18,0.46,9.7,6,medium,white,76.533,0.08362405759606967,32.22222222222222,151.56249999999997
6.1,0.32,0.33,10.7,0.036,27.0,98.0,0.99521,3.34,0.52,10.2,6,medium,white,80.47800000000001,0.07579711225428067,27.55102040816326,167.21311475409837
6.9,0.31,0.33,12.7,0.038,33.0,116.0,0.9954,3.04,0.65,10.4,6,medium,white,82.056,0.08408891488739398,28.448275862068968,150.72463768115944
6.3,0.48,0.48,1.8,0.035,35.0,96.0,0.99121,3.49,0.74,12.2,6,medium,white,96.25800000000001,0.06544910552889109,36.45833333333333,193.65079365079364
6.0,0.25,0.28,7.7,0.053,37.0,132.0,0.99489,3.06,0.5,9.4,6,medium,white,74.166,0.0808996035919424,28.030303030303028,156.66666666666666
7.2,0.21,0.31,10.5,0.035,36.0,122.0,0.99478,3.12,0.4,10.6,6,medium,white,83.634,0.08608938948274625,29.508196721311474,147.2222222222222
6.8,0.32,0.43,1.6,0.05,4.0,65.0,0.99346,3.27,0.47,10.7,5,low,white,84.423,0.08054677042985915,6.153846153846154,157.35294117647058
7.9,0.3,0.6,1.85,0.048,13.0,106.0,0.99331,3.24,0.49,11.85,5,low,white,93.4965,0.08449514152936206,12.264150943396226,149.99999999999997
5.3,0.31,0.38,10.5,0.031,53.0,140.0,0.99321,3.34,0.46,11.7,6,medium,white,92.313,0.057413365398156266,37.857142857142854,220.75471698113205
5.3,0.31,0.38,10.5,0.031,53.0,140.0,0.99321,3.34,0.46,11.7,6,medium,white,92.313,0.057413365398156266,37.857142857142854,220.75471698113205
5.2,0.185,0.22,1.0,0.03,47.0,123.0,0.99218,3.55,0.44,10.15,6,medium,white,80.0835,0.0649322269880812,38.21138211382114,195.19230769230768
5.5,0.16,0.31,1.2,0.026,31.0,68.0,0.9898,3.33,0.44,11.6333333333333,6,medium,white,91.78699999999974,0.059921339623258366,45.588235294117645,211.51515151515093
6.0,0.17,0.36,1.7,0.042,14.0,61.0,0.99144,3.22,0.54,10.8,6,medium,white,85.212,0.07041261794113506,22.950819672131146,180.0
6.0,0.16,0.36,1.6,0.042,13.0,61.0,0.99143,3.22,0.54,10.8,6,medium,white,85.212,0.07041261794113506,21.311475409836063,180.0
6.1,0.24,0.32,9.0,0.031,41.0,134.0,0.99234,3.25,0.26,12.3,7,medium,white,97.04700000000001,0.06285614186940347,30.597014925373134,201.6393442622951
5.5,0.3,0.25,1.9,0.029,33.0,118.0,0.98972,3.36,0.66,12.5,6,medium,white,98.625,0.05576679340937896,27.966101694915253,227.27272727272728
5.5,0.16,0.31,1.2,0.026,31.0,68.0,0.9898,3.33,0.44,11.65,6,medium,white,91.91850000000001,0.05983561524611476,45.588235294117645,211.8181818181818
6.0,0.32,0.46,1.5,0.05,56.0,189.0,0.99308,3.24,0.49,9.6,5,low,white,75.744,0.07921419518377694,29.629629629629626,160.0
6.1,0.27,0.31,3.9,0.034,42.0,137.0,0.99218,3.24,0.46,10.9,6,medium,white,86.001,0.07092940779758374,30.656934306569344,178.68852459016395
6.0,0.27,0.32,3.6,0.035,36.0,133.0,0.99215,3.23,0.46,10.8,6,medium,white,85.212,0.07041261794113506,27.06766917293233,180.0
6.0,0.14,0.37,1.2,0.032,63.0,148.0,0.99185,3.32,0.44,11.2,5,low,white,88.36800000000001,0.06789788158609451,42.567567567567565,186.66666666666666
5.0,0.24,0.19,5.0,0.043,17.0,101.0,0.99438,3.67,0.57,10.0,5,low,white,78.9,0.06337135614702154,16.831683168316832,200.0
6.1,0.26,0.25,2.9,0.047,289.0,440.0,0.99314,3.44,0.64,10.5,3,low,white,82.845,0.07363148047558693,65.68181818181819,172.13114754098362
6.3,0.23,0.5,10.4,0.043,61.0,132.0,0.99542,2.86,0.46,9.1,6,medium,white,71.799,0.08774495466510675,46.21212121212121,144.44444444444443
5.6,0.26,0.5,11.4,0.029,25.0,93.0,0.99428,3.23,0.49,10.5,6,medium,white,82.845,0.06759611322348964,26.881720430107524,187.50000000000003
6.1,0.34,0.24,18.35,0.05,33.0,184.0,0.99943,3.12,0.61,9.3,5,low,white,73.37700000000001,0.08313231666598524,17.934782608695652,152.45901639344262
6.2,0.35,0.25,18.4,0.051,28.0,182.0,0.99946,3.13,0.62,9.3,6,medium,white,73.37700000000001,0.08449514152936205,15.384615384615385,150.0
6.0,0.14,0.37,1.2,0.032,63.0,148.0,0.99185,3.32,0.44,11.2,5,low,white,88.36800000000001,0.06789788158609451,42.567567567567565,186.66666666666666
7.3,0.36,0.62,7.1,0.033,48.0,185.0,0.99472,3.14,0.62,10.6,6,medium,white,83.634,0.0872850754477844,25.945945945945947,145.2054794520548
5.1,0.25,0.36,1.3,0.035,40.0,78.0,0.9891,3.23,0.64,12.1,7,medium,white,95.46900000000001,0.05342048204129088,51.28205128205128,237.2549019607843
5.5,0.16,0.26,1.5,0.032,35.0,100.0,0.99076,3.43,0.77,12.0,6,medium,white,94.68,0.05809040980143641,35.0,218.18181818181816
6.4,0.19,0.35,10.2,0.043,40.0,106.0,0.99632,3.16,0.5,9.7,6,medium,white,76.533,0.08362405759606967,37.735849056603776,151.56249999999997
6.6,0.29,0.73,2.2,0.027,21.0,92.0,0.99,3.12,0.48,12.4,6,medium,white,97.836,0.06745983073715196,22.82608695652174,187.87878787878788
6.0,0.38,0.26,3.5,0.035,38.0,111.0,0.98872,3.18,0.47,13.6,7,medium,white,107.304,0.05591590248266607,34.234234234234236,226.66666666666666
6.0,0.38,0.26,3.5,0.035,38.0,111.0,0.98872,3.18,0.47,13.6,7,medium,white,107.304,0.05591590248266607,34.234234234234236,226.66666666666666
6.5,0.2,0.35,3.9,0.04,27.0,140.0,0.99102,2.98,0.53,11.8,6,medium,white,93.102,0.069815900839939,19.28571428571429,181.53846153846155
6.6,0.17,0.26,7.4,0.052,45.0,128.0,0.99388,3.16,0.37,10.0,6,medium,white,78.9,0.08365019011406843,35.15625,151.5151515151515
6.6,0.17,0.26,7.4,0.052,45.0,128.0,0.99388,3.16,0.37,10.0,6,medium,white,78.9,0.08365019011406843,35.15625,151.5151515151515
6.2,0.15,0.27,11.0,0.035,46.0,116.0,0.99602,3.12,0.38,9.1,6,medium,white,71.799,0.08635217760693045,39.6551724137931,146.77419354838707
5.9,0.48,0.3,1.5,0.037,19.0,78.0,0.99057,3.47,0.42,11.9,7,medium,white,93.891,0.06283882374242472,24.358974358974358,201.6949152542373
5.3,0.4,0.25,3.9,0.031,45.0,130.0,0.99072,3.31,0.58,11.75,7,medium,white,92.70750000000001,0.05716905320497262,34.61538461538461,221.6981132075472
5.9,0.26,0.29,5.4,0.046,34.0,116.0,0.99224,3.24,0.41,11.4,6,medium,white,89.946,0.06559491250305739,29.310344827586203,193.22033898305085
5.2,0.3,0.34,1.5,0.038,18.0,96.0,0.98942,3.56,0.48,13.0,8,high,white,102.57000000000001,0.050697084917617236,18.75,250.0
6.4,0.32,0.25,5.0,0.055,28.0,138.0,0.99171,3.27,0.5,12.4,8,high,white,97.836,0.06541559344208676,20.28985507246377,193.75
6.6,0.19,0.25,1.2,0.052,34.0,181.0,0.99352,3.3,0.42,9.4,7,medium,white,74.166,0.08898956395113664,18.784530386740332,142.42424242424244
6.8,0.27,0.3,13.0,0.047,69.0,160.0,0.99705,3.16,0.5,9.6,6,medium,white,75.744,0.08977608787494719,43.125,141.1764705882353
6.8,0.27,0.3,13.0,0.047,69.0,160.0,0.99705,3.16,0.5,9.6,6,medium,white,75.744,0.08977608787494719,43.125,141.1764705882353
6.8,0.27,0.3,13.0,0.047,69.0,160.0,0.99705,3.16,0.5,9.6,6,medium,white,75.744,0.08977608787494719,43.125,141.1764705882353
6.8,0.27,0.3,13.0,0.047,69.0,160.0,0.99705,3.16,0.5,9.6,6,medium,white,75.744,0.08977608787494719,43.125,141.1764705882353
6.4,0.28,0.45,8.6,0.057,47.0,223.0,0.99654,3.16,0.51,9.1,5,low,white,71.799,0.08913773172328306,21.076233183856502,142.18749999999997
5.2,0.21,0.31,1.7,0.048,17.0,61.0,0.98953,3.24,0.37,12.0,7,medium,white,94.68,0.05492184199408534,27.86885245901639,230.76923076923075
7.1,0.24,0.34,1.2,0.045,6.0,132.0,0.99132,3.16,0.46,11.2,4,low,white,88.36800000000001,0.08034582654354516,4.545454545454546,157.74647887323943
5.0,0.27,0.4,1.2,0.076,42.0,124.0,0.99204,3.32,0.47,10.1,6,medium,white,79.68900000000001,0.06274391697724906,33.87096774193548,202.0
5.8,0.27,0.4,1.2,0.076,47.0,130.0,0.99185,3.13,0.45,10.3,6,medium,white,81.26700000000001,0.07136968265101455,36.15384615384615,177.58620689655174
5.9,0.27,0.32,2.0,0.034,31.0,102.0,0.98952,3.16,0.56,12.3,6,medium,white,97.04700000000001,0.060795284758931235,30.392156862745097,208.4745762711864
5.8,0.315,0.19,19.4,0.031,28.0,106.0,0.99704,2.97,0.4,10.55,6,medium,white,83.2395,0.06967845794364454,26.41509433962264,181.89655172413794
6.0,0.59,0.0,0.8,0.037,30.0,95.0,0.99032,3.1,0.4,10.9,4,low,white,86.001,0.06976663062057417,31.57894736842105,181.66666666666666
5.8,0.3,0.09,6.3,0.042,36.0,138.0,0.99382,3.15,0.48,9.7,5,low,white,76.533,0.07578430219643813,26.08695652173913,167.24137931034483
5.6,0.3,0.1,6.4,0.043,34.0,142.0,0.99382,3.14,0.48,9.8,5,low,white,77.322,0.07242440702516748,23.943661971830984,175.00000000000003
6.7,0.3,0.5,12.1,0.045,38.0,127.0,0.9974,3.04,0.53,8.9,6,medium,white,70.221,0.09541305307529087,29.92125984251969,132.8358208955224
6.7,0.3,0.5,12.1,0.045,38.0,127.0,0.9974,3.04,0.53,8.9,6,medium,white,70.221,0.09541305307529087,29.92125984251969,132.8358208955224
6.4,0.31,0.31,12.9,0.045,55.0,161.0,0.99546,3.02,0.59,10.2,5,low,white,80.47800000000001,0.07952483908645841,34.161490683229815,159.37499999999997
6.9,0.25,0.29,2.4,0.038,28.0,76.0,0.99088,3.01,0.36,11.7,7,medium,white,92.313,0.07474570212212799,36.84210526315789,169.56521739130432
4.4,0.32,0.39,4.3,0.03,31.0,127.0,0.98904,3.46,0.36,12.8,8,high,white,100.992,0.04356780735107731,24.409448818897637,290.90909090909093
3.9,0.225,0.4,4.2,0.03,29.0,118.0,0.989,3.57,0.36,12.8,8,high,white,100.992,0.038616920152091255,24.576271186440678,328.20512820512823
6.4,0.31,0.31,12.9,0.045,55.0,161.0,0.99546,3.02,0.59,10.2,5,low,white,80.47800000000001,0.07952483908645841,34.161490683229815,159.37499999999997
5.5,0.62,0.33,1.7,0.037,24.0,118.0,0.98758,3.15,0.39,13.55,6,medium,white,106.90950000000001,0.05144538137396583,20.33898305084746,246.36363636363637
6.2,0.3,0.42,2.2,0.036,28.0,128.0,0.9901,3.13,0.38,11.6,6,medium,white,91.524,0.06774179450198856,21.875,187.09677419354838
6.7,0.3,0.5,12.1,0.045,38.0,127.0,0.9974,3.04,0.53,8.9,6,medium,white,70.221,0.09541305307529087,29.92125984251969,132.8358208955224
4.7,0.785,0.0,3.4,0.036,23.0,134.0,0.98981,3.53,0.92,13.8,6,medium,white,108.882,0.04316599621608714,17.16417910447761,293.6170212765957
6.0,0.31,0.32,7.4,0.175,47.0,159.0,0.9952,3.19,0.5,9.4,6,medium,white,74.166,0.0808996035919424,29.559748427672954,156.66666666666666
6.0,0.32,0.3,7.3,0.174,46.0,159.0,0.99519,3.18,0.49,9.4,5,low,white,74.166,0.0808996035919424,28.930817610062892,156.66666666666666
6.4,0.105,0.29,1.1,0.035,44.0,140.0,0.99142,3.17,0.55,10.7,7,medium,white,84.423,0.07580872511045568,31.428571428571427,167.18749999999997
6.4,0.105,0.29,1.1,0.035,44.0,140.0,0.99142,3.17,0.55,10.7,7,medium,white,84.423,0.07580872511045568,31.428571428571427,167.18749999999997
5.7,0.33,0.32,1.4,0.043,28.0,93.0,0.9897,3.31,0.5,12.3,6,medium,white,97.04700000000001,0.05873442764845899,30.107526881720432,215.78947368421052
5.9,0.32,0.19,14.5,0.042,37.0,115.0,0.99684,3.16,0.43,10.3,5,low,white,81.26700000000001,0.07260019442085963,32.17391304347826,174.5762711864407
6.2,0.26,0.2,8.0,0.047,35.0,111.0,0.99445,3.11,0.42,10.4,6,medium,white,82.056,0.07555815540606416,31.53153153153153,167.74193548387098
6.0,0.2,0.33,1.1,0.039,45.0,126.0,0.99051,3.31,0.45,11.6,7,medium,white,91.524,0.06555657532450505,35.714285714285715,193.33333333333334
6.4,0.105,0.29,1.1,0.035,44.0,140.0,0.99142,3.17,0.55,10.7,7,medium,white,84.423,0.07580872511045568,31.428571428571427,167.18749999999997
5.8,0.28,0.34,2.2,0.037,24.0,125.0,0.98986,3.36,0.33,12.8,8,high,white,100.992,0.05743029150823827,19.2,220.68965517241378
6.4,0.31,0.5,5.8,0.038,42.0,111.0,0.99189,3.18,0.53,11.9,7,medium,white,93.891,0.06816414778839293,37.83783783783784,185.9375
6.0,0.35,0.46,0.9,0.033,9.0,65.0,0.98934,3.24,0.35,12.1,4,low,white,95.46900000000001,0.06284762593093045,13.846153846153847,201.66666666666666
5.1,0.26,0.34,6.4,0.034,26.0,99.0,0.99449,3.23,0.41,9.2,6,medium,white,72.58800000000001,0.07025954703256736,26.262626262626267,180.3921568627451
6.6,0.28,0.09,10.9,0.051,37.0,131.0,0.99566,2.93,0.62,9.5,6,medium,white,74.955,0.08805283169901941,28.24427480916031,143.93939393939394
6.0,0.17,0.3,7.3,0.039,39.0,104.0,0.99252,2.91,0.57,11.0,6,medium,white,86.79,0.0691323885240235,37.5,183.33333333333331
7.3,0.35,0.67,8.3,0.053,10.0,100.0,0.9959,3.19,0.5,10.9,5,low,white,86.001,0.08488273392169858,10.0,149.3150684931507
6.0,0.26,0.24,1.3,0.053,66.0,150.0,0.9924,3.21,0.62,10.4,6,medium,white,82.056,0.07312079555425563,44.0,173.33333333333334
5.4,0.375,0.4,3.3,0.054,29.0,147.0,0.99482,3.42,0.52,9.1,5,low,white,71.799,0.07520996114152008,19.727891156462583,168.5185185185185
7.0,0.17,0.42,1.0,0.075,19.0,71.0,0.99103,3.32,0.62,11.4,6,medium,white,89.946,0.07782447246125453,26.76056338028169,162.85714285714286
5.1,0.26,0.33,1.1,0.027,46.0,113.0,0.98946,3.35,0.43,11.4,7,medium,white,89.946,0.056700687078914014,40.707964601769916,223.52941176470588
5.8,0.36,0.5,1.0,0.127,63.0,178.0,0.99212,3.1,0.45,9.7,5,low,white,76.533,0.07578430219643813,35.39325842696629,167.24137931034483
5.7,0.4,0.35,5.1,0.026,17.0,113.0,0.99052,3.18,0.67,12.4,6,medium,white,97.836,0.05826076290935852,15.04424778761062,217.54385964912282
6.2,0.76,0.01,3.2,0.041,18.0,120.0,0.99026,3.2,0.94,13.7,7,medium,white,108.093,0.057358015782705635,15.0,220.96774193548384
6.1,0.41,0.2,12.6,0.032,54.0,136.0,0.99516,2.91,0.43,10.6,6,medium,white,83.634,0.07293684386732668,39.705882352941174,173.7704918032787
5.8,0.385,0.25,3.7,0.031,38.0,122.0,0.99128,3.2,0.63,11.2,6,medium,white,88.36800000000001,0.06563461886655803,31.147540983606557,193.10344827586206
6.0,0.27,0.4,1.7,0.021,18.0,82.0,0.9891,3.24,0.95,13.1333333333333,6,medium,white,103.62199999999974,0.057902761961745715,21.951219512195124,218.88888888888835
5.7,0.4,0.35,5.1,0.026,17.0,113.0,0.99052,3.18,0.67,12.4,6,medium,white,97.836,0.05826076290935852,15.04424778761062,217.54385964912282
5.8,0.36,0.5,1.0,0.127,63.0,178.0,0.99212,3.1,0.45,9.7,5,low,white,76.533,0.07578430219643813,35.39325842696629,167.24137931034483
7.0,0.24,0.47,1.3,0.043,18.0,131.0,0.99176,3.19,0.45,11.0,6,medium,white,86.79,0.08065445327802742,13.740458015267176,157.14285714285714
6.8,0.23,0.48,1.5,0.036,35.0,165.0,0.99162,3.18,0.45,11.3,6,medium,white,89.15700000000001,0.07626995076101707,21.21212121212121,166.1764705882353
6.5,0.28,0.34,4.6,0.054,22.0,130.0,0.99193,3.2,0.46,12.0,7,medium,white,94.68,0.06865230249260668,16.923076923076923,184.6153846153846
6.4,0.23,0.35,10.3,0.042,54.0,140.0,0.9967,3.23,0.47,9.2,5,low,white,72.58800000000001,0.0881688433349865,38.57142857142858,143.74999999999997
6.0,0.34,0.29,6.1,0.046,29.0,134.0,0.99462,3.48,0.57,10.7,6,medium,white,84.423,0.0710706797910522,21.641791044776117,178.33333333333331
6.0,0.34,0.29,6.1,0.046,29.0,134.0,0.99462,3.48,0.57,10.7,6,medium,white,84.423,0.0710706797910522,21.641791044776117,178.33333333333331
6.7,0.22,0.33,1.2,0.036,36.0,86.0,0.99058,3.1,0.76,11.4,6,medium,white,89.946,0.07448913792720077,41.86046511627907,170.1492537313433
6.4,0.23,0.35,10.3,0.042,54.0,140.0,0.9967,3.23,0.47,9.2,5,low,white,72.58800000000001,0.0881688433349865,38.57142857142858,143.74999999999997
6.0,0.32,0.33,9.9,0.032,22.0,90.0,0.99258,3.1,0.43,12.1,7,medium,white,95.46900000000001,0.06284762593093045,24.444444444444443,201.66666666666666
5.8,0.29,0.27,1.6,0.062,17.0,140.0,0.99138,3.23,0.35,11.1,6,medium,white,87.57900000000001,0.06622592173922971,12.142857142857142,191.3793103448276
5.8,0.38,0.26,1.1,0.058,20.0,140.0,0.99271,3.27,0.43,9.7,6,medium,white,76.533,0.07578430219643813,14.285714285714285,167.24137931034483
5.9,0.32,0.26,1.5,0.057,17.0,141.0,0.9917,3.24,0.36,10.7,5,low,white,84.423,0.06988616846120134,12.056737588652481,181.3559322033898
5.6,0.33,0.28,1.2,0.031,33.0,97.0,0.99126,3.49,0.58,10.9,6,medium,white,86.001,0.06511552191253589,34.02061855670103,194.64285714285717
5.9,0.37,0.3,1.5,0.033,35.0,95.0,0.98986,3.36,0.56,12.0,7,medium,white,94.68,0.06231516687790452,36.84210526315789,203.38983050847457
5.6,0.295,0.26,1.1,0.035,40.0,102.0,0.99154,3.47,0.56,10.6,6,medium,white,83.634,0.06695841404213597,39.21568627450981,189.2857142857143
6.7,0.5,0.36,11.5,0.096,18.0,92.0,0.99642,3.11,0.49,9.6,5,low,white,75.744,0.08845585128855091,19.565217391304348,143.28358208955223
6.5,0.28,0.38,7.8,0.031,54.0,216.0,0.99154,3.03,0.42,13.1,6,medium,white,103.35900000000001,0.06288760533673893,25.0,201.53846153846155
5.3,0.275,0.24,7.4,0.038,28.0,114.0,0.99313,3.38,0.51,11.0,6,medium,white,86.79,0.06106694319622075,24.561403508771928,207.54716981132074
5.2,0.405,0.15,1.45,0.038,10.0,44.0,0.99125,3.52,0.4,11.6,4,low,white,91.524,0.056815698614571045,22.727272727272727,223.0769230769231
6.8,0.34,0.36,8.9,0.029,44.0,128.0,0.99318,3.28,0.35,11.95,7,medium,white,94.2855,0.07212137603343038,34.375,175.73529411764704
5.7,0.22,0.25,1.1,0.05,97.0,175.0,0.99099,3.44,0.62,11.1,6,medium,white,87.57900000000001,0.06508409550234645,55.42857142857143,194.73684210526315
6.2,0.28,0.57,1.0,0.043,50.0,92.0,0.99004,3.17,0.36,11.5,6,medium,white,90.735,0.06833085358461453,54.347826086956516,185.48387096774192
5.6,0.34,0.25,2.5,0.046,47.0,182.0,0.99093,3.21,0.4,11.3,5,low,white,89.15700000000001,0.06281054768554346,25.82417582417583,201.78571428571433
4.8,0.29,0.23,1.1,0.044,38.0,180.0,0.98924,3.28,0.34,11.9,6,medium,white,93.891,0.051123110841294686,21.11111111111111,247.91666666666669
6.6,0.38,0.29,2.4,0.136,15.0,93.0,0.99336,3.18,0.6,9.5,5,low,white,74.955,0.08805283169901941,16.129032258064516,143.93939393939394
5.1,0.3,0.3,2.3,0.048,40.0,150.0,0.98944,3.29,0.46,12.2,6,medium,white,96.25800000000001,0.05298260923767374,26.666666666666668,239.2156862745098
4.4,0.54,0.09,5.1,0.038,52.0,97.0,0.99022,3.41,0.4,12.2,7,medium,white,96.25800000000001,0.0457104864011303,53.608247422680414,277.27272727272725
7.0,0.36,0.35,2.5,0.048,67.0,161.0,0.99146,3.05,0.56,11.1,6,medium,white,87.57900000000001,0.07992783658182898,41.61490683229814,158.57142857142856
6.4,0.33,0.44,8.9,0.055,52.0,164.0,0.99488,3.1,0.48,9.6,5,low,white,75.744,0.08449514152936206,31.70731707317073,149.99999999999997
7.0,0.36,0.35,2.5,0.048,67.0,161.0,0.99146,3.05,0.56,11.1,6,medium,white,87.57900000000001,0.07992783658182898,41.61490683229814,158.57142857142856
6.4,0.33,0.44,8.9,0.055,52.0,164.0,0.99488,3.1,0.48,9.6,5,low,white,75.744,0.08449514152936206,31.70731707317073,149.99999999999997
6.2,0.23,0.38,1.6,0.044,12.0,113.0,0.99176,3.3,0.73,11.4,5,low,white,89.946,0.06893024703711116,10.619469026548673,183.8709677419355
5.2,0.25,0.23,1.4,0.047,20.0,77.0,0.99001,3.32,0.62,11.4,5,low,white,89.946,0.05781246525693194,25.97402597402597,219.23076923076925
6.2,0.35,0.29,3.9,0.041,22.0,79.0,0.99005,3.1,0.59,12.0666666666667,6,medium,white,95.20600000000026,0.06512194609583412,27.848101265822784,194.62365591397904
7.1,0.23,0.39,13.7,0.058,26.0,172.0,0.99755,2.9,0.46,9.0,6,medium,white,71.01,0.09998591747641176,15.11627906976744,126.7605633802817
7.1,0.23,0.39,13.7,0.058,26.0,172.0,0.99755,2.9,0.46,9.0,6,medium,white,71.01,0.09998591747641176,15.11627906976744,126.7605633802817
7.5,0.38,0.33,9.2,0.043,19.0,116.0,0.99444,3.08,0.42,11.4,6,medium,white,89.946,0.08338336335134414,16.379310344827587,152.0
6.4,0.35,0.51,7.8,0.055,53.0,177.0,0.99502,3.12,0.45,9.6,5,low,white,75.744,0.08449514152936206,29.943502824858758,149.99999999999997
6.0,0.43,0.34,7.6,0.045,25.0,118.0,0.99222,3.03,0.37,11.0,6,medium,white,86.79,0.0691323885240235,21.1864406779661,183.33333333333331
6.0,0.52,0.33,7.7,0.046,24.0,119.0,0.99224,3.04,0.38,11.0,6,medium,white,86.79,0.0691323885240235,20.168067226890756,183.33333333333331
5.5,0.31,0.29,3.0,0.027,16.0,102.0,0.99067,3.23,0.56,11.2,6,medium,white,88.36800000000001,0.0622397247872533,15.686274509803921,203.63636363636363
5.9,0.22,0.3,1.3,0.052,42.0,86.0,0.99069,3.31,0.47,11.55,6,medium,white,91.12950000000001,0.0647430305224982,48.837209302325576,195.76271186440678
6.2,0.36,0.32,4.0,0.036,44.0,92.0,0.98936,3.2,0.5,13.3,7,medium,white,104.937,0.05908306888895242,47.82608695652174,214.51612903225805
6.0,0.41,0.23,1.1,0.066,22.0,148.0,0.99266,3.3,0.47,9.63333333333333,5,low,white,76.00699999999996,0.07894009762258743,14.864864864864865,160.5555555555555
6.2,0.355,0.35,2.0,0.046,31.0,95.0,0.98822,3.06,0.46,13.6,6,medium,white,107.304,0.05777976589875494,32.631578947368425,219.3548387096774
5.7,0.41,0.21,1.9,0.048,30.0,112.0,0.99138,3.29,0.55,11.2,6,medium,white,88.36800000000001,0.06450298750678979,26.785714285714285,196.49122807017542
5.3,0.6,0.34,1.4,0.031,3.0,60.0,0.98854,3.27,0.38,13.0,6,medium,white,102.57000000000001,0.05167202885834064,5.0,245.2830188679245
5.8,0.23,0.31,4.5,0.046,42.0,124.0,0.99324,3.31,0.64,10.8,6,medium,white,85.212,0.06806553067643055,33.87096774193548,186.20689655172416
6.6,0.24,0.33,10.1,0.032,8.0,81.0,0.99626,3.19,0.51,9.8,6,medium,white,77.322,0.08535733685109023,9.876543209876543,148.4848484848485
6.1,0.32,0.28,6.6,0.021,29.0,132.0,0.99188,3.15,0.36,11.45,7,medium,white,90.3405,0.06752231834005788,21.96969696969697,187.70491803278688
5.0,0.2,0.4,1.9,0.015,20.0,98.0,0.9897,3.37,0.55,12.05,6,medium,white,95.0745,0.05259033705147016,20.408163265306122,241.0
6.0,0.42,0.41,12.4,0.032,50.0,179.0,0.99622,3.14,0.6,9.7,5,low,white,76.533,0.07839755399631532,27.932960893854748,161.66666666666666
5.7,0.21,0.32,1.6,0.03,33.0,122.0,0.99044,3.33,0.52,11.9,6,medium,white,93.891,0.06070869412403745,27.049180327868854,208.7719298245614
5.6,0.2,0.36,2.5,0.048,16.0,125.0,0.99282,3.49,0.49,10.0,6,medium,white,78.9,0.07097591888466412,12.8,178.57142857142858
7.4,0.22,0.26,1.2,0.035,18.0,97.0,0.99245,3.12,0.41,9.7,6,medium,white,76.533,0.09669031659545556,18.556701030927837,131.08108108108107
6.2,0.38,0.42,2.5,0.038,34.0,117.0,0.99132,3.36,0.59,11.6,7,medium,white,91.524,0.06774179450198856,29.059829059829063,187.09677419354838
5.9,0.54,0.0,0.8,0.032,12.0,82.0,0.99286,3.25,0.36,8.8,5,low,white,69.432,0.0849752275607789,14.634146341463413,149.15254237288136
6.2,0.53,0.02,0.9,0.035,6.0,81.0,0.99234,3.24,0.35,9.5,4,low,white,74.955,0.08271629644453339,7.4074074074074066,153.2258064516129
6.6,0.34,0.4,8.1,0.046,68.0,170.0,0.99494,3.15,0.5,9.53333333333333,6,medium,white,75.21799999999998,0.08774495466510678,40.0,144.4444444444444
6.6,0.34,0.4,8.1,0.046,68.0,170.0,0.99494,3.15,0.5,9.53333333333333,6,medium,white,75.21799999999998,0.08774495466510678,40.0,144.4444444444444
5.0,0.235,0.27,11.75,0.03,34.0,118.0,0.9954,3.07,0.5,9.4,6,medium,white,74.166,0.06741633632661867,28.8135593220339,188.0
5.5,0.32,0.13,1.3,0.037,45.0,156.0,0.99184,3.26,0.38,10.7,5,low,white,84.423,0.06514812314179785,28.846153846153843,194.54545454545453
4.9,0.47,0.17,1.9,0.035,60.0,148.0,0.98964,3.27,0.35,11.5,6,medium,white,90.735,0.05400341654267923,40.54054054054054,234.6938775510204
6.5,0.33,0.38,8.3,0.048,68.0,174.0,0.99492,3.14,0.5,9.6,5,low,white,75.744,0.08581537811575835,39.08045977011494,147.69230769230768
6.6,0.34,0.4,8.1,0.046,68.0,170.0,0.99494,3.15,0.5,9.55,6,medium,white,75.3495,0.08759182210897218,40.0,144.69696969696972
6.2,0.21,0.28,5.7,0.028,45.0,121.0,0.99168,3.21,1.08,12.15,7,medium,white,95.8635,0.06467529351630183,37.1900826446281,195.96774193548387
6.2,0.41,0.22,1.9,0.023,5.0,56.0,0.98928,3.04,0.79,13.0,7,medium,white,102.57000000000001,0.06044652432485132,8.928571428571429,209.6774193548387
6.8,0.22,0.36,1.2,0.052,38.0,127.0,0.9933,3.04,0.54,9.2,5,low,white,72.58800000000001,0.09367939604342314,29.92125984251969,135.2941176470588
4.9,0.235,0.27,11.75,0.03,34.0,118.0,0.9954,3.07,0.5,9.4,6,medium,white,74.166,0.0660680096000863,28.8135593220339,191.83673469387753
6.1,0.34,0.29,2.2,0.036,25.0,100.0,0.98938,3.06,0.44,11.8,6,medium,white,93.102,0.06551953771132736,25.0,193.4426229508197
5.7,0.21,0.32,0.9,0.038,38.0,121.0,0.99074,3.24,0.46,10.6,6,medium,white,83.634,0.06815410000717412,31.40495867768595,185.96491228070172
6.5,0.23,0.38,1.3,0.032,29.0,112.0,0.99298,3.29,0.54,9.7,5,low,white,76.533,0.08493068349600826,25.892857142857146,149.2307692307692
6.2,0.21,0.29,1.6,0.039,24.0,92.0,0.99114,3.27,0.5,11.2,6,medium,white,88.36800000000001,0.07016114430563099,26.08695652173913,180.64516129032256
6.6,0.32,0.36,8.0,0.047,57.0,168.0,0.9949,3.15,0.46,9.6,5,low,white,75.744,0.08713561470215463,33.92857142857143,145.45454545454547
6.5,0.24,0.19,1.2,0.041,30.0,111.0,0.99254,2.99,0.46,9.4,6,medium,white,74.166,0.08764123722460428,27.027027027027028,144.6153846153846
5.5,0.29,0.3,1.1,0.022,20.0,110.0,0.98869,3.34,0.38,12.8,7,medium,white,100.992,0.054459759188846636,18.181818181818183,232.72727272727275
6.0,0.21,0.38,0.8,0.02,22.0,98.0,0.98941,3.26,0.32,11.8,6,medium,white,93.102,0.06444544692917445,22.448979591836736,196.66666666666669
