fixed_acidity,volatile_acidity,citric_acid,residual_sugar,chlorides,free_sulfur_dioxide,total_sulfur_dioxide,density,pH,sulphates,alcohol,quality,quality_label,wine_type,alcohol_g_per_L,acidity_to_alcohol_ratio,SO2_ratio,alc_acid_ratio,density_to_sugar_ratio
7.4,0.7,0.0,1.9,0.076,11.0,34.0,0.9978,3.51,0.56,9.4,5,low,red,74.166,0.09977617776339563,32.35294117647059,127.02702702702702,0.5251578947368422
7.8,0.88,0.0,2.6,0.098,25.0,67.0,0.9968,3.2,0.68,9.8,5,low,red,77.322,0.10087685264219756,37.3134328358209,125.64102564102566,0.3833846153846154
7.8,0.76,0.04,2.3,0.092,15.0,54.0,0.997,3.26,0.65,9.8,5,low,red,77.322,0.10087685264219756,27.77777777777778,125.64102564102566,0.43347826086956526
11.2,0.28,0.56,1.9,0.075,17.0,60.0,0.998,3.16,0.58,9.8,6,medium,red,77.322,0.14484881405033495,28.333333333333332,87.50000000000001,0.5252631578947369
7.4,0.7,0.0,1.9,0.076,11.0,34.0,0.9978,3.51,0.56,9.4,5,low,red,74.166,0.09977617776339563,32.35294117647059,127.02702702702702,0.5251578947368422
7.4,0.66,0.0,1.8,0.075,13.0,40.0,0.9978,3.51,0.56,9.4,5,low,red,74.166,0.09977617776339563,32.5,127.02702702702702,0.5543333333333333
7.9,0.6,0.06,1.6,0.069,15.0,59.0,0.9964,3.3,0.46,9.4,5,low,red,74.166,0.1065178113960575,25.423728813559322,118.9873417721519,0.6227499999999999
7.3,0.65,0.0,1.2,0.065,15.0,21.0,0.9946,3.39,0.47,10.0,7,medium,red,78.9,0.09252217997465145,71.42857142857143,136.986301369863,0.8288333333333334
7.8,0.58,0.02,2.0,0.073,9.0,18.0,0.9968,3.36,0.57,9.5,7,medium,red,74.955,0.10406243746247748,50.0,121.79487179487181,0.4984
7.5,0.5,0.36,6.1,0.071,17.0,102.0,0.9978,3.35,0.8,10.5,5,low,red,82.845,0.09053050878145935,16.666666666666664,140.0,0.1635737704918033
6.7,0.58,0.08,1.8,0.097,15.0,65.0,0.9959,3.28,0.54,9.2,5,low,red,72.58800000000001,0.09230175786631398,23.076923076923077,137.3134328358209,0.5532777777777778
7.5,0.5,0.36,6.1,0.071,17.0,102.0,0.9978,3.35,0.8,10.5,5,low,red,82.845,0.09053050878145935,16.666666666666664,140.0,0.1635737704918033
5.6,0.615,0.0,1.6,0.089,16.0,59.0,0.9943,3.58,0.52,9.9,5,low,red,78.111,0.07169284735824659,27.11864406779661,176.7857142857143,0.6214375
7.8,0.61,0.29,1.6,0.114,9.0,29.0,0.9974,3.26,1.56,9.1,5,low,red,71.799,0.10863661053775121,31.03448275862069,116.66666666666667,0.6233749999999999
8.9,0.62,0.18,3.8,0.176,52.0,145.0,0.9986,3.16,0.88,9.2,5,low,red,72.58800000000001,0.12260979776271559,35.86206896551724,103.37078651685391,0.2627894736842106
8.9,0.62,0.19,3.9,0.17,51.0,148.0,0.9986,3.17,0.93,9.2,5,low,red,72.58800000000001,0.12260979776271559,34.45945945945946,103.37078651685391,0.2560512820512821
8.5,0.28,0.56,1.8,0.092,35.0,103.0,0.9969,3.3,0.75,10.5,7,medium,red,82.845,0.10260124328565394,33.980582524271846,123.52941176470588,0.5538333333333333
8.1,0.56,0.28,1.7,0.368,16.0,56.0,0.9968,3.11,1.28,9.3,5,low,red,73.37700000000001,0.11038881393352139,28.57142857142857,114.81481481481484,0.5863529411764706
7.4,0.59,0.08,4.4,0.086,6.0,29.0,0.9974,3.38,0.5,9.0,4,low,red,71.01,0.10421067455287987,20.689655172413794,121.62162162162163,0.22668181818181815
7.9,0.32,0.51,1.8,0.341,17.0,56.0,0.9969,3.04,1.08,9.2,6,medium,red,72.58800000000001,0.10883341599162395,30.357142857142854,116.45569620253163,0.5538333333333333
8.9,0.22,0.48,1.8,0.077,29.0,60.0,0.9968,3.39,0.53,9.4,6,medium,red,74.166,0.12000107866138124,48.333333333333336,105.61797752808988,0.5537777777777778
7.6,0.39,0.31,2.3,0.082,23.0,71.0,0.9982,3.52,0.65,9.7,5,low,red,76.533,0.09930356839533272,32.3943661971831,127.63157894736841,0.434
7.9,0.43,0.21,1.6,0.106,10.0,37.0,0.9966,3.17,0.91,9.5,5,low,red,74.955,0.105396571276099,27.027027027027028,120.25316455696202,0.622875
8.5,0.49,0.11,2.3,0.084,9.0,67.0,0.9968,3.17,0.53,9.4,5,low,red,74.166,0.11460777175525173,13.432835820895523,110.58823529411765,0.43339130434782613
6.9,0.4,0.14,2.4,0.085,21.0,40.0,0.9968,3.43,0.63,9.7,6,medium,red,76.533,0.09015718709576262,52.5,140.5797101449275,0.41533333333333333
6.3,0.39,0.16,1.4,0.08,11.0,23.0,0.9955,3.34,0.56,9.3,5,low,red,73.37700000000001,0.08585796639273885,47.82608695652174,147.61904761904762,0.7110714285714287
7.6,0.41,0.24,1.8,0.08,4.0,11.0,0.9962,3.28,0.59,9.5,5,low,red,74.955,0.10139416983523447,36.36363636363637,125.0,0.5534444444444444
7.9,0.43,0.21,1.6,0.106,10.0,37.0,0.9966,3.17,0.91,9.5,5,low,red,74.955,0.105396571276099,27.027027027027028,120.25316455696202,0.622875
7.1,0.71,0.0,1.9,0.08,14.0,35.0,0.9972,3.47,0.55,9.4,5,low,red,74.166,0.0957311975837985,40.0,132.3943661971831,0.5248421052631579
7.8,0.645,0.0,2.0,0.082,8.0,16.0,0.9964,3.38,0.59,9.8,6,medium,red,77.322,0.10087685264219756,50.0,125.64102564102566,0.4982
6.7,0.675,0.07,2.4,0.089,17.0,82.0,0.9958,3.35,0.54,10.1,5,low,red,79.68900000000001,0.08407684874951372,20.73170731707317,150.7462686567164,0.4149166666666667
6.9,0.685,0.0,2.5,0.105,22.0,37.0,0.9966,3.46,0.57,10.6,6,medium,red,83.634,0.08250233158763183,59.45945945945946,153.6231884057971,0.39864
8.3,0.655,0.12,2.3,0.083,15.0,113.0,0.9966,3.17,0.66,9.8,5,low,red,77.322,0.10734331755515895,13.274336283185843,118.07228915662651,0.433304347826087
6.9,0.605,0.12,10.7,0.073,40.0,83.0,0.9993,3.45,0.52,9.4,6,medium,red,74.166,0.09303454413073377,48.19277108433735,136.23188405797103,0.09339252336448599
5.2,0.32,0.25,1.8,0.103,13.0,50.0,0.9957,3.38,0.55,9.2,5,low,red,72.58800000000001,0.07163718520967652,26.0,176.9230769230769,0.5531666666666667
7.8,0.645,0.0,5.5,0.086,5.0,18.0,0.9986,3.4,0.55,9.6,6,medium,red,75.744,0.10297845373891001,27.77777777777778,123.07692307692308,0.18156363636363637
7.8,0.6,0.14,2.4,0.086,3.0,15.0,0.9975,3.42,0.6,10.8,6,medium,red,85.212,0.09153640332347557,20.0,138.46153846153848,0.415625
8.1,0.38,0.28,2.1,0.066,13.0,30.0,0.9968,3.23,0.73,9.7,7,medium,red,76.533,0.10583669789502567,43.333333333333336,119.75308641975309,0.4746666666666667
5.7,1.13,0.09,1.5,0.172,7.0,19.0,0.994,3.5,0.48,9.8,4,low,red,77.322,0.07371770000775976,36.84210526315789,171.9298245614035,0.6626666666666666
7.3,0.45,0.36,5.9,0.074,12.0,87.0,0.9978,3.33,0.83,10.5,5,low,red,82.845,0.08811636188062043,13.793103448275861,143.83561643835617,0.16911864406779661
7.3,0.45,0.36,5.9,0.074,12.0,87.0,0.9978,3.33,0.83,10.5,5,low,red,82.845,0.08811636188062043,13.793103448275861,143.83561643835617,0.16911864406779661
8.8,0.61,0.3,2.8,0.088,17.0,46.0,0.9976,3.26,0.51,9.3,4,low,red,73.37700000000001,0.11992858797715905,36.95652173913043,105.68181818181819,0.3562857142857143
7.5,0.49,0.2,2.6,0.332,8.0,14.0,0.9968,3.21,0.9,10.5,6,medium,red,82.845,0.09053050878145935,57.14285714285714,140.0,0.3833846153846154
8.1,0.66,0.22,2.2,0.069,9.0,23.0,0.9968,3.3,1.2,10.3,5,low,red,81.26700000000001,0.09967145335745135,39.130434782608695,127.16049382716051,0.45309090909090904
6.8,0.67,0.02,1.8,0.05,5.0,11.0,0.9962,3.48,0.52,9.5,5,low,red,74.955,0.09072109932626242,45.45454545454545,139.7058823529412,0.5534444444444444
4.6,0.52,0.15,2.1,0.054,8.0,65.0,0.9934,3.9,0.56,13.1,4,low,red,103.35900000000001,0.044505074545999855,12.307692307692308,284.7826086956522,0.473047619047619
7.7,0.935,0.43,2.2,0.114,22.0,114.0,0.997,3.25,0.73,9.2,5,low,red,72.58800000000001,0.10607813963740562,19.298245614035086,119.48051948051948,0.45318181818181813
8.7,0.29,0.52,1.6,0.113,12.0,37.0,0.9969,3.25,0.58,9.5,5,low,red,74.955,0.11606964178507104,32.432432432432435,109.19540229885058,0.6230625
6.4,0.4,0.23,1.6,0.066,5.0,12.0,0.9958,3.34,0.56,9.2,5,low,red,72.58800000000001,0.0881688433349865,41.66666666666667,143.74999999999997,0.622375
5.6,0.31,0.37,1.4,0.074,12.0,96.0,0.9954,3.32,0.58,9.2,5,low,red,72.58800000000001,0.07714773791811318,12.5,164.28571428571428,0.711
8.8,0.66,0.26,1.7,0.074,4.0,23.0,0.9971,3.15,0.74,9.2,5,low,red,72.58800000000001,0.12123215958560643,17.391304347826086,104.54545454545452,0.5865294117647059
6.6,0.52,0.04,2.2,0.069,8.0,15.0,0.9956,3.4,0.63,9.4,6,medium,red,74.166,0.08898956395113664,53.333333333333336,142.42424242424244,0.45254545454545453
6.6,0.5,0.04,2.1,0.068,6.0,14.0,0.9955,3.39,0.64,9.4,6,medium,red,74.166,0.08898956395113664,42.857142857142854,142.42424242424244,0.47404761904761905
8.6,0.38,0.36,3.0,0.081,30.0,119.0,0.997,3.2,0.56,9.4,5,low,red,74.166,0.1159560984817841,25.210084033613445,109.30232558139537,0.3323333333333333
7.6,0.51,0.15,2.8,0.11,33.0,73.0,0.9955,3.17,0.63,10.2,6,medium,red,80.47800000000001,0.09443574641516934,45.20547945205479,134.21052631578948,0.35553571428571434
7.7,0.62,0.04,3.8,0.084,25.0,45.0,0.9978,3.34,0.53,9.5,5,low,red,74.955,0.10272830364885599,55.55555555555556,123.37662337662339,0.2625789473684211
10.2,0.42,0.57,3.4,0.07,4.0,10.0,0.9971,3.04,0.63,9.6,5,low,red,75.744,0.1346641318124208,40.0,94.11764705882352,0.2932647058823529
7.5,0.63,0.12,5.1,0.111,50.0,110.0,0.9983,3.26,0.77,9.4,5,low,red,74.166,0.101124504489928,45.45454545454545,125.33333333333334,0.1957450980392157
7.8,0.59,0.18,2.3,0.076,17.0,54.0,0.9975,3.43,0.59,10.0,5,low,red,78.9,0.0988593155893536,31.48148148148148,128.2051282051282,0.4336956521739131
7.3,0.39,0.31,2.4,0.074,9.0,46.0,0.9962,3.41,0.54,9.4,6,medium,red,74.166,0.09842785103686326,19.565217391304348,128.76712328767124,0.41508333333333336
8.8,0.4,0.4,2.2,0.079,19.0,52.0,0.998,3.44,0.64,9.2,5,low,red,72.58800000000001,0.12123215958560643,36.53846153846153,104.54545454545452,0.4536363636363636
7.7,0.69,0.49,1.8,0.115,20.0,112.0,0.9968,3.21,0.71,9.3,5,low,red,73.37700000000001,0.10493751448001416,17.857142857142858,120.7792207792208,0.5537777777777778
7.5,0.52,0.16,1.9,0.085,12.0,35.0,0.9968,3.38,0.62,9.5,7,medium,red,74.955,0.10006003602161297,34.285714285714285,126.66666666666666,0.5246315789473684
7.0,0.735,0.05,2.0,0.081,13.0,54.0,0.9966,3.39,0.57,9.8,5,low,red,77.322,0.09053050878145935,24.074074074074073,140.0,0.4983
7.2,0.725,0.05,4.65,0.086,4.0,11.0,0.9962,3.41,0.39,10.9,5,low,red,86.001,0.08371995674468902,36.36363636363637,151.38888888888889,0.21423655913978493
7.2,0.725,0.05,4.65,0.086,4.0,11.0,0.9962,3.41,0.39,10.9,5,low,red,86.001,0.08371995674468902,36.36363636363637,151.38888888888889,0.21423655913978493
7.5,0.52,0.11,1.5,0.079,11.0,39.0,0.9968,3.42,0.58,9.6,5,low,red,75.744,0.09901774397972117,28.205128205128204,128.0,0.6645333333333333
6.6,0.705,0.07,1.6,0.076,6.0,15.0,0.9962,3.44,0.58,10.7,5,low,red,84.423,0.07817774777015742,40.0,162.12121212121212,0.622625
9.3,0.32,0.57,2.0,0.074,27.0,65.0,0.9969,3.28,0.79,10.7,5,low,red,84.423,0.11015955367613092,41.53846153846154,115.0537634408602,0.49845
8.0,0.705,0.05,1.9,0.074,8.0,19.0,0.9962,3.34,0.95,10.5,6,medium,red,82.845,0.09656587603355664,42.10526315789473,131.25,0.5243157894736842
7.7,0.63,0.08,1.9,0.076,15.0,27.0,0.9967,3.32,0.54,9.5,6,medium,red,74.955,0.10272830364885599,55.55555555555556,123.37662337662339,0.5245789473684211
7.7,0.67,0.23,2.1,0.088,17.0,96.0,0.9962,3.32,0.48,9.5,5,low,red,74.955,0.10272830364885599,17.708333333333336,123.37662337662339,0.47438095238095235
7.7,0.69,0.22,1.9,0.084,18.0,94.0,0.9961,3.31,0.48,9.5,5,low,red,74.955,0.10272830364885599,19.148936170212767,123.37662337662339,0.5242631578947369
8.3,0.675,0.26,2.1,0.084,11.0,43.0,0.9976,3.31,0.53,9.2,4,low,red,72.58800000000001,0.11434396870006061,25.581395348837212,110.84337349397589,0.47504761904761905
9.7,0.32,0.54,2.5,0.094,28.0,83.0,0.9984,3.28,0.82,9.6,5,low,red,75.744,0.12806294888043937,33.734939759036145,98.96907216494846,0.39936
8.8,0.41,0.64,2.2,0.093,9.0,42.0,0.9986,3.54,0.66,10.5,5,low,red,82.845,0.10622246363691232,21.428571428571427,119.31818181818181,0.4539090909090909
8.8,0.41,0.64,2.2,0.093,9.0,42.0,0.9986,3.54,0.66,10.5,5,low,red,82.845,0.10622246363691232,21.428571428571427,119.31818181818181,0.4539090909090909
6.8,0.785,0.0,2.4,0.104,14.0,30.0,0.9966,3.52,0.55,10.7,6,medium,red,84.423,0.08054677042985915,46.666666666666664,157.35294117647058,0.41525
6.7,0.75,0.12,2.0,0.086,12.0,80.0,0.9958,3.38,0.52,10.1,5,low,red,79.68900000000001,0.08407684874951372,15.0,150.7462686567164,0.4979
8.3,0.625,0.2,1.5,0.08,27.0,119.0,0.9972,3.16,1.12,9.1,4,low,red,71.799,0.11560049582863272,22.689075630252102,109.63855421686746,0.6648
6.2,0.45,0.2,1.6,0.069,3.0,15.0,0.9958,3.41,0.56,9.2,5,low,red,72.58800000000001,0.08541356698076816,20.0,148.38709677419354,0.622375
7.8,0.43,0.7,1.9,0.464,22.0,67.0,0.9974,3.13,1.28,9.4,5,low,red,74.166,0.10516948466952512,32.83582089552239,120.51282051282053,0.5249473684210526
7.4,0.5,0.47,2.0,0.086,21.0,73.0,0.997,3.36,0.57,9.1,5,low,red,71.799,0.10306550230504603,28.767123287671232,122.97297297297295,0.4985
7.3,0.67,0.26,1.8,0.401,16.0,51.0,0.9969,3.16,1.14,9.4,5,low,red,74.166,0.09842785103686326,31.372549019607842,128.76712328767124,0.5538333333333333
6.3,0.3,0.48,1.8,0.069,18.0,61.0,0.9959,3.44,0.78,10.3,6,medium,red,81.26700000000001,0.07752224150023994,29.508196721311474,163.49206349206352,0.5532777777777778
6.9,0.55,0.15,2.2,0.076,19.0,40.0,0.9961,3.41,0.59,10.1,5,low,red,79.68900000000001,0.08658660542860369,47.5,146.37681159420288,0.4527727272727272
8.6,0.49,0.28,1.9,0.11,20.0,136.0,0.9972,2.93,1.95,9.9,6,medium,red,78.111,0.11009972987159299,14.705882352941178,115.11627906976744,0.5248421052631579
7.7,0.49,0.26,1.9,0.062,9.0,31.0,0.9966,3.39,0.64,9.6,5,low,red,75.744,0.10165821715251373,29.03225806451613,124.67532467532467,0.5245263157894737
9.3,0.39,0.44,2.1,0.107,34.0,125.0,0.9978,3.14,1.22,9.5,5,low,red,74.955,0.1240744446668001,27.200000000000003,102.15053763440861,0.47514285714285714
7.0,0.62,0.08,1.8,0.076,8.0,24.0,0.9978,3.48,0.53,9.0,5,low,red,71.01,0.09857766511758906,33.33333333333333,128.57142857142858,0.5543333333333333
7.9,0.52,0.26,1.9,0.079,42.0,140.0,0.9964,3.23,0.54,9.5,5,low,red,74.955,0.105396571276099,30.0,120.25316455696202,0.5244210526315789
8.6,0.49,0.28,1.9,0.11,20.0,136.0,0.9972,2.93,1.95,9.9,6,medium,red,78.111,0.11009972987159299,14.705882352941178,115.11627906976744,0.5248421052631579
8.6,0.49,0.29,2.0,0.11,19.0,133.0,0.9972,2.93,1.98,9.8,5,low,red,77.322,0.11122319650293577,14.285714285714285,113.95348837209302,0.4986
7.7,0.49,0.26,1.9,0.062,9.0,31.0,0.9966,3.39,0.64,9.6,5,low,red,75.744,0.10165821715251373,29.03225806451613,124.67532467532467,0.5245263157894737
5.0,1.02,0.04,1.4,0.045,41.0,85.0,0.9938,3.75,0.48,10.5,4,low,red,82.845,0.0603536725209729,48.23529411764706,210.0,0.709857142857143
4.7,0.6,0.17,2.3,0.058,17.0,106.0,0.9932,3.85,0.6,12.9,6,medium,red,101.781,0.04617757734744206,16.037735849056602,274.468085106383,0.43182608695652175
6.8,0.775,0.0,3.0,0.102,8.0,23.0,0.9965,3.45,0.56,10.7,5,low,red,84.423,0.08054677042985915,34.78260869565217,157.35294117647058,0.33216666666666667
7.0,0.5,0.25,2.0,0.07,3.0,22.0,0.9963,3.25,0.63,9.2,5,low,red,72.58800000000001,0.09643467239764147,13.636363636363635,131.42857142857142,0.49815
7.6,0.9,0.06,2.5,0.079,5.0,10.0,0.9967,3.39,0.56,9.8,5,low,red,77.322,0.098290266677013,50.0,128.94736842105266,0.39868000000000003
8.1,0.545,0.18,1.9,0.08,13.0,35.0,0.9972,3.3,0.59,9.0,6,medium,red,71.01,0.11406844106463877,37.142857142857146,111.11111111111111,0.5248421052631579
8.3,0.61,0.3,2.1,0.084,11.0,50.0,0.9972,3.4,0.61,10.2,6,medium,red,80.47800000000001,0.10313377569025076,22.0,122.89156626506022,0.4748571428571428
7.8,0.5,0.3,1.9,0.075,8.0,22.0,0.9959,3.31,0.56,10.4,6,medium,red,82.056,0.09505703422053233,36.36363636363637,133.33333333333334,0.5241578947368422
8.1,0.545,0.18,1.9,0.08,13.0,35.0,0.9972,3.3,0.59,9.0,6,medium,red,71.01,0.11406844106463877,37.142857142857146,111.11111111111111,0.5248421052631579
8.1,0.575,0.22,2.1,0.077,12.0,65.0,0.9967,3.29,0.51,9.2,5,low,red,72.58800000000001,0.11158869234584227,18.461538461538463,113.58024691358024,0.4746190476190476
7.2,0.49,0.24,2.2,0.07,5.0,36.0,0.996,3.33,0.48,9.4,5,low,red,74.166,0.09707952431033089,13.88888888888889,130.55555555555557,0.4527272727272727
8.1,0.575,0.22,2.1,0.077,12.0,65.0,0.9967,3.29,0.51,9.2,5,low,red,72.58800000000001,0.11158869234584227,18.461538461538463,113.58024691358024,0.4746190476190476
7.8,0.41,0.68,1.7,0.467,18.0,69.0,0.9973,3.08,1.31,9.3,5,low,red,73.37700000000001,0.10630033934339096,26.08695652173913,119.23076923076925,0.5866470588235294
6.2,0.63,0.31,1.7,0.088,15.0,64.0,0.9969,3.46,0.79,9.3,5,low,red,73.37700000000001,0.08449514152936205,23.4375,150.0,0.5864117647058824
8.0,0.33,0.53,2.5,0.091,18.0,80.0,0.9976,3.37,0.8,9.6,6,medium,red,75.744,0.10561892691170258,22.5,120.0,0.39904
8.1,0.785,0.52,2.0,0.122,37.0,153.0,0.9969,3.21,0.69,9.3,5,low,red,73.37700000000001,0.11038881393352139,24.18300653594771,114.81481481481484,0.49845
7.8,0.56,0.19,1.8,0.104,12.0,47.0,0.9964,3.19,0.93,9.5,5,low,red,74.955,0.10406243746247748,25.53191489361702,121.79487179487181,0.5535555555555555
8.4,0.62,0.09,2.2,0.084,11.0,108.0,0.9964,3.15,0.66,9.8,5,low,red,77.322,0.10863661053775123,10.185185185185185,116.66666666666667,0.4529090909090909
8.4,0.6,0.1,2.2,0.085,14.0,111.0,0.9964,3.15,0.66,9.8,5,low,red,77.322,0.10863661053775123,12.612612612612612,116.66666666666667,0.4529090909090909
10.1,0.31,0.44,2.3,0.08,22.0,46.0,0.9988,3.32,0.67,9.7,6,medium,red,76.533,0.13196921589379745,47.82608695652174,96.03960396039604,0.4342608695652174
7.8,0.56,0.19,1.8,0.104,12.0,47.0,0.9964,3.19,0.93,9.5,5,low,red,74.955,0.10406243746247748,25.53191489361702,121.79487179487181,0.5535555555555555
9.4,0.4,0.31,2.2,0.09,13.0,62.0,0.9966,3.07,0.63,10.5,6,medium,red,82.845,0.11346490433942906,20.967741935483872,111.70212765957446,0.45299999999999996
8.3,0.54,0.28,1.9,0.077,11.0,40.0,0.9978,3.39,0.61,10.0,6,medium,red,78.9,0.10519645120405577,27.500000000000004,120.48192771084337,0.5251578947368422
7.8,0.56,0.12,2.0,0.082,7.0,28.0,0.997,3.37,0.5,9.4,6,medium,red,74.166,0.10516948466952512,25.0,120.51282051282053,0.4985
8.8,0.55,0.04,2.2,0.119,14.0,56.0,0.9962,3.21,0.6,10.9,6,medium,red,86.001,0.10232439157684213,25.0,123.86363636363636,0.4528181818181818
7.0,0.69,0.08,1.8,0.097,22.0,89.0,0.9959,3.34,0.54,9.2,6,medium,red,72.58800000000001,0.09643467239764147,24.719101123595504,131.42857142857142,0.5532777777777778
7.3,1.07,0.09,1.7,0.178,10.0,89.0,0.9962,3.3,0.57,9.0,5,low,red,71.01,0.10280242219405716,11.235955056179774,123.28767123287672,0.586
8.8,0.55,0.04,2.2,0.119,14.0,56.0,0.9962,3.21,0.6,10.9,6,medium,red,86.001,0.10232439157684213,25.0,123.86363636363636,0.4528181818181818
7.3,0.695,0.0,2.5,0.075,3.0,13.0,0.998,3.49,0.52,9.2,5,low,red,72.58800000000001,0.10056758692896896,23.076923076923077,126.02739726027397,0.3992
8.0,0.71,0.0,2.6,0.08,11.0,34.0,0.9976,3.44,0.53,9.5,5,low,red,74.955,0.1067307050897205,32.35294117647059,118.75,0.3836923076923077
7.8,0.5,0.17,1.6,0.082,21.0,102.0,0.996,3.39,0.48,9.5,5,low,red,74.955,0.10406243746247748,20.588235294117645,121.79487179487181,0.6224999999999999
9.0,0.62,0.04,1.9,0.146,27.0,90.0,0.9984,3.16,0.7,9.4,5,low,red,74.166,0.1213494053879136,30.0,104.44444444444446,0.5254736842105263
8.2,1.33,0.0,1.7,0.081,3.0,12.0,0.9964,3.53,0.49,10.9,5,low,red,86.001,0.0953477285147847,25.0,132.9268292682927,0.5861176470588235
8.1,1.33,0.0,1.8,0.082,3.0,12.0,0.9964,3.54,0.48,10.9,5,low,red,86.001,0.09418495133777513,25.0,134.56790123456793,0.5535555555555555
8.0,0.59,0.16,1.8,0.065,3.0,16.0,0.9962,3.42,0.92,10.5,7,medium,red,82.845,0.09656587603355664,18.75,131.25,0.5534444444444444
6.1,0.38,0.15,1.8,0.072,6.0,19.0,0.9955,3.42,0.57,9.4,5,low,red,74.166,0.08224793031847477,31.57894736842105,154.0983606557377,0.5530555555555555
8.0,0.745,0.56,2.0,0.118,30.0,134.0,0.9968,3.24,0.66,9.4,5,low,red,74.166,0.10786613812258987,22.388059701492537,117.5,0.4984
5.6,0.5,0.09,2.3,0.049,17.0,99.0,0.9937,3.63,0.63,13.0,5,low,red,102.57000000000001,0.05459686068051086,17.17171717171717,232.14285714285717,0.4320434782608696
5.6,0.5,0.09,2.3,0.049,17.0,99.0,0.9937,3.63,0.63,13.0,5,low,red,102.57000000000001,0.05459686068051086,17.17171717171717,232.14285714285717,0.4320434782608696
6.6,0.5,0.01,1.5,0.06,17.0,26.0,0.9952,3.4,0.58,9.8,6,medium,red,77.322,0.08535733685109023,65.38461538461539,148.4848484848485,0.6634666666666666
7.9,1.04,0.05,2.2,0.084,13.0,29.0,0.9959,3.22,0.55,9.9,6,medium,red,78.111,0.10113812395181217,44.827586206896555,125.31645569620254,0.45268181818181813
8.4,0.745,0.11,1.9,0.09,16.0,63.0,0.9965,3.19,0.82,9.6,5,low,red,75.744,0.11089987325728771,25.396825396825395,114.28571428571428,0.5244736842105263
8.3,0.715,0.15,1.8,0.089,10.0,52.0,0.9968,3.23,0.77,9.5,5,low,red,74.955,0.11073310653058503,19.230769230769234,114.45783132530119,0.5537777777777778
7.2,0.415,0.36,2.0,0.081,13.0,45.0,0.9972,3.48,0.64,9.2,5,low,red,72.58800000000001,0.0991899487518598,28.888888888888886,127.77777777777777,0.4986
7.8,0.56,0.19,2.1,0.081,15.0,105.0,0.9962,3.33,0.54,9.5,5,low,red,74.955,0.10406243746247748,14.285714285714285,121.79487179487181,0.47438095238095235
7.8,0.56,0.19,2.0,0.081,17.0,108.0,0.9962,3.32,0.54,9.5,5,low,red,74.955,0.10406243746247748,15.74074074074074,121.79487179487181,0.4981
8.4,0.745,0.11,1.9,0.09,16.0,63.0,0.9965,3.19,0.82,9.6,5,low,red,75.744,0.11089987325728771,25.396825396825395,114.28571428571428,0.5244736842105263
8.3,0.715,0.15,1.8,0.089,10.0,52.0,0.9968,3.23,0.77,9.5,5,low,red,74.955,0.11073310653058503,19.230769230769234,114.45783132530119,0.5537777777777778
5.2,0.34,0.0,1.8,0.05,27.0,63.0,0.9916,3.68,0.79,14.0,6,medium,red,110.46000000000001,0.047075864566358865,42.857142857142854,269.2307692307692,0.5508888888888889
6.3,0.39,0.08,1.7,0.066,3.0,20.0,0.9954,3.34,0.58,9.4,5,low,red,74.166,0.08494458377153952,15.0,149.20634920634922,0.5855294117647059
5.2,0.34,0.0,1.8,0.05,27.0,63.0,0.9916,3.68,0.79,14.0,6,medium,red,110.46000000000001,0.047075864566358865,42.857142857142854,269.2307692307692,0.5508888888888889
8.1,0.67,0.55,1.8,0.117,32.0,141.0,0.9968,3.17,0.62,9.4,5,low,red,74.166,0.10921446484912224,22.69503546099291,116.0493827160494,0.5537777777777778
5.8,0.68,0.02,1.8,0.087,21.0,94.0,0.9944,3.54,0.52,10.0,5,low,red,78.9,0.07351077313054499,22.340425531914892,172.41379310344828,0.5524444444444444
7.6,0.49,0.26,1.6,0.236,10.0,88.0,0.9968,3.11,0.8,9.3,5,low,red,73.37700000000001,0.10357468961663735,11.363636363636363,122.36842105263159,0.623
6.9,0.49,0.1,2.3,0.074,12.0,30.0,0.9959,3.42,0.58,10.2,6,medium,red,80.47800000000001,0.08573771714008797,40.0,147.82608695652172,0.43300000000000005
8.2,0.4,0.44,2.8,0.089,11.0,43.0,0.9975,3.53,0.61,10.5,6,medium,red,82.845,0.09898002293439555,25.581395348837212,128.0487804878049,0.35625000000000007
7.3,0.33,0.47,2.1,0.077,5.0,11.0,0.9958,3.33,0.53,10.3,6,medium,red,81.26700000000001,0.08982735919869073,45.45454545454545,141.0958904109589,0.47419047619047616
9.2,0.52,1.0,3.4,0.61,32.0,69.0,0.9996,2.74,2.0,9.4,4,low,red,74.166,0.12404605884097834,46.3768115942029,102.17391304347827,0.29400000000000004
7.5,0.6,0.03,1.8,0.095,25.0,99.0,0.995,3.35,0.54,10.1,5,low,red,79.68900000000001,0.09411587546587358,25.252525252525253,134.66666666666666,0.5527777777777778
7.5,0.6,0.03,1.8,0.095,25.0,99.0,0.995,3.35,0.54,10.1,5,low,red,79.68900000000001,0.09411587546587358,25.252525252525253,134.66666666666666,0.5527777777777778
7.1,0.43,0.42,5.5,0.07,29.0,129.0,0.9973,3.42,0.72,10.5,5,low,red,82.845,0.08570221497978152,22.48062015503876,147.88732394366198,0.18132727272727273
7.1,0.43,0.42,5.5,0.071,28.0,128.0,0.9973,3.42,0.71,10.5,5,low,red,82.845,0.08570221497978152,21.875,147.88732394366198,0.18132727272727273
7.1,0.43,0.42,5.5,0.07,29.0,129.0,0.9973,3.42,0.72,10.5,5,low,red,82.845,0.08570221497978152,22.48062015503876,147.88732394366198,0.18132727272727273
7.1,0.43,0.42,5.5,0.071,28.0,128.0,0.9973,3.42,0.71,10.5,5,low,red,82.845,0.08570221497978152,21.875,147.88732394366198,0.18132727272727273
7.1,0.68,0.0,2.2,0.073,12.0,22.0,0.9969,3.48,0.5,9.3,5,low,red,73.37700000000001,0.09676056529975331,54.54545454545454,130.98591549295776,0.4531363636363636
6.8,0.6,0.18,1.9,0.079,18.0,86.0,0.9968,3.59,0.57,9.3,6,medium,red,73.37700000000001,0.09267209070962289,20.930232558139537,136.76470588235296,0.5246315789473684
7.6,0.95,0.03,2.0,0.09,7.0,20.0,0.9959,3.2,0.56,9.6,5,low,red,75.744,0.10033798056611744,35.0,126.3157894736842,0.49795
7.6,0.68,0.02,1.3,0.072,9.0,20.0,0.9965,3.17,1.08,9.2,4,low,red,72.58800000000001,0.10470050146029646,45.0,121.05263157894737,0.7665384615384615
7.8,0.53,0.04,1.7,0.076,17.0,31.0,0.9964,3.33,0.56,10.0,6,medium,red,78.9,0.0988593155893536,54.83870967741935,128.2051282051282,0.5861176470588235
7.4,0.6,0.26,7.3,0.07,36.0,121.0,0.9982,3.37,0.49,9.4,5,low,red,74.166,0.09977617776339563,29.75206611570248,127.02702702702702,0.13673972602739726
7.3,0.59,0.26,7.2,0.07,35.0,121.0,0.9981,3.37,0.49,9.4,5,low,red,74.166,0.09842785103686326,28.92561983471074,128.76712328767124,0.138625
7.8,0.63,0.48,1.7,0.1,14.0,96.0,0.9961,3.19,0.62,9.5,5,low,red,74.955,0.10406243746247748,14.583333333333334,121.79487179487181,0.5859411764705882
6.8,0.64,0.1,2.1,0.085,18.0,101.0,0.9956,3.34,0.52,10.2,5,low,red,80.47800000000001,0.08449514152936205,17.82178217821782,150.0,0.47409523809523807
7.3,0.55,0.03,1.6,0.072,17.0,42.0,0.9956,3.37,0.48,9.0,4,low,red,71.01,0.10280242219405716,40.476190476190474,123.28767123287672,0.62225
6.8,0.63,0.07,2.1,0.089,11.0,44.0,0.9953,3.47,0.55,10.4,6,medium,red,82.056,0.08287023496148971,25.0,152.94117647058826,0.4739523809523809
7.5,0.705,0.24,1.8,0.36,15.0,63.0,0.9964,3.0,1.59,9.5,5,low,red,74.955,0.10006003602161297,23.809523809523807,126.66666666666666,0.5535555555555555
7.9,0.885,0.03,1.8,0.058,4.0,8.0,0.9972,3.36,0.33,9.1,4,low,red,71.799,0.11002938759592751,50.0,115.18987341772151,0.5539999999999999
8.0,0.42,0.17,2.0,0.073,6.0,18.0,0.9972,3.29,0.61,9.2,6,medium,red,72.58800000000001,0.11021105416873311,33.33333333333333,114.99999999999999,0.4986
8.0,0.42,0.17,2.0,0.073,6.0,18.0,0.9972,3.29,0.61,9.2,6,medium,red,72.58800000000001,0.11021105416873311,33.33333333333333,114.99999999999999,0.4986
7.4,0.62,0.05,1.9,0.068,24.0,42.0,0.9961,3.42,0.57,11.5,6,medium,red,90.735,0.08155618008486251,57.14285714285714,155.4054054054054,0.5242631578947369
7.3,0.38,0.21,2.0,0.08,7.0,35.0,0.9961,3.33,0.47,9.5,5,low,red,74.955,0.09739176839436996,20.0,130.13698630136986,0.49805
6.9,0.5,0.04,1.5,0.085,19.0,49.0,0.9958,3.35,0.78,9.5,5,low,red,74.955,0.09205523313988394,38.775510204081634,137.68115942028984,0.6638666666666667
7.3,0.38,0.21,2.0,0.08,7.0,35.0,0.9961,3.33,0.47,9.5,5,low,red,74.955,0.09739176839436996,20.0,130.13698630136986,0.49805
7.5,0.52,0.42,2.3,0.087,8.0,38.0,0.9972,3.58,0.61,10.5,6,medium,red,82.845,0.09053050878145935,21.052631578947366,140.0,0.4335652173913044
7.0,0.805,0.0,2.5,0.068,7.0,20.0,0.9969,3.48,0.56,9.6,5,low,red,75.744,0.09241656104773975,35.0,137.14285714285714,0.39876
8.8,0.61,0.14,2.4,0.067,10.0,42.0,0.9969,3.19,0.59,9.5,5,low,red,74.955,0.11740377559869256,23.809523809523807,107.95454545454544,0.415375
8.8,0.61,0.14,2.4,0.067,10.0,42.0,0.9969,3.19,0.59,9.5,5,low,red,74.955,0.11740377559869256,23.809523809523807,107.95454545454544,0.415375
8.9,0.61,0.49,2.0,0.27,23.0,110.0,0.9972,3.12,1.02,9.3,5,low,red,73.37700000000001,0.12129141284053585,20.909090909090907,104.49438202247192,0.4986
7.2,0.73,0.02,2.5,0.076,16.0,42.0,0.9972,3.44,0.52,9.3,5,low,red,73.37700000000001,0.09812339016313013,38.095238095238095,129.16666666666669,0.39888
6.8,0.61,0.2,1.8,0.077,11.0,65.0,0.9971,3.54,0.58,9.3,5,low,red,73.37700000000001,0.09267209070962289,16.923076923076923,136.76470588235296,0.5539444444444445
6.7,0.62,0.21,1.9,0.079,8.0,62.0,0.997,3.52,0.58,9.3,6,medium,red,73.37700000000001,0.09130926584624609,12.903225806451612,138.80597014925374,0.5247368421052632
8.9,0.31,0.57,2.0,0.111,26.0,85.0,0.9971,3.26,0.53,9.7,5,low,red,76.533,0.11628970509453439,30.58823529411765,108.98876404494379,0.49855
7.4,0.39,0.48,2.0,0.082,14.0,67.0,0.9972,3.34,0.55,9.2,5,low,red,72.58800000000001,0.10194522510607813,20.8955223880597,124.3243243243243,0.4986
7.7,0.705,0.1,2.6,0.084,9.0,26.0,0.9976,3.39,0.49,9.7,5,low,red,76.533,0.10061019429527132,34.61538461538461,125.97402597402596,0.3836923076923077
7.9,0.5,0.33,2.0,0.084,15.0,143.0,0.9968,3.2,0.55,9.5,5,low,red,74.955,0.105396571276099,10.48951048951049,120.25316455696202,0.4984
7.9,0.49,0.32,1.9,0.082,17.0,144.0,0.9968,3.2,0.55,9.5,5,low,red,74.955,0.105396571276099,11.805555555555555,120.25316455696202,0.5246315789473684
8.2,0.5,0.35,2.9,0.077,21.0,127.0,0.9976,3.23,0.62,9.4,5,low,red,74.166,0.1105627915756546,16.535433070866144,114.63414634146343,0.34400000000000003
6.4,0.37,0.25,1.9,0.074,21.0,49.0,0.9974,3.57,0.62,9.8,6,medium,red,77.322,0.0827707508859057,42.857142857142854,153.125,0.5249473684210526
6.8,0.63,0.12,3.8,0.099,16.0,126.0,0.9969,3.28,0.61,9.5,5,low,red,74.955,0.09072109932626242,12.698412698412698,139.7058823529412,0.26234210526315793
7.6,0.55,0.21,2.2,0.071,7.0,28.0,0.9964,3.28,0.55,9.7,5,low,red,76.533,0.09930356839533272,25.0,127.63157894736841,0.4529090909090909
7.6,0.55,0.21,2.2,0.071,7.0,28.0,0.9964,3.28,0.55,9.7,5,low,red,76.533,0.09930356839533272,25.0,127.63157894736841,0.4529090909090909
7.8,0.59,0.33,2.0,0.074,24.0,120.0,0.9968,3.25,0.54,9.4,5,low,red,74.166,0.10516948466952512,20.0,120.51282051282053,0.4984
7.3,0.58,0.3,2.4,0.074,15.0,55.0,0.9968,3.46,0.59,10.2,5,low,red,80.47800000000001,0.09070801958299161,27.27272727272727,139.72602739726028,0.41533333333333333
11.5,0.3,0.6,2.0,0.067,12.0,27.0,0.9981,3.11,0.97,10.1,6,medium,red,79.68900000000001,0.14431100904767283,44.44444444444444,87.82608695652173,0.49905
5.4,0.835,0.08,1.2,0.046,13.0,93.0,0.9924,3.57,0.85,13.0,7,medium,red,102.57000000000001,0.05264697279906405,13.978494623655912,240.74074074074073,0.827
6.9,1.09,0.06,2.1,0.061,12.0,31.0,0.9948,3.51,0.43,11.4,4,low,red,89.946,0.07671269428323661,38.70967741935484,165.2173913043478,0.4737142857142857
9.6,0.32,0.47,1.4,0.056,9.0,24.0,0.99695,3.22,0.82,10.3,7,medium,red,81.26700000000001,0.11812912990512753,37.5,107.29166666666667,0.7121071428571429
8.8,0.37,0.48,2.1,0.097,39.0,145.0,0.9975,3.04,1.03,9.3,5,low,red,73.37700000000001,0.11992858797715905,26.89655172413793,105.68181818181819,0.475
6.8,0.5,0.11,1.5,0.075,16.0,49.0,0.99545,3.36,0.79,9.5,5,low,red,74.955,0.09072109932626242,32.6530612244898,139.7058823529412,0.6636333333333333
7.0,0.42,0.35,1.6,0.088,16.0,39.0,0.9961,3.34,0.55,9.2,5,low,red,72.58800000000001,0.09643467239764147,41.02564102564102,131.42857142857142,0.6225624999999999
7.0,0.43,0.36,1.6,0.089,14.0,37.0,0.99615,3.34,0.56,9.2,6,medium,red,72.58800000000001,0.09643467239764147,37.83783783783784,131.42857142857142,0.62259375
12.8,0.3,0.74,2.6,0.095,9.0,28.0,0.9994,3.2,0.77,10.8,7,medium,red,85.212,0.1502135849410881,32.142857142857146,84.375,0.3843846153846154
12.8,0.3,0.74,2.6,0.095,9.0,28.0,0.9994,3.2,0.77,10.8,7,medium,red,85.212,0.1502135849410881,32.142857142857146,84.375,0.3843846153846154
7.8,0.57,0.31,1.8,0.069,26.0,120.0,0.99625,3.29,0.53,9.3,5,low,red,73.37700000000001,0.10630033934339096,21.666666666666668,119.23076923076925,0.5534722222222221
7.8,0.44,0.28,2.7,0.1,18.0,95.0,0.9966,3.22,0.67,9.4,5,low,red,74.166,0.10516948466952512,18.947368421052634,120.51282051282053,0.3691111111111111
11.0,0.3,0.58,2.1,0.054,7.0,19.0,0.998,3.31,0.88,10.5,7,medium,red,82.845,0.13277807954614038,36.84210526315789,95.45454545454545,0.47523809523809524
9.7,0.53,0.6,2.0,0.039,5.0,19.0,0.99585,3.3,0.86,12.4,6,medium,red,97.836,0.09914550881066274,26.31578947368421,127.83505154639177,0.497925
8.0,0.725,0.24,2.8,0.083,10.0,62.0,0.99685,3.35,0.56,10.0,6,medium,red,78.9,0.10139416983523447,16.129032258064516,125.0,0.35601785714285716
11.6,0.44,0.64,2.1,0.059,5.0,15.0,0.998,3.21,0.67,10.2,6,medium,red,80.47800000000001,0.14413877084420584,33.33333333333333,87.93103448275862,0.47523809523809524
8.2,0.57,0.26,2.2,0.06,28.0,65.0,0.9959,3.3,0.43,10.1,5,low,red,79.68900000000001,0.10290002384268844,43.07692307692308,123.17073170731707,0.45268181818181813
7.8,0.735,0.08,2.4,0.092,10.0,41.0,0.9974,3.24,0.71,9.8,6,medium,red,77.322,0.10087685264219756,24.390243902439025,125.64102564102566,0.4155833333333333
7.0,0.49,0.49,5.6,0.06,26.0,121.0,0.9974,3.34,0.76,10.5,5,low,red,82.845,0.08449514152936206,21.487603305785125,150.0,0.17810714285714285
8.7,0.625,0.16,2.0,0.101,13.0,49.0,0.9962,3.14,0.57,11.0,5,low,red,86.79,0.10024196335983407,26.53061224489796,126.4367816091954,0.4981
8.1,0.725,0.22,2.2,0.072,11.0,41.0,0.9967,3.36,0.55,9.1,5,low,red,71.799,0.1128149417122801,26.82926829268293,112.34567901234568,0.45304545454545453
7.5,0.49,0.19,1.9,0.076,10.0,44.0,0.9957,3.39,0.54,9.7,5,low,red,76.533,0.09799694249539415,22.727272727272727,129.33333333333331,0.5240526315789474
7.8,0.53,0.33,2.4,0.08,24.0,144.0,0.99655,3.3,0.6,9.5,5,low,red,74.955,0.10406243746247748,16.666666666666664,121.79487179487181,0.4152291666666667
7.8,0.34,0.37,2.0,0.082,24.0,58.0,0.9964,3.34,0.59,9.4,6,medium,red,74.166,0.10516948466952512,41.37931034482759,120.51282051282053,0.4982
7.4,0.53,0.26,2.0,0.101,16.0,72.0,0.9957,3.15,0.57,9.4,5,low,red,74.166,0.09977617776339563,22.22222222222222,127.02702702702702,0.49785
6.8,0.61,0.04,1.5,0.057,5.0,10.0,0.99525,3.42,0.6,9.5,5,low,red,74.955,0.09072109932626242,50.0,139.7058823529412,0.6635
8.6,0.645,0.25,2.0,0.083,8.0,28.0,0.99815,3.28,0.6,10.0,6,medium,red,78.9,0.10899873257287705,28.57142857142857,116.27906976744187,0.499075
8.4,0.635,0.36,2.0,0.089,15.0,55.0,0.99745,3.31,0.57,10.4,4,low,red,82.056,0.10236911377595789,27.27272727272727,123.80952380952381,0.498725
7.7,0.43,0.25,2.6,0.073,29.0,63.0,0.99615,3.37,0.58,10.5,6,medium,red,82.845,0.09294465568229827,46.03174603174603,136.36363636363635,0.38313461538461535
8.9,0.59,0.5,2.0,0.337,27.0,81.0,0.9964,3.04,1.61,9.5,6,medium,red,74.955,0.11873790941231406,33.33333333333333,106.74157303370787,0.4982
9.0,0.82,0.14,2.6,0.089,9.0,23.0,0.9984,3.39,0.63,9.8,5,low,red,77.322,0.11639636843330488,39.130434782608695,108.8888888888889,0.38399999999999995
7.7,0.43,0.25,2.6,0.073,29.0,63.0,0.99615,3.37,0.58,10.5,6,medium,red,82.845,0.09294465568229827,46.03174603174603,136.36363636363635,0.38313461538461535
6.9,0.52,0.25,2.6,0.081,10.0,37.0,0.99685,3.46,0.5,11.0,5,low,red,86.79,0.07950224680262703,27.027027027027028,159.42028985507247,0.38340384615384615
5.2,0.48,0.04,1.6,0.054,19.0,106.0,0.9927,3.54,0.62,12.2,7,medium,red,96.25800000000001,0.054021483928608525,17.92452830188679,234.61538461538458,0.6204375
8.0,0.38,0.06,1.8,0.078,12.0,49.0,0.99625,3.37,0.52,9.9,6,medium,red,78.111,0.1024183533689237,24.489795918367346,123.75,0.5534722222222221
8.5,0.37,0.2,2.8,0.09,18.0,58.0,0.998,3.34,0.7,9.6,6,medium,red,75.744,0.11222010984368398,31.03448275862069,112.94117647058823,0.35642857142857143
6.9,0.52,0.25,2.6,0.081,10.0,37.0,0.99685,3.46,0.5,11.0,5,low,red,86.79,0.07950224680262703,27.027027027027028,159.42028985507247,0.38340384615384615
8.2,1.0,0.09,2.3,0.065,7.0,37.0,0.99685,3.32,0.55,9.0,6,medium,red,71.01,0.11547669342346147,18.91891891891892,109.75609756097562,0.43341304347826093
7.2,0.63,0.0,1.9,0.097,14.0,38.0,0.99675,3.37,0.58,9.0,6,medium,red,71.01,0.10139416983523447,36.84210526315789,125.0,0.5246052631578948
7.2,0.63,0.0,1.9,0.097,14.0,38.0,0.99675,3.37,0.58,9.0,6,medium,red,71.01,0.10139416983523447,36.84210526315789,125.0,0.5246052631578948
7.2,0.645,0.0,1.9,0.097,15.0,39.0,0.99675,3.37,0.58,9.2,6,medium,red,72.58800000000001,0.0991899487518598,38.46153846153847,127.77777777777777,0.5246052631578948
7.2,0.63,0.0,1.9,0.097,14.0,38.0,0.99675,3.37,0.58,9.0,6,medium,red,71.01,0.10139416983523447,36.84210526315789,125.0,0.5246052631578948
8.2,1.0,0.09,2.3,0.065,7.0,37.0,0.99685,3.32,0.55,9.0,6,medium,red,71.01,0.11547669342346147,18.91891891891892,109.75609756097562,0.43341304347826093
8.9,0.635,0.37,1.7,0.263,5.0,62.0,0.9971,3.0,1.09,9.3,5,low,red,73.37700000000001,0.12129141284053585,8.064516129032258,104.49438202247192,0.5865294117647059
12.0,0.38,0.56,2.1,0.093,6.0,24.0,0.99925,3.14,0.71,10.9,6,medium,red,86.001,0.13953326124114834,25.0,90.83333333333333,0.4758333333333333
7.7,0.58,0.1,1.8,0.102,28.0,109.0,0.99565,3.08,0.49,9.8,6,medium,red,77.322,0.09958355965960529,25.688073394495415,127.27272727272727,0.5531388888888888
15.0,0.21,0.44,2.2,0.075,10.0,24.0,1.00005,3.07,0.84,9.2,7,medium,red,72.58800000000001,0.2066457265663746,41.66666666666667,61.33333333333333,0.4545681818181818
15.0,0.21,0.44,2.2,0.075,10.0,24.0,1.00005,3.07,0.84,9.2,7,medium,red,72.58800000000001,0.2066457265663746,41.66666666666667,61.33333333333333,0.4545681818181818
7.3,0.66,0.0,2.0,0.084,6.0,23.0,0.9983,3.61,0.96,9.9,6,medium,red,78.111,0.09345674744914288,26.08695652173913,135.6164383561644,0.49915
7.1,0.68,0.07,1.9,0.075,16.0,51.0,0.99685,3.38,0.52,9.5,5,low,red,74.955,0.09472350076712693,31.372549019607842,133.80281690140845,0.5246578947368421
8.2,0.6,0.17,2.3,0.072,11.0,73.0,0.9963,3.2,0.45,9.3,5,low,red,73.37700000000001,0.11175163879689819,15.068493150684931,113.41463414634147,0.4331739130434783
7.7,0.53,0.06,1.7,0.074,9.0,39.0,0.99615,3.35,0.48,9.8,6,medium,red,77.322,0.09958355965960529,23.076923076923077,127.27272727272727,0.5859705882352941
7.3,0.66,0.0,2.0,0.084,6.0,23.0,0.9983,3.61,0.96,9.9,6,medium,red,78.111,0.09345674744914288,26.08695652173913,135.6164383561644,0.49915
10.8,0.32,0.44,1.6,0.063,16.0,37.0,0.9985,3.22,0.78,10.0,6,medium,red,78.9,0.13688212927756654,43.24324324324324,92.59259259259258,0.6240625
7.1,0.6,0.0,1.8,0.074,16.0,34.0,0.9972,3.47,0.7,9.9,6,medium,red,78.111,0.09089628861491979,47.05882352941176,139.43661971830988,0.5539999999999999
11.1,0.35,0.48,3.1,0.09,5.0,21.0,0.9986,3.17,0.53,10.5,5,low,red,82.845,0.13398515299655983,23.809523809523807,94.5945945945946,0.3221290322580645
7.7,0.775,0.42,1.9,0.092,8.0,86.0,0.9959,3.23,0.59,9.5,5,low,red,74.955,0.10272830364885599,9.30232558139535,123.37662337662339,0.5241578947368422
7.1,0.6,0.0,1.8,0.074,16.0,34.0,0.9972,3.47,0.7,9.9,6,medium,red,78.111,0.09089628861491979,47.05882352941176,139.43661971830988,0.5539999999999999
8.0,0.57,0.23,3.2,0.073,17.0,119.0,0.99675,3.26,0.57,9.3,5,low,red,73.37700000000001,0.10902598907014459,14.285714285714285,116.25000000000001,0.311484375
9.4,0.34,0.37,2.2,0.075,5.0,13.0,0.998,3.22,0.62,9.2,5,low,red,72.58800000000001,0.1294979886482614,38.46153846153847,97.8723404255319,0.4536363636363636
6.6,0.695,0.0,2.1,0.075,12.0,56.0,0.9968,3.49,0.67,9.2,5,low,red,72.58800000000001,0.09092411968920482,21.428571428571427,139.39393939393938,0.4746666666666667
7.7,0.41,0.76,1.8,0.611,8.0,45.0,0.9968,3.06,1.26,9.4,5,low,red,74.166,0.10382115794299275,17.77777777777778,122.07792207792207,0.5537777777777778
10.0,0.31,0.47,2.6,0.085,14.0,33.0,0.99965,3.36,0.8,10.5,7,medium,red,82.845,0.1207073450419458,42.42424242424242,105.0,0.38448076923076924
7.9,0.33,0.23,1.7,0.077,18.0,45.0,0.99625,3.29,0.65,9.3,5,low,red,73.37700000000001,0.10766316420676778,40.0,117.72151898734178,0.5860294117647059
7.0,0.975,0.04,2.0,0.087,12.0,67.0,0.99565,3.35,0.6,9.4,4,low,red,74.166,0.09438287085726614,17.91044776119403,134.2857142857143,0.497825
8.0,0.52,0.03,1.7,0.07,10.0,35.0,0.99575,3.34,0.57,10.0,5,low,red,78.9,0.10139416983523447,28.57142857142857,125.0,0.5857352941176471
7.9,0.37,0.23,1.8,0.077,23.0,49.0,0.9963,3.28,0.67,9.3,5,low,red,73.37700000000001,0.10766316420676778,46.93877551020408,117.72151898734178,0.5535
12.5,0.56,0.49,2.4,0.064,5.0,27.0,0.9999,3.08,0.87,10.9,5,low,red,86.001,0.1453471471261962,18.51851851851852,87.2,0.416625
11.8,0.26,0.52,1.8,0.071,6.0,10.0,0.9968,3.2,0.72,10.2,7,medium,red,80.47800000000001,0.1466239220656577,60.0,86.44067796610169,0.5537777777777778
8.1,0.87,0.0,3.3,0.096,26.0,61.0,1.00025,3.6,0.72,9.8,4,low,red,77.322,0.10475673158997438,42.62295081967213,120.98765432098766,0.30310606060606066
7.9,0.35,0.46,3.6,0.078,15.0,37.0,0.9973,3.35,0.86,12.8,8,high,red,100.992,0.07822401774397972,40.54054054054054,162.0253164556962,0.27702777777777776
6.9,0.54,0.04,3.0,0.077,7.0,27.0,0.9987,3.69,0.91,9.4,6,medium,red,74.166,0.09303454413073377,25.925925925925924,136.23188405797103,0.33290000000000003
11.5,0.18,0.51,4.0,0.104,4.0,23.0,0.9996,3.28,0.97,10.1,6,medium,red,79.68900000000001,0.14431100904767283,17.391304347826086,87.82608695652173,0.2499
7.9,0.545,0.06,4.0,0.087,27.0,61.0,0.9965,3.36,0.67,10.7,6,medium,red,84.423,0.09357639505821873,44.26229508196721,135.44303797468353,0.249125
11.5,0.18,0.51,4.0,0.104,4.0,23.0,0.9996,3.28,0.97,10.1,6,medium,red,79.68900000000001,0.14431100904767283,17.391304347826086,87.82608695652173,0.2499
10.9,0.37,0.58,4.0,0.071,17.0,65.0,0.99935,3.22,0.78,10.1,5,low,red,79.68900000000001,0.13678173901040294,26.153846153846157,92.66055045871559,0.2498375
8.4,0.715,0.2,2.4,0.076,10.0,38.0,0.99735,3.31,0.64,9.4,5,low,red,74.166,0.11325944502871937,26.31578947368421,111.90476190476191,0.4155625
7.5,0.65,0.18,7.0,0.088,27.0,94.0,0.99915,3.38,0.77,9.4,5,low,red,74.166,0.101124504489928,28.723404255319153,125.33333333333334,0.14273571428571427
7.9,0.545,0.06,4.0,0.087,27.0,61.0,0.9965,3.36,0.67,10.7,6,medium,red,84.423,0.09357639505821873,44.26229508196721,135.44303797468353,0.249125
6.9,0.54,0.04,3.0,0.077,7.0,27.0,0.9987,3.69,0.91,9.4,6,medium,red,74.166,0.09303454413073377,25.925925925925924,136.23188405797103,0.33290000000000003
11.5,0.18,0.51,4.0,0.104,4.0,23.0,0.9996,3.28,0.97,10.1,6,medium,red,79.68900000000001,0.14431100904767283,17.391304347826086,87.82608695652173,0.2499
10.3,0.32,0.45,6.4,0.073,5.0,13.0,0.9976,3.23,0.82,12.6,8,high,red,99.414,0.10360713782767016,38.46153846153847,122.33009708737863,0.15587499999999999
8.9,0.4,0.32,5.6,0.087,10.0,47.0,0.9991,3.38,0.77,10.5,7,medium,red,82.845,0.10742953708733177,21.27659574468085,117.97752808988764,0.17841071428571428
11.4,0.26,0.44,3.6,0.071,6.0,19.0,0.9986,3.12,0.82,9.3,6,medium,red,73.37700000000001,0.15536203442495602,31.57894736842105,81.57894736842105,0.2773888888888889
7.7,0.27,0.68,3.5,0.358,5.0,10.0,0.9972,3.25,1.08,9.9,7,medium,red,78.111,0.09857766511758907,50.0,128.57142857142858,0.28491428571428573
7.6,0.52,0.12,3.0,0.067,12.0,53.0,0.9971,3.36,0.57,9.1,5,low,red,71.799,0.10585105642139861,22.641509433962266,119.73684210526316,0.33236666666666664
8.9,0.4,0.32,5.6,0.087,10.0,47.0,0.9991,3.38,0.77,10.5,7,medium,red,82.845,0.10742953708733177,21.27659574468085,117.97752808988764,0.17841071428571428
9.9,0.59,0.07,3.4,0.102,32.0,71.0,1.00015,3.31,0.71,9.8,5,low,red,77.322,0.12803600527663536,45.07042253521127,98.98989898989899,0.2941617647058824
9.9,0.59,0.07,3.4,0.102,32.0,71.0,1.00015,3.31,0.71,9.8,5,low,red,77.322,0.12803600527663536,45.07042253521127,98.98989898989899,0.2941617647058824
12.0,0.45,0.55,2.0,0.073,25.0,49.0,0.9997,3.1,0.76,10.3,6,medium,red,81.26700000000001,0.1476614123814094,51.02040816326531,85.83333333333334,0.49985
7.5,0.4,0.12,3.0,0.092,29.0,53.0,0.9967,3.37,0.7,10.3,6,medium,red,81.26700000000001,0.09228838273838089,54.71698113207547,137.33333333333334,0.3322333333333333
8.7,0.52,0.09,2.5,0.091,20.0,49.0,0.9976,3.34,0.86,10.6,7,medium,red,83.634,0.10402467895831838,40.816326530612244,121.83908045977012,0.39904
11.6,0.42,0.53,3.3,0.105,33.0,98.0,1.001,3.2,0.95,9.2,5,low,red,72.58800000000001,0.159806028544663,33.6734693877551,79.31034482758619,0.30333333333333334
8.7,0.52,0.09,2.5,0.091,20.0,49.0,0.9976,3.34,0.86,10.6,7,medium,red,83.634,0.10402467895831838,40.816326530612244,121.83908045977012,0.39904
11.0,0.2,0.48,2.0,0.343,6.0,18.0,0.9979,3.3,0.71,10.5,5,low,red,82.845,0.13277807954614038,33.33333333333333,95.45454545454545,0.49895
10.4,0.55,0.23,2.7,0.091,18.0,48.0,0.9994,3.22,0.64,10.3,6,medium,red,81.26700000000001,0.12797322406388817,37.5,99.03846153846155,0.3701481481481481
6.9,0.36,0.25,2.4,0.098,5.0,16.0,0.9964,3.41,0.6,10.1,6,medium,red,79.68900000000001,0.08658660542860369,31.25,146.37681159420288,0.4151666666666667
13.3,0.34,0.52,3.2,0.094,17.0,53.0,1.0014,3.05,0.81,9.5,6,medium,red,74.955,0.17743979721166034,32.075471698113205,71.42857142857143,0.3129375
10.8,0.5,0.46,2.5,0.073,5.0,27.0,1.0001,3.05,0.64,9.5,5,low,red,74.955,0.14408645187112268,18.51851851851852,87.96296296296295,0.40004
10.6,0.83,0.37,2.6,0.086,26.0,70.0,0.9981,3.16,0.52,9.9,5,low,red,78.111,0.1357043182138239,37.142857142857146,93.39622641509435,0.3838846153846154
7.1,0.63,0.06,2.0,0.083,8.0,29.0,0.99855,3.67,0.73,9.6,5,low,red,75.744,0.09373679763413603,27.586206896551722,135.2112676056338,0.499275
7.2,0.65,0.02,2.3,0.094,5.0,31.0,0.9993,3.67,0.8,9.7,5,low,red,76.533,0.09407706479557838,16.129032258064516,134.7222222222222,0.43447826086956526
6.9,0.67,0.06,2.1,0.08,8.0,33.0,0.99845,3.68,0.71,9.6,5,low,red,75.744,0.09109632446134348,24.242424242424242,139.1304347826087,0.4754523809523809
7.5,0.53,0.06,2.6,0.086,20.0,44.0,0.9965,3.38,0.59,10.7,6,medium,red,84.423,0.08883834973881526,45.45454545454545,142.66666666666666,0.38326923076923075
11.1,0.18,0.48,1.5,0.068,7.0,15.0,0.9973,3.22,0.64,10.1,6,medium,red,79.68900000000001,0.1392914956894929,46.666666666666664,90.990990990991,0.6648666666666666
8.3,0.705,0.12,2.6,0.092,12.0,28.0,0.9994,3.51,0.72,10.0,5,low,red,78.9,0.10519645120405577,42.857142857142854,120.48192771084337,0.3843846153846154
7.4,0.67,0.12,1.6,0.186,5.0,21.0,0.996,3.39,0.54,9.5,5,low,red,74.955,0.09872590220799146,23.809523809523807,128.3783783783784,0.6224999999999999
8.4,0.65,0.6,2.1,0.112,12.0,90.0,0.9973,3.2,0.52,9.2,5,low,red,72.58800000000001,0.11572160687716977,13.333333333333334,109.52380952380952,0.4749047619047619
10.3,0.53,0.48,2.5,0.063,6.0,25.0,0.9998,3.12,0.59,9.3,6,medium,red,73.37700000000001,0.14037096092781115,24.0,90.29126213592234,0.39992
7.6,0.62,0.32,2.2,0.082,7.0,54.0,0.9966,3.36,0.52,9.4,5,low,red,74.166,0.10247283121646038,12.962962962962962,123.6842105263158,0.45299999999999996
10.3,0.41,0.42,2.4,0.213,6.0,14.0,0.9994,3.19,0.62,9.5,6,medium,red,74.955,0.13741578280301517,42.857142857142854,92.23300970873785,0.41641666666666666
10.3,0.43,0.44,2.4,0.214,5.0,12.0,0.9994,3.19,0.63,9.5,6,medium,red,74.955,0.13741578280301517,41.66666666666667,92.23300970873785,0.41641666666666666
7.4,0.29,0.38,1.7,0.062,9.0,30.0,0.9968,3.41,0.53,9.5,6,medium,red,74.955,0.09872590220799146,30.0,128.3783783783784,0.5863529411764706
10.3,0.53,0.48,2.5,0.063,6.0,25.0,0.9998,3.12,0.59,9.3,6,medium,red,73.37700000000001,0.14037096092781115,24.0,90.29126213592234,0.39992
7.9,0.53,0.24,2.0,0.072,15.0,105.0,0.996,3.27,0.54,9.4,6,medium,red,74.166,0.1065178113960575,14.285714285714285,118.9873417721519,0.498
9.0,0.46,0.31,2.8,0.093,19.0,98.0,0.99815,3.32,0.63,9.5,6,medium,red,74.955,0.12007204322593557,19.387755102040817,105.55555555555556,0.35648214285714286
8.6,0.47,0.3,3.0,0.076,30.0,135.0,0.9976,3.3,0.53,9.4,5,low,red,74.166,0.1159560984817841,22.22222222222222,109.30232558139537,0.33253333333333335
7.4,0.36,0.29,2.6,0.087,26.0,72.0,0.99645,3.39,0.68,11.0,5,low,red,86.79,0.08526327917962899,36.11111111111111,148.64864864864865,0.38325
7.1,0.35,0.29,2.5,0.096,20.0,53.0,0.9962,3.42,0.65,11.0,6,medium,red,86.79,0.08180665975342781,37.735849056603776,154.92957746478874,0.39848
9.6,0.56,0.23,3.4,0.102,37.0,92.0,0.9996,3.3,0.65,10.1,5,low,red,79.68900000000001,0.12046832059631817,40.21739130434783,105.20833333333333,0.29400000000000004
9.6,0.77,0.12,2.9,0.082,30.0,74.0,0.99865,3.3,0.64,10.4,6,medium,red,82.056,0.11699327288680901,40.54054054054054,108.33333333333334,0.34436206896551724
9.8,0.66,0.39,3.2,0.083,21.0,59.0,0.9989,3.37,0.71,11.5,7,medium,red,90.735,0.10800683308535847,35.59322033898305,117.3469387755102,0.31215624999999997
9.6,0.77,0.12,2.9,0.082,30.0,74.0,0.99865,3.3,0.64,10.4,6,medium,red,82.056,0.11699327288680901,40.54054054054054,108.33333333333334,0.34436206896551724
9.8,0.66,0.39,3.2,0.083,21.0,59.0,0.9989,3.37,0.71,11.5,7,medium,red,90.735,0.10800683308535847,35.59322033898305,117.3469387755102,0.31215624999999997
9.3,0.61,0.26,3.4,0.09,25.0,87.0,0.99975,3.24,0.62,9.7,5,low,red,76.533,0.12151620869428875,28.735632183908045,104.30107526881717,0.29404411764705884
7.8,0.62,0.05,2.3,0.079,6.0,18.0,0.99735,3.29,0.63,9.3,5,low,red,73.37700000000001,0.10630033934339096,33.33333333333333,119.23076923076925,0.4336304347826087
10.3,0.59,0.42,2.8,0.09,35.0,73.0,0.999,3.28,0.7,9.5,6,medium,red,74.955,0.13741578280301517,47.94520547945205,92.23300970873785,0.3567857142857143
10.0,0.49,0.2,11.0,0.071,13.0,50.0,1.0015,3.16,0.69,9.2,6,medium,red,72.58800000000001,0.1377638177109164,26.0,92.0,0.09104545454545455
10.0,0.49,0.2,11.0,0.071,13.0,50.0,1.0015,3.16,0.69,9.2,6,medium,red,72.58800000000001,0.1377638177109164,26.0,92.0,0.09104545454545455
11.6,0.53,0.66,3.65,0.121,6.0,14.0,0.9978,3.05,0.74,11.5,7,medium,red,90.735,0.12784482283573043,42.857142857142854,99.13793103448276,0.27336986301369864
10.3,0.44,0.5,4.5,0.107,5.0,13.0,0.998,3.28,0.83,11.5,5,low,red,90.735,0.11351738579379513,38.46153846153847,111.6504854368932,0.22177777777777777
13.4,0.27,0.62,2.6,0.082,6.0,21.0,1.0002,3.16,0.67,9.7,6,medium,red,76.533,0.17508787059177086,28.57142857142857,72.38805970149254,0.38469230769230767
10.7,0.46,0.39,2.0,0.061,7.0,15.0,0.9981,3.18,0.62,9.5,5,low,red,74.955,0.14275231805750116,46.666666666666664,88.78504672897198,0.49905
10.2,0.36,0.64,2.9,0.122,10.0,41.0,0.998,3.23,0.66,12.5,6,medium,red,98.625,0.10342205323193916,24.390243902439025,122.54901960784315,0.34413793103448276
10.2,0.36,0.64,2.9,0.122,10.0,41.0,0.998,3.23,0.66,12.5,6,medium,red,98.625,0.10342205323193916,24.390243902439025,122.54901960784315,0.34413793103448276
8.0,0.58,0.28,3.2,0.066,21.0,114.0,0.9973,3.22,0.54,9.4,6,medium,red,74.166,0.10786613812258987,18.421052631578945,117.5,0.31165624999999997
8.4,0.56,0.08,2.1,0.105,16.0,44.0,0.9958,3.13,0.52,11.0,5,low,red,86.79,0.0967853439336329,36.36363636363637,130.95238095238096,0.47419047619047616
7.9,0.65,0.01,2.5,0.078,17.0,38.0,0.9963,3.34,0.74,11.7,7,medium,red,92.313,0.0855784125746103,44.73684210526316,148.1012658227848,0.39852
11.9,0.695,0.53,3.4,0.128,7.0,21.0,0.9992,3.17,0.84,12.2,7,medium,red,96.25800000000001,0.12362608822123874,33.33333333333333,102.52100840336134,0.2938823529411765
8.9,0.43,0.45,1.9,0.052,6.0,16.0,0.9948,3.35,0.7,12.5,6,medium,red,98.625,0.09024081115335869,37.5,140.44943820224717,0.523578947368421
7.8,0.43,0.32,2.8,0.08,29.0,58.0,0.9974,3.31,0.64,10.3,5,low,red,81.26700000000001,0.09597991804791611,50.0,132.05128205128207,0.3562142857142857
12.4,0.49,0.58,3.0,0.103,28.0,99.0,1.0008,3.16,1.0,11.5,6,medium,red,90.735,0.13666170716922907,28.28282828282828,92.74193548387096,0.33359999999999995
12.5,0.28,0.54,2.3,0.082,12.0,29.0,0.9997,3.11,1.36,9.8,7,medium,red,77.322,0.16166162282403454,41.37931034482759,78.4,0.4346521739130435
12.2,0.34,0.5,2.4,0.066,10.0,21.0,1.0,3.12,1.18,9.2,6,medium,red,72.58800000000001,0.168071857607318,47.61904761904761,75.40983606557377,0.4166666666666667
10.6,0.42,0.48,2.7,0.065,5.0,18.0,0.9972,3.21,0.87,11.3,6,medium,red,89.15700000000001,0.11889139383335014,27.77777777777778,106.60377358490567,0.3693333333333333
10.9,0.39,0.47,1.8,0.118,6.0,14.0,0.9982,3.3,0.75,9.8,6,medium,red,77.322,0.14096893510255815,42.857142857142854,89.90825688073394,0.5545555555555556
10.9,0.39,0.47,1.8,0.118,6.0,14.0,0.9982,3.3,0.75,9.8,6,medium,red,77.322,0.14096893510255815,42.857142857142854,89.90825688073394,0.5545555555555556
11.9,0.57,0.5,2.6,0.082,6.0,32.0,1.0006,3.12,0.78,10.7,6,medium,red,84.423,0.14095684825225355,18.75,89.91596638655462,0.3848461538461538
7.0,0.685,0.0,1.9,0.067,40.0,63.0,0.9979,3.6,0.81,9.9,5,low,red,78.111,0.08961605919780824,63.49206349206349,141.42857142857144,0.5252105263157895
6.6,0.815,0.02,2.7,0.072,17.0,34.0,0.9955,3.58,0.89,12.3,7,medium,red,97.04700000000001,0.06800828464558409,50.0,186.36363636363637,0.3687037037037037
13.8,0.49,0.67,3.0,0.093,6.0,15.0,0.9986,3.02,0.93,12.0,6,medium,red,94.68,0.14575411913814956,40.0,86.95652173913044,0.3328666666666667
9.6,0.56,0.31,2.8,0.089,15.0,46.0,0.9979,3.11,0.92,10.0,6,medium,red,78.9,0.12167300380228135,32.608695652173914,104.16666666666667,0.3563928571428572
9.1,0.785,0.0,2.6,0.093,11.0,28.0,0.9994,3.36,0.86,9.4,6,medium,red,74.166,0.12269773211444597,39.285714285714285,103.29670329670331,0.3843846153846154
10.7,0.67,0.22,2.7,0.107,17.0,34.0,1.0004,3.28,0.98,9.9,6,medium,red,78.111,0.13698454763093545,50.0,92.52336448598132,0.37051851851851847
9.1,0.795,0.0,2.6,0.096,11.0,26.0,0.9994,3.35,0.83,9.4,6,medium,red,74.166,0.12269773211444597,42.30769230769231,103.29670329670331,0.3843846153846154
7.7,0.665,0.0,2.4,0.09,8.0,19.0,0.9974,3.27,0.73,9.3,5,low,red,73.37700000000001,0.10493751448001416,42.10526315789473,120.7792207792208,0.4155833333333333
13.5,0.53,0.79,4.8,0.12,23.0,77.0,1.0018,3.18,0.77,13.0,5,low,red,102.57000000000001,0.13161743199766013,29.87012987012987,96.29629629629629,0.20870833333333336
6.1,0.21,0.4,1.4,0.066,40.5,165.0,0.9912,3.25,0.59,11.9,6,medium,red,93.891,0.064968953360812,24.545454545454547,195.08196721311478,0.7080000000000001
6.7,0.75,0.01,2.4,0.078,17.0,32.0,0.9955,3.55,0.61,12.8,6,medium,red,100.992,0.06634188846641317,53.125,191.04477611940297,0.4147916666666667
11.5,0.41,0.52,3.0,0.08,29.0,55.0,1.0001,3.26,0.88,11.0,5,low,red,86.79,0.13250374467104503,52.72727272727272,95.65217391304348,0.33336666666666664
10.5,0.42,0.66,2.95,0.116,12.0,29.0,0.997,3.24,0.75,11.7,7,medium,red,92.313,0.11374345975106431,41.37931034482759,111.42857142857143,0.33796610169491526
11.9,0.43,0.66,3.1,0.109,10.0,23.0,1.0,3.15,0.85,10.4,7,medium,red,82.056,0.14502291118260702,43.47826086956522,87.39495798319328,0.3225806451612903
12.6,0.38,0.66,2.6,0.088,10.0,41.0,1.001,3.17,0.68,9.8,6,medium,red,77.322,0.16295491580662683,24.390243902439025,77.77777777777779,0.38499999999999995
8.2,0.7,0.23,2.0,0.099,14.0,81.0,0.9973,3.19,0.7,9.4,5,low,red,74.166,0.1105627915756546,17.28395061728395,114.63414634146343,0.49865
8.6,0.45,0.31,2.6,0.086,21.0,50.0,0.9982,3.37,0.91,9.9,6,medium,red,78.111,0.11009972987159299,42.0,115.11627906976744,0.3839230769230769
11.9,0.58,0.66,2.5,0.072,6.0,37.0,0.9992,3.05,0.56,10.0,5,low,red,78.9,0.15082382762991128,16.216216216216218,84.03361344537815,0.39968
12.5,0.46,0.63,2.0,0.071,6.0,15.0,0.9988,2.99,0.87,10.2,5,low,red,80.47800000000001,0.15532195134073906,40.0,81.6,0.4994
12.8,0.615,0.66,5.8,0.083,7.0,42.0,1.0022,3.07,0.73,10.0,7,medium,red,78.9,0.16223067173637515,16.666666666666664,78.125,0.17279310344827586
10.0,0.42,0.5,3.4,0.107,7.0,21.0,0.9979,3.26,0.93,11.8,6,medium,red,93.102,0.10740907821529075,33.33333333333333,118.00000000000001,0.2935
12.8,0.615,0.66,5.8,0.083,7.0,42.0,1.0022,3.07,0.73,10.0,7,medium,red,78.9,0.16223067173637515,16.666666666666664,78.125,0.17279310344827586
10.4,0.575,0.61,2.6,0.076,11.0,24.0,1.0,3.16,0.69,9.0,5,low,red,71.01,0.1464582453175609,45.83333333333333,86.53846153846153,0.3846153846153846
10.3,0.34,0.52,2.8,0.159,15.0,75.0,0.9998,3.18,0.64,9.4,5,low,red,74.166,0.13887765283283446,20.0,91.26213592233009,0.3570714285714286
9.4,0.27,0.53,2.4,0.074,6.0,18.0,0.9962,3.2,1.13,12.0,7,medium,red,94.68,0.09928179129700042,33.33333333333333,127.6595744680851,0.41508333333333336
6.9,0.765,0.02,2.3,0.063,35.0,63.0,0.9975,3.57,0.78,9.9,5,low,red,78.111,0.0883358297806967,55.55555555555556,143.47826086956522,0.4336956521739131
7.9,0.24,0.4,1.6,0.056,11.0,25.0,0.9967,3.32,0.87,8.7,6,medium,red,68.643,0.11508821001413108,44.0,110.126582278481,0.6229375
9.1,0.28,0.48,1.8,0.067,26.0,46.0,0.9967,3.32,1.04,10.6,6,medium,red,83.634,0.10880742281847096,56.52173913043478,116.4835164835165,0.5537222222222222
7.4,0.55,0.22,2.2,0.106,12.0,72.0,0.9959,3.05,0.63,9.2,5,low,red,72.58800000000001,0.10194522510607813,16.666666666666664,124.3243243243243,0.45268181818181813
14.0,0.41,0.63,3.8,0.089,6.0,47.0,1.0014,3.01,0.81,10.8,6,medium,red,85.212,0.16429610852931512,12.76595744680851,77.14285714285715,0.2635263157894737
11.5,0.54,0.71,4.4,0.124,6.0,15.0,0.9984,3.01,0.83,11.8,7,medium,red,93.102,0.12352043994758437,40.0,102.60869565217392,0.2269090909090909
11.5,0.45,0.5,3.0,0.078,19.0,47.0,1.0003,3.26,1.11,11.0,6,medium,red,86.79,0.13250374467104503,40.42553191489361,95.65217391304348,0.3334333333333333
9.4,0.27,0.53,2.4,0.074,6.0,18.0,0.9962,3.2,1.13,12.0,7,medium,red,94.68,0.09928179129700042,33.33333333333333,127.6595744680851,0.41508333333333336
11.4,0.625,0.66,6.2,0.088,6.0,24.0,0.9988,3.11,0.99,13.3,6,medium,red,104.937,0.10863661053775123,25.0,116.66666666666667,0.1610967741935484
8.3,0.42,0.38,2.5,0.094,24.0,60.0,0.9979,3.31,0.7,10.8,6,medium,red,85.212,0.09740412148523682,40.0,130.12048192771084,0.39916
8.3,0.26,0.42,2.0,0.08,11.0,27.0,0.9974,3.21,0.8,9.4,6,medium,red,74.166,0.111911118302187,40.74074074074074,113.25301204819276,0.4987
13.7,0.415,0.68,2.9,0.085,17.0,43.0,1.0014,3.06,0.8,10.0,6,medium,red,78.9,0.173637515842839,39.53488372093023,72.99270072992701,0.34531034482758627
8.3,0.26,0.42,2.0,0.08,11.0,27.0,0.9974,3.21,0.8,9.4,6,medium,red,74.166,0.111911118302187,40.74074074074074,113.25301204819276,0.4987
8.3,0.26,0.42,2.0,0.08,11.0,27.0,0.9974,3.21,0.8,9.4,6,medium,red,74.166,0.111911118302187,40.74074074074074,113.25301204819276,0.4987
7.7,0.51,0.28,2.1,0.087,23.0,54.0,0.998,3.42,0.74,9.2,5,low,red,72.58800000000001,0.10607813963740562,42.592592592592595,119.48051948051948,0.47523809523809524
7.4,0.63,0.07,2.4,0.09,11.0,37.0,0.9979,3.43,0.76,9.7,6,medium,red,76.533,0.09669031659545556,29.72972972972973,131.08108108108107,0.41579166666666667
7.8,0.54,0.26,2.0,0.088,23.0,48.0,0.9981,3.41,0.74,9.2,6,medium,red,72.58800000000001,0.10745577781451478,47.91666666666667,117.94871794871796,0.49905
8.3,0.66,0.15,1.9,0.079,17.0,42.0,0.9972,3.31,0.54,9.6,6,medium,red,75.744,0.10957963667089143,40.476190476190474,115.66265060240963,0.5248421052631579
7.8,0.46,0.26,1.9,0.088,23.0,53.0,0.9981,3.43,0.74,9.2,6,medium,red,72.58800000000001,0.10745577781451478,43.39622641509434,117.94871794871796,0.5253157894736842
9.6,0.38,0.31,2.5,0.096,16.0,49.0,0.9982,3.19,0.7,10.0,7,medium,red,78.9,0.12167300380228135,32.6530612244898,104.16666666666667,0.39927999999999997
5.6,0.85,0.05,1.4,0.045,12.0,88.0,0.9924,3.56,0.82,12.9,8,high,red,101.781,0.05502009215865436,13.636363636363635,230.3571428571429,0.7088571428571429
13.7,0.415,0.68,2.9,0.085,17.0,43.0,1.0014,3.06,0.8,10.0,6,medium,red,78.9,0.173637515842839,39.53488372093023,72.99270072992701,0.34531034482758627
9.5,0.37,0.52,2.0,0.082,6.0,26.0,0.998,3.18,0.51,9.5,5,low,red,74.955,0.1267427122940431,23.076923076923077,100.0,0.499
8.4,0.665,0.61,2.0,0.112,13.0,95.0,0.997,3.16,0.54,9.1,5,low,red,71.799,0.116993272886809,13.684210526315791,108.33333333333333,0.4985
12.7,0.6,0.65,2.3,0.063,6.0,25.0,0.9997,3.03,0.57,9.9,5,low,red,78.111,0.16258913597316638,24.0,77.95275590551182,0.4346521739130435
12.0,0.37,0.76,4.2,0.066,7.0,38.0,1.0004,3.22,0.6,13.0,7,medium,red,102.57000000000001,0.116993272886809,18.421052631578945,108.33333333333333,0.23819047619047617
6.6,0.735,0.02,7.9,0.122,68.0,124.0,0.9994,3.47,0.53,9.9,5,low,red,78.111,0.08449514152936205,54.83870967741935,150.00000000000003,0.12650632911392404
11.5,0.59,0.59,2.6,0.087,13.0,49.0,0.9988,3.18,0.65,11.0,6,medium,red,86.79,0.13250374467104503,26.53061224489796,95.65217391304348,0.3841538461538461
11.5,0.59,0.59,2.6,0.087,13.0,49.0,0.9988,3.18,0.65,11.0,6,medium,red,86.79,0.13250374467104503,26.53061224489796,95.65217391304348,0.3841538461538461
8.7,0.765,0.22,2.3,0.064,9.0,42.0,0.9963,3.1,0.55,9.4,5,low,red,74.166,0.11730442520831648,21.428571428571427,108.04597701149427,0.4331739130434783
6.6,0.735,0.02,7.9,0.122,68.0,124.0,0.9994,3.47,0.53,9.9,5,low,red,78.111,0.08449514152936205,54.83870967741935,150.00000000000003,0.12650632911392404
7.7,0.26,0.3,1.7,0.059,20.0,38.0,0.9949,3.29,0.47,10.8,6,medium,red,85.212,0.09036285969112332,52.63157894736842,140.25974025974025,0.5852352941176471
12.2,0.48,0.54,2.6,0.085,19.0,64.0,1.0,3.1,0.61,10.5,6,medium,red,82.845,0.14726296095117386,29.6875,86.06557377049181,0.3846153846153846
11.4,0.6,0.49,2.7,0.085,10.0,41.0,0.9994,3.15,0.63,10.5,6,medium,red,82.845,0.13760637334781822,24.390243902439025,92.10526315789474,0.3701481481481481
7.7,0.69,0.05,2.7,0.075,15.0,27.0,0.9974,3.26,0.61,9.1,5,low,red,71.799,0.10724383347957492,55.55555555555556,118.18181818181816,0.36940740740740735
8.7,0.31,0.46,1.4,0.059,11.0,25.0,0.9966,3.36,0.76,10.1,6,medium,red,79.68900000000001,0.10917441554041334,44.0,116.0919540229885,0.711857142857143
9.8,0.44,0.47,2.5,0.063,9.0,28.0,0.9981,3.24,0.65,10.8,6,medium,red,85.212,0.11500727597052059,32.142857142857146,110.20408163265304,0.39924
12.0,0.39,0.66,3.0,0.093,12.0,30.0,0.9996,3.18,0.63,10.8,7,medium,red,85.212,0.1408252358822701,40.0,90.0,0.3332
10.4,0.34,0.58,3.7,0.174,6.0,16.0,0.997,3.19,0.7,11.3,6,medium,red,89.15700000000001,0.11664815998743788,37.5,108.65384615384616,0.2694594594594594
12.5,0.46,0.49,4.5,0.07,26.0,49.0,0.9981,3.05,0.57,9.6,4,low,red,75.744,0.16502957329953527,53.06122448979592,76.8,0.2218
9.0,0.43,0.34,2.5,0.08,26.0,86.0,0.9987,3.38,0.62,9.5,6,medium,red,74.955,0.12007204322593557,30.23255813953488,105.55555555555556,0.39948
9.1,0.45,0.35,2.4,0.08,23.0,78.0,0.9987,3.38,0.62,9.5,5,low,red,74.955,0.12140617703955707,29.48717948717949,104.39560439560441,0.416125
7.1,0.735,0.16,1.9,0.1,15.0,77.0,0.9966,3.27,0.64,9.3,5,low,red,73.37700000000001,0.09676056529975331,19.480519480519483,130.98591549295776,0.5245263157894737
9.9,0.4,0.53,6.7,0.097,6.0,19.0,0.9986,3.27,0.82,11.7,7,medium,red,92.313,0.10724383347957493,31.57894736842105,118.18181818181816,0.14904477611940298
8.8,0.52,0.34,2.7,0.087,24.0,122.0,0.9982,3.26,0.61,9.5,5,low,red,74.955,0.11740377559869256,19.672131147540984,107.95454545454544,0.36970370370370365
8.6,0.725,0.24,6.6,0.117,31.0,134.0,1.0014,3.32,1.07,9.3,5,low,red,73.37700000000001,0.11720293825040543,23.134328358208954,108.13953488372094,0.15172727272727274
10.6,0.48,0.64,2.2,0.111,6.0,20.0,0.997,3.26,0.66,11.7,6,medium,red,92.313,0.11482673079631253,30.0,110.37735849056602,0.45318181818181813
7.0,0.58,0.12,1.9,0.091,34.0,124.0,0.9956,3.44,0.48,10.5,5,low,red,82.845,0.08449514152936206,27.419354838709676,150.0,0.524
11.9,0.38,0.51,2.0,0.121,7.0,20.0,0.9996,3.24,0.76,10.4,6,medium,red,82.056,0.14502291118260702,35.0,87.39495798319328,0.4998
6.8,0.77,0.0,1.8,0.066,34.0,52.0,0.9976,3.62,0.68,9.9,5,low,red,78.111,0.08705560036358514,65.38461538461539,145.58823529411765,0.5542222222222223
9.5,0.56,0.33,2.4,0.089,35.0,67.0,0.9972,3.28,0.73,11.8,7,medium,red,93.102,0.10203862430452622,52.23880597014925,124.21052631578948,0.4155
6.6,0.84,0.03,2.3,0.059,32.0,48.0,0.9952,3.52,0.56,12.3,7,medium,red,97.04700000000001,0.06800828464558409,66.66666666666666,186.36363636363637,0.4326956521739131
7.7,0.96,0.2,2.0,0.047,15.0,60.0,0.9955,3.36,0.44,10.9,5,low,red,86.001,0.08953384262973686,25.0,141.55844155844156,0.49775
10.5,0.24,0.47,2.1,0.066,6.0,24.0,0.9978,3.15,0.9,11.0,7,medium,red,86.79,0.12098167991704112,25.0,104.76190476190477,0.47514285714285714
7.7,0.96,0.2,2.0,0.047,15.0,60.0,0.9955,3.36,0.44,10.9,5,low,red,86.001,0.08953384262973686,25.0,141.55844155844156,0.49775
6.6,0.84,0.03,2.3,0.059,32.0,48.0,0.9952,3.52,0.56,12.3,7,medium,red,97.04700000000001,0.06800828464558409,66.66666666666666,186.36363636363637,0.4326956521739131
6.4,0.67,0.08,2.1,0.045,19.0,48.0,0.9949,3.49,0.49,11.4,6,medium,red,89.946,0.071153803393147,39.58333333333333,178.125,0.4737619047619047
9.5,0.78,0.22,1.9,0.077,6.0,32.0,0.9988,3.26,0.56,10.6,6,medium,red,83.634,0.11359016667862352,18.75,111.57894736842104,0.5256842105263159
9.1,0.52,0.33,1.3,0.07,9.0,30.0,0.9978,3.24,0.6,9.3,5,low,red,73.37700000000001,0.12401706256728946,30.0,102.19780219780222,0.7675384615384615
12.8,0.84,0.63,2.4,0.088,13.0,35.0,0.9997,3.1,0.6,10.4,6,medium,red,82.056,0.15599103051574537,37.142857142857146,81.25,0.4165416666666667
10.5,0.24,0.47,2.1,0.066,6.0,24.0,0.9978,3.15,0.9,11.0,7,medium,red,86.79,0.12098167991704112,25.0,104.76190476190477,0.47514285714285714
7.8,0.55,0.35,2.2,0.074,21.0,66.0,0.9974,3.25,0.56,9.2,5,low,red,72.58800000000001,0.10745577781451478,31.818181818181817,117.94871794871796,0.4533636363636363
11.9,0.37,0.69,2.3,0.078,12.0,24.0,0.9958,3.0,0.65,12.8,6,medium,red,100.992,0.11783111533586818,50.0,107.56302521008404,0.43295652173913046
12.3,0.39,0.63,2.3,0.091,6.0,18.0,1.0004,3.16,0.49,9.5,5,low,red,74.955,0.1640984590754453,33.33333333333333,77.23577235772358,0.43495652173913046
10.4,0.41,0.55,3.2,0.076,22.0,54.0,0.9996,3.15,0.89,9.9,6,medium,red,78.111,0.13314385937960083,40.74074074074074,95.1923076923077,0.312375
12.3,0.39,0.63,2.3,0.091,6.0,18.0,1.0004,3.16,0.49,9.5,5,low,red,74.955,0.1640984590754453,33.33333333333333,77.23577235772358,0.43495652173913046
8.0,0.67,0.3,2.0,0.06,38.0,62.0,0.9958,3.26,0.56,10.2,6,medium,red,80.47800000000001,0.099406048858073,61.29032258064516,127.49999999999999,0.4979
11.1,0.45,0.73,3.2,0.066,6.0,22.0,0.9986,3.17,0.66,11.2,6,medium,red,88.36800000000001,0.12561108093427484,27.27272727272727,100.9009009009009,0.3120625
10.4,0.41,0.55,3.2,0.076,22.0,54.0,0.9996,3.15,0.89,9.9,6,medium,red,78.111,0.13314385937960083,40.74074074074074,95.1923076923077,0.312375
7.0,0.62,0.18,1.5,0.062,7.0,50.0,0.9951,3.08,0.6,9.3,5,low,red,73.37700000000001,0.09539774043637651,14.000000000000002,132.85714285714286,0.6634
12.6,0.31,0.72,2.2,0.072,6.0,29.0,0.9987,2.88,0.82,9.8,8,high,red,77.322,0.16295491580662683,20.689655172413794,77.77777777777779,0.45395454545454544
11.9,0.4,0.65,2.15,0.068,7.0,27.0,0.9988,3.06,0.68,11.3,6,medium,red,89.15700000000001,0.13347241383177988,25.925925925925924,94.95798319327731,0.46455813953488373
15.6,0.685,0.76,3.7,0.1,6.0,43.0,1.0032,2.95,0.68,11.2,7,medium,red,88.36800000000001,0.17653449212384573,13.953488372093023,71.7948717948718,0.27113513513513515
10.0,0.44,0.49,2.7,0.077,11.0,19.0,0.9963,3.23,0.63,11.6,7,medium,red,91.524,0.10926095887417508,57.89473684210527,115.99999999999999,0.36899999999999994
5.3,0.57,0.01,1.7,0.054,5.0,27.0,0.9934,3.57,0.84,12.5,7,medium,red,98.625,0.05373891001267427,18.51851851851852,235.8490566037736,0.5843529411764705
9.5,0.735,0.1,2.1,0.079,6.0,31.0,0.9986,3.23,0.56,10.1,6,medium,red,79.68900000000001,0.11921344225677319,19.35483870967742,106.3157894736842,0.4755238095238095
12.5,0.38,0.6,2.6,0.081,31.0,72.0,0.9996,3.1,0.73,10.5,5,low,red,82.845,0.15088418130243225,43.05555555555556,84.0,0.38446153846153847
9.3,0.48,0.29,2.1,0.127,6.0,16.0,0.9968,3.22,0.72,11.2,5,low,red,88.36800000000001,0.10524171645844649,37.5,120.4301075268817,0.4746666666666667
8.6,0.53,0.22,2.0,0.1,7.0,27.0,0.9967,3.2,0.56,10.2,6,medium,red,80.47800000000001,0.10686150252242847,25.925925925925924,118.60465116279069,0.49835
11.9,0.39,0.69,2.8,0.095,17.0,35.0,0.9994,3.1,0.61,10.8,6,medium,red,85.212,0.13965169224991786,48.57142857142857,90.75630252100841,0.35692857142857143
11.9,0.39,0.69,2.8,0.095,17.0,35.0,0.9994,3.1,0.61,10.8,6,medium,red,85.212,0.13965169224991786,48.57142857142857,90.75630252100841,0.35692857142857143
8.4,0.37,0.53,1.8,0.413,9.0,26.0,0.9979,3.06,1.06,9.1,6,medium,red,71.799,0.116993272886809,34.61538461538461,108.33333333333333,0.5543888888888889
6.8,0.56,0.03,1.7,0.084,18.0,35.0,0.9968,3.44,0.63,10.0,6,medium,red,78.9,0.0861850443599493,51.42857142857142,147.05882352941177,0.5863529411764706
10.4,0.33,0.63,2.8,0.084,5.0,22.0,0.9998,3.26,0.74,11.2,7,medium,red,88.36800000000001,0.11768966141589715,22.727272727272727,107.6923076923077,0.3570714285714286
7.0,0.23,0.4,1.6,0.063,21.0,67.0,0.9952,3.5,0.63,11.1,5,low,red,87.57900000000001,0.07992783658182898,31.343283582089555,158.57142857142856,0.622
11.3,0.62,0.67,5.2,0.086,6.0,19.0,0.9988,3.22,0.69,13.4,8,high,red,105.726,0.1068800484270662,31.57894736842105,118.58407079646018,0.19207692307692306
8.9,0.59,0.39,2.3,0.095,5.0,22.0,0.9986,3.37,0.58,10.3,5,low,red,81.26700000000001,0.10951554751621198,22.727272727272727,115.73033707865167,0.4341739130434783
9.2,0.63,0.21,2.7,0.097,29.0,65.0,0.9988,3.28,0.58,9.6,5,low,red,75.744,0.12146176594845795,44.61538461538462,104.34782608695652,0.36992592592592594
10.4,0.33,0.63,2.8,0.084,5.0,22.0,0.9998,3.26,0.74,11.2,7,medium,red,88.36800000000001,0.11768966141589715,22.727272727272727,107.6923076923077,0.3570714285714286
11.6,0.58,0.66,2.2,0.074,10.0,47.0,1.0008,3.25,0.57,9.0,3,low,red,71.01,0.1633572736234333,21.27659574468085,77.58620689655173,0.4549090909090908
9.2,0.43,0.52,2.3,0.083,14.0,23.0,0.9976,3.35,0.61,11.3,6,medium,red,89.15700000000001,0.10318875691196426,60.86956521739131,122.82608695652175,0.4337391304347827
8.3,0.615,0.22,2.6,0.087,6.0,19.0,0.9982,3.26,0.61,9.3,5,low,red,73.37700000000001,0.11311446366027501,31.57894736842105,112.04819277108433,0.3839230769230769
11.0,0.26,0.68,2.55,0.085,10.0,25.0,0.997,3.18,0.61,11.8,5,low,red,93.102,0.11814998603681982,40.0,107.27272727272728,0.39098039215686275
8.1,0.66,0.7,2.2,0.098,25.0,129.0,0.9972,3.08,0.53,9.0,5,low,red,71.01,0.11406844106463877,19.379844961240313,111.11111111111111,0.4532727272727272
11.5,0.315,0.54,2.1,0.084,5.0,15.0,0.9987,2.98,0.7,9.2,6,medium,red,72.58800000000001,0.15842839036755385,33.33333333333333,80.0,0.4755714285714286
10.0,0.29,0.4,2.9,0.098,10.0,26.0,1.0006,3.48,0.91,9.7,5,low,red,76.533,0.13066258999385885,38.46153846153847,97.0,0.3450344827586207
10.3,0.5,0.42,2.0,0.069,21.0,51.0,0.9982,3.16,0.72,11.5,6,medium,red,90.735,0.11351738579379513,41.17647058823529,111.6504854368932,0.4991
8.8,0.46,0.45,2.6,0.065,7.0,18.0,0.9947,3.32,0.79,14.0,6,medium,red,110.46000000000001,0.07966684772768423,38.88888888888889,159.0909090909091,0.3825769230769231
11.4,0.36,0.69,2.1,0.09,6.0,21.0,1.0,3.17,0.62,9.2,6,medium,red,72.58800000000001,0.15705075219044468,28.57142857142857,80.7017543859649,0.47619047619047616
8.7,0.82,0.02,1.2,0.07,36.0,48.0,0.9952,3.2,0.58,9.8,5,low,red,77.322,0.11251648948552803,75.0,112.64367816091956,0.8293333333333334
13.0,0.32,0.65,2.6,0.093,15.0,47.0,0.9996,3.05,0.61,10.6,5,low,red,83.634,0.1554391754549585,31.914893617021278,81.53846153846153,0.38446153846153847
9.6,0.54,0.42,2.4,0.081,25.0,52.0,0.997,3.2,0.71,11.4,6,medium,red,89.946,0.1067307050897205,48.07692307692308,118.75,0.41541666666666666
12.5,0.37,0.55,2.6,0.083,25.0,68.0,0.9995,3.15,0.82,10.4,6,medium,red,82.056,0.15233499073803256,36.76470588235294,83.2,0.3844230769230769
9.9,0.35,0.55,2.1,0.062,5.0,14.0,0.9971,3.26,0.79,10.6,5,low,red,83.634,0.1183729105387761,35.714285714285715,107.07070707070707,0.4748095238095238
10.5,0.28,0.51,1.7,0.08,10.0,24.0,0.9982,3.2,0.89,9.4,6,medium,red,74.166,0.1415743062858992,41.66666666666667,89.52380952380953,0.5871764705882353
9.6,0.68,0.24,2.2,0.087,5.0,28.0,0.9988,3.14,0.6,10.2,5,low,red,80.47800000000001,0.1192872586296876,17.857142857142858,106.25,0.45399999999999996
9.3,0.27,0.41,2.0,0.091,6.0,16.0,0.998,3.28,0.7,9.7,5,low,red,76.533,0.12151620869428875,37.5,104.30107526881717,0.499
10.4,0.24,0.49,1.8,0.075,6.0,20.0,0.9977,3.18,1.06,11.0,6,medium,red,86.79,0.11982947344164074,30.0,105.76923076923077,0.5542777777777778
9.6,0.68,0.24,2.2,0.087,5.0,28.0,0.9988,3.14,0.6,10.2,5,low,red,80.47800000000001,0.1192872586296876,17.857142857142858,106.25,0.45399999999999996
9.4,0.685,0.11,2.7,0.077,6.0,31.0,0.9984,3.19,0.7,10.1,6,medium,red,79.68900000000001,0.11795856391722821,19.35483870967742,107.44680851063828,0.36977777777777776
10.6,0.28,0.39,15.5,0.069,6.0,23.0,1.0026,3.12,0.66,9.2,5,low,red,72.58800000000001,0.14602964677357136,26.08695652173913,86.79245283018867,0.06468387096774193
9.4,0.3,0.56,2.8,0.08,6.0,17.0,0.9964,3.15,0.92,11.7,8,high,red,92.313,0.10182747825333377,35.294117647058826,124.46808510638296,0.35585714285714287
10.6,0.36,0.59,2.2,0.152,6.0,18.0,0.9986,3.04,1.05,9.4,5,low,red,74.166,0.14292263301243158,33.33333333333333,88.67924528301887,0.4539090909090909
10.6,0.36,0.6,2.2,0.152,7.0,18.0,0.9986,3.04,1.06,9.4,5,low,red,74.166,0.14292263301243158,38.88888888888889,88.67924528301887,0.4539090909090909
10.6,0.44,0.68,4.1,0.114,6.0,24.0,0.997,3.06,0.66,13.4,6,medium,red,105.726,0.10025916047140722,25.0,126.41509433962266,0.2431707317073171
10.2,0.67,0.39,1.9,0.054,6.0,17.0,0.9976,3.17,0.47,10.0,5,low,red,78.9,0.12927756653992395,35.294117647058826,98.03921568627452,0.5250526315789474
10.2,0.67,0.39,1.9,0.054,6.0,17.0,0.9976,3.17,0.47,10.0,5,low,red,78.9,0.12927756653992395,35.294117647058826,98.03921568627452,0.5250526315789474
10.2,0.645,0.36,1.8,0.053,5.0,14.0,0.9982,3.17,0.42,10.0,6,medium,red,78.9,0.12927756653992395,35.714285714285715,98.03921568627452,0.5545555555555556
11.6,0.32,0.55,2.8,0.081,35.0,67.0,1.0002,3.32,0.92,10.8,7,medium,red,85.212,0.1361310613528611,52.23880597014925,93.10344827586208,0.3572142857142857
9.3,0.39,0.4,2.6,0.073,10.0,26.0,0.9984,3.34,0.75,10.2,6,medium,red,80.47800000000001,0.11555953179750987,38.46153846153847,109.6774193548387,0.38399999999999995
9.3,0.775,0.27,2.8,0.078,24.0,56.0,0.9984,3.31,0.67,10.6,6,medium,red,83.634,0.11119879474854726,42.857142857142854,113.9784946236559,0.3565714285714286
9.2,0.41,0.5,2.5,0.055,12.0,25.0,0.9952,3.34,0.79,13.3,7,medium,red,104.937,0.08767165060941326,48.0,144.56521739130437,0.39808
8.9,0.4,0.51,2.6,0.052,13.0,27.0,0.995,3.32,0.9,13.4,7,medium,red,105.726,0.08417986115052116,48.148148148148145,150.56179775280899,0.38269230769230766
8.7,0.69,0.31,3.0,0.086,23.0,81.0,1.0002,3.48,0.74,11.6,6,medium,red,91.524,0.09505703422053231,28.39506172839506,133.33333333333334,0.3334
6.5,0.39,0.23,8.3,0.051,28.0,91.0,0.9952,3.44,0.55,12.1,6,medium,red,95.46900000000001,0.06808492809184133,30.76923076923077,186.15384615384616,0.1199036144578313
10.7,0.35,0.53,2.6,0.07,5.0,16.0,0.9972,3.15,0.65,11.0,8,high,red,86.79,0.1232860928678419,31.25,102.80373831775702,0.3835384615384615
7.8,0.52,0.25,1.9,0.081,14.0,38.0,0.9984,3.43,0.65,9.0,6,medium,red,71.01,0.10984368398817067,36.84210526315789,115.3846153846154,0.5254736842105263
7.2,0.34,0.32,2.5,0.09,43.0,113.0,0.9966,3.32,0.79,11.1,5,low,red,87.57900000000001,0.08221148905559551,38.05309734513274,154.16666666666666,0.39864
10.7,0.35,0.53,2.6,0.07,5.0,16.0,0.9972,3.15,0.65,11.0,8,high,red,86.79,0.1232860928678419,31.25,102.80373831775702,0.3835384615384615
8.7,0.69,0.31,3.0,0.086,23.0,81.0,1.0002,3.48,0.74,11.6,6,medium,red,91.524,0.09505703422053231,28.39506172839506,133.33333333333334,0.3334
7.8,0.52,0.25,1.9,0.081,14.0,38.0,0.9984,3.43,0.65,9.0,6,medium,red,71.01,0.10984368398817067,36.84210526315789,115.3846153846154,0.5254736842105263
10.4,0.44,0.73,6.55,0.074,38.0,76.0,0.999,3.17,0.85,12.0,7,medium,red,94.68,0.10984368398817068,50.0,115.38461538461537,0.15251908396946565
10.4,0.44,0.73,6.55,0.074,38.0,76.0,0.999,3.17,0.85,12.0,7,medium,red,94.68,0.10984368398817068,50.0,115.38461538461537,0.15251908396946565
10.5,0.26,0.47,1.9,0.078,6.0,24.0,0.9976,3.18,1.04,10.9,7,medium,red,86.001,0.12209160358600481,25.0,103.80952380952382,0.5250526315789474
10.5,0.24,0.42,1.8,0.077,6.0,22.0,0.9976,3.21,1.05,10.8,7,medium,red,85.212,0.12322208139698633,27.27272727272727,102.85714285714288,0.5542222222222223
10.2,0.49,0.63,2.9,0.072,10.0,26.0,0.9968,3.16,0.78,12.5,7,medium,red,98.625,0.10342205323193916,38.46153846153847,122.54901960784315,0.3437241379310345
10.4,0.24,0.46,1.8,0.075,6.0,21.0,0.9976,3.25,1.02,10.8,7,medium,red,85.212,0.12204853776463409,28.57142857142857,103.84615384615385,0.5542222222222223
11.2,0.67,0.55,2.3,0.084,6.0,13.0,1.0,3.17,0.71,9.5,6,medium,red,74.955,0.1494229871256087,46.15384615384615,84.82142857142858,0.4347826086956522
10.0,0.59,0.31,2.2,0.09,26.0,62.0,0.9994,3.18,0.63,10.2,6,medium,red,80.47800000000001,0.12425756107259125,41.935483870967744,102.0,0.4542727272727272
13.3,0.29,0.75,2.8,0.084,23.0,43.0,0.9986,3.04,0.68,11.4,7,medium,red,89.946,0.14786649767638363,53.48837209302325,85.71428571428571,0.3566428571428572
12.4,0.42,0.49,4.6,0.073,19.0,43.0,0.9978,3.02,0.61,9.5,5,low,red,74.955,0.16543259288906678,44.18604651162791,76.61290322580645,0.2169130434782609
10.0,0.59,0.31,2.2,0.09,26.0,62.0,0.9994,3.18,0.63,10.2,6,medium,red,80.47800000000001,0.12425756107259125,41.935483870967744,102.0,0.4542727272727272
10.7,0.4,0.48,2.1,0.125,15.0,49.0,0.998,3.03,0.81,9.7,6,medium,red,76.533,0.13980897129342898,30.612244897959183,90.65420560747664,0.47523809523809524
10.5,0.51,0.64,2.4,0.107,6.0,15.0,0.9973,3.09,0.66,11.8,7,medium,red,93.102,0.11277953212605529,40.0,112.38095238095238,0.41554166666666664
10.5,0.51,0.64,2.4,0.107,6.0,15.0,0.9973,3.09,0.66,11.8,7,medium,red,93.102,0.11277953212605529,40.0,112.38095238095238,0.41554166666666664
8.5,0.655,0.49,6.1,0.122,34.0,151.0,1.001,3.31,1.14,9.3,5,low,red,73.37700000000001,0.11584011338702861,22.516556291390728,109.41176470588236,0.16409836065573769
12.5,0.6,0.49,4.3,0.1,5.0,14.0,1.001,3.25,0.74,11.9,6,medium,red,93.891,0.13313310114920493,35.714285714285715,95.2,0.2327906976744186
10.4,0.61,0.49,2.1,0.2,5.0,16.0,0.9994,3.16,0.63,8.4,3,low,red,66.276,0.15691954855452955,31.25,80.76923076923077,0.4759047619047619
10.9,0.21,0.49,2.8,0.088,11.0,32.0,0.9972,3.22,0.68,11.7,6,medium,red,92.313,0.11807654393205724,34.375,107.33944954128441,0.35614285714285715
7.3,0.365,0.49,2.5,0.088,39.0,106.0,0.9966,3.36,0.78,11.0,5,low,red,86.79,0.08411107270422859,36.79245283018868,150.68493150684932,0.39864
9.8,0.25,0.49,2.7,0.088,15.0,33.0,0.9982,3.42,0.9,10.0,6,medium,red,78.9,0.12420785804816223,45.45454545454545,102.04081632653062,0.36970370370370365
7.6,0.41,0.49,2.0,0.088,16.0,43.0,0.998,3.48,0.64,9.1,5,low,red,71.799,0.10585105642139861,37.2093023255814,119.73684210526316,0.499
8.2,0.39,0.49,2.3,0.099,47.0,133.0,0.9979,3.38,0.99,9.8,5,low,red,77.322,0.10605002457256665,35.338345864661655,119.51219512195124,0.43386956521739134
9.3,0.4,0.49,2.5,0.085,38.0,142.0,0.9978,3.22,0.55,9.4,5,low,red,74.166,0.12539438556751073,26.76056338028169,101.0752688172043,0.39912000000000003
9.2,0.43,0.49,2.4,0.086,23.0,116.0,0.9976,3.23,0.64,9.5,5,low,red,74.955,0.12274031085317856,19.82758620689655,103.2608695652174,0.4156666666666667
10.4,0.64,0.24,2.8,0.105,29.0,53.0,0.9998,3.24,0.67,9.9,5,low,red,78.111,0.13314385937960083,54.71698113207547,95.1923076923077,0.3570714285714286
7.3,0.365,0.49,2.5,0.088,39.0,106.0,0.9966,3.36,0.78,11.0,5,low,red,86.79,0.08411107270422859,36.79245283018868,150.68493150684932,0.39864
7.0,0.38,0.49,2.5,0.097,33.0,85.0,0.9962,3.39,0.77,11.4,6,medium,red,89.946,0.07782447246125453,38.82352941176471,162.85714285714286,0.39848
8.2,0.42,0.49,2.6,0.084,32.0,55.0,0.9988,3.34,0.75,8.7,6,medium,red,68.643,0.11945864836909807,58.18181818181818,106.09756097560977,0.3841538461538461
9.9,0.63,0.24,2.4,0.077,6.0,33.0,0.9974,3.09,0.57,9.4,5,low,red,74.166,0.13348434592670497,18.181818181818183,94.94949494949495,0.4155833333333333
9.1,0.22,0.24,2.1,0.078,1.0,28.0,0.999,3.41,0.87,10.3,6,medium,red,81.26700000000001,0.11197657105590213,3.571428571428571,113.18681318681321,0.4757142857142857
11.9,0.38,0.49,2.7,0.098,12.0,42.0,1.0004,3.16,0.61,10.3,5,low,red,81.26700000000001,0.14643090061156433,28.57142857142857,86.5546218487395,0.37051851851851847
11.9,0.38,0.49,2.7,0.098,12.0,42.0,1.0004,3.16,0.61,10.3,5,low,red,81.26700000000001,0.14643090061156433,28.57142857142857,86.5546218487395,0.37051851851851847
10.3,0.27,0.24,2.1,0.072,15.0,33.0,0.9956,3.22,0.66,12.8,6,medium,red,100.992,0.1019882762991128,45.45454545454545,124.27184466019416,0.47409523809523807
10.0,0.48,0.24,2.7,0.102,13.0,32.0,1.0,3.28,0.56,10.0,6,medium,red,78.9,0.12674271229404308,40.625,100.0,0.37037037037037035
9.1,0.22,0.24,2.1,0.078,1.0,28.0,0.999,3.41,0.87,10.3,6,medium,red,81.26700000000001,0.11197657105590213,3.571428571428571,113.18681318681321,0.4757142857142857
9.9,0.63,0.24,2.4,0.077,6.0,33.0,0.9974,3.09,0.57,9.4,5,low,red,74.166,0.13348434592670497,18.181818181818183,94.94949494949495,0.4155833333333333
8.1,0.825,0.24,2.1,0.084,5.0,13.0,0.9972,3.37,0.77,10.7,6,medium,red,84.423,0.09594541771792046,38.46153846153847,132.09876543209876,0.4748571428571428
12.9,0.35,0.49,5.8,0.066,5.0,35.0,1.0014,3.2,0.66,12.0,7,medium,red,94.68,0.1362484157160963,14.285714285714285,93.02325581395348,0.17265517241379313
11.2,0.5,0.74,5.15,0.1,5.0,17.0,0.9996,3.22,0.62,11.2,5,low,red,88.36800000000001,0.12674271229404308,29.411764705882355,100.0,0.19409708737864076
9.2,0.59,0.24,3.3,0.101,20.0,47.0,0.9988,3.26,0.67,9.6,5,low,red,75.744,0.12146176594845795,42.5531914893617,104.34782608695652,0.3026666666666667
9.5,0.46,0.49,6.3,0.064,5.0,17.0,0.9988,3.21,0.73,11.0,6,medium,red,86.79,0.1094596151630372,29.411764705882355,115.78947368421053,0.15853968253968254
9.3,0.715,0.24,2.1,0.07,5.0,20.0,0.9966,3.12,0.59,9.9,5,low,red,78.111,0.11906133579137382,25.0,106.4516129032258,0.4745714285714286
11.2,0.66,0.24,2.5,0.085,16.0,53.0,0.9993,3.06,0.72,11.0,6,medium,red,86.79,0.12904712524484385,30.18867924528302,98.21428571428572,0.39971999999999996
14.3,0.31,0.74,1.8,0.075,6.0,15.0,1.0008,2.86,0.79,8.4,6,medium,red,66.276,0.21576437926247816,40.0,58.74125874125874,0.5559999999999999
9.1,0.47,0.49,2.6,0.094,38.0,106.0,0.9982,3.08,0.59,9.1,5,low,red,71.799,0.12674271229404308,35.84905660377358,100.0,0.3839230769230769
7.5,0.55,0.24,2.0,0.078,10.0,28.0,0.9983,3.45,0.78,9.5,6,medium,red,74.955,0.10006003602161297,35.714285714285715,126.66666666666666,0.49915
10.6,0.31,0.49,2.5,0.067,6.0,21.0,0.9987,3.26,0.86,10.7,6,medium,red,84.423,0.1255582009641922,28.57142857142857,100.94339622641509,0.39948
12.4,0.35,0.49,2.6,0.079,27.0,69.0,0.9994,3.12,0.75,10.4,6,medium,red,82.056,0.1511163108121283,39.130434782608695,83.87096774193549,0.3843846153846154
9.0,0.53,0.49,1.9,0.171,6.0,25.0,0.9975,3.27,0.61,9.4,6,medium,red,74.166,0.1213494053879136,24.0,104.44444444444446,0.525
6.8,0.51,0.01,2.1,0.074,9.0,25.0,0.9958,3.33,0.56,9.5,6,medium,red,74.955,0.09072109932626242,36.0,139.7058823529412,0.47419047619047616
9.4,0.43,0.24,2.8,0.092,14.0,45.0,0.998,3.19,0.73,10.0,6,medium,red,78.9,0.11913814955640051,31.11111111111111,106.38297872340425,0.35642857142857143
9.5,0.46,0.24,2.7,0.092,14.0,44.0,0.998,3.12,0.74,10.0,6,medium,red,78.9,0.12040557667934093,31.818181818181817,105.26315789473684,0.3696296296296296
5.0,1.04,0.24,1.6,0.05,32.0,96.0,0.9934,3.74,0.62,11.5,5,low,red,90.735,0.055105527084366564,33.33333333333333,229.99999999999997,0.620875
15.5,0.645,0.49,4.2,0.095,10.0,23.0,1.00315,2.92,0.74,11.1,5,low,red,87.57900000000001,0.176983066716907,43.47826086956522,71.61290322580645,0.23884523809523808
15.5,0.645,0.49,4.2,0.095,10.0,23.0,1.00315,2.92,0.74,11.1,5,low,red,87.57900000000001,0.176983066716907,43.47826086956522,71.61290322580645,0.23884523809523808
10.9,0.53,0.49,4.6,0.118,10.0,17.0,1.0002,3.07,0.56,11.7,6,medium,red,92.313,0.11807654393205724,58.82352941176471,107.33944954128441,0.21743478260869567
15.6,0.645,0.49,4.2,0.095,10.0,23.0,1.00315,2.92,0.74,11.1,5,low,red,87.57900000000001,0.17812489295379028,43.47826086956522,71.15384615384616,0.23884523809523808
10.9,0.53,0.49,4.6,0.118,10.0,17.0,1.0002,3.07,0.56,11.7,6,medium,red,92.313,0.11807654393205724,58.82352941176471,107.33944954128441,0.21743478260869567
13.0,0.47,0.49,4.3,0.085,6.0,47.0,1.0021,3.3,0.68,12.7,6,medium,red,100.203,0.12973663463169766,12.76595744680851,97.6923076923077,0.233046511627907
12.7,0.6,0.49,2.8,0.075,5.0,19.0,0.9994,3.14,0.57,11.4,5,low,red,89.946,0.14119582860827606,26.31578947368421,89.76377952755907,0.35692857142857143
9.0,0.44,0.49,2.4,0.078,26.0,121.0,0.9978,3.23,0.58,9.2,5,low,red,72.58800000000001,0.12398743593982475,21.487603305785125,102.22222222222221,0.41575
9.0,0.54,0.49,2.9,0.094,41.0,110.0,0.9982,3.08,0.61,9.2,5,low,red,72.58800000000001,0.12398743593982475,37.27272727272727,102.22222222222221,0.34420689655172415
7.6,0.29,0.49,2.7,0.092,25.0,60.0,0.9971,3.31,0.61,10.1,6,medium,red,79.68900000000001,0.09537075380541855,41.66666666666667,132.89473684210526,0.3692962962962963
13.0,0.47,0.49,4.3,0.085,6.0,47.0,1.0021,3.3,0.68,12.7,6,medium,red,100.203,0.12973663463169766,12.76595744680851,97.6923076923077,0.233046511627907
12.7,0.6,0.49,2.8,0.075,5.0,19.0,0.9994,3.14,0.57,11.4,5,low,red,89.946,0.14119582860827606,26.31578947368421,89.76377952755907,0.35692857142857143
8.7,0.7,0.24,2.5,0.226,5.0,15.0,0.9991,3.32,0.6,9.0,6,medium,red,71.01,0.12251795521757497,33.33333333333333,103.44827586206897,0.39964
8.7,0.7,0.24,2.5,0.226,5.0,15.0,0.9991,3.32,0.6,9.0,6,medium,red,71.01,0.12251795521757497,33.33333333333333,103.44827586206897,0.39964
9.8,0.5,0.49,2.6,0.25,5.0,20.0,0.999,3.31,0.79,10.7,6,medium,red,84.423,0.11608211032538526,25.0,109.18367346938773,0.3842307692307692
6.2,0.36,0.24,2.2,0.095,19.0,42.0,0.9946,3.57,0.57,11.7,6,medium,red,92.313,0.06716280480539036,45.23809523809524,188.70967741935482,0.4520909090909091
11.5,0.35,0.49,3.3,0.07,10.0,37.0,1.0003,3.32,0.91,11.0,6,medium,red,86.79,0.13250374467104503,27.027027027027028,95.65217391304348,0.3031212121212121
6.2,0.36,0.24,2.2,0.095,19.0,42.0,0.9946,3.57,0.57,11.7,6,medium,red,92.313,0.06716280480539036,45.23809523809524,188.70967741935482,0.4520909090909091
10.2,0.24,0.49,2.4,0.075,10.0,28.0,0.9978,3.14,0.61,10.4,5,low,red,82.056,0.12430535244223456,35.714285714285715,101.96078431372551,0.41575
10.5,0.59,0.49,2.1,0.07,14.0,47.0,0.9991,3.3,0.56,9.6,4,low,red,75.744,0.13862484157160962,29.78723404255319,91.42857142857143,0.4757619047619047
10.6,0.34,0.49,3.2,0.078,20.0,78.0,0.9992,3.19,0.7,10.0,6,medium,red,78.9,0.13434727503168567,25.64102564102564,94.33962264150944,0.31224999999999997
12.3,0.27,0.49,3.1,0.079,28.0,46.0,0.9993,3.2,0.8,10.2,6,medium,red,80.47800000000001,0.15283680011928724,60.86956521739131,82.92682926829266,0.3223548387096774
9.9,0.5,0.24,2.3,0.103,6.0,14.0,0.9978,3.34,0.52,10.0,4,low,red,78.9,0.12547528517110265,42.857142857142854,101.01010101010101,0.4338260869565218
8.8,0.44,0.49,2.8,0.083,18.0,111.0,0.9982,3.3,0.6,9.5,5,low,red,74.955,0.11740377559869256,16.216216216216218,107.95454545454544,0.35650000000000004
8.8,0.47,0.49,2.9,0.085,17.0,110.0,0.9982,3.29,0.6,9.8,5,low,red,77.322,0.11380978246812033,15.454545454545453,111.36363636363636,0.34420689655172415
10.6,0.31,0.49,2.2,0.063,18.0,40.0,0.9976,3.14,0.51,9.8,6,medium,red,77.322,0.13708905615478129,45.0,92.45283018867926,0.45345454545454544
12.3,0.5,0.49,2.2,0.089,5.0,14.0,1.0002,3.19,0.44,9.6,5,low,red,75.744,0.16238910012674274,35.714285714285715,78.04878048780488,0.4546363636363636
12.3,0.5,0.49,2.2,0.089,5.0,14.0,1.0002,3.19,0.44,9.6,5,low,red,75.744,0.16238910012674274,35.714285714285715,78.04878048780488,0.4546363636363636
11.7,0.49,0.49,2.2,0.083,5.0,15.0,1.0,3.19,0.43,9.2,5,low,red,72.58800000000001,0.16118366672177217,33.33333333333333,78.63247863247864,0.45454545454545453
12.0,0.28,0.49,1.9,0.074,10.0,21.0,0.9976,2.98,0.66,9.9,7,medium,red,78.111,0.15362753005338556,47.61904761904761,82.5,0.5250526315789474
11.8,0.33,0.49,3.4,0.093,54.0,80.0,1.0002,3.3,0.76,10.7,7,medium,red,84.423,0.13977233692240268,67.5,90.6779661016949,0.2941764705882353
7.6,0.51,0.24,2.4,0.091,8.0,38.0,0.998,3.47,0.66,9.6,6,medium,red,75.744,0.10033798056611744,21.052631578947366,126.3157894736842,0.41583333333333333
11.1,0.31,0.49,2.7,0.094,16.0,47.0,0.9986,3.12,1.02,10.6,7,medium,red,83.634,0.1327211421192338,34.04255319148936,95.4954954954955,0.3698518518518518
7.3,0.73,0.24,1.9,0.108,18.0,102.0,0.9967,3.26,0.59,9.3,5,low,red,73.37700000000001,0.09948621502650692,17.647058823529413,127.39726027397262,0.5245789473684211
5.0,0.42,0.24,2.0,0.06,19.0,50.0,0.9917,3.72,0.74,14.0,8,high,red,110.46000000000001,0.045265254390729676,38.0,280.0,0.49585
10.2,0.29,0.49,2.6,0.059,5.0,13.0,0.9976,3.05,0.74,10.5,7,medium,red,82.845,0.12312149194278471,38.46153846153847,102.94117647058825,0.3836923076923077
9.0,0.45,0.49,2.6,0.084,21.0,75.0,0.9987,3.35,0.57,9.7,5,low,red,76.533,0.11759633099447298,28.000000000000004,107.77777777777777,0.38411538461538464
6.6,0.39,0.49,1.7,0.07,23.0,149.0,0.9922,3.12,0.5,11.5,6,medium,red,90.735,0.07273929575136386,15.436241610738255,174.24242424242425,0.5836470588235294
9.0,0.45,0.49,2.6,0.084,21.0,75.0,0.9987,3.35,0.57,9.7,5,low,red,76.533,0.11759633099447298,28.000000000000004,107.77777777777777,0.38411538461538464
9.9,0.49,0.58,3.5,0.094,9.0,43.0,1.0004,3.29,0.58,9.0,5,low,red,71.01,0.1394169835234474,20.930232558139537,90.9090909090909,0.28582857142857143
7.9,0.72,0.17,2.6,0.096,20.0,38.0,0.9978,3.4,0.53,9.5,5,low,red,74.955,0.105396571276099,52.63157894736842,120.25316455696202,0.38376923076923075
8.9,0.595,0.41,7.9,0.086,30.0,109.0,0.9998,3.27,0.57,9.3,5,low,red,73.37700000000001,0.12129141284053585,27.522935779816514,104.49438202247192,0.12655696202531647
12.4,0.4,0.51,2.0,0.059,6.0,24.0,0.9994,3.04,0.6,9.3,6,medium,red,73.37700000000001,0.1689902830587241,25.0,75.0,0.4997
11.9,0.58,0.58,1.9,0.071,5.0,18.0,0.998,3.09,0.63,10.0,6,medium,red,78.9,0.15082382762991128,27.77777777777778,84.03361344537815,0.5252631578947369
8.5,0.585,0.18,2.1,0.078,5.0,30.0,0.9967,3.2,0.48,9.8,6,medium,red,77.322,0.1099299035203435,16.666666666666664,115.29411764705884,0.4746190476190476
12.7,0.59,0.45,2.3,0.082,11.0,22.0,1.0,3.0,0.7,9.3,6,medium,red,73.37700000000001,0.17307875764885453,50.0,73.22834645669293,0.4347826086956522
8.2,0.915,0.27,2.1,0.088,7.0,23.0,0.9962,3.26,0.47,10.0,4,low,red,78.9,0.10392902408111532,30.434782608695656,121.95121951219514,0.47438095238095235
13.2,0.46,0.52,2.2,0.071,12.0,35.0,1.0006,3.1,0.56,9.0,6,medium,red,71.01,0.18588931136459652,34.285714285714285,68.18181818181819,0.45481818181818173
7.7,0.835,0.0,2.6,0.081,6.0,14.0,0.9975,3.3,0.52,9.3,5,low,red,73.37700000000001,0.10493751448001416,42.857142857142854,120.7792207792208,0.3836538461538462
13.2,0.46,0.52,2.2,0.071,12.0,35.0,1.0006,3.1,0.56,9.0,6,medium,red,71.01,0.18588931136459652,34.285714285714285,68.18181818181819,0.45481818181818173
8.3,0.58,0.13,2.9,0.096,14.0,63.0,0.9984,3.17,0.62,9.1,6,medium,red,71.799,0.11560049582863272,22.22222222222222,109.63855421686746,0.3442758620689655
8.3,0.6,0.13,2.6,0.085,6.0,24.0,0.9984,3.31,0.59,9.2,6,medium,red,72.58800000000001,0.11434396870006061,25.0,110.84337349397589,0.38399999999999995
9.4,0.41,0.48,4.6,0.072,10.0,20.0,0.9973,3.34,0.79,12.2,7,medium,red,96.25800000000001,0.09765422094786926,50.0,129.7872340425532,0.21680434782608696
8.8,0.48,0.41,3.3,0.092,26.0,52.0,0.9982,3.31,0.53,10.5,6,medium,red,82.845,0.10622246363691232,50.0,119.31818181818181,0.30248484848484847
10.1,0.65,0.37,5.1,0.11,11.0,65.0,1.0026,3.32,0.64,10.4,6,medium,red,82.056,0.1230866725163303,16.923076923076923,102.97029702970298,0.19658823529411765
6.3,0.36,0.19,3.2,0.075,15.0,39.0,0.9956,3.56,0.52,12.7,6,medium,red,100.203,0.06287236909074578,38.46153846153847,201.58730158730157,0.311125
8.8,0.24,0.54,2.5,0.083,25.0,57.0,0.9983,3.39,0.54,9.2,5,low,red,72.58800000000001,0.12123215958560643,43.859649122807014,104.54545454545452,0.39932
13.2,0.38,0.55,2.7,0.081,5.0,16.0,1.0006,2.98,0.54,9.4,5,low,red,74.166,0.17797912790227327,31.25,71.21212121212122,0.37059259259259253
7.5,0.64,0.0,2.4,0.077,18.0,29.0,0.9965,3.32,0.6,10.0,6,medium,red,78.9,0.09505703422053231,62.06896551724138,133.33333333333331,0.41520833333333335
8.2,0.39,0.38,1.5,0.058,10.0,29.0,0.9962,3.26,0.74,9.8,5,low,red,77.322,0.10605002457256665,34.48275862068966,119.51219512195124,0.6641333333333334
9.2,0.755,0.18,2.2,0.148,10.0,103.0,0.9969,2.87,1.36,10.2,6,medium,red,80.47800000000001,0.11431695618678395,9.70873786407767,110.86956521739131,0.4531363636363636
9.6,0.6,0.5,2.3,0.079,28.0,71.0,0.9997,3.5,0.57,9.7,5,low,red,76.533,0.1254360863941045,39.436619718309856,101.04166666666667,0.4346521739130435
9.6,0.6,0.5,2.3,0.079,28.0,71.0,0.9997,3.5,0.57,9.7,5,low,red,76.533,0.1254360863941045,39.436619718309856,101.04166666666667,0.4346521739130435
11.5,0.31,0.51,2.2,0.079,14.0,28.0,0.9982,3.03,0.93,9.8,6,medium,red,77.322,0.14872869299811178,50.0,85.21739130434783,0.4537272727272727
11.4,0.46,0.5,2.7,0.122,4.0,17.0,1.0006,3.13,0.7,10.2,5,low,red,80.47800000000001,0.14165361962275402,23.52941176470588,89.4736842105263,0.37059259259259253
11.3,0.37,0.41,2.3,0.088,6.0,16.0,0.9988,3.09,0.8,9.3,5,low,red,73.37700000000001,0.15399920956157923,37.5,82.30088495575222,0.4342608695652174
8.3,0.54,0.24,3.4,0.076,16.0,112.0,0.9976,3.27,0.61,9.4,5,low,red,74.166,0.111911118302187,14.285714285714285,113.25301204819276,0.29341176470588237
8.2,0.56,0.23,3.4,0.078,14.0,104.0,0.9976,3.28,0.62,9.4,5,low,red,74.166,0.1105627915756546,13.461538461538462,114.63414634146343,0.29341176470588237
10.0,0.58,0.22,1.9,0.08,9.0,32.0,0.9974,3.13,0.55,9.5,5,low,red,74.955,0.13341338136215064,28.125,95.0,0.5249473684210526
7.9,0.51,0.25,2.9,0.077,21.0,45.0,0.9974,3.49,0.96,12.1,6,medium,red,95.46900000000001,0.08274937414239177,46.666666666666664,153.1645569620253,0.34393103448275864
6.8,0.69,0.0,5.6,0.124,21.0,58.0,0.9997,3.46,0.72,10.2,5,low,red,80.47800000000001,0.08449514152936205,36.206896551724135,150.0,0.17851785714285717
6.8,0.69,0.0,5.6,0.124,21.0,58.0,0.9997,3.46,0.72,10.2,5,low,red,80.47800000000001,0.08449514152936205,36.206896551724135,150.0,0.17851785714285717
8.8,0.6,0.29,2.2,0.098,5.0,15.0,0.9988,3.36,0.49,9.1,5,low,red,71.799,0.1225643811195142,33.33333333333333,103.40909090909089,0.45399999999999996
8.8,0.6,0.29,2.2,0.098,5.0,15.0,0.9988,3.36,0.49,9.1,5,low,red,71.799,0.1225643811195142,33.33333333333333,103.40909090909089,0.45399999999999996
8.7,0.54,0.26,2.5,0.097,7.0,31.0,0.9976,3.27,0.6,9.3,6,medium,red,73.37700000000001,0.11856576311378222,22.58064516129032,106.89655172413795,0.39904
7.6,0.685,0.23,2.3,0.111,20.0,84.0,0.9964,3.21,0.61,9.3,5,low,red,73.37700000000001,0.10357468961663735,23.809523809523807,122.36842105263159,0.43321739130434783
8.7,0.54,0.26,2.5,0.097,7.0,31.0,0.9976,3.27,0.6,9.3,6,medium,red,73.37700000000001,0.11856576311378222,22.58064516129032,106.89655172413795,0.39904
10.4,0.28,0.54,2.7,0.105,5.0,19.0,0.9988,3.25,0.63,9.5,5,low,red,74.955,0.13874991661663666,26.31578947368421,91.34615384615384,0.36992592592592594
7.6,0.41,0.14,3.0,0.087,21.0,43.0,0.9964,3.32,0.57,10.5,6,medium,red,82.845,0.0917375822318788,48.837209302325576,138.1578947368421,0.33213333333333334
10.1,0.935,0.22,3.4,0.105,11.0,86.0,1.001,3.43,0.64,11.3,4,low,red,89.15700000000001,0.11328330921856947,12.790697674418606,111.88118811881189,0.2944117647058823
7.9,0.35,0.21,1.9,0.073,46.0,102.0,0.9964,3.27,0.58,9.5,5,low,red,74.955,0.105396571276099,45.09803921568628,120.25316455696202,0.5244210526315789
8.7,0.84,0.0,1.4,0.065,24.0,33.0,0.9954,3.27,0.55,9.7,5,low,red,76.533,0.1136764532946572,72.72727272727273,111.49425287356323,0.711
9.6,0.88,0.28,2.4,0.086,30.0,147.0,0.9979,3.24,0.53,9.4,5,low,red,74.166,0.12943936574710785,20.408163265306122,97.91666666666667,0.41579166666666667
9.5,0.885,0.27,2.3,0.084,31.0,145.0,0.9978,3.24,0.53,9.4,5,low,red,74.166,0.12809103902057548,21.379310344827587,98.94736842105264,0.4338260869565218
7.7,0.915,0.12,2.2,0.143,7.0,23.0,0.9964,3.35,0.65,10.2,7,medium,red,80.47800000000001,0.09567832202589527,30.434782608695656,132.46753246753244,0.4529090909090909
8.9,0.29,0.35,1.9,0.067,25.0,57.0,0.997,3.18,1.36,10.3,6,medium,red,81.26700000000001,0.10951554751621198,43.859649122807014,115.73033707865167,0.5247368421052632
9.9,0.54,0.45,2.3,0.071,16.0,40.0,0.9991,3.39,0.62,9.4,5,low,red,74.166,0.13348434592670497,40.0,94.94949494949495,0.43439130434782613
9.5,0.59,0.44,2.3,0.071,21.0,68.0,0.9992,3.46,0.63,9.5,5,low,red,74.955,0.1267427122940431,30.88235294117647,100.0,0.43443478260869567
9.9,0.54,0.45,2.3,0.071,16.0,40.0,0.9991,3.39,0.62,9.4,5,low,red,74.166,0.13348434592670497,40.0,94.94949494949495,0.43439130434782613
9.5,0.59,0.44,2.3,0.071,21.0,68.0,0.9992,3.46,0.63,9.5,5,low,red,74.955,0.1267427122940431,30.88235294117647,100.0,0.43443478260869567
9.9,0.54,0.45,2.3,0.071,16.0,40.0,0.9991,3.39,0.62,9.4,5,low,red,74.166,0.13348434592670497,40.0,94.94949494949495,0.43439130434782613
7.8,0.64,0.1,6.0,0.115,5.0,11.0,0.9984,3.37,0.69,10.1,7,medium,red,79.68900000000001,0.09788051048450852,45.45454545454545,129.4871794871795,0.1664
7.3,0.67,0.05,3.6,0.107,6.0,20.0,0.9972,3.4,0.63,10.1,5,low,red,79.68900000000001,0.09160611878678361,30.0,138.35616438356163,0.27699999999999997
8.3,0.845,0.01,2.2,0.07,5.0,14.0,0.9967,3.32,0.58,11.0,4,low,red,86.79,0.09563313745823251,35.714285714285715,132.5301204819277,0.45304545454545453
8.7,0.48,0.3,2.8,0.066,10.0,28.0,0.9964,3.33,0.67,11.2,7,medium,red,88.36800000000001,0.09845192829983702,35.714285714285715,128.73563218390805,0.35585714285714287
6.7,0.42,0.27,8.6,0.068,24.0,148.0,0.9948,3.16,0.57,11.3,6,medium,red,89.15700000000001,0.07514833383806094,16.216216216216218,168.65671641791045,0.11567441860465116
10.7,0.43,0.39,2.2,0.106,8.0,32.0,0.9986,2.89,0.5,9.6,5,low,red,75.744,0.14126531474440218,25.0,89.7196261682243,0.4539090909090909
9.8,0.88,0.25,2.5,0.104,35.0,155.0,1.001,3.41,0.67,11.2,5,low,red,88.36800000000001,0.1108998732572877,22.58064516129032,114.28571428571428,0.4004
15.9,0.36,0.65,7.5,0.096,22.0,71.0,0.9976,2.98,0.84,14.9,5,low,red,117.561,0.1352489345956567,30.985915492957744,93.71069182389937,0.13301333333333334
9.4,0.33,0.59,2.8,0.079,9.0,30.0,0.9976,3.12,0.54,12.0,6,medium,red,94.68,0.09928179129700042,30.0,127.6595744680851,0.3562857142857143
8.6,0.47,0.47,2.4,0.074,7.0,29.0,0.9979,3.08,0.46,9.5,5,low,red,74.955,0.11473550797144953,24.137931034482758,110.46511627906976,0.41579166666666667
9.7,0.55,0.17,2.9,0.087,20.0,53.0,1.0004,3.14,0.61,9.4,5,low,red,74.166,0.13078769247364022,37.735849056603776,96.90721649484537,0.3449655172413793
10.7,0.43,0.39,2.2,0.106,8.0,32.0,0.9986,2.89,0.5,9.6,5,low,red,75.744,0.14126531474440218,25.0,89.7196261682243,0.4539090909090909
12.0,0.5,0.59,1.4,0.073,23.0,42.0,0.998,2.92,0.68,10.5,7,medium,red,82.845,0.14484881405033498,54.761904761904766,87.5,0.7128571428571429
7.2,0.52,0.07,1.4,0.074,5.0,20.0,0.9973,3.32,0.81,9.6,6,medium,red,75.744,0.09505703422053233,25.0,133.33333333333331,0.7123571428571429
7.1,0.84,0.02,4.4,0.096,5.0,13.0,0.997,3.41,0.57,11.0,4,low,red,86.79,0.08180665975342781,38.46153846153847,154.92957746478874,0.22659090909090907
7.2,0.52,0.07,1.4,0.074,5.0,20.0,0.9973,3.32,0.81,9.6,6,medium,red,75.744,0.09505703422053233,25.0,133.33333333333331,0.7123571428571429
7.5,0.42,0.31,1.6,0.08,15.0,42.0,0.9978,3.31,0.64,9.0,5,low,red,71.01,0.10561892691170258,35.714285714285715,120.0,0.623625
7.2,0.57,0.06,1.6,0.076,9.0,27.0,0.9972,3.36,0.7,9.6,6,medium,red,75.744,0.09505703422053233,33.33333333333333,133.33333333333331,0.62325
10.1,0.28,0.46,1.8,0.05,5.0,13.0,0.9974,3.04,0.79,10.2,6,medium,red,80.47800000000001,0.12550013668331716,38.46153846153847,100.99009900990099,0.5541111111111111
12.1,0.4,0.52,2.0,0.092,15.0,54.0,1.0,3.03,0.66,10.2,5,low,red,80.47800000000001,0.15035164889783542,27.77777777777778,84.29752066115702,0.5
9.4,0.59,0.14,2.0,0.084,25.0,48.0,0.9981,3.14,0.56,9.7,5,low,red,76.533,0.12282283459422733,52.083333333333336,103.19148936170212,0.49905
8.3,0.49,0.36,1.8,0.222,6.0,16.0,0.998,3.18,0.6,9.5,6,medium,red,74.955,0.11073310653058503,37.5,114.45783132530119,0.5544444444444444
11.3,0.34,0.45,2.0,0.082,6.0,15.0,0.9988,2.94,0.66,9.2,6,medium,red,72.58800000000001,0.15567311401333553,40.0,81.41592920353982,0.4994
10.0,0.73,0.43,2.3,0.059,15.0,31.0,0.9966,3.15,0.57,11.0,5,low,red,86.79,0.11522064754003916,48.38709677419355,110.00000000000001,0.433304347826087
11.3,0.34,0.45,2.0,0.082,6.0,15.0,0.9988,2.94,0.66,9.2,6,medium,red,72.58800000000001,0.15567311401333553,40.0,81.41592920353982,0.4994
6.9,0.4,0.24,2.5,0.083,30.0,45.0,0.9959,3.26,0.58,10.0,5,low,red,78.9,0.08745247148288973,66.66666666666666,144.92753623188406,0.39836
8.2,0.73,0.21,1.7,0.074,5.0,13.0,0.9968,3.2,0.52,9.5,5,low,red,74.955,0.1093989727169635,38.46153846153847,115.85365853658539,0.5863529411764706
9.8,1.24,0.34,2.0,0.079,32.0,151.0,0.998,3.15,0.53,9.5,5,low,red,74.955,0.13074511373490763,21.192052980132452,96.93877551020408,0.499
8.2,0.73,0.21,1.7,0.074,5.0,13.0,0.9968,3.2,0.52,9.5,5,low,red,74.955,0.1093989727169635,38.46153846153847,115.85365853658539,0.5863529411764706
10.8,0.4,0.41,2.2,0.084,7.0,17.0,0.9984,3.08,0.67,9.3,6,medium,red,73.37700000000001,0.1471850852446952,41.17647058823529,86.11111111111111,0.4538181818181818
9.3,0.41,0.39,2.2,0.064,12.0,31.0,0.9984,3.26,0.65,10.2,5,low,red,80.47800000000001,0.11555953179750987,38.70967741935484,109.6774193548387,0.4538181818181818
10.8,0.4,0.41,2.2,0.084,7.0,17.0,0.9984,3.08,0.67,9.3,6,medium,red,73.37700000000001,0.1471850852446952,41.17647058823529,86.11111111111111,0.4538181818181818
8.6,0.8,0.11,2.3,0.084,12.0,31.0,0.9979,3.4,0.48,9.9,5,low,red,78.111,0.11009972987159299,38.70967741935484,115.11627906976744,0.43386956521739134
8.3,0.78,0.1,2.6,0.081,45.0,87.0,0.9983,3.48,0.53,10.0,5,low,red,78.9,0.10519645120405577,51.724137931034484,120.48192771084337,0.3839615384615384
10.8,0.26,0.45,3.3,0.06,20.0,49.0,0.9972,3.13,0.54,9.6,5,low,red,75.744,0.14258555133079848,40.816326530612244,88.88888888888889,0.3021818181818182
13.3,0.43,0.58,1.9,0.07,15.0,40.0,1.0004,3.06,0.49,9.0,5,low,red,71.01,0.18729756372341924,37.5,67.66917293233082,0.5265263157894737
8.0,0.45,0.23,2.2,0.094,16.0,29.0,0.9962,3.21,0.49,10.2,6,medium,red,80.47800000000001,0.099406048858073,55.172413793103445,127.49999999999999,0.4528181818181818
8.5,0.46,0.31,2.25,0.078,32.0,58.0,0.998,3.33,0.54,9.8,5,low,red,77.322,0.1099299035203435,55.172413793103445,115.29411764705884,0.44355555555555554
8.1,0.78,0.23,2.6,0.059,5.0,15.0,0.997,3.37,0.56,11.3,5,low,red,89.15700000000001,0.0908509707594468,33.33333333333333,139.5061728395062,0.38346153846153846
9.8,0.98,0.32,2.3,0.078,35.0,152.0,0.998,3.25,0.48,9.4,5,low,red,74.166,0.1321360192001726,23.026315789473685,95.91836734693877,0.43391304347826093
8.1,0.78,0.23,2.6,0.059,5.0,15.0,0.997,3.37,0.56,11.3,5,low,red,89.15700000000001,0.0908509707594468,33.33333333333333,139.5061728395062,0.38346153846153846
7.1,0.65,0.18,1.8,0.07,13.0,40.0,0.997,3.44,0.6,9.1,5,low,red,71.799,0.09888717113051712,32.5,128.16901408450704,0.5538888888888889
9.1,0.64,0.23,3.1,0.095,13.0,38.0,0.9998,3.28,0.59,9.7,5,low,red,76.533,0.11890295689441155,34.21052631578947,106.5934065934066,0.32251612903225807
7.7,0.66,0.04,1.6,0.039,4.0,9.0,0.9962,3.4,0.47,9.4,5,low,red,74.166,0.10382115794299275,44.44444444444444,122.07792207792207,0.622625
8.1,0.38,0.48,1.8,0.157,5.0,17.0,0.9976,3.3,1.05,9.4,5,low,red,74.166,0.10921446484912224,29.411764705882355,116.0493827160494,0.5542222222222223
7.4,1.185,0.0,4.25,0.097,5.0,14.0,0.9966,3.63,0.54,10.7,3,low,red,84.423,0.08765383840896439,35.714285714285715,144.59459459459458,0.23449411764705883
9.2,0.92,0.24,2.6,0.087,12.0,93.0,0.9998,3.48,0.54,9.8,5,low,red,77.322,0.11898295439848942,12.903225806451612,106.5217391304348,0.38453846153846155
8.6,0.49,0.51,2.0,0.422,16.0,62.0,0.9979,3.03,1.17,9.0,5,low,red,71.01,0.12110970285875228,25.806451612903224,104.65116279069768,0.49895
9.0,0.48,0.32,2.8,0.084,21.0,122.0,0.9984,3.32,0.62,9.4,5,low,red,74.166,0.1213494053879136,17.21311475409836,104.44444444444446,0.3565714285714286
9.0,0.47,0.31,2.7,0.084,24.0,125.0,0.9984,3.31,0.61,9.4,5,low,red,74.166,0.1213494053879136,19.2,104.44444444444446,0.36977777777777776
5.1,0.47,0.02,1.3,0.034,18.0,44.0,0.9921,3.9,0.62,12.8,6,medium,red,100.992,0.050499049429657786,40.909090909090914,250.9803921568628,0.7631538461538461
7.0,0.65,0.02,2.1,0.066,8.0,25.0,0.9972,3.47,0.67,9.5,6,medium,red,74.955,0.09338936695350544,32.0,135.71428571428572,0.4748571428571428
7.0,0.65,0.02,2.1,0.066,8.0,25.0,0.9972,3.47,0.67,9.5,6,medium,red,74.955,0.09338936695350544,32.0,135.71428571428572,0.4748571428571428
9.4,0.615,0.28,3.2,0.087,18.0,72.0,1.0001,3.31,0.53,9.7,5,low,red,76.533,0.12282283459422733,25.0,103.19148936170212,0.31253125
11.8,0.38,0.55,2.1,0.071,5.0,19.0,0.9986,3.11,0.62,10.8,6,medium,red,85.212,0.1384781486175656,26.31578947368421,91.52542372881356,0.4755238095238095
10.6,1.02,0.43,2.9,0.076,26.0,88.0,0.9984,3.08,0.57,10.1,6,medium,red,79.68900000000001,0.13301710399176797,29.545454545454547,95.28301886792453,0.3442758620689655
7.0,0.65,0.02,2.1,0.066,8.0,25.0,0.9972,3.47,0.67,9.5,6,medium,red,74.955,0.09338936695350544,32.0,135.71428571428572,0.4748571428571428
7.0,0.64,0.02,2.1,0.067,9.0,23.0,0.997,3.47,0.67,9.4,6,medium,red,74.166,0.09438287085726614,39.130434782608695,134.2857142857143,0.4747619047619047
7.5,0.38,0.48,2.6,0.073,22.0,84.0,0.9972,3.32,0.7,9.6,4,low,red,75.744,0.09901774397972117,26.190476190476193,128.0,0.3835384615384615
9.1,0.765,0.04,1.6,0.078,4.0,14.0,0.998,3.29,0.54,9.7,4,low,red,76.533,0.11890295689441155,28.57142857142857,106.5934065934066,0.6237499999999999
8.4,1.035,0.15,6.0,0.073,11.0,54.0,0.999,3.37,0.49,9.9,5,low,red,78.111,0.10753927103736989,20.37037037037037,117.85714285714286,0.1665
7.0,0.78,0.08,2.0,0.093,10.0,19.0,0.9956,3.4,0.47,10.0,5,low,red,78.9,0.08871989860583016,52.63157894736842,142.85714285714286,0.4978
7.4,0.49,0.19,3.0,0.077,16.0,37.0,0.9966,3.37,0.51,10.5,5,low,red,82.845,0.0893234353310399,43.24324324324324,141.89189189189187,0.3322
7.8,0.545,0.12,2.5,0.068,11.0,35.0,0.996,3.34,0.61,11.6,6,medium,red,91.524,0.08522354792185656,31.428571428571427,148.71794871794873,0.3984
9.7,0.31,0.47,1.6,0.062,13.0,33.0,0.9983,3.27,0.66,10.0,6,medium,red,78.9,0.12294043092522178,39.39393939393939,103.09278350515466,0.6239374999999999
10.6,1.025,0.43,2.8,0.08,21.0,84.0,0.9985,3.06,0.57,10.1,5,low,red,79.68900000000001,0.13301710399176797,25.0,95.28301886792453,0.3566071428571429
8.9,0.565,0.34,3.0,0.093,16.0,112.0,0.9998,3.38,0.61,9.5,5,low,red,74.955,0.11873790941231406,14.285714285714285,106.74157303370787,0.33326666666666666
8.7,0.69,0.0,3.2,0.084,13.0,33.0,0.9992,3.36,0.45,9.4,5,low,red,74.166,0.11730442520831648,39.39393939393939,108.04597701149427,0.31224999999999997
8.0,0.43,0.36,2.3,0.075,10.0,48.0,0.9976,3.34,0.46,9.4,5,low,red,74.166,0.10786613812258987,20.833333333333336,117.5,0.4337391304347827
9.9,0.74,0.28,2.6,0.078,21.0,77.0,0.998,3.28,0.51,9.8,5,low,red,77.322,0.12803600527663536,27.27272727272727,98.98989898989899,0.38384615384615384
7.2,0.49,0.18,2.7,0.069,13.0,34.0,0.9967,3.29,0.48,9.2,6,medium,red,72.58800000000001,0.0991899487518598,38.23529411764706,127.77777777777777,0.3691481481481481
8.0,0.43,0.36,2.3,0.075,10.0,48.0,0.9976,3.34,0.46,9.4,5,low,red,74.166,0.10786613812258987,20.833333333333336,117.5,0.4337391304347827
7.6,0.46,0.11,2.6,0.079,12.0,49.0,0.9968,3.21,0.57,10.0,5,low,red,78.9,0.09632446134347274,24.489795918367346,131.57894736842107,0.3833846153846154
8.4,0.56,0.04,2.0,0.082,10.0,22.0,0.9976,3.22,0.44,9.6,5,low,red,75.744,0.11089987325728771,45.45454545454545,114.28571428571428,0.4988
7.1,0.66,0.0,3.9,0.086,17.0,45.0,0.9976,3.46,0.54,9.5,5,low,red,74.955,0.09472350076712693,37.77777777777778,133.80281690140845,0.2557948717948718
8.4,0.56,0.04,2.0,0.082,10.0,22.0,0.9976,3.22,0.44,9.6,5,low,red,75.744,0.11089987325728771,45.45454545454545,114.28571428571428,0.4988
8.9,0.48,0.24,2.85,0.094,35.0,106.0,0.9982,3.1,0.53,9.2,5,low,red,72.58800000000001,0.12260979776271559,33.0188679245283,103.37078651685391,0.3502456140350877
7.6,0.42,0.08,2.7,0.084,15.0,48.0,0.9968,3.21,0.59,10.0,5,low,red,78.9,0.09632446134347274,31.25,131.57894736842107,0.36918518518518517
7.1,0.31,0.3,2.2,0.053,36.0,127.0,0.9965,2.94,1.62,9.5,5,low,red,74.955,0.09472350076712693,28.346456692913385,133.80281690140845,0.45295454545454544
7.5,1.115,0.1,3.1,0.086,5.0,12.0,0.9958,3.54,0.6,11.2,4,low,red,88.36800000000001,0.08487235198261814,41.66666666666667,149.33333333333331,0.3212258064516129
9.0,0.66,0.17,3.0,0.077,5.0,13.0,0.9976,3.29,0.55,10.4,5,low,red,82.056,0.10968119333138344,38.46153846153847,115.55555555555557,0.33253333333333335
8.1,0.72,0.09,2.8,0.084,18.0,49.0,0.9994,3.43,0.72,11.1,6,medium,red,87.57900000000001,0.09248792518754495,36.734693877551024,137.03703703703704,0.35692857142857143
6.4,0.57,0.02,1.8,0.067,4.0,11.0,0.997,3.46,0.68,9.5,5,low,red,74.955,0.0853845640717764,36.36363636363637,148.4375,0.5538888888888889
6.4,0.57,0.02,1.8,0.067,4.0,11.0,0.997,3.46,0.68,9.5,5,low,red,74.955,0.0853845640717764,36.36363636363637,148.4375,0.5538888888888889
6.4,0.865,0.03,3.2,0.071,27.0,58.0,0.995,3.61,0.49,12.7,6,medium,red,100.203,0.0638703432032973,46.55172413793103,198.43749999999997,0.3109375
9.5,0.55,0.66,2.3,0.387,12.0,37.0,0.9982,3.17,0.67,9.6,5,low,red,75.744,0.1254224757076468,32.432432432432435,101.05263157894737,0.434
8.9,0.875,0.13,3.45,0.088,4.0,14.0,0.9994,3.44,0.52,11.5,5,low,red,90.735,0.09808783821017249,28.57142857142857,129.21348314606743,0.2896811594202898
7.3,0.835,0.03,2.1,0.092,10.0,19.0,0.9966,3.39,0.47,9.6,5,low,red,75.744,0.0963772708069286,52.63157894736842,131.50684931506848,0.4745714285714286
7.0,0.45,0.34,2.7,0.082,16.0,72.0,0.998,3.55,0.6,9.5,5,low,red,74.955,0.09338936695350544,22.22222222222222,135.71428571428572,0.3696296296296296
7.7,0.56,0.2,2.0,0.075,9.0,39.0,0.9987,3.48,0.62,9.3,5,low,red,73.37700000000001,0.10493751448001416,23.076923076923077,120.7792207792208,0.49935
7.7,0.965,0.1,2.1,0.112,11.0,22.0,0.9963,3.26,0.5,9.5,5,low,red,74.955,0.10272830364885599,50.0,123.37662337662339,0.47442857142857137
7.7,0.965,0.1,2.1,0.112,11.0,22.0,0.9963,3.26,0.5,9.5,5,low,red,74.955,0.10272830364885599,50.0,123.37662337662339,0.47442857142857137
8.2,0.59,0.0,2.5,0.093,19.0,58.0,1.0002,3.5,0.65,9.3,6,medium,red,73.37700000000001,0.11175163879689819,32.758620689655174,113.41463414634147,0.40008
9.0,0.46,0.23,2.8,0.092,28.0,104.0,0.9983,3.1,0.56,9.2,5,low,red,72.58800000000001,0.12398743593982475,26.923076923076923,102.22222222222221,0.3565357142857143
9.0,0.69,0.0,2.4,0.088,19.0,38.0,0.999,3.35,0.6,9.3,5,low,red,73.37700000000001,0.12265423770391265,50.0,103.33333333333334,0.41625
8.3,0.76,0.29,4.2,0.075,12.0,16.0,0.9965,3.45,0.68,11.5,6,medium,red,90.735,0.0914751749600485,75.0,138.55421686746988,0.23726190476190476
9.2,0.53,0.24,2.6,0.078,28.0,139.0,0.99788,3.21,0.57,9.5,5,low,red,74.955,0.12274031085317856,20.14388489208633,103.2608695652174,0.3838
6.5,0.615,0.0,1.9,0.065,9.0,18.0,0.9972,3.46,0.65,9.2,5,low,red,72.58800000000001,0.08954648151209565,50.0,141.53846153846152,0.5248421052631579
11.6,0.41,0.58,2.8,0.096,25.0,101.0,1.00024,3.13,0.53,10.0,5,low,red,78.9,0.14702154626108999,24.752475247524753,86.20689655172414,0.35722857142857145
11.1,0.39,0.54,2.7,0.095,21.0,101.0,1.0001,3.13,0.51,9.5,5,low,red,74.955,0.14808885331198718,20.792079207920793,85.58558558558559,0.37040740740740735
7.3,0.51,0.18,2.1,0.07,12.0,28.0,0.99768,3.52,0.73,9.5,6,medium,red,74.955,0.09739176839436996,42.857142857142854,130.13698630136986,0.4750857142857143
8.2,0.34,0.38,2.5,0.08,12.0,57.0,0.9978,3.3,0.47,9.0,6,medium,red,71.01,0.11547669342346147,21.052631578947366,109.75609756097562,0.39912000000000003
8.6,0.33,0.4,2.6,0.083,16.0,68.0,0.99782,3.3,0.48,9.4,5,low,red,74.166,0.1159560984817841,23.52941176470588,109.30232558139537,0.38377692307692307
7.2,0.5,0.18,2.1,0.071,12.0,31.0,0.99761,3.52,0.72,9.6,6,medium,red,75.744,0.09505703422053233,38.70967741935484,133.33333333333331,0.47505238095238095
7.3,0.51,0.18,2.1,0.07,12.0,28.0,0.99768,3.52,0.73,9.5,6,medium,red,74.955,0.09739176839436996,42.857142857142854,130.13698630136986,0.4750857142857143
8.3,0.65,0.1,2.9,0.089,17.0,40.0,0.99803,3.29,0.55,9.5,5,low,red,74.955,0.11073310653058503,42.5,114.45783132530119,0.344148275862069
8.3,0.65,0.1,2.9,0.089,17.0,40.0,0.99803,3.29,0.55,9.5,5,low,red,74.955,0.11073310653058503,42.5,114.45783132530119,0.344148275862069
7.6,0.54,0.13,2.5,0.097,24.0,66.0,0.99785,3.39,0.61,9.4,5,low,red,74.166,0.10247283121646038,36.36363636363637,123.6842105263158,0.39914
8.3,0.65,0.1,2.9,0.089,17.0,40.0,0.99803,3.29,0.55,9.5,5,low,red,74.955,0.11073310653058503,42.5,114.45783132530119,0.344148275862069
7.8,0.48,0.68,1.7,0.415,14.0,32.0,0.99656,3.09,1.06,9.1,6,medium,red,71.799,0.10863661053775121,43.75,116.66666666666667,0.5862117647058823
7.8,0.91,0.07,1.9,0.058,22.0,47.0,0.99525,3.51,0.43,10.7,6,medium,red,84.423,0.09239188372836786,46.808510638297875,137.17948717948718,0.5238157894736842
6.3,0.98,0.01,2.0,0.057,15.0,33.0,0.99488,3.6,0.46,11.2,6,medium,red,88.36800000000001,0.07129277566539922,45.45454545454545,177.77777777777777,0.49744
8.1,0.87,0.0,2.2,0.084,10.0,31.0,0.99656,3.25,0.5,9.8,5,low,red,77.322,0.10475673158997438,32.25806451612903,120.98765432098766,0.45298181818181815
8.1,0.87,0.0,2.2,0.084,10.0,31.0,0.99656,3.25,0.5,9.8,5,low,red,77.322,0.10475673158997438,32.25806451612903,120.98765432098766,0.45298181818181815
8.8,0.42,0.21,2.5,0.092,33.0,88.0,0.99823,3.19,0.52,9.2,5,low,red,72.58800000000001,0.12123215958560643,37.5,104.54545454545452,0.399292
9.0,0.58,0.25,2.8,0.075,9.0,104.0,0.99779,3.23,0.57,9.7,5,low,red,76.533,0.11759633099447298,8.653846153846153,107.77777777777777,0.35635357142857144
9.3,0.655,0.26,2.0,0.096,5.0,35.0,0.99738,3.25,0.42,9.6,5,low,red,75.744,0.12278200253485426,14.285714285714285,103.2258064516129,0.49869
8.8,0.7,0.0,1.7,0.069,8.0,19.0,0.99701,3.31,0.53,10.0,6,medium,red,78.9,0.11153358681875793,42.10526315789473,113.63636363636363,0.5864764705882353
9.3,0.655,0.26,2.0,0.096,5.0,35.0,0.99738,3.25,0.42,9.6,5,low,red,75.744,0.12278200253485426,14.285714285714285,103.2258064516129,0.49869
9.1,0.68,0.11,2.8,0.093,11.0,44.0,0.99888,3.31,0.55,9.5,6,medium,red,74.955,0.12140617703955707,25.0,104.39560439560441,0.35674285714285714
9.2,0.67,0.1,3.0,0.091,12.0,48.0,0.99888,3.31,0.54,9.5,6,medium,red,74.955,0.12274031085317856,25.0,103.2608695652174,0.33296
8.8,0.59,0.18,2.9,0.089,12.0,74.0,0.99738,3.14,0.54,9.4,5,low,red,74.166,0.11865275193484887,16.216216216216218,106.81818181818181,0.3439241379310345
7.5,0.6,0.32,2.7,0.103,13.0,98.0,0.99938,3.45,0.62,9.5,5,low,red,74.955,0.10006003602161297,13.26530612244898,126.66666666666666,0.3701407407407407
7.1,0.59,0.02,2.3,0.082,24.0,94.0,0.99744,3.55,0.53,9.7,6,medium,red,76.533,0.09277043889563978,25.53191489361702,136.61971830985914,0.43366956521739136
7.9,0.72,0.01,1.9,0.076,7.0,32.0,0.99668,3.39,0.54,9.6,5,low,red,75.744,0.1042986903253063,21.875,121.51898734177213,0.5245684210526316
7.1,0.59,0.02,2.3,0.082,24.0,94.0,0.99744,3.55,0.53,9.7,6,medium,red,76.533,0.09277043889563978,25.53191489361702,136.61971830985914,0.43366956521739136
9.4,0.685,0.26,2.4,0.082,23.0,143.0,0.9978,3.28,0.55,9.4,5,low,red,74.166,0.1267427122940431,16.083916083916083,100.0,0.41575
9.5,0.57,0.27,2.3,0.082,23.0,144.0,0.99782,3.27,0.55,9.4,5,low,red,74.166,0.12809103902057548,15.972222222222221,98.94736842105264,0.4338347826086957
7.9,0.4,0.29,1.8,0.157,1.0,44.0,0.9973,3.3,0.92,9.5,6,medium,red,74.955,0.105396571276099,2.272727272727273,120.25316455696202,0.5540555555555555
7.9,0.4,0.3,1.8,0.157,2.0,45.0,0.99727,3.31,0.91,9.5,6,medium,red,74.955,0.105396571276099,4.444444444444445,120.25316455696202,0.5540388888888889
7.2,1.0,0.0,3.0,0.102,7.0,16.0,0.99586,3.43,0.46,10.0,5,low,red,78.9,0.09125475285171102,43.75,138.88888888888889,0.3319533333333333
6.9,0.765,0.18,2.4,0.243,5.5,48.0,0.99612,3.4,0.6,10.3,6,medium,red,81.26700000000001,0.08490531211931042,11.458333333333332,149.27536231884056,0.41505000000000003
6.9,0.635,0.17,2.4,0.241,6.0,18.0,0.9961,3.4,0.59,10.3,6,medium,red,81.26700000000001,0.08490531211931042,33.33333333333333,149.27536231884056,0.4150416666666667
8.3,0.43,0.3,3.4,0.079,7.0,34.0,0.99788,3.36,0.61,10.5,5,low,red,82.845,0.10018709638481503,20.588235294117645,126.50602409638554,0.29349411764705885
7.1,0.52,0.03,2.6,0.076,21.0,92.0,0.99745,3.5,0.6,9.8,5,low,red,77.322,0.09182380176405162,22.82608695652174,138.0281690140845,0.38363461538461535
7.0,0.57,0.0,2.0,0.19,12.0,45.0,0.99676,3.31,0.6,9.4,6,medium,red,74.166,0.09438287085726614,26.666666666666668,134.2857142857143,0.49838
6.5,0.46,0.14,2.4,0.114,9.0,37.0,0.99732,3.66,0.65,9.8,5,low,red,77.322,0.08406404386849797,24.324324324324326,150.7692307692308,0.41555000000000003
9.0,0.82,0.05,2.4,0.081,26.0,96.0,0.99814,3.36,0.53,10.0,5,low,red,78.9,0.11406844106463877,27.083333333333332,111.11111111111111,0.4158916666666667
6.5,0.46,0.14,2.4,0.114,9.0,37.0,0.99732,3.66,0.65,9.8,5,low,red,77.322,0.08406404386849797,24.324324324324326,150.7692307692308,0.41555000000000003
7.1,0.59,0.01,2.5,0.077,20.0,85.0,0.99746,3.55,0.59,9.8,5,low,red,77.322,0.09182380176405162,23.52941176470588,138.0281690140845,0.398984
9.9,0.35,0.41,2.3,0.083,11.0,61.0,0.9982,3.21,0.5,9.5,5,low,red,74.955,0.13207924754852912,18.0327868852459,95.95959595959596,0.434
9.9,0.35,0.41,2.3,0.083,11.0,61.0,0.9982,3.21,0.5,9.5,5,low,red,74.955,0.13207924754852912,18.0327868852459,95.95959595959596,0.434
10.0,0.56,0.24,2.2,0.079,19.0,58.0,0.9991,3.18,0.56,10.1,6,medium,red,79.68900000000001,0.1254878339544981,32.758620689655174,101.0,0.4541363636363636
10.0,0.56,0.24,2.2,0.079,19.0,58.0,0.9991,3.18,0.56,10.1,6,medium,red,79.68900000000001,0.1254878339544981,32.758620689655174,101.0,0.4541363636363636
8.6,0.63,0.17,2.9,0.099,21.0,119.0,0.998,3.09,0.52,9.3,5,low,red,73.37700000000001,0.11720293825040543,17.647058823529413,108.13953488372094,0.34413793103448276
7.4,0.37,0.43,2.6,0.082,18.0,82.0,0.99708,3.33,0.68,9.7,6,medium,red,76.533,0.09669031659545556,21.951219512195124,131.08108108108107,0.3834923076923077
8.8,0.64,0.17,2.9,0.084,25.0,130.0,0.99818,3.23,0.54,9.6,5,low,red,75.744,0.11618081960287284,19.230769230769234,109.09090909090908,0.3442
7.1,0.61,0.02,2.5,0.081,17.0,87.0,0.99745,3.48,0.6,9.7,6,medium,red,76.533,0.09277043889563978,19.54022988505747,136.61971830985914,0.39898
7.7,0.6,0.0,2.6,0.055,7.0,13.0,0.99639,3.38,0.56,10.8,5,low,red,85.212,0.09036285969112332,53.84615384615385,140.25974025974025,0.3832269230769231
10.1,0.27,0.54,2.3,0.065,7.0,26.0,0.99531,3.17,0.53,12.5,6,medium,red,98.625,0.10240811153358681,26.923076923076923,123.76237623762376,0.4327434782608696
10.8,0.89,0.3,2.6,0.132,7.0,60.0,0.99786,2.99,1.18,10.2,5,low,red,80.47800000000001,0.13419816595839856,11.666666666666666,94.44444444444443,0.38379230769230765
8.7,0.46,0.31,2.5,0.126,24.0,64.0,0.99746,3.1,0.74,9.6,5,low,red,75.744,0.11486058301647654,37.5,110.34482758620689,0.398984
9.3,0.37,0.44,1.6,0.038,21.0,42.0,0.99526,3.24,0.81,10.8,7,medium,red,85.212,0.10913955780875934,50.0,116.12903225806453,0.6220375
9.4,0.5,0.34,3.6,0.082,5.0,14.0,0.9987,3.29,0.52,10.7,6,medium,red,84.423,0.11134406500598179,35.714285714285715,113.82978723404253,0.27741666666666664
9.4,0.5,0.34,3.6,0.082,5.0,14.0,0.9987,3.29,0.52,10.7,6,medium,red,84.423,0.11134406500598179,35.714285714285715,113.82978723404253,0.27741666666666664
7.2,0.61,0.08,4.0,0.082,26.0,108.0,0.99641,3.25,0.51,9.4,5,low,red,74.166,0.09707952431033089,24.074074074074073,130.55555555555557,0.2491025
8.6,0.55,0.09,3.3,0.068,8.0,17.0,0.99735,3.23,0.44,10.0,5,low,red,78.9,0.10899873257287705,47.05882352941176,116.27906976744187,0.30222727272727273
5.1,0.585,0.0,1.7,0.044,14.0,86.0,0.99264,3.56,0.94,12.9,7,medium,red,101.781,0.05010758393020308,16.27906976744186,252.94117647058826,0.5839058823529412
7.7,0.56,0.08,2.5,0.114,14.0,46.0,0.9971,3.24,0.66,9.6,6,medium,red,75.744,0.10165821715251373,30.434782608695656,124.67532467532467,0.39884
8.4,0.52,0.22,2.7,0.084,4.0,18.0,0.99682,3.26,0.57,9.9,6,medium,red,78.111,0.10753927103736989,22.22222222222222,117.85714285714286,0.36919259259259257
8.2,0.28,0.4,2.4,0.052,4.0,10.0,0.99356,3.33,0.7,12.8,7,medium,red,100.992,0.08119455006337134,40.0,156.09756097560978,0.41398333333333337
8.4,0.25,0.39,2.0,0.041,4.0,10.0,0.99386,3.27,0.71,12.5,7,medium,red,98.625,0.08517110266159696,40.0,148.80952380952382,0.49693
8.2,0.28,0.4,2.4,0.052,4.0,10.0,0.99356,3.33,0.7,12.8,7,medium,red,100.992,0.08119455006337134,40.0,156.09756097560978,0.41398333333333337
7.4,0.53,0.12,1.9,0.165,4.0,12.0,0.99702,3.26,0.86,9.2,5,low,red,72.58800000000001,0.10194522510607813,33.33333333333333,124.3243243243243,0.5247473684210526
7.6,0.48,0.31,2.8,0.07,4.0,15.0,0.99693,3.22,0.55,10.3,6,medium,red,81.26700000000001,0.09351889450822595,26.666666666666668,135.5263157894737,0.3560464285714286
7.3,0.49,0.1,2.6,0.068,4.0,14.0,0.99562,3.3,0.47,10.5,5,low,red,82.845,0.08811636188062043,28.57142857142857,143.83561643835617,0.3829307692307692
12.9,0.5,0.55,2.8,0.072,7.0,24.0,1.00012,3.09,0.68,10.9,6,medium,red,86.001,0.14999825583423448,29.166666666666668,84.49612403100775,0.3571857142857143
10.8,0.45,0.33,2.5,0.099,20.0,38.0,0.99818,3.24,0.71,10.8,5,low,red,85.212,0.1267427122940431,52.63157894736842,100.0,0.39927199999999996
6.9,0.39,0.24,2.1,0.102,4.0,7.0,0.99462,3.44,0.58,11.4,4,low,red,89.946,0.07671269428323661,57.14285714285714,165.2173913043478,0.4736285714285714
12.6,0.41,0.54,2.8,0.103,19.0,41.0,0.99939,3.21,0.76,11.3,6,medium,red,89.15700000000001,0.1413237322924728,46.34146341463415,89.68253968253968,0.35692500000000005
10.8,0.45,0.33,2.5,0.099,20.0,38.0,0.99818,3.24,0.71,10.8,5,low,red,85.212,0.1267427122940431,52.63157894736842,100.0,0.39927199999999996
9.8,0.51,0.19,3.2,0.081,8.0,30.0,0.9984,3.23,0.58,10.5,6,medium,red,82.845,0.11829319814110689,26.666666666666668,107.14285714285714,0.31199999999999994
10.8,0.29,0.42,1.6,0.084,19.0,27.0,0.99545,3.28,0.73,11.9,6,medium,red,93.891,0.11502699939291305,70.37037037037037,110.18518518518519,0.62215625
7.1,0.715,0.0,2.35,0.071,21.0,47.0,0.99632,3.29,0.45,9.4,5,low,red,74.166,0.0957311975837985,44.680851063829785,132.3943661971831,0.4239659574468085
9.1,0.66,0.15,3.2,0.097,9.0,59.0,0.99976,3.28,0.54,9.6,5,low,red,75.744,0.12014152936206168,15.254237288135593,105.4945054945055,0.31242499999999995
7.0,0.685,0.0,1.9,0.099,9.0,22.0,0.99606,3.34,0.6,9.7,5,low,red,76.533,0.0914638129957012,40.909090909090914,138.57142857142856,0.5242421052631578
4.9,0.42,0.0,2.1,0.048,16.0,42.0,0.99154,3.71,0.74,14.0,7,medium,red,110.46000000000001,0.044359949302915085,38.095238095238095,285.71428571428567,0.4721619047619047
6.7,0.54,0.13,2.0,0.076,15.0,36.0,0.9973,3.61,0.64,9.8,5,low,red,77.322,0.08665062983368252,41.66666666666667,146.26865671641792,0.49865
6.7,0.54,0.13,2.0,0.076,15.0,36.0,0.9973,3.61,0.64,9.8,5,low,red,77.322,0.08665062983368252,41.66666666666667,146.26865671641792,0.49865
7.1,0.48,0.28,2.8,0.068,6.0,16.0,0.99682,3.24,0.53,10.3,5,low,red,81.26700000000001,0.08736633565900057,37.5,145.07042253521126,0.3560071428571429
7.1,0.46,0.14,2.8,0.076,15.0,37.0,0.99624,3.36,0.49,10.7,5,low,red,84.423,0.08410030441941177,40.54054054054054,150.70422535211267,0.3558
7.5,0.27,0.34,2.3,0.05,4.0,8.0,0.9951,3.4,0.64,11.0,7,medium,red,86.79,0.08641548565502938,50.0,146.66666666666666,0.4326521739130435
7.1,0.46,0.14,2.8,0.076,15.0,37.0,0.99624,3.36,0.49,10.7,5,low,red,84.423,0.08410030441941177,40.54054054054054,150.70422535211267,0.3558
7.8,0.57,0.09,2.3,0.065,34.0,45.0,0.99417,3.46,0.74,12.7,8,high,red,100.203,0.07784198077901859,75.55555555555556,162.82051282051282,0.43224782608695655
5.9,0.61,0.08,2.1,0.071,16.0,24.0,0.99376,3.56,0.77,11.1,6,medium,red,87.57900000000001,0.06736774797611299,66.66666666666666,188.13559322033896,0.4732190476190476
7.5,0.685,0.07,2.5,0.058,5.0,9.0,0.99632,3.38,0.55,10.9,4,low,red,86.001,0.08720828827571772,55.55555555555556,145.33333333333334,0.398528
5.9,0.61,0.08,2.1,0.071,16.0,24.0,0.99376,3.56,0.77,11.1,6,medium,red,87.57900000000001,0.06736774797611299,66.66666666666666,188.13559322033896,0.4732190476190476
10.4,0.44,0.42,1.5,0.145,34.0,48.0,0.99832,3.38,0.86,9.9,3,low,red,78.111,0.13314385937960083,70.83333333333334,95.1923076923077,0.6655466666666666
11.6,0.47,0.44,1.6,0.147,36.0,51.0,0.99836,3.38,0.86,9.9,4,low,red,78.111,0.14850661238493937,70.58823529411765,85.3448275862069,0.623975
8.8,0.685,0.26,1.6,0.088,16.0,23.0,0.99694,3.32,0.47,9.4,5,low,red,74.166,0.11865275193484887,69.56521739130434,106.81818181818181,0.6230875
7.6,0.665,0.1,1.5,0.066,27.0,55.0,0.99655,3.39,0.51,9.3,5,low,red,73.37700000000001,0.10357468961663735,49.09090909090909,122.36842105263159,0.6643666666666667
6.7,0.28,0.28,2.4,0.012,36.0,100.0,0.99064,3.26,0.39,11.7,7,medium,red,92.313,0.07257916003163152,36.0,174.62686567164178,0.41276666666666667
6.7,0.28,0.28,2.4,0.012,36.0,100.0,0.99064,3.26,0.39,11.7,7,medium,red,92.313,0.07257916003163152,36.0,174.62686567164178,0.41276666666666667
10.1,0.31,0.35,1.6,0.075,9.0,28.0,0.99672,3.24,0.83,11.2,7,medium,red,88.36800000000001,0.11429476733659241,32.142857142857146,110.89108910891088,0.62295
6.0,0.5,0.04,2.2,0.092,13.0,26.0,0.99647,3.46,0.47,10.0,5,low,red,78.9,0.07604562737642585,50.0,166.66666666666669,0.45294090909090906
11.1,0.42,0.47,2.65,0.085,9.0,34.0,0.99736,3.24,0.77,12.1,7,medium,red,95.46900000000001,0.11626810797222134,26.47058823529412,109.009009009009,0.3763622641509434
6.6,0.66,0.0,3.0,0.115,21.0,31.0,0.99629,3.45,0.63,10.3,5,low,red,81.26700000000001,0.08121377680977516,67.74193548387096,156.0606060606061,0.33209666666666665
10.6,0.5,0.45,2.6,0.119,34.0,68.0,0.99708,3.23,0.72,10.9,6,medium,red,86.001,0.12325438076301437,50.0,102.8301886792453,0.3834923076923077
7.1,0.685,0.35,2.0,0.088,9.0,92.0,0.9963,3.28,0.62,9.4,5,low,red,74.166,0.0957311975837985,9.782608695652174,132.3943661971831,0.49815
9.9,0.25,0.46,1.7,0.062,26.0,42.0,0.9959,3.18,0.83,10.6,6,medium,red,83.634,0.1183729105387761,61.904761904761905,107.07070707070707,0.5858235294117647
6.4,0.64,0.21,1.8,0.081,14.0,31.0,0.99689,3.59,0.66,9.8,5,low,red,77.322,0.0827707508859057,45.16129032258064,153.125,0.5538277777777778
6.4,0.64,0.21,1.8,0.081,14.0,31.0,0.99689,3.59,0.66,9.8,5,low,red,77.322,0.0827707508859057,45.16129032258064,153.125,0.5538277777777778
7.4,0.68,0.16,1.8,0.078,12.0,39.0,0.9977,3.5,0.7,9.9,6,medium,red,78.111,0.09473697686625443,30.76923076923077,133.78378378378378,0.5542777777777778
6.4,0.64,0.21,1.8,0.081,14.0,31.0,0.99689,3.59,0.66,9.8,5,low,red,77.322,0.0827707508859057,45.16129032258064,153.125,0.5538277777777778
6.4,0.63,0.21,1.6,0.08,12.0,32.0,0.99689,3.58,0.66,9.8,5,low,red,77.322,0.0827707508859057,37.5,153.125,0.62305625
9.3,0.43,0.44,1.9,0.085,9.0,22.0,0.99708,3.28,0.55,9.5,5,low,red,74.955,0.1240744446668001,40.909090909090914,102.15053763440861,0.524778947368421
9.3,0.43,0.44,1.9,0.085,9.0,22.0,0.99708,3.28,0.55,9.5,5,low,red,74.955,0.1240744446668001,40.909090909090914,102.15053763440861,0.524778947368421
8.0,0.42,0.32,2.5,0.08,26.0,122.0,0.99801,3.22,1.07,9.7,5,low,red,76.533,0.10453007199508708,21.311475409836063,121.24999999999999,0.399204
9.3,0.36,0.39,1.5,0.08,41.0,55.0,0.99652,3.47,0.73,10.9,6,medium,red,86.001,0.10813827746188998,74.54545454545455,117.2043010752688,0.6643466666666666
9.3,0.36,0.39,1.5,0.08,41.0,55.0,0.99652,3.47,0.73,10.9,6,medium,red,86.001,0.10813827746188998,74.54545454545455,117.2043010752688,0.6643466666666666
7.6,0.735,0.02,2.5,0.071,10.0,14.0,0.99538,3.51,0.71,11.7,7,medium,red,92.313,0.0823285994388656,71.42857142857143,153.94736842105263,0.398152
9.3,0.36,0.39,1.5,0.08,41.0,55.0,0.99652,3.47,0.73,10.9,6,medium,red,86.001,0.10813827746188998,74.54545454545455,117.2043010752688,0.6643466666666666
8.2,0.26,0.34,2.5,0.073,16.0,47.0,0.99594,3.4,0.78,11.3,7,medium,red,89.15700000000001,0.09197258768240293,34.04255319148936,137.8048780487805,0.398376
11.7,0.28,0.47,1.7,0.054,17.0,32.0,0.99686,3.15,0.67,10.6,7,medium,red,83.634,0.13989525790946264,53.125,90.5982905982906,0.5863882352941177
6.8,0.56,0.22,1.8,0.074,15.0,24.0,0.99438,3.4,0.82,11.2,6,medium,red,88.36800000000001,0.07695093246424044,62.5,164.70588235294116,0.5524333333333333
7.2,0.62,0.06,2.7,0.077,15.0,85.0,0.99746,3.51,0.54,9.5,5,low,red,74.955,0.09605763458074845,17.647058823529413,131.94444444444443,0.3694296296296296
5.8,1.01,0.66,2.0,0.039,15.0,88.0,0.99357,3.66,0.6,11.5,6,medium,red,90.735,0.06392241141786521,17.045454545454543,198.27586206896552,0.496785
7.5,0.42,0.32,2.7,0.067,7.0,25.0,0.99628,3.24,0.44,10.4,5,low,red,82.056,0.09140099444281954,28.000000000000004,138.66666666666669,0.3689925925925926
7.2,0.62,0.06,2.5,0.078,17.0,84.0,0.99746,3.51,0.53,9.7,5,low,red,76.533,0.09407706479557838,20.238095238095237,134.7222222222222,0.398984
7.2,0.62,0.06,2.7,0.077,15.0,85.0,0.99746,3.51,0.54,9.5,5,low,red,74.955,0.09605763458074845,17.647058823529413,131.94444444444443,0.3694296296296296
7.2,0.635,0.07,2.6,0.077,16.0,86.0,0.99748,3.51,0.54,9.7,5,low,red,76.533,0.09407706479557838,18.6046511627907,134.7222222222222,0.38364615384615386
6.8,0.49,0.22,2.3,0.071,13.0,24.0,0.99438,3.41,0.83,11.3,6,medium,red,89.15700000000001,0.07626995076101707,54.166666666666664,166.1764705882353,0.43233913043478267
6.9,0.51,0.23,2.0,0.072,13.0,22.0,0.99438,3.4,0.84,11.2,6,medium,red,88.36800000000001,0.07808256382400869,59.09090909090909,162.31884057971013,0.49719
6.8,0.56,0.22,1.8,0.074,15.0,24.0,0.99438,3.4,0.82,11.2,6,medium,red,88.36800000000001,0.07695093246424044,62.5,164.70588235294116,0.5524333333333333
7.6,0.63,0.03,2.0,0.08,27.0,43.0,0.99578,3.44,0.64,10.9,6,medium,red,86.001,0.08837106545272728,62.7906976744186,143.42105263157896,0.49789
7.7,0.715,0.01,2.1,0.064,31.0,43.0,0.99371,3.41,0.57,11.8,6,medium,red,93.102,0.08270499022577388,72.09302325581395,153.24675324675326,0.47319523809523806
6.9,0.56,0.03,1.5,0.086,36.0,46.0,0.99522,3.53,0.57,10.6,5,low,red,83.634,0.08250233158763183,78.26086956521739,153.6231884057971,0.66348
7.3,0.35,0.24,2.0,0.067,28.0,48.0,0.99576,3.43,0.54,10.0,4,low,red,78.9,0.09252217997465145,58.333333333333336,136.986301369863,0.49788
9.1,0.21,0.37,1.6,0.067,6.0,10.0,0.99552,3.23,0.58,11.1,7,medium,red,87.57900000000001,0.10390618755637766,60.0,121.97802197802199,0.6222
10.4,0.38,0.46,2.1,0.104,6.0,10.0,0.99664,3.12,0.65,11.8,7,medium,red,93.102,0.11170544134390238,60.0,113.46153846153845,0.4745904761904762
8.8,0.31,0.4,2.8,0.109,7.0,16.0,0.99614,3.31,0.79,11.8,7,medium,red,93.102,0.09451998882945586,43.75,134.0909090909091,0.35576428571428576
7.1,0.47,0.0,2.2,0.067,7.0,14.0,0.99517,3.4,0.58,10.9,4,low,red,86.001,0.08255717956767944,50.0,153.5211267605634,0.45235
7.7,0.715,0.01,2.1,0.064,31.0,43.0,0.99371,3.41,0.57,11.8,6,medium,red,93.102,0.08270499022577388,72.09302325581395,153.24675324675326,0.47319523809523806
8.8,0.61,0.19,4.0,0.094,30.0,69.0,0.99787,3.22,0.5,10.0,6,medium,red,78.9,0.11153358681875793,43.47826086956522,113.63636363636363,0.2494675
7.2,0.6,0.04,2.5,0.076,18.0,88.0,0.99745,3.53,0.55,9.5,5,low,red,74.955,0.09605763458074845,20.454545454545457,131.94444444444443,0.39898
9.2,0.56,0.18,1.6,0.078,10.0,21.0,0.99576,3.15,0.49,9.9,5,low,red,78.111,0.11778110637426226,47.61904761904761,107.60869565217392,0.62235
7.6,0.715,0.0,2.1,0.068,30.0,35.0,0.99533,3.48,0.65,11.4,6,medium,red,89.946,0.08449514152936206,85.71428571428571,150.00000000000003,0.47396666666666665
8.4,0.31,0.29,3.1,0.194,14.0,26.0,0.99536,3.22,0.78,12.0,6,medium,red,94.68,0.08871989860583016,53.84615384615385,142.85714285714286,0.32108387096774194
7.2,0.6,0.04,2.5,0.076,18.0,88.0,0.99745,3.53,0.55,9.5,5,low,red,74.955,0.09605763458074845,20.454545454545457,131.94444444444443,0.39898
8.8,0.61,0.19,4.0,0.094,30.0,69.0,0.99787,3.22,0.5,10.0,6,medium,red,78.9,0.11153358681875793,43.47826086956522,113.63636363636363,0.2494675
8.9,0.75,0.14,2.5,0.086,9.0,30.0,0.99824,3.34,0.64,10.5,5,low,red,82.845,0.10742953708733177,30.0,117.97752808988764,0.399296
9.0,0.8,0.12,2.4,0.083,8.0,28.0,0.99836,3.33,0.65,10.4,6,medium,red,82.056,0.10968119333138344,28.57142857142857,115.55555555555557,0.41598333333333337
10.7,0.52,0.38,2.6,0.066,29.0,56.0,0.99577,3.15,0.79,12.1,7,medium,red,95.46900000000001,0.11207826624349264,51.78571428571429,113.08411214953271,0.38298846153846156
6.8,0.57,0.0,2.5,0.072,32.0,64.0,0.99491,3.43,0.56,11.2,6,medium,red,88.36800000000001,0.07695093246424044,50.0,164.70588235294116,0.397964
10.7,0.9,0.34,6.6,0.112,23.0,99.0,1.00289,3.22,0.68,9.3,5,low,red,73.37700000000001,0.14582226038131837,23.232323232323232,86.9158878504673,0.1519530303030303
7.2,0.34,0.24,2.0,0.071,30.0,52.0,0.99576,3.44,0.58,10.1,5,low,red,79.68900000000001,0.09035124044723863,57.692307692307686,140.27777777777777,0.49788
7.2,0.66,0.03,2.3,0.078,16.0,86.0,0.99743,3.53,0.57,9.7,5,low,red,76.533,0.09407706479557838,18.6046511627907,134.7222222222222,0.4336652173913044
10.1,0.45,0.23,1.9,0.082,10.0,18.0,0.99774,3.22,0.65,9.3,6,medium,red,73.37700000000001,0.13764531120105752,55.55555555555556,92.0792079207921,0.5251263157894737
7.2,0.66,0.03,2.3,0.078,16.0,86.0,0.99743,3.53,0.57,9.7,5,low,red,76.533,0.09407706479557838,18.6046511627907,134.7222222222222,0.4336652173913044
7.2,0.63,0.03,2.2,0.08,17.0,88.0,0.99745,3.53,0.58,9.8,6,medium,red,77.322,0.0931170947466439,19.318181818181817,136.11111111111111,0.4533863636363636
7.1,0.59,0.01,2.3,0.08,27.0,43.0,0.9955,3.42,0.58,10.7,6,medium,red,84.423,0.08410030441941177,62.7906976744186,150.70422535211267,0.4328260869565218
8.3,0.31,0.39,2.4,0.078,17.0,43.0,0.99444,3.31,0.77,12.5,7,medium,red,98.625,0.08415716096324462,39.53488372093023,150.6024096385542,0.41435
7.1,0.59,0.01,2.3,0.08,27.0,43.0,0.9955,3.42,0.58,10.7,6,medium,red,84.423,0.08410030441941177,62.7906976744186,150.70422535211267,0.4328260869565218
8.3,0.31,0.39,2.4,0.078,17.0,43.0,0.99444,3.31,0.77,12.5,7,medium,red,98.625,0.08415716096324462,39.53488372093023,150.6024096385542,0.41435
8.3,1.02,0.02,3.4,0.084,6.0,11.0,0.99892,3.48,0.49,11.0,3,low,red,86.79,0.09563313745823251,54.54545454545454,132.5301204819277,0.2938
8.9,0.31,0.36,2.6,0.056,10.0,39.0,0.99562,3.4,0.69,11.8,5,low,red,93.102,0.09559407961160878,25.64102564102564,132.58426966292137,0.3829307692307692
7.4,0.635,0.1,2.4,0.08,16.0,33.0,0.99736,3.58,0.69,10.8,7,medium,red,85.212,0.08684222879406657,48.484848484848484,145.94594594594594,0.4155666666666667
7.4,0.635,0.1,2.4,0.08,16.0,33.0,0.99736,3.58,0.69,10.8,7,medium,red,85.212,0.08684222879406657,48.484848484848484,145.94594594594594,0.4155666666666667
6.8,0.59,0.06,6.0,0.06,11.0,18.0,0.9962,3.41,0.59,10.8,7,medium,red,85.212,0.07980096699995305,61.111111111111114,158.82352941176472,0.16603333333333334
6.8,0.59,0.06,6.0,0.06,11.0,18.0,0.9962,3.41,0.59,10.8,7,medium,red,85.212,0.07980096699995305,61.111111111111114,158.82352941176472,0.16603333333333334
9.2,0.58,0.2,3.0,0.081,15.0,115.0,0.998,3.23,0.59,9.5,5,low,red,74.955,0.12274031085317856,13.043478260869565,103.2608695652174,0.33266666666666667
7.2,0.54,0.27,2.6,0.084,12.0,78.0,0.9964,3.39,0.71,11.0,5,low,red,86.79,0.0829588662288282,15.384615384615385,152.77777777777777,0.3832307692307692
6.1,0.56,0.0,2.2,0.079,6.0,9.0,0.9948,3.59,0.54,11.5,6,medium,red,90.735,0.0672287430429272,66.66666666666666,188.52459016393445,0.45218181818181813
7.4,0.52,0.13,2.4,0.078,34.0,61.0,0.99528,3.43,0.59,10.8,6,medium,red,85.212,0.08684222879406657,55.73770491803278,145.94594594594594,0.4147
7.3,0.305,0.39,1.2,0.059,7.0,11.0,0.99331,3.29,0.52,11.5,6,medium,red,90.735,0.08045406954317517,63.63636363636363,157.53424657534248,0.8277583333333334
9.3,0.38,0.48,3.8,0.132,3.0,11.0,0.99577,3.23,0.57,13.2,6,medium,red,104.14800000000001,0.08929600184353036,27.27272727272727,141.93548387096772,0.2620447368421053
9.1,0.28,0.46,9.0,0.114,3.0,9.0,0.99901,3.18,0.6,10.9,6,medium,red,86.001,0.10581272310787083,33.33333333333333,119.7802197802198,0.1110011111111111
10.0,0.46,0.44,2.9,0.065,4.0,8.0,0.99674,3.33,0.62,12.2,6,medium,red,96.25800000000001,0.10388746909347793,50.0,122.0,0.3437034482758621
9.4,0.395,0.46,4.6,0.094,3.0,10.0,0.99639,3.27,0.64,12.2,7,medium,red,96.25800000000001,0.09765422094786926,30.0,129.7872340425532,0.21660652173913045
7.3,0.305,0.39,1.2,0.059,7.0,11.0,0.99331,3.29,0.52,11.5,6,medium,red,90.735,0.08045406954317517,63.63636363636363,157.53424657534248,0.8277583333333334
8.6,0.315,0.4,2.2,0.079,3.0,6.0,0.99512,3.27,0.67,11.9,6,medium,red,93.891,0.09159557359065298,50.0,138.37209302325581,0.4523272727272727
5.3,0.715,0.19,1.5,0.161,7.0,62.0,0.99395,3.62,0.61,11.0,5,low,red,86.79,0.06106694319622075,11.29032258064516,207.54716981132074,0.6626333333333333
6.8,0.41,0.31,8.8,0.084,26.0,45.0,0.99824,3.38,0.64,10.1,6,medium,red,79.68900000000001,0.0853317270890587,57.77777777777777,148.52941176470588,0.11343636363636363
8.4,0.36,0.32,2.2,0.081,32.0,79.0,0.9964,3.3,0.72,11.0,6,medium,red,86.79,0.0967853439336329,40.50632911392405,130.95238095238096,0.4529090909090909
8.4,0.62,0.12,1.8,0.072,38.0,46.0,0.99504,3.38,0.89,11.8,6,medium,red,93.102,0.09022362570084423,82.6086956521739,140.47619047619048,0.5528
9.6,0.41,0.37,2.3,0.091,10.0,23.0,0.99786,3.24,0.56,10.5,5,low,red,82.845,0.11587905124026797,43.47826086956522,109.375,0.4338521739130435
8.4,0.36,0.32,2.2,0.081,32.0,79.0,0.9964,3.3,0.72,11.0,6,medium,red,86.79,0.0967853439336329,40.50632911392405,130.95238095238096,0.4529090909090909
8.4,0.62,0.12,1.8,0.072,38.0,46.0,0.99504,3.38,0.89,11.8,6,medium,red,93.102,0.09022362570084423,82.6086956521739,140.47619047619048,0.5528
6.8,0.41,0.31,8.8,0.084,26.0,45.0,0.99824,3.38,0.64,10.1,6,medium,red,79.68900000000001,0.0853317270890587,57.77777777777777,148.52941176470588,0.11343636363636363
8.6,0.47,0.27,2.3,0.055,14.0,28.0,0.99516,3.18,0.8,11.2,5,low,red,88.36800000000001,0.09732029694006879,50.0,130.23255813953486,0.4326782608695653
8.6,0.22,0.36,1.9,0.064,53.0,77.0,0.99604,3.47,0.87,11.0,7,medium,red,86.79,0.09908975688443368,68.83116883116884,127.90697674418605,0.5242315789473685
9.4,0.24,0.33,2.3,0.061,52.0,73.0,0.99786,3.47,0.9,10.2,6,medium,red,80.47800000000001,0.11680210740823578,71.23287671232876,108.51063829787233,0.4338521739130435
8.4,0.67,0.19,2.2,0.093,11.0,75.0,0.99736,3.2,0.59,9.2,4,low,red,72.58800000000001,0.11572160687716977,14.666666666666666,109.52380952380952,0.4533454545454545
8.6,0.47,0.27,2.3,0.055,14.0,28.0,0.99516,3.18,0.8,11.2,5,low,red,88.36800000000001,0.09732029694006879,50.0,130.23255813953486,0.4326782608695653
8.7,0.33,0.38,3.3,0.063,10.0,19.0,0.99468,3.3,0.73,12.0,7,medium,red,94.68,0.09188846641318123,52.63157894736842,137.93103448275863,0.30141818181818186
6.6,0.61,0.01,1.9,0.08,8.0,25.0,0.99746,3.69,0.73,10.5,5,low,red,82.845,0.07966684772768423,32.0,159.0909090909091,0.5249789473684211
7.4,0.61,0.01,2.0,0.074,13.0,38.0,0.99748,3.48,0.65,9.8,5,low,red,77.322,0.09570368071182846,34.21052631578947,132.43243243243242,0.49874
7.6,0.4,0.29,1.9,0.078,29.0,66.0,0.9971,3.45,0.59,9.5,6,medium,red,74.955,0.10139416983523447,43.93939393939394,125.0,0.5247894736842106
7.4,0.61,0.01,2.0,0.074,13.0,38.0,0.99748,3.48,0.65,9.8,5,low,red,77.322,0.09570368071182846,34.21052631578947,132.43243243243242,0.49874
6.6,0.61,0.01,1.9,0.08,8.0,25.0,0.99746,3.69,0.73,10.5,5,low,red,82.845,0.07966684772768423,32.0,159.0909090909091,0.5249789473684211
8.8,0.3,0.38,2.3,0.06,19.0,72.0,0.99543,3.39,0.72,11.8,6,medium,red,93.102,0.09451998882945586,26.38888888888889,134.0909090909091,0.4327956521739131
8.8,0.3,0.38,2.3,0.06,19.0,72.0,0.99543,3.39,0.72,11.8,6,medium,red,93.102,0.09451998882945586,26.38888888888889,134.0909090909091,0.4327956521739131
12.0,0.63,0.5,1.4,0.071,6.0,26.0,0.99791,3.07,0.6,10.4,4,low,red,82.056,0.14624159110851126,23.076923076923077,86.66666666666667,0.7127928571428571
7.2,0.38,0.38,2.8,0.068,23.0,42.0,0.99356,3.34,0.72,12.9,7,medium,red,101.781,0.07074011848969847,54.761904761904766,179.16666666666669,0.3548428571428572
6.2,0.46,0.17,1.6,0.073,7.0,11.0,0.99425,3.61,0.54,11.4,5,low,red,89.946,0.06893024703711116,63.63636363636363,183.8709677419355,0.6214062499999999
9.6,0.33,0.52,2.2,0.074,13.0,25.0,0.99509,3.36,0.76,12.4,7,medium,red,97.836,0.09812339016313014,52.0,129.16666666666669,0.45231363636363636
9.9,0.27,0.49,5.0,0.082,9.0,17.0,0.99484,3.19,0.52,12.5,7,medium,red,98.625,0.10038022813688213,52.94117647058824,126.26262626262626,0.19896799999999998
10.1,0.43,0.4,2.6,0.092,13.0,52.0,0.99834,3.22,0.64,10.0,7,medium,red,78.9,0.1280101394169835,25.0,99.00990099009901,0.38397692307692305
9.8,0.5,0.34,2.3,0.094,10.0,45.0,0.99864,3.24,0.6,9.7,7,medium,red,76.533,0.12804933819398168,22.22222222222222,98.97959183673468,0.4341913043478261
8.3,0.3,0.49,3.8,0.09,11.0,24.0,0.99498,3.27,0.64,12.1,7,medium,red,95.46900000000001,0.08693921587112047,45.83333333333333,145.78313253012047,0.26183684210526315
10.2,0.44,0.42,2.0,0.071,7.0,20.0,0.99566,3.14,0.79,11.1,7,medium,red,87.57900000000001,0.11646627616209364,35.0,108.82352941176472,0.49783
10.2,0.44,0.58,4.1,0.092,11.0,24.0,0.99745,3.29,0.99,12.0,7,medium,red,94.68,0.10773130544993662,45.83333333333333,117.64705882352942,0.24328048780487807
8.3,0.28,0.48,2.1,0.093,6.0,12.0,0.99408,3.26,0.62,12.4,7,medium,red,97.836,0.08483584774520628,50.0,149.39759036144576,0.47337142857142855
8.9,0.12,0.45,1.8,0.075,10.0,21.0,0.99552,3.41,0.76,11.9,7,medium,red,93.891,0.09479076801823391,47.61904761904761,133.7078651685393,0.5530666666666666
8.9,0.12,0.45,1.8,0.075,10.0,21.0,0.99552,3.41,0.76,11.9,7,medium,red,93.891,0.09479076801823391,47.61904761904761,133.7078651685393,0.5530666666666666
8.9,0.12,0.45,1.8,0.075,10.0,21.0,0.99552,3.41,0.76,11.9,7,medium,red,93.891,0.09479076801823391,47.61904761904761,133.7078651685393,0.5530666666666666
8.3,0.28,0.48,2.1,0.093,6.0,12.0,0.99408,3.26,0.62,12.4,7,medium,red,97.836,0.08483584774520628,50.0,149.39759036144576,0.47337142857142855
8.2,0.31,0.4,2.2,0.058,6.0,10.0,0.99536,3.31,0.68,11.2,7,medium,red,88.36800000000001,0.09279377150099581,60.0,136.58536585365854,0.45243636363636364
10.2,0.34,0.48,2.1,0.052,5.0,9.0,0.99458,3.2,0.69,12.1,7,medium,red,95.46900000000001,0.10684096408258176,55.55555555555556,118.62745098039215,0.4736095238095238
7.6,0.43,0.4,2.7,0.082,6.0,11.0,0.99538,3.44,0.54,12.2,6,medium,red,96.25800000000001,0.07895447651104323,54.54545454545454,160.52631578947367,0.36865925925925924
8.5,0.21,0.52,1.9,0.09,9.0,23.0,0.99648,3.36,0.67,10.4,5,low,red,82.056,0.10358779370186215,39.130434782608695,122.3529411764706,0.5244631578947369
9.0,0.36,0.52,2.1,0.111,5.0,10.0,0.99568,3.31,0.62,11.3,6,medium,red,89.15700000000001,0.100945523066052,50.0,125.55555555555556,0.4741333333333333
9.5,0.37,0.52,2.0,0.088,12.0,51.0,0.99613,3.29,0.58,11.1,6,medium,red,87.57900000000001,0.10847349250391075,23.52941176470588,116.84210526315788,0.498065
6.4,0.57,0.12,2.3,0.12,25.0,36.0,0.99519,3.47,0.71,11.3,7,medium,red,89.15700000000001,0.07178348306919255,69.44444444444444,176.5625,0.43269130434782616
8.0,0.59,0.05,2.0,0.089,12.0,32.0,0.99735,3.36,0.61,10.0,5,low,red,78.9,0.10139416983523447,37.5,125.0,0.498675
8.5,0.47,0.27,1.9,0.058,18.0,38.0,0.99518,3.16,0.85,11.1,6,medium,red,87.57900000000001,0.09705523013507804,47.368421052631575,130.58823529411765,0.523778947368421
7.1,0.56,0.14,1.6,0.078,7.0,18.0,0.99592,3.27,0.62,9.3,5,low,red,73.37700000000001,0.09676056529975331,38.88888888888889,130.98591549295776,0.62245
6.6,0.57,0.02,2.1,0.115,6.0,16.0,0.99654,3.38,0.69,9.5,5,low,red,74.955,0.08805283169901941,37.5,143.93939393939394,0.4745428571428571
8.8,0.27,0.39,2.0,0.1,20.0,27.0,0.99546,3.15,0.69,11.2,6,medium,red,88.36800000000001,0.09958355965960529,74.07407407407408,127.27272727272725,0.49773
8.5,0.47,0.27,1.9,0.058,18.0,38.0,0.99518,3.16,0.85,11.1,6,medium,red,87.57900000000001,0.09705523013507804,47.368421052631575,130.58823529411765,0.523778947368421
8.3,0.34,0.4,2.4,0.065,24.0,48.0,0.99554,3.34,0.86,11.0,6,medium,red,86.79,0.09563313745823251,50.0,132.5301204819277,0.41480833333333333
9.0,0.38,0.41,2.4,0.103,6.0,10.0,0.99604,3.13,0.58,11.9,7,medium,red,93.891,0.09585583282742755,60.0,132.22222222222223,0.4150166666666667
8.5,0.66,0.2,2.1,0.097,23.0,113.0,0.99733,3.13,0.48,9.2,5,low,red,72.58800000000001,0.11709924505427893,20.353982300884958,108.23529411764706,0.47491904761904763
9.0,0.4,0.43,2.4,0.068,29.0,46.0,0.9943,3.2,0.6,12.2,6,medium,red,96.25800000000001,0.09349872218413013,63.04347826086957,135.55555555555554,0.41429166666666667
6.7,0.56,0.09,2.9,0.079,7.0,22.0,0.99669,3.46,0.61,10.2,5,low,red,80.47800000000001,0.08325256591863614,31.818181818181817,152.23880597014926,0.3436862068965517
10.4,0.26,0.48,1.9,0.066,6.0,10.0,0.99724,3.33,0.87,10.9,6,medium,red,86.001,0.12092882640899524,60.0,104.8076923076923,0.5248631578947369
10.4,0.26,0.48,1.9,0.066,6.0,10.0,0.99724,3.33,0.87,10.9,6,medium,red,86.001,0.12092882640899524,60.0,104.8076923076923,0.5248631578947369
10.1,0.38,0.5,2.4,0.104,6.0,13.0,0.99643,3.22,0.65,11.6,7,medium,red,91.524,0.11035356846291683,46.15384615384615,114.85148514851484,0.4151791666666667
8.5,0.34,0.44,1.7,0.079,6.0,12.0,0.99605,3.52,0.63,10.7,5,low,red,84.423,0.10068346303732395,50.0,125.88235294117646,0.5859117647058824
8.8,0.33,0.41,5.9,0.073,7.0,13.0,0.99658,3.3,0.62,12.1,7,medium,red,95.46900000000001,0.09217651803203133,53.84615384615385,137.49999999999997,0.16891186440677966
7.2,0.41,0.3,2.1,0.083,35.0,72.0,0.997,3.44,0.52,9.4,5,low,red,74.166,0.09707952431033089,48.61111111111111,130.55555555555557,0.4747619047619047
7.2,0.41,0.3,2.1,0.083,35.0,72.0,0.997,3.44,0.52,9.4,5,low,red,74.166,0.09707952431033089,48.61111111111111,130.55555555555557,0.4747619047619047
8.4,0.59,0.29,2.6,0.109,31.0,119.0,0.99801,3.15,0.5,9.1,5,low,red,71.799,0.116993272886809,26.05042016806723,108.33333333333333,0.38384999999999997
7.0,0.4,0.32,3.6,0.061,9.0,29.0,0.99416,3.28,0.49,11.3,7,medium,red,89.15700000000001,0.07851318460692934,31.03448275862069,161.42857142857144,0.27615555555555554
12.2,0.45,0.49,1.4,0.075,3.0,6.0,0.9969,3.13,0.63,10.4,5,low,red,82.056,0.14867895096031977,50.0,85.24590163934427,0.7120714285714286
9.1,0.5,0.3,1.9,0.065,8.0,17.0,0.99774,3.32,0.71,10.5,6,medium,red,82.845,0.10984368398817068,47.05882352941176,115.3846153846154,0.5251263157894737
9.5,0.86,0.26,1.9,0.079,13.0,28.0,0.99712,3.25,0.62,10.0,5,low,red,78.9,0.12040557667934093,46.42857142857143,105.26315789473684,0.5248
7.3,0.52,0.32,2.1,0.07,51.0,70.0,0.99418,3.34,0.82,12.9,6,medium,red,101.781,0.07172262013538871,72.85714285714285,176.7123287671233,0.4734190476190476
9.1,0.5,0.3,1.9,0.065,8.0,17.0,0.99774,3.32,0.71,10.5,6,medium,red,82.845,0.10984368398817068,47.05882352941176,115.3846153846154,0.5251263157894737
12.2,0.45,0.49,1.4,0.075,3.0,6.0,0.9969,3.13,0.63,10.4,5,low,red,82.056,0.14867895096031977,50.0,85.24590163934427,0.7120714285714286
7.4,0.58,0.0,2.0,0.064,7.0,11.0,0.99562,3.45,0.58,11.3,6,medium,red,89.15700000000001,0.08299965229875388,63.63636363636363,152.7027027027027,0.49781
9.8,0.34,0.39,1.4,0.066,3.0,7.0,0.9947,3.19,0.55,11.4,7,medium,red,89.946,0.10895426144575636,42.857142857142854,116.3265306122449,0.7105
7.1,0.36,0.3,1.6,0.08,35.0,70.0,0.99693,3.44,0.5,9.4,5,low,red,74.166,0.0957311975837985,50.0,132.3943661971831,0.6230812499999999
7.7,0.39,0.12,1.7,0.097,19.0,27.0,0.99596,3.16,0.49,9.4,5,low,red,74.166,0.10382115794299275,70.37037037037037,122.07792207792207,0.5858588235294118
9.7,0.295,0.4,1.5,0.073,14.0,21.0,0.99556,3.14,0.51,10.9,6,medium,red,86.001,0.11278938616992824,66.66666666666666,112.37113402061858,0.6637066666666667
7.7,0.39,0.12,1.7,0.097,19.0,27.0,0.99596,3.16,0.49,9.4,5,low,red,74.166,0.10382115794299275,70.37037037037037,122.07792207792207,0.5858588235294118
7.1,0.34,0.28,2.0,0.082,31.0,68.0,0.99694,3.45,0.48,9.4,5,low,red,74.166,0.0957311975837985,45.588235294117645,132.3943661971831,0.49847
6.5,0.4,0.1,2.0,0.076,30.0,47.0,0.99554,3.36,0.48,9.4,6,medium,red,74.166,0.08764123722460428,63.829787234042556,144.6153846153846,0.49777
7.1,0.34,0.28,2.0,0.082,31.0,68.0,0.99694,3.45,0.48,9.4,5,low,red,74.166,0.0957311975837985,45.588235294117645,132.3943661971831,0.49847
10.0,0.35,0.45,2.5,0.092,20.0,88.0,0.99918,3.15,0.43,9.4,5,low,red,74.166,0.13483267265323734,22.727272727272727,94.0,0.39967199999999997
7.7,0.6,0.06,2.0,0.079,19.0,41.0,0.99697,3.39,0.62,10.1,6,medium,red,79.68900000000001,0.09662563214496354,46.34146341463415,131.16883116883116,0.498485
5.6,0.66,0.0,2.2,0.087,3.0,11.0,0.99378,3.71,0.63,12.8,7,medium,red,100.992,0.055449936628643844,27.27272727272727,228.5714285714286,0.4517181818181818
5.6,0.66,0.0,2.2,0.087,3.0,11.0,0.99378,3.71,0.63,12.8,7,medium,red,100.992,0.055449936628643844,27.27272727272727,228.5714285714286,0.4517181818181818
8.9,0.84,0.34,1.4,0.05,4.0,10.0,0.99554,3.12,0.48,9.1,6,medium,red,71.799,0.12395715817769049,40.0,102.24719101123594,0.7111000000000001
6.4,0.69,0.0,1.65,0.055,7.0,12.0,0.99162,3.47,0.53,12.9,6,medium,red,101.781,0.06288010532417641,58.333333333333336,201.5625,0.6009818181818182
7.5,0.43,0.3,2.2,0.062,6.0,12.0,0.99495,3.44,0.72,11.5,7,medium,red,90.735,0.08265829062654985,50.0,153.33333333333334,0.45225
9.9,0.35,0.38,1.5,0.058,31.0,47.0,0.99676,3.26,0.82,10.6,7,medium,red,83.634,0.1183729105387761,65.95744680851064,107.07070707070707,0.6645066666666667
9.1,0.29,0.33,2.05,0.063,13.0,27.0,0.99516,3.26,0.84,11.7,7,medium,red,92.313,0.09857766511758907,48.148148148148145,128.57142857142856,0.48544390243902447
6.8,0.36,0.32,1.8,0.067,4.0,8.0,0.9928,3.36,0.55,12.8,7,medium,red,100.992,0.0673320659062104,50.0,188.23529411764707,0.5515555555555556
8.2,0.43,0.29,1.6,0.081,27.0,45.0,0.99603,3.25,0.54,10.3,5,low,red,81.26700000000001,0.10090196512729642,60.0,125.609756097561,0.6225187499999999
6.8,0.36,0.32,1.8,0.067,4.0,8.0,0.9928,3.36,0.55,12.8,7,medium,red,100.992,0.0673320659062104,50.0,188.23529411764707,0.5515555555555556
9.1,0.29,0.33,2.05,0.063,13.0,27.0,0.99516,3.26,0.84,11.7,7,medium,red,92.313,0.09857766511758907,48.148148148148145,128.57142857142856,0.48544390243902447
9.1,0.3,0.34,2.0,0.064,12.0,25.0,0.99516,3.26,0.84,11.7,7,medium,red,92.313,0.09857766511758907,48.0,128.57142857142856,0.49758
8.9,0.35,0.4,3.6,0.11,12.0,24.0,0.99549,3.23,0.7,12.0,7,medium,red,94.68,0.0940008449514153,50.0,134.8314606741573,0.27652499999999997
9.6,0.5,0.36,2.8,0.116,26.0,55.0,0.99722,3.18,0.68,10.9,5,low,red,86.001,0.11162660899291868,47.27272727272727,113.54166666666667,0.35615
8.9,0.28,0.45,1.7,0.067,7.0,12.0,0.99354,3.25,0.55,12.3,7,medium,red,97.04700000000001,0.09170814141601491,58.333333333333336,138.20224719101125,0.584435294117647
8.9,0.32,0.31,2.0,0.088,12.0,19.0,0.9957,3.17,0.55,10.4,6,medium,red,82.056,0.10846251340547919,63.1578947368421,116.85393258426966,0.49785
7.7,1.005,0.15,2.1,0.102,11.0,32.0,0.99604,3.23,0.48,10.0,5,low,red,78.9,0.09759188846641317,34.375,129.87012987012986,0.4743047619047619
7.5,0.71,0.0,1.6,0.092,22.0,31.0,0.99635,3.38,0.58,10.0,6,medium,red,78.9,0.09505703422053231,70.96774193548387,133.33333333333331,0.62271875
8.0,0.58,0.16,2.0,0.12,3.0,7.0,0.99454,3.22,0.58,11.2,6,medium,red,88.36800000000001,0.09053050878145934,42.857142857142854,140.0,0.49727
10.5,0.39,0.46,2.2,0.075,14.0,27.0,0.99598,3.06,0.84,11.4,6,medium,red,89.946,0.1167367086918818,51.85185185185185,108.57142857142858,0.4527181818181818
8.9,0.38,0.4,2.2,0.068,12.0,28.0,0.99486,3.27,0.75,12.6,7,medium,red,99.414,0.08952461423944313,42.857142857142854,141.57303370786516,0.45220909090909084
8.0,0.18,0.37,0.9,0.049,36.0,109.0,0.99007,2.89,0.44,12.7,6,medium,red,100.203,0.07983792900412164,33.02752293577982,158.75,1.1000777777777777
8.0,0.18,0.37,0.9,0.049,36.0,109.0,0.99007,2.89,0.44,12.7,6,medium,red,100.203,0.07983792900412164,33.02752293577982,158.75,1.1000777777777777
7.0,0.5,0.14,1.8,0.078,10.0,23.0,0.99636,3.53,0.61,10.4,5,low,red,82.056,0.08530759481329823,43.47826086956522,148.57142857142858,0.5535333333333333
11.3,0.36,0.66,2.4,0.123,3.0,8.0,0.99642,3.2,0.53,11.9,6,medium,red,93.891,0.12035232343888126,37.5,105.30973451327432,0.415175
11.3,0.36,0.66,2.4,0.123,3.0,8.0,0.99642,3.2,0.53,11.9,6,medium,red,93.891,0.12035232343888126,37.5,105.30973451327432,0.415175
7.0,0.51,0.09,2.1,0.062,4.0,9.0,0.99584,3.35,0.54,10.5,5,low,red,82.845,0.08449514152936206,44.44444444444444,150.0,0.47420952380952375
8.2,0.32,0.42,2.3,0.098,3.0,9.0,0.99506,3.27,0.55,12.3,6,medium,red,97.04700000000001,0.08449514152936205,33.33333333333333,150.00000000000003,0.43263478260869564
7.7,0.58,0.01,1.8,0.088,12.0,18.0,0.99568,3.32,0.56,10.5,7,medium,red,82.845,0.09294465568229827,66.66666666666666,136.36363636363635,0.5531555555555555
8.6,0.83,0.0,2.8,0.095,17.0,43.0,0.99822,3.33,0.6,10.4,6,medium,red,82.056,0.1048064736277664,39.53488372093023,120.93023255813955,0.35650714285714286
7.9,0.31,0.32,1.9,0.066,14.0,36.0,0.99364,3.41,0.56,12.6,6,medium,red,99.414,0.079465668819281,38.88888888888889,159.49367088607593,0.5229684210526316
6.4,0.795,0.0,2.2,0.065,28.0,52.0,0.99378,3.49,0.52,11.6,5,low,red,91.524,0.06992701367947206,53.84615384615385,181.24999999999997,0.4517181818181818
7.2,0.34,0.21,2.5,0.075,41.0,68.0,0.99586,3.37,0.54,10.1,6,medium,red,79.68900000000001,0.09035124044723863,60.29411764705882,140.27777777777777,0.398344
7.7,0.58,0.01,1.8,0.088,12.0,18.0,0.99568,3.32,0.56,10.5,7,medium,red,82.845,0.09294465568229827,66.66666666666666,136.36363636363635,0.5531555555555555
7.1,0.59,0.0,2.1,0.091,9.0,14.0,0.99488,3.42,0.55,11.5,7,medium,red,90.735,0.07824984845980051,64.28571428571429,161.9718309859155,0.4737523809523809
7.3,0.55,0.01,1.8,0.093,9.0,15.0,0.99514,3.35,0.58,11.0,7,medium,red,86.79,0.08411107270422859,60.0,150.68493150684932,0.5528555555555555
8.1,0.82,0.0,4.1,0.095,5.0,14.0,0.99854,3.36,0.53,9.6,5,low,red,75.744,0.10693916349809886,35.714285714285715,118.5185185185185,0.24354634146341464
7.5,0.57,0.08,2.6,0.089,14.0,27.0,0.99592,3.3,0.59,10.4,6,medium,red,82.056,0.09140099444281954,51.85185185185185,138.66666666666669,0.38304615384615387
8.9,0.745,0.18,2.5,0.077,15.0,48.0,0.99739,3.2,0.47,9.7,6,medium,red,76.533,0.11628970509453439,31.25,108.98876404494379,0.398956
10.1,0.37,0.34,2.4,0.085,5.0,17.0,0.99683,3.17,0.65,10.6,7,medium,red,83.634,0.12076428246885237,29.411764705882355,104.95049504950495,0.41534583333333336
7.6,0.31,0.34,2.5,0.082,26.0,35.0,0.99356,3.22,0.59,12.5,7,medium,red,98.625,0.07705956907477819,74.28571428571429,164.47368421052633,0.397424
7.3,0.91,0.1,1.8,0.074,20.0,56.0,0.99672,3.35,0.56,9.2,5,low,red,72.58800000000001,0.10056758692896896,35.714285714285715,126.02739726027397,0.5537333333333333
8.7,0.41,0.41,6.2,0.078,25.0,42.0,0.9953,3.24,0.77,12.6,7,medium,red,99.414,0.0875128251554107,59.523809523809526,144.82758620689654,0.16053225806451613
8.9,0.5,0.21,2.2,0.088,21.0,39.0,0.99692,3.33,0.83,11.1,6,medium,red,87.57900000000001,0.10162253508261113,53.84615384615385,124.7191011235955,0.4531454545454545
7.4,0.965,0.0,2.2,0.088,16.0,32.0,0.99756,3.58,0.67,10.2,5,low,red,80.47800000000001,0.09195059519371754,50.0,137.83783783783784,0.4534363636363636
6.9,0.49,0.19,1.7,0.079,13.0,26.0,0.99547,3.38,0.64,9.8,6,medium,red,77.322,0.08923721579886708,50.0,142.02898550724638,0.5855705882352941
8.9,0.5,0.21,2.2,0.088,21.0,39.0,0.99692,3.33,0.83,11.1,6,medium,red,87.57900000000001,0.10162253508261113,53.84615384615385,124.7191011235955,0.4531454545454545
9.5,0.39,0.41,8.9,0.069,18.0,39.0,0.99859,3.29,0.81,10.9,7,medium,red,86.001,0.11046383181590912,46.15384615384615,114.73684210526316,0.11220112359550562
6.4,0.39,0.33,3.3,0.046,12.0,53.0,0.99294,3.36,0.62,12.2,6,medium,red,96.25800000000001,0.06648798021982588,22.641509433962266,190.62499999999997,0.3008909090909091
6.9,0.44,0.0,1.4,0.07,32.0,38.0,0.99438,3.32,0.58,11.4,6,medium,red,89.946,0.07671269428323661,84.21052631578947,165.2173913043478,0.7102714285714287
7.6,0.78,0.0,1.7,0.076,33.0,45.0,0.99612,3.31,0.62,10.7,6,medium,red,84.423,0.09002286106866611,73.33333333333333,140.78947368421052,0.5859529411764706
7.1,0.43,0.17,1.8,0.082,27.0,51.0,0.99634,3.49,0.64,10.4,5,low,red,82.056,0.08652627473920249,52.94117647058824,146.47887323943664,0.5535222222222222
9.3,0.49,0.36,1.7,0.081,3.0,14.0,0.99702,3.27,0.78,10.9,6,medium,red,86.001,0.10813827746188998,21.428571428571427,117.2043010752688,0.5864823529411765
9.3,0.5,0.36,1.8,0.084,6.0,17.0,0.99704,3.27,0.77,10.8,6,medium,red,85.212,0.10913955780875934,35.294117647058826,116.12903225806453,0.5539111111111111
7.1,0.43,0.17,1.8,0.082,27.0,51.0,0.99634,3.49,0.64,10.4,5,low,red,82.056,0.08652627473920249,52.94117647058824,146.47887323943664,0.5535222222222222
8.5,0.46,0.59,1.4,0.414,16.0,45.0,0.99702,3.03,1.34,9.2,5,low,red,72.58800000000001,0.11709924505427893,35.55555555555556,108.23529411764706,0.7121571428571429
5.6,0.605,0.05,2.4,0.073,19.0,25.0,0.99258,3.56,0.55,12.9,5,low,red,101.781,0.05502009215865436,76.0,230.3571428571429,0.413575
8.3,0.33,0.42,2.3,0.07,9.0,20.0,0.99426,3.38,0.77,12.7,7,medium,red,100.203,0.0828318513417762,45.0,153.01204819277106,0.43228695652173915
8.2,0.64,0.27,2.0,0.095,5.0,77.0,0.99747,3.13,0.62,9.1,6,medium,red,71.799,0.11420771877045639,6.493506493506493,110.97560975609757,0.498735
8.2,0.64,0.27,2.0,0.095,5.0,77.0,0.99747,3.13,0.62,9.1,6,medium,red,71.799,0.11420771877045639,6.493506493506493,110.97560975609757,0.498735
8.9,0.48,0.53,4.0,0.101,3.0,10.0,0.99586,3.21,0.59,12.1,7,medium,red,95.46900000000001,0.09322397846421351,30.0,135.95505617977528,0.248965
7.6,0.42,0.25,3.9,0.104,28.0,90.0,0.99784,3.15,0.57,9.1,5,low,red,71.799,0.10585105642139861,31.11111111111111,119.73684210526316,0.25585641025641026
9.9,0.53,0.57,2.4,0.093,30.0,52.0,0.9971,3.19,0.76,11.6,7,medium,red,91.524,0.10816834928543333,57.692307692307686,117.17171717171718,0.4154583333333333
8.9,0.48,0.53,4.0,0.101,3.0,10.0,0.99586,3.21,0.59,12.1,7,medium,red,95.46900000000001,0.09322397846421351,30.0,135.95505617977528,0.248965
11.6,0.23,0.57,1.8,0.074,3.0,8.0,0.9981,3.14,0.7,9.9,6,medium,red,78.111,0.14850661238493937,37.5,85.3448275862069,0.5545
9.1,0.4,0.5,1.8,0.071,7.0,16.0,0.99462,3.21,0.69,12.5,8,high,red,98.625,0.09226869455006337,43.75,137.36263736263737,0.5525666666666667
8.0,0.38,0.44,1.9,0.098,6.0,15.0,0.9956,3.3,0.64,11.4,6,medium,red,89.946,0.08894225424143375,40.0,142.5,0.524
10.2,0.29,0.65,2.4,0.075,6.0,17.0,0.99565,3.22,0.63,11.8,6,medium,red,93.102,0.10955725977959656,35.294117647058826,115.68627450980394,0.4148541666666667
8.2,0.74,0.09,2.0,0.067,5.0,10.0,0.99418,3.28,0.57,11.8,6,medium,red,93.102,0.08807544413653841,50.0,143.90243902439025,0.49709
7.7,0.61,0.18,2.4,0.083,6.0,20.0,0.9963,3.29,0.6,10.2,6,medium,red,80.47800000000001,0.09567832202589527,30.0,132.46753246753244,0.415125
6.6,0.52,0.08,2.4,0.07,13.0,26.0,0.99358,3.4,0.72,12.5,7,medium,red,98.625,0.06692015209125475,50.0,189.3939393939394,0.4139916666666667
11.1,0.31,0.53,2.2,0.06,3.0,10.0,0.99572,3.02,0.83,10.9,7,medium,red,86.001,0.12906826664806223,30.0,98.1981981981982,0.4526
11.1,0.31,0.53,2.2,0.06,3.0,10.0,0.99572,3.02,0.83,10.9,7,medium,red,86.001,0.12906826664806223,30.0,98.1981981981982,0.4526
8.0,0.62,0.35,2.8,0.086,28.0,52.0,0.997,3.31,0.62,10.8,5,low,red,85.212,0.09388349058818006,53.84615384615385,135.0,0.3560714285714286
9.3,0.33,0.45,1.5,0.057,19.0,37.0,0.99498,3.18,0.89,11.1,7,medium,red,87.57900000000001,0.10618984003014421,51.35135135135135,119.35483870967741,0.66332
7.5,0.77,0.2,8.1,0.098,30.0,92.0,0.99892,3.2,0.58,9.2,5,low,red,72.58800000000001,0.1033228632831873,32.608695652173914,122.66666666666666,0.12332345679012346
7.2,0.35,0.26,1.8,0.083,33.0,75.0,0.9968,3.4,0.58,9.5,6,medium,red,74.955,0.09605763458074845,44.0,131.94444444444443,0.5537777777777778
8.0,0.62,0.33,2.7,0.088,16.0,37.0,0.9972,3.31,0.58,10.7,6,medium,red,84.423,0.0947609063880696,43.24324324324324,133.75,0.3693333333333333
7.5,0.77,0.2,8.1,0.098,30.0,92.0,0.99892,3.2,0.58,9.2,5,low,red,72.58800000000001,0.1033228632831873,32.608695652173914,122.66666666666666,0.12332345679012346
9.1,0.25,0.34,2.0,0.071,45.0,67.0,0.99769,3.44,0.86,10.2,7,medium,red,80.47800000000001,0.11307438057605804,67.16417910447761,112.08791208791209,0.498845
9.9,0.32,0.56,2.0,0.073,3.0,8.0,0.99534,3.15,0.73,11.4,6,medium,red,89.946,0.11006603962377427,37.5,115.15151515151516,0.49767
8.6,0.37,0.65,6.4,0.08,3.0,8.0,0.99817,3.27,0.58,11.0,5,low,red,86.79,0.09908975688443368,37.5,127.90697674418605,0.1559640625
8.6,0.37,0.65,6.4,0.08,3.0,8.0,0.99817,3.27,0.58,11.0,5,low,red,86.79,0.09908975688443368,37.5,127.90697674418605,0.1559640625
7.9,0.3,0.68,8.3,0.05,37.5,278.0,0.99316,3.01,0.51,12.3,7,medium,red,97.04700000000001,0.08140385586365369,13.489208633093524,155.69620253164558,0.1196578313253012
10.3,0.27,0.56,1.4,0.047,3.0,8.0,0.99471,3.16,0.51,11.8,6,medium,red,93.102,0.11063135056174948,37.5,114.5631067961165,0.7105071428571429
7.9,0.3,0.68,8.3,0.05,37.5,289.0,0.99316,3.01,0.51,12.3,7,medium,red,97.04700000000001,0.08140385586365369,12.975778546712801,155.69620253164558,0.1196578313253012
7.2,0.38,0.3,1.8,0.073,31.0,70.0,0.99685,3.42,0.59,9.5,6,medium,red,74.955,0.09605763458074845,44.285714285714285,131.94444444444443,0.5538055555555556
8.7,0.42,0.45,2.4,0.072,32.0,59.0,0.99617,3.33,0.77,12.0,6,medium,red,94.68,0.09188846641318123,54.23728813559322,137.93103448275863,0.41507083333333333
7.2,0.38,0.3,1.8,0.073,31.0,70.0,0.99685,3.42,0.59,9.5,6,medium,red,74.955,0.09605763458074845,44.285714285714285,131.94444444444443,0.5538055555555556
6.8,0.48,0.08,1.8,0.074,40.0,64.0,0.99529,3.12,0.49,9.6,5,low,red,75.744,0.08977608787494719,62.5,141.1764705882353,0.5529388888888889
8.5,0.34,0.4,4.7,0.055,3.0,9.0,0.99738,3.38,0.66,11.6,7,medium,red,91.524,0.09287181504304881,33.33333333333333,136.47058823529412,0.21220851063829788
7.9,0.19,0.42,1.6,0.057,18.0,30.0,0.994,3.29,0.69,11.2,6,medium,red,88.36800000000001,0.0893988774216911,60.0,141.77215189873417,0.62125
11.6,0.41,0.54,1.5,0.095,22.0,41.0,0.99735,3.02,0.76,9.9,7,medium,red,78.111,0.14850661238493937,53.65853658536586,85.3448275862069,0.6648999999999999
11.6,0.41,0.54,1.5,0.095,22.0,41.0,0.99735,3.02,0.76,9.9,7,medium,red,78.111,0.14850661238493937,53.65853658536586,85.3448275862069,0.6648999999999999
10.0,0.26,0.54,1.9,0.083,42.0,74.0,0.99451,2.98,0.63,11.8,8,high,red,93.102,0.10740907821529075,56.75675675675676,118.00000000000001,0.5234263157894737
7.9,0.34,0.42,2.0,0.086,8.0,19.0,0.99546,3.35,0.6,11.4,6,medium,red,89.946,0.08783047606341583,42.10526315789473,144.30379746835442,0.49773
7.0,0.54,0.09,2.0,0.081,10.0,16.0,0.99479,3.43,0.59,11.5,6,medium,red,90.735,0.07714773791811319,62.5,164.28571428571428,0.497395
9.2,0.31,0.36,2.2,0.079,11.0,31.0,0.99615,3.33,0.86,12.0,7,medium,red,94.68,0.09716941275876635,35.483870967741936,130.43478260869566,0.4527954545454545
6.6,0.725,0.09,5.5,0.117,9.0,17.0,0.99655,3.35,0.49,10.8,6,medium,red,85.212,0.07745387973524855,52.94117647058824,163.63636363636365,0.1811909090909091
9.4,0.4,0.47,2.5,0.087,6.0,20.0,0.99772,3.15,0.5,10.5,5,low,red,82.845,0.11346490433942906,30.0,111.70212765957446,0.399088
6.6,0.725,0.09,5.5,0.117,9.0,17.0,0.99655,3.35,0.49,10.8,6,medium,red,85.212,0.07745387973524855,52.94117647058824,163.63636363636365,0.1811909090909091
8.6,0.52,0.38,1.5,0.096,5.0,18.0,0.99666,3.2,0.52,9.4,5,low,red,74.166,0.1159560984817841,27.77777777777778,109.30232558139537,0.66444
8.0,0.31,0.45,2.1,0.216,5.0,16.0,0.99358,3.15,0.81,12.5,7,medium,red,98.625,0.08111533586818757,31.25,156.25,0.4731333333333333
8.6,0.52,0.38,1.5,0.096,5.0,18.0,0.99666,3.2,0.52,9.4,5,low,red,74.166,0.1159560984817841,27.77777777777778,109.30232558139537,0.66444
8.4,0.34,0.42,2.1,0.072,23.0,36.0,0.99392,3.11,0.78,12.4,6,medium,red,97.836,0.08585796639273888,63.888888888888886,147.61904761904762,0.4732952380952381
7.4,0.49,0.27,2.1,0.071,14.0,25.0,0.99388,3.35,0.63,12.0,6,medium,red,94.68,0.0781580059146599,56.00000000000001,162.16216216216216,0.47327619047619046
6.1,0.48,0.09,1.7,0.078,18.0,30.0,0.99402,3.45,0.54,11.2,6,medium,red,88.36800000000001,0.06902951294586275,60.0,183.60655737704917,0.5847176470588236
7.4,0.49,0.27,2.1,0.071,14.0,25.0,0.99388,3.35,0.63,12.0,6,medium,red,94.68,0.0781580059146599,56.00000000000001,162.16216216216216,0.47327619047619046
8.0,0.48,0.34,2.2,0.073,16.0,25.0,0.9936,3.28,0.66,12.4,6,medium,red,97.836,0.08176949180260845,64.0,155.0,0.4516363636363636
6.3,0.57,0.28,2.1,0.048,13.0,49.0,0.99374,3.41,0.6,12.8,5,low,red,100.992,0.06238117870722433,26.53061224489796,203.17460317460322,0.47320952380952375
8.2,0.23,0.42,1.9,0.069,9.0,17.0,0.99376,3.21,0.54,12.3,6,medium,red,97.04700000000001,0.08449514152936205,52.94117647058824,150.00000000000003,0.5230315789473684
9.1,0.3,0.41,2.0,0.068,10.0,24.0,0.99523,3.27,0.85,11.7,7,medium,red,92.313,0.09857766511758907,41.66666666666667,128.57142857142856,0.497615
8.1,0.78,0.1,3.3,0.09,4.0,13.0,0.99855,3.36,0.49,9.5,5,low,red,74.955,0.10806483890334201,30.76923076923077,117.28395061728396,0.30259090909090913
10.8,0.47,0.43,2.1,0.171,27.0,66.0,0.9982,3.17,0.76,10.8,6,medium,red,85.212,0.1267427122940431,40.909090909090914,100.0,0.4753333333333333
8.3,0.53,0.0,1.4,0.07,6.0,14.0,0.99593,3.25,0.64,10.0,6,medium,red,78.9,0.10519645120405577,42.857142857142854,120.48192771084337,0.7113785714285714
5.4,0.42,0.27,2.0,0.092,23.0,55.0,0.99471,3.78,0.64,12.3,7,medium,red,97.04700000000001,0.055643141982750624,41.81818181818181,227.77777777777777,0.497355
7.9,0.33,0.41,1.5,0.056,6.0,35.0,0.99396,3.29,0.71,11.0,6,medium,red,86.79,0.09102431155663095,17.142857142857142,139.2405063291139,0.66264
8.9,0.24,0.39,1.6,0.074,3.0,10.0,0.99698,3.12,0.59,9.5,6,medium,red,74.955,0.11873790941231406,30.0,106.74157303370787,0.6231125
5.0,0.4,0.5,4.3,0.046,29.0,80.0,0.9902,3.49,0.66,13.6,6,medium,red,107.304,0.046596585402221724,36.25,272.0,0.23027906976744186
7.0,0.69,0.07,2.5,0.091,15.0,21.0,0.99572,3.38,0.6,11.3,6,medium,red,89.15700000000001,0.07851318460692934,71.42857142857143,161.42857142857144,0.39828800000000003
7.0,0.69,0.07,2.5,0.091,15.0,21.0,0.99572,3.38,0.6,11.3,6,medium,red,89.15700000000001,0.07851318460692934,71.42857142857143,161.42857142857144,0.39828800000000003
7.0,0.69,0.07,2.5,0.091,15.0,21.0,0.99572,3.38,0.6,11.3,6,medium,red,89.15700000000001,0.07851318460692934,71.42857142857143,161.42857142857144,0.39828800000000003
7.1,0.39,0.12,2.1,0.065,14.0,24.0,0.99252,3.3,0.53,13.3,6,medium,red,104.937,0.06765964340509067,58.333333333333336,187.32394366197184,0.4726285714285714
5.6,0.66,0.0,2.5,0.066,7.0,15.0,0.99256,3.52,0.58,12.9,5,low,red,101.781,0.05502009215865436,46.666666666666664,230.3571428571429,0.397024
7.9,0.54,0.34,2.5,0.076,8.0,17.0,0.99235,3.2,0.72,13.1,8,high,red,103.35900000000001,0.07643262802465194,47.05882352941176,165.82278481012656,0.39693999999999996
6.6,0.5,0.0,1.8,0.062,21.0,28.0,0.99352,3.44,0.55,12.3,6,medium,red,97.04700000000001,0.06800828464558409,75.0,186.36363636363637,0.5519555555555555
6.3,0.47,0.0,1.4,0.055,27.0,33.0,0.9922,3.45,0.48,12.3,6,medium,red,97.04700000000001,0.06491699897987573,81.81818181818183,195.23809523809524,0.7087142857142857
10.7,0.4,0.37,1.9,0.081,17.0,29.0,0.99674,3.12,0.65,11.2,6,medium,red,88.36800000000001,0.12108455549520186,58.620689655172406,104.67289719626167,0.5246
6.5,0.58,0.0,2.2,0.096,3.0,13.0,0.99557,3.62,0.62,11.5,4,low,red,90.735,0.07163718520967653,23.076923076923077,176.9230769230769,0.45253181818181815
8.8,0.24,0.35,1.7,0.055,13.0,27.0,0.99394,3.14,0.59,11.3,7,medium,red,89.15700000000001,0.09870228922013975,48.148148148148145,128.4090909090909,0.5846705882352942
5.8,0.29,0.26,1.7,0.063,3.0,11.0,0.9915,3.39,0.54,13.5,6,medium,red,106.515,0.05445242454114444,27.27272727272727,232.75862068965517,0.5832352941176471
6.3,0.76,0.0,2.9,0.072,26.0,52.0,0.99379,3.51,0.6,11.5,6,medium,red,90.735,0.06943296412630187,50.0,182.53968253968253,0.3426862068965517
10.0,0.43,0.33,2.7,0.095,28.0,89.0,0.9984,3.22,0.68,10.0,5,low,red,78.9,0.12674271229404308,31.46067415730337,100.0,0.36977777777777776
10.5,0.43,0.35,3.3,0.092,24.0,70.0,0.99798,3.21,0.69,10.5,6,medium,red,82.845,0.1267427122940431,34.285714285714285,100.0,0.3024181818181818
9.1,0.6,0.0,1.9,0.058,5.0,10.0,0.9977,3.18,0.63,10.4,6,medium,red,82.056,0.1108998732572877,50.0,114.2857142857143,0.5251052631578947
5.9,0.19,0.21,1.7,0.045,57.0,135.0,0.99341,3.32,0.44,9.5,5,low,red,74.955,0.07871389500366888,42.22222222222222,161.01694915254237,0.5843588235294118
7.4,0.36,0.34,1.8,0.075,18.0,38.0,0.9933,3.38,0.88,13.6,7,medium,red,107.304,0.06896294639528816,47.368421052631575,183.78378378378378,0.5518333333333333
7.2,0.48,0.07,5.5,0.089,10.0,18.0,0.99684,3.37,0.68,11.2,7,medium,red,88.36800000000001,0.08147745790331341,55.55555555555556,155.55555555555554,0.18124363636363636
8.5,0.28,0.35,1.7,0.061,6.0,15.0,0.99524,3.3,0.74,11.8,7,medium,red,93.102,0.09129771648299714,40.0,138.82352941176472,0.585435294117647
8.0,0.25,0.43,1.7,0.067,22.0,50.0,0.9946,3.38,0.6,11.9,6,medium,red,93.891,0.08520518473549114,44.0,148.75,0.5850588235294119
10.4,0.52,0.45,2.0,0.08,6.0,13.0,0.99774,3.22,0.76,11.4,6,medium,red,89.946,0.11562493051386388,46.15384615384615,109.61538461538463,0.49887
10.4,0.52,0.45,2.0,0.08,6.0,13.0,0.99774,3.22,0.76,11.4,6,medium,red,89.946,0.11562493051386388,46.15384615384615,109.61538461538463,0.49887
7.5,0.41,0.15,3.7,0.104,29.0,94.0,0.99786,3.14,0.58,9.1,5,low,red,71.799,0.10445827936322231,30.851063829787233,121.33333333333334,0.26969189189189186
8.2,0.51,0.24,2.0,0.079,16.0,86.0,0.99764,3.34,0.64,9.5,6,medium,red,74.955,0.1093989727169635,18.6046511627907,115.85365853658539,0.49882
7.3,0.4,0.3,1.7,0.08,33.0,79.0,0.9969,3.41,0.65,9.5,6,medium,red,74.955,0.09739176839436996,41.77215189873418,130.13698630136986,0.5864117647058824
8.2,0.38,0.32,2.5,0.08,24.0,71.0,0.99624,3.27,0.85,11.0,6,medium,red,86.79,0.09448093098283211,33.80281690140845,134.14634146341464,0.398496
6.9,0.45,0.11,2.4,0.043,6.0,12.0,0.99354,3.3,0.65,11.4,6,medium,red,89.946,0.07671269428323661,50.0,165.2173913043478,0.413975
7.0,0.22,0.3,1.8,0.065,16.0,20.0,0.99672,3.61,0.82,10.0,6,medium,red,78.9,0.08871989860583016,80.0,142.85714285714286,0.5537333333333333
7.3,0.32,0.23,2.3,0.066,35.0,70.0,0.99588,3.43,0.62,10.1,5,low,red,79.68900000000001,0.09160611878678361,50.0,138.35616438356163,0.4329913043478261
8.2,0.2,0.43,2.5,0.076,31.0,51.0,0.99672,3.53,0.81,10.4,6,medium,red,82.056,0.09993175392414935,60.78431372549019,126.82926829268295,0.39868800000000004
7.8,0.5,0.12,1.8,0.178,6.0,21.0,0.996,3.28,0.87,9.8,6,medium,red,77.322,0.10087685264219756,28.57142857142857,125.64102564102566,0.5533333333333333
10.0,0.41,0.45,6.2,0.071,6.0,14.0,0.99702,3.21,0.49,11.8,7,medium,red,93.102,0.10740907821529075,42.857142857142854,118.00000000000001,0.16080967741935484
7.8,0.39,0.42,2.0,0.086,9.0,21.0,0.99526,3.39,0.66,11.6,6,medium,red,91.524,0.08522354792185656,42.857142857142854,148.71794871794873,0.49763
10.0,0.35,0.47,2.0,0.061,6.0,11.0,0.99585,3.23,0.52,12.0,6,medium,red,94.68,0.10561892691170258,54.54545454545454,120.0,0.497925
8.2,0.33,0.32,2.8,0.067,4.0,12.0,0.99473,3.3,0.76,12.8,7,medium,red,100.992,0.08119455006337134,33.33333333333333,156.09756097560978,0.3552607142857143
6.1,0.58,0.23,2.5,0.044,16.0,70.0,0.99352,3.46,0.65,12.5,6,medium,red,98.625,0.06185044359949302,22.857142857142858,204.91803278688528,0.397408
8.3,0.6,0.25,2.2,0.118,9.0,38.0,0.99616,3.15,0.53,9.8,5,low,red,77.322,0.10734331755515895,23.684210526315788,118.07228915662651,0.4528
9.6,0.42,0.35,2.1,0.083,17.0,38.0,0.99622,3.23,0.66,11.1,6,medium,red,87.57900000000001,0.10961531874079401,44.73684210526316,115.625,0.47439047619047614
6.6,0.58,0.0,2.2,0.1,50.0,63.0,0.99544,3.59,0.68,11.4,6,medium,red,89.946,0.07337735974918284,79.36507936507937,172.72727272727275,0.45247272727272725
8.3,0.6,0.25,2.2,0.118,9.0,38.0,0.99616,3.15,0.53,9.8,5,low,red,77.322,0.10734331755515895,23.684210526315788,118.07228915662651,0.4528
8.5,0.18,0.51,1.75,0.071,45.0,88.0,0.99524,3.33,0.76,11.8,7,medium,red,93.102,0.09129771648299714,51.13636363636363,138.82352941176472,0.5687085714285715
5.1,0.51,0.18,2.1,0.042,16.0,101.0,0.9924,3.46,0.87,12.9,7,medium,red,101.781,0.05010758393020308,15.841584158415841,252.94117647058826,0.47257142857142853
6.7,0.41,0.43,2.8,0.076,22.0,54.0,0.99572,3.42,1.16,10.6,6,medium,red,83.634,0.08011095965755555,40.74074074074074,158.2089552238806,0.35561428571428577
10.2,0.41,0.43,2.2,0.11,11.0,37.0,0.99728,3.16,0.67,10.8,5,low,red,85.212,0.11970145049992957,29.72972972972973,105.88235294117649,0.4533090909090909
10.6,0.36,0.57,2.3,0.087,6.0,20.0,0.99676,3.14,0.72,11.1,7,medium,red,87.57900000000001,0.12103358110962673,30.0,104.71698113207549,0.4333739130434783
8.8,0.45,0.43,1.4,0.076,12.0,21.0,0.99551,3.21,0.75,10.2,6,medium,red,80.47800000000001,0.1093466537438803,57.14285714285714,115.90909090909089,0.7110785714285714
8.5,0.32,0.42,2.3,0.075,12.0,19.0,0.99434,3.14,0.71,11.8,7,medium,red,93.102,0.09129771648299714,63.1578947368421,138.82352941176472,0.4323217391304348
9.0,0.785,0.24,1.7,0.078,10.0,21.0,0.99692,3.29,0.67,10.0,5,low,red,78.9,0.11406844106463877,47.61904761904761,111.11111111111111,0.5864235294117648
9.0,0.785,0.24,1.7,0.078,10.0,21.0,0.99692,3.29,0.67,10.0,5,low,red,78.9,0.11406844106463877,47.61904761904761,111.11111111111111,0.5864235294117648
8.5,0.44,0.5,1.9,0.369,15.0,38.0,0.99634,3.01,1.1,9.4,5,low,red,74.166,0.11460777175525173,39.473684210526315,110.58823529411765,0.5243894736842105
9.9,0.54,0.26,2.0,0.111,7.0,60.0,0.99709,2.94,0.98,10.2,5,low,red,80.47800000000001,0.12301498546186534,11.666666666666666,103.03030303030303,0.498545
8.2,0.33,0.39,2.5,0.074,29.0,48.0,0.99528,3.32,0.88,12.4,7,medium,red,97.836,0.08381372909767365,60.416666666666664,151.21951219512198,0.398112
6.5,0.34,0.27,2.8,0.067,8.0,44.0,0.99384,3.21,0.56,12.0,6,medium,red,94.68,0.06865230249260668,18.181818181818183,184.6153846153846,0.35494285714285717
7.6,0.5,0.29,2.3,0.086,5.0,14.0,0.99502,3.32,0.62,11.5,6,medium,red,90.735,0.08376040116823717,35.714285714285715,151.31578947368422,0.43261739130434784
9.2,0.36,0.34,1.6,0.062,5.0,12.0,0.99667,3.2,0.67,10.5,6,medium,red,82.845,0.11105075743859014,41.66666666666667,114.13043478260872,0.62291875
7.1,0.59,0.0,2.2,0.078,26.0,44.0,0.99522,3.42,0.68,10.8,6,medium,red,85.212,0.0833215978970098,59.09090909090909,152.11267605633805,0.45237272727272726
9.7,0.42,0.46,2.1,0.074,5.0,16.0,0.99649,3.27,0.74,12.3,6,medium,red,97.04700000000001,0.09995156985790388,31.25,126.80412371134022,0.4745190476190476
7.6,0.36,0.31,1.7,0.079,26.0,65.0,0.99716,3.46,0.62,9.5,6,medium,red,74.955,0.10139416983523447,40.0,125.0,0.586564705882353
7.6,0.36,0.31,1.7,0.079,26.0,65.0,0.99716,3.46,0.62,9.5,6,medium,red,74.955,0.10139416983523447,40.0,125.0,0.586564705882353
6.5,0.61,0.0,2.2,0.095,48.0,59.0,0.99541,3.61,0.7,11.5,6,medium,red,90.735,0.07163718520967653,81.35593220338984,176.9230769230769,0.45245909090909087
6.5,0.88,0.03,5.6,0.079,23.0,47.0,0.99572,3.58,0.5,11.2,4,low,red,88.36800000000001,0.07355603838493571,48.93617021276596,172.3076923076923,0.17780714285714289
7.1,0.66,0.0,2.4,0.052,6.0,11.0,0.99318,3.35,0.66,12.7,7,medium,red,100.203,0.07085616199115795,54.54545454545454,178.8732394366197,0.413825
5.6,0.915,0.0,2.1,0.041,17.0,78.0,0.99346,3.68,0.73,11.4,5,low,red,89.946,0.062259577969003624,21.794871794871796,203.5714285714286,0.4730761904761905
8.2,0.35,0.33,2.4,0.076,11.0,47.0,0.99599,3.27,0.81,11.0,6,medium,red,86.79,0.09448093098283211,23.404255319148938,134.14634146341464,0.41499583333333334
8.2,0.35,0.33,2.4,0.076,11.0,47.0,0.99599,3.27,0.81,11.0,6,medium,red,86.79,0.09448093098283211,23.404255319148938,134.14634146341464,0.41499583333333334
9.8,0.39,0.43,1.65,0.068,5.0,11.0,0.99478,3.19,0.46,11.4,5,low,red,89.946,0.10895426144575636,45.45454545454545,116.3265306122449,0.6028969696969697
10.2,0.4,0.4,2.5,0.068,41.0,54.0,0.99754,3.38,0.86,10.5,6,medium,red,82.845,0.12312149194278471,75.92592592592592,102.94117647058825,0.399016
6.8,0.66,0.07,1.6,0.07,16.0,61.0,0.99572,3.29,0.6,9.3,5,low,red,73.37700000000001,0.09267209070962289,26.229508196721312,136.76470588235296,0.622325
6.7,0.64,0.23,2.1,0.08,11.0,119.0,0.99538,3.36,0.7,10.9,5,low,red,86.001,0.07790607085964117,9.243697478991598,162.6865671641791,0.4739904761904762
7.0,0.43,0.3,2.0,0.085,6.0,39.0,0.99346,3.33,0.46,11.9,6,medium,red,93.891,0.07455453664355476,15.384615384615385,170.0,0.49673
6.6,0.8,0.03,7.8,0.079,6.0,12.0,0.9963,3.52,0.5,12.2,5,low,red,96.25800000000001,0.06856572960169544,50.0,184.84848484848484,0.12773076923076923
7.0,0.43,0.3,2.0,0.085,6.0,39.0,0.99346,3.33,0.46,11.9,6,medium,red,93.891,0.07455453664355476,15.384615384615385,170.0,0.49673
6.7,0.64,0.23,2.1,0.08,11.0,119.0,0.99538,3.36,0.7,10.9,5,low,red,86.001,0.07790607085964117,9.243697478991598,162.6865671641791,0.4739904761904762
8.8,0.955,0.05,1.8,0.075,5.0,19.0,0.99616,3.3,0.44,9.6,4,low,red,75.744,0.11618081960287284,26.31578947368421,109.09090909090908,0.5534222222222223
9.1,0.4,0.57,4.6,0.08,6.0,20.0,0.99652,3.28,0.57,12.5,6,medium,red,98.625,0.09226869455006337,30.0,137.36263736263737,0.21663478260869565
6.5,0.885,0.0,2.3,0.166,6.0,12.0,0.99551,3.56,0.51,10.8,5,low,red,85.212,0.0762803361028963,50.0,166.15384615384616,0.43283043478260874
7.2,0.25,0.37,2.5,0.063,11.0,41.0,0.99439,3.52,0.8,12.4,7,medium,red,97.836,0.0735925426223476,26.82926829268293,172.22222222222223,0.397756
6.4,0.885,0.0,2.3,0.166,6.0,12.0,0.99551,3.56,0.51,10.8,5,low,red,85.212,0.07510679247054405,50.0,168.75,0.43283043478260874
7.0,0.745,0.12,1.8,0.114,15.0,64.0,0.99588,3.22,0.59,9.5,6,medium,red,74.955,0.09338936695350544,23.4375,135.71428571428572,0.5532666666666667
6.2,0.43,0.22,1.8,0.078,21.0,56.0,0.99633,3.52,0.6,9.5,6,medium,red,74.955,0.08271629644453339,37.5,153.2258064516129,0.5535166666666667
7.9,0.58,0.23,2.3,0.076,23.0,94.0,0.99686,3.21,0.58,9.5,6,medium,red,74.955,0.105396571276099,24.46808510638298,120.25316455696202,0.43341739130434787
7.7,0.57,0.21,1.5,0.069,4.0,9.0,0.99458,3.16,0.54,9.8,6,medium,red,77.322,0.09958355965960529,44.44444444444444,127.27272727272727,0.6630533333333334
7.7,0.26,0.26,2.0,0.052,19.0,77.0,0.9951,3.15,0.79,10.9,6,medium,red,86.001,0.08953384262973686,24.675324675324674,141.55844155844156,0.49755
7.9,0.58,0.23,2.3,0.076,23.0,94.0,0.99686,3.21,0.58,9.5,6,medium,red,74.955,0.105396571276099,24.46808510638298,120.25316455696202,0.43341739130434787
7.7,0.57,0.21,1.5,0.069,4.0,9.0,0.99458,3.16,0.54,9.8,6,medium,red,77.322,0.09958355965960529,44.44444444444444,127.27272727272727,0.6630533333333334
7.9,0.34,0.36,1.9,0.065,5.0,10.0,0.99419,3.27,0.54,11.2,7,medium,red,88.36800000000001,0.0893988774216911,50.0,141.77215189873417,0.5232578947368421
8.6,0.42,0.39,1.8,0.068,6.0,12.0,0.99516,3.35,0.69,11.7,8,high,red,92.313,0.09316130989134791,50.0,136.04651162790697,0.5528666666666667
9.9,0.74,0.19,5.8,0.111,33.0,76.0,0.99878,3.14,0.55,9.4,5,low,red,74.166,0.13348434592670497,43.42105263157895,94.94949494949495,0.17220344827586206
7.2,0.36,0.46,2.1,0.074,24.0,44.0,0.99534,3.4,0.85,11.0,7,medium,red,86.79,0.0829588662288282,54.54545454545454,152.77777777777777,0.47397142857142854
7.2,0.36,0.46,2.1,0.074,24.0,44.0,0.99534,3.4,0.85,11.0,7,medium,red,86.79,0.0829588662288282,54.54545454545454,152.77777777777777,0.47397142857142854
7.2,0.36,0.46,2.1,0.074,24.0,44.0,0.99534,3.4,0.85,11.0,7,medium,red,86.79,0.0829588662288282,54.54545454545454,152.77777777777777,0.47397142857142854
9.9,0.72,0.55,1.7,0.136,24.0,52.0,0.99752,3.35,0.94,10.0,5,low,red,78.9,0.12547528517110265,46.15384615384615,101.01010101010101,0.5867764705882352
7.2,0.36,0.46,2.1,0.074,24.0,44.0,0.99534,3.4,0.85,11.0,7,medium,red,86.79,0.0829588662288282,54.54545454545454,152.77777777777777,0.47397142857142854
6.2,0.39,0.43,2.0,0.071,14.0,24.0,0.99428,3.45,0.87,11.2,7,medium,red,88.36800000000001,0.07016114430563099,58.333333333333336,180.64516129032256,0.49714
6.8,0.65,0.02,2.1,0.078,8.0,15.0,0.99498,3.35,0.62,10.4,6,medium,red,82.056,0.08287023496148971,53.333333333333336,152.94117647058826,0.47379999999999994
6.6,0.44,0.15,2.1,0.076,22.0,53.0,0.9957,3.32,0.62,9.3,5,low,red,73.37700000000001,0.08994644098286927,41.509433962264154,140.9090909090909,0.47414285714285714
6.8,0.65,0.02,2.1,0.078,8.0,15.0,0.99498,3.35,0.62,10.4,6,medium,red,82.056,0.08287023496148971,53.333333333333336,152.94117647058826,0.47379999999999994
9.6,0.38,0.42,1.9,0.071,5.0,13.0,0.99659,3.15,0.75,10.5,6,medium,red,82.845,0.11587905124026797,38.46153846153847,109.375,0.524521052631579
10.2,0.33,0.46,1.9,0.081,6.0,9.0,0.99628,3.1,0.48,10.4,6,medium,red,82.056,0.12430535244223456,66.66666666666666,101.96078431372551,0.5243578947368421
8.8,0.27,0.46,2.1,0.095,20.0,29.0,0.99488,3.26,0.56,11.3,6,medium,red,89.15700000000001,0.09870228922013975,68.96551724137932,128.4090909090909,0.4737523809523809
7.9,0.57,0.31,2.0,0.079,10.0,79.0,0.99677,3.29,0.69,9.5,6,medium,red,74.955,0.105396571276099,12.658227848101266,120.25316455696202,0.498385
8.2,0.34,0.37,1.9,0.057,43.0,74.0,0.99408,3.23,0.81,12.0,6,medium,red,94.68,0.0866075200675961,58.108108108108105,146.34146341463418,0.5232
8.2,0.4,0.31,1.9,0.082,8.0,24.0,0.996,3.24,0.69,10.6,6,medium,red,83.634,0.09804624913312766,33.33333333333333,129.26829268292684,0.5242105263157895
9.0,0.39,0.4,1.3,0.044,25.0,50.0,0.99478,3.2,0.83,10.9,6,medium,red,86.001,0.10464994593086126,50.0,121.11111111111113,0.7652153846153846
10.9,0.32,0.52,1.8,0.132,17.0,44.0,0.99734,3.28,0.77,11.5,6,medium,red,90.735,0.12013004904391911,38.63636363636363,105.50458715596329,0.5540777777777778
10.9,0.32,0.52,1.8,0.132,17.0,44.0,0.99734,3.28,0.77,11.5,6,medium,red,90.735,0.12013004904391911,38.63636363636363,105.50458715596329,0.5540777777777778
8.1,0.53,0.22,2.2,0.078,33.0,89.0,0.99678,3.26,0.46,9.6,6,medium,red,75.744,0.10693916349809886,37.07865168539326,118.5185185185185,0.45308181818181814
10.5,0.36,0.47,2.2,0.074,9.0,23.0,0.99638,3.23,0.76,12.0,6,medium,red,94.68,0.1108998732572877,39.130434782608695,114.28571428571428,0.45289999999999997
12.6,0.39,0.49,2.5,0.08,8.0,20.0,0.9992,3.07,0.82,10.3,6,medium,red,81.26700000000001,0.15504448300047988,40.0,81.74603174603176,0.39968
9.2,0.46,0.23,2.6,0.091,18.0,77.0,0.99922,3.15,0.51,9.4,5,low,red,74.166,0.12404605884097834,23.376623376623375,102.17391304347827,0.3843153846153846
7.5,0.58,0.03,4.1,0.08,27.0,46.0,0.99592,3.02,0.47,9.2,5,low,red,72.58800000000001,0.1033228632831873,58.69565217391305,122.66666666666666,0.24290731707317076
9.0,0.58,0.25,2.0,0.104,8.0,21.0,0.99769,3.27,0.72,9.6,5,low,red,75.744,0.1188212927756654,38.095238095238095,106.66666666666667,0.498845
5.1,0.42,0.0,1.8,0.044,18.0,88.0,0.99157,3.68,0.73,13.6,7,medium,red,107.304,0.04752851711026616,20.454545454545457,266.6666666666667,0.5508722222222222
7.6,0.43,0.29,2.1,0.075,19.0,66.0,0.99718,3.4,0.64,9.5,5,low,red,74.955,0.10139416983523447,28.78787878787879,125.0,0.474847619047619
7.7,0.18,0.34,2.7,0.066,15.0,58.0,0.9947,3.37,0.78,11.8,6,medium,red,93.102,0.08270499022577388,25.862068965517242,153.24675324675326,0.3684074074074074
7.8,0.815,0.01,2.6,0.074,48.0,90.0,0.99621,3.38,0.62,10.8,5,low,red,85.212,0.09153640332347557,53.333333333333336,138.46153846153848,0.3831576923076923
7.6,0.43,0.29,2.1,0.075,19.0,66.0,0.99718,3.4,0.64,9.5,5,low,red,74.955,0.10139416983523447,28.78787878787879,125.0,0.474847619047619
10.2,0.23,0.37,2.2,0.057,14.0,36.0,0.99614,3.23,0.49,9.3,4,low,red,73.37700000000001,0.13900813606443432,38.88888888888889,91.1764705882353,0.4527909090909091
7.1,0.75,0.01,2.2,0.059,11.0,18.0,0.99242,3.39,0.4,12.8,6,medium,red,100.992,0.07030259822560202,61.111111111111114,180.2816901408451,0.45109999999999995
6.0,0.33,0.32,12.9,0.054,6.0,113.0,0.99572,3.3,0.56,11.5,4,low,red,90.735,0.06612663250123987,5.3097345132743365,191.66666666666669,0.0771875968992248
7.8,0.55,0.0,1.7,0.07,7.0,17.0,0.99659,3.26,0.64,9.4,6,medium,red,74.166,0.10516948466952512,41.17647058823529,120.51282051282053,0.5862294117647059
7.1,0.75,0.01,2.2,0.059,11.0,18.0,0.99242,3.39,0.4,12.8,6,medium,red,100.992,0.07030259822560202,61.111111111111114,180.2816901408451,0.45109999999999995
8.1,0.73,0.0,2.5,0.081,12.0,24.0,0.99798,3.38,0.46,9.6,4,low,red,75.744,0.10693916349809886,50.0,118.5185185185185,0.399192
6.5,0.67,0.0,4.3,0.057,11.0,20.0,0.99488,3.45,0.56,11.8,4,low,red,93.102,0.069815900839939,55.00000000000001,181.53846153846155,0.23136744186046512
7.5,0.61,0.2,1.7,0.076,36.0,60.0,0.99494,3.1,0.4,9.3,5,low,red,73.37700000000001,0.10221186475326055,60.0,124.0,0.5852588235294118
9.8,0.37,0.39,2.5,0.079,28.0,65.0,0.99729,3.16,0.59,9.8,5,low,red,77.322,0.1267427122940431,43.07692307692308,100.0,0.398916
9.0,0.4,0.41,2.0,0.058,15.0,40.0,0.99414,3.22,0.6,12.2,6,medium,red,96.25800000000001,0.09349872218413013,37.5,135.55555555555554,0.49707
8.3,0.56,0.22,2.4,0.082,10.0,86.0,0.9983,3.37,0.62,9.5,5,low,red,74.955,0.11073310653058503,11.627906976744185,114.45783132530119,0.4159583333333333
5.9,0.29,0.25,13.4,0.067,72.0,160.0,0.99721,3.33,0.54,10.3,6,medium,red,81.26700000000001,0.07260019442085963,45.0,174.5762711864407,0.07441865671641791
7.4,0.55,0.19,1.8,0.082,15.0,34.0,0.99655,3.49,0.68,10.5,5,low,red,82.845,0.0893234353310399,44.11764705882353,141.89189189189187,0.5536388888888889
7.4,0.74,0.07,1.7,0.086,15.0,48.0,0.99502,3.12,0.48,10.0,5,low,red,78.9,0.09378960709759189,31.25,135.13513513513513,0.5853058823529412
7.4,0.55,0.19,1.8,0.082,15.0,34.0,0.99655,3.49,0.68,10.5,5,low,red,82.845,0.0893234353310399,44.11764705882353,141.89189189189187,0.5536388888888889
6.9,0.41,0.33,2.2,0.081,22.0,36.0,0.9949,3.41,0.75,11.1,6,medium,red,87.57900000000001,0.0787860103449457,61.111111111111114,160.86956521739128,0.4522272727272727
7.1,0.6,0.01,2.3,0.079,24.0,37.0,0.99514,3.4,0.61,10.9,6,medium,red,86.001,0.08255717956767944,64.86486486486487,153.5211267605634,0.43266956521739136
7.1,0.6,0.01,2.3,0.079,24.0,37.0,0.99514,3.4,0.61,10.9,6,medium,red,86.001,0.08255717956767944,64.86486486486487,153.5211267605634,0.43266956521739136
7.5,0.58,0.14,2.2,0.077,27.0,60.0,0.9963,3.28,0.59,9.8,5,low,red,77.322,0.09699697369442073,45.0,130.66666666666669,0.4528636363636363
7.1,0.72,0.0,1.8,0.123,6.0,14.0,0.99627,3.45,0.58,9.8,5,low,red,77.322,0.09182380176405162,42.857142857142854,138.0281690140845,0.5534833333333333
7.9,0.66,0.0,1.4,0.096,6.0,13.0,0.99569,3.43,0.58,9.5,5,low,red,74.955,0.105396571276099,46.15384615384615,120.25316455696202,0.7112071428571429
7.8,0.7,0.06,1.9,0.079,20.0,35.0,0.99628,3.4,0.69,10.9,5,low,red,86.001,0.09069661980674643,57.14285714285714,139.74358974358975,0.5243578947368421
6.1,0.64,0.02,2.4,0.069,26.0,46.0,0.99358,3.47,0.45,11.0,5,low,red,86.79,0.07028459499942388,56.52173913043478,180.327868852459,0.4139916666666667
7.5,0.59,0.22,1.8,0.082,43.0,60.0,0.99499,3.1,0.42,9.2,5,low,red,72.58800000000001,0.1033228632831873,71.66666666666667,122.66666666666666,0.5527722222222222
7.0,0.58,0.28,4.8,0.085,12.0,69.0,0.99633,3.32,0.7,11.0,6,medium,red,86.79,0.08065445327802742,17.391304347826086,157.14285714285714,0.20756875000000002
6.8,0.64,0.0,2.7,0.123,15.0,33.0,0.99538,3.44,0.63,11.3,6,medium,red,89.15700000000001,0.07626995076101707,45.45454545454545,166.1764705882353,0.36865925925925924
6.8,0.64,0.0,2.7,0.123,15.0,33.0,0.99538,3.44,0.63,11.3,6,medium,red,89.15700000000001,0.07626995076101707,45.45454545454545,166.1764705882353,0.36865925925925924
8.6,0.635,0.68,1.8,0.403,19.0,56.0,0.99632,3.02,1.15,9.3,5,low,red,73.37700000000001,0.11720293825040543,33.92857142857143,108.13953488372094,0.5535111111111111
6.3,1.02,0.0,2.0,0.083,17.0,24.0,0.99437,3.59,0.55,11.2,4,low,red,88.36800000000001,0.07129277566539922,70.83333333333334,177.77777777777777,0.497185
9.8,0.45,0.38,2.5,0.081,34.0,66.0,0.99726,3.15,0.58,9.8,5,low,red,77.322,0.1267427122940431,51.515151515151516,100.0,0.39890400000000004
8.2,0.78,0.0,2.2,0.089,13.0,26.0,0.9978,3.37,0.46,9.6,4,low,red,75.744,0.10825940008449514,50.0,117.07317073170734,0.45354545454545453
8.5,0.37,0.32,1.8,0.066,26.0,51.0,0.99456,3.38,0.72,11.8,6,medium,red,93.102,0.09129771648299714,50.98039215686274,138.82352941176472,0.5525333333333333
7.2,0.57,0.05,2.3,0.081,16.0,36.0,0.99564,3.38,0.6,10.3,6,medium,red,81.26700000000001,0.08859684742884565,44.44444444444444,143.05555555555557,0.43288695652173914
7.2,0.57,0.05,2.3,0.081,16.0,36.0,0.99564,3.38,0.6,10.3,6,medium,red,81.26700000000001,0.08859684742884565,44.44444444444444,143.05555555555557,0.43288695652173914
10.4,0.43,0.5,2.3,0.068,13.0,19.0,0.996,3.1,0.87,11.4,6,medium,red,89.946,0.11562493051386388,68.42105263157895,109.61538461538463,0.4330434782608696
6.9,0.41,0.31,2.0,0.079,21.0,51.0,0.99668,3.47,0.55,9.5,6,medium,red,74.955,0.09205523313988394,41.17647058823529,137.68115942028984,0.49834
5.5,0.49,0.03,1.8,0.044,28.0,87.0,0.9908,3.5,0.82,14.0,8,high,red,110.46000000000001,0.04979177982980264,32.18390804597701,254.54545454545453,0.5504444444444444
5.0,0.38,0.01,1.6,0.048,26.0,60.0,0.99084,3.7,0.75,14.0,6,medium,red,110.46000000000001,0.045265254390729676,43.333333333333336,280.0,0.619275
7.3,0.44,0.2,1.6,0.049,24.0,64.0,0.9935,3.38,0.57,11.7,6,medium,red,92.313,0.0790787863031209,37.5,160.27397260273972,0.6209375
5.9,0.46,0.0,1.9,0.077,25.0,44.0,0.99385,3.5,0.53,11.2,5,low,red,88.36800000000001,0.06676625022632626,56.81818181818182,189.83050847457625,0.5230789473684211
7.5,0.58,0.2,2.0,0.073,34.0,44.0,0.99494,3.1,0.43,9.3,5,low,red,73.37700000000001,0.10221186475326055,77.27272727272727,124.0,0.49747
7.8,0.58,0.13,2.1,0.102,17.0,36.0,0.9944,3.24,0.53,11.2,6,medium,red,88.36800000000001,0.08826724606192286,47.22222222222222,143.5897435897436,0.47352380952380946
8.0,0.715,0.22,2.3,0.075,13.0,81.0,0.99688,3.24,0.54,9.5,6,medium,red,74.955,0.1067307050897205,16.049382716049383,118.75,0.4334260869565218
8.5,0.4,0.4,6.3,0.05,3.0,10.0,0.99566,3.28,0.56,12.0,4,low,red,94.68,0.08977608787494719,30.0,141.1764705882353,0.15804126984126984
7.0,0.69,0.0,1.9,0.114,3.0,10.0,0.99636,3.35,0.6,9.7,6,medium,red,76.533,0.0914638129957012,30.0,138.57142857142856,0.5244000000000001
8.0,0.715,0.22,2.3,0.075,13.0,81.0,0.99688,3.24,0.54,9.5,6,medium,red,74.955,0.1067307050897205,16.049382716049383,118.75,0.4334260869565218
9.8,0.3,0.39,1.7,0.062,3.0,9.0,0.9948,3.14,0.57,11.5,7,medium,red,90.735,0.10800683308535847,33.33333333333333,117.3469387755102,0.5851764705882353
7.1,0.46,0.2,1.9,0.077,28.0,54.0,0.9956,3.37,0.64,10.4,6,medium,red,82.056,0.08652627473920249,51.85185185185185,146.47887323943664,0.524
7.1,0.46,0.2,1.9,0.077,28.0,54.0,0.9956,3.37,0.64,10.4,6,medium,red,82.056,0.08652627473920249,51.85185185185185,146.47887323943664,0.524
7.9,0.765,0.0,2.0,0.084,9.0,22.0,0.99619,3.33,0.68,10.9,6,medium,red,86.001,0.091859396983756,40.909090909090914,137.9746835443038,0.498095
8.7,0.63,0.28,2.7,0.096,17.0,69.0,0.99734,3.26,0.63,10.2,6,medium,red,80.47800000000001,0.10810407813315438,24.637681159420293,117.24137931034484,0.36938518518518515
7.0,0.42,0.19,2.3,0.071,18.0,36.0,0.99476,3.39,0.56,10.9,5,low,red,86.001,0.08139440239066988,50.0,155.71428571428572,0.432504347826087
11.3,0.37,0.5,1.8,0.09,20.0,47.0,0.99734,3.15,0.57,10.5,5,low,red,82.845,0.13639929989739877,42.5531914893617,92.92035398230087,0.5540777777777778
7.1,0.16,0.44,2.5,0.068,17.0,31.0,0.99328,3.35,0.54,12.4,6,medium,red,97.836,0.07257042397481499,54.83870967741935,174.64788732394368,0.397312
8.0,0.6,0.08,2.6,0.056,3.0,7.0,0.99286,3.22,0.37,13.0,5,low,red,102.57000000000001,0.07799551525787267,42.857142857142854,162.5,0.38186923076923074
7.0,0.6,0.3,4.5,0.068,20.0,110.0,0.99914,3.3,1.17,10.2,5,low,red,80.47800000000001,0.08698029275081388,18.181818181818183,145.7142857142857,0.22203111111111112
7.0,0.6,0.3,4.5,0.068,20.0,110.0,0.99914,3.3,1.17,10.2,5,low,red,80.47800000000001,0.08698029275081388,18.181818181818183,145.7142857142857,0.22203111111111112
7.6,0.74,0.0,1.9,0.1,6.0,12.0,0.99521,3.36,0.59,11.0,5,low,red,86.79,0.08756769213042977,50.0,144.73684210526315,0.5237947368421053
8.2,0.635,0.1,2.1,0.073,25.0,60.0,0.99638,3.29,0.75,10.9,6,medium,red,86.001,0.0953477285147847,41.66666666666667,132.9268292682927,0.47446666666666665
5.9,0.395,0.13,2.4,0.056,14.0,28.0,0.99362,3.62,0.67,12.4,6,medium,red,97.836,0.06030500020442373,50.0,210.1694915254237,0.4140083333333333
7.5,0.755,0.0,1.9,0.084,6.0,12.0,0.99672,3.34,0.49,9.7,4,low,red,76.533,0.09799694249539415,50.0,129.33333333333331,0.5245894736842106
8.2,0.635,0.1,2.1,0.073,25.0,60.0,0.99638,3.29,0.75,10.9,6,medium,red,86.001,0.0953477285147847,41.66666666666667,132.9268292682927,0.47446666666666665
6.6,0.63,0.0,4.3,0.093,51.0,77.5,0.99558,3.2,0.45,9.5,5,low,red,74.955,0.08805283169901941,65.80645161290323,143.93939393939394,0.23153023255813954
6.6,0.63,0.0,4.3,0.093,51.0,77.5,0.99558,3.2,0.45,9.5,5,low,red,74.955,0.08805283169901941,65.80645161290323,143.93939393939394,0.23153023255813954
7.2,0.53,0.14,2.1,0.064,15.0,29.0,0.99323,3.35,0.61,12.1,6,medium,red,95.46900000000001,0.07541715111711654,51.724137931034484,168.05555555555554,0.47296666666666665
5.7,0.6,0.0,1.4,0.063,11.0,18.0,0.99191,3.45,0.56,12.2,6,medium,red,96.25800000000001,0.05921585738328242,61.111111111111114,214.03508771929825,0.7085071428571429
7.6,1.58,0.0,2.1,0.137,5.0,9.0,0.99476,3.5,0.4,10.9,3,low,red,86.001,0.08837106545272728,55.55555555555556,143.42105263157896,0.47369523809523806
5.2,0.645,0.0,2.15,0.08,15.0,28.0,0.99444,3.78,0.61,12.5,6,medium,red,98.625,0.05272496831432193,53.57142857142857,240.3846153846154,0.4625302325581396
6.7,0.86,0.07,2.0,0.1,20.0,57.0,0.99598,3.6,0.74,11.7,6,medium,red,92.313,0.07257916003163152,35.08771929824561,174.62686567164178,0.49799
9.1,0.37,0.32,2.1,0.064,4.0,15.0,0.99576,3.3,0.8,11.2,6,medium,red,88.36800000000001,0.10297845373891,26.666666666666668,123.07692307692308,0.4741714285714285
8.0,0.28,0.44,1.8,0.081,28.0,68.0,0.99501,3.36,0.66,11.2,5,low,red,88.36800000000001,0.09053050878145934,41.17647058823529,140.0,0.5527833333333333
7.6,0.79,0.21,2.3,0.087,21.0,68.0,0.9955,3.12,0.44,9.2,5,low,red,72.58800000000001,0.10470050146029646,30.88235294117647,121.05263157894737,0.4328260869565218
7.5,0.61,0.26,1.9,0.073,24.0,88.0,0.99612,3.3,0.53,9.8,5,low,red,77.322,0.09699697369442073,27.27272727272727,130.66666666666669,0.5242736842105263
9.7,0.69,0.32,2.5,0.088,22.0,91.0,0.9979,3.29,0.62,10.1,5,low,red,79.68900000000001,0.12172319893586314,24.175824175824175,104.1237113402062,0.39916
6.8,0.68,0.09,3.9,0.068,15.0,29.0,0.99524,3.41,0.52,11.1,4,low,red,87.57900000000001,0.07764418410806243,51.724137931034484,163.23529411764704,0.2551897435897436
9.7,0.69,0.32,2.5,0.088,22.0,91.0,0.9979,3.29,0.62,10.1,5,low,red,79.68900000000001,0.12172319893586314,24.175824175824175,104.1237113402062,0.39916
7.0,0.62,0.1,1.4,0.071,27.0,63.0,0.996,3.28,0.61,9.2,5,low,red,72.58800000000001,0.09643467239764147,42.857142857142854,131.42857142857142,0.7114285714285715
7.5,0.61,0.26,1.9,0.073,24.0,88.0,0.99612,3.3,0.53,9.8,5,low,red,77.322,0.09699697369442073,27.27272727272727,130.66666666666669,0.5242736842105263
6.5,0.51,0.15,3.0,0.064,12.0,27.0,0.9929,3.33,0.59,12.8,6,medium,red,100.992,0.06436153358681876,44.44444444444444,196.92307692307693,0.3309666666666667
8.0,1.18,0.21,1.9,0.083,14.0,41.0,0.99532,3.34,0.47,10.5,5,low,red,82.845,0.09656587603355664,34.146341463414636,131.25,0.5238526315789473
7.0,0.36,0.21,2.3,0.086,20.0,65.0,0.99558,3.4,0.54,10.1,6,medium,red,79.68900000000001,0.08784148376814867,30.76923076923077,144.28571428571428,0.4328608695652174
7.0,0.36,0.21,2.4,0.086,24.0,69.0,0.99556,3.4,0.53,10.1,6,medium,red,79.68900000000001,0.08784148376814867,34.78260869565217,144.28571428571428,0.41481666666666667
7.5,0.63,0.27,2.0,0.083,17.0,91.0,0.99616,3.26,0.58,9.8,6,medium,red,77.322,0.09699697369442073,18.681318681318682,130.66666666666669,0.49808
5.4,0.74,0.0,1.2,0.041,16.0,46.0,0.99258,4.01,0.59,12.5,6,medium,red,98.625,0.05475285171102662,34.78260869565217,231.4814814814815,0.82715
9.9,0.44,0.46,2.2,0.091,10.0,41.0,0.99638,3.18,0.69,11.9,6,medium,red,93.891,0.1054414161101703,24.390243902439025,120.2020202020202,0.45289999999999997
7.5,0.63,0.27,2.0,0.083,17.0,91.0,0.99616,3.26,0.58,9.8,6,medium,red,77.322,0.09699697369442073,18.681318681318682,130.66666666666669,0.49808
9.1,0.76,0.68,1.7,0.414,18.0,64.0,0.99652,2.9,1.33,9.1,6,medium,red,71.799,0.12674271229404308,28.125,100.0,0.5861882352941177
9.7,0.66,0.34,2.6,0.094,12.0,88.0,0.99796,3.26,0.66,10.1,5,low,red,79.68900000000001,0.12172319893586314,13.636363636363635,104.1237113402062,0.3838307692307692
5.0,0.74,0.0,1.2,0.041,16.0,46.0,0.99258,4.01,0.59,12.5,6,medium,red,98.625,0.050697084917617236,34.78260869565217,250.0,0.82715
9.1,0.34,0.42,1.8,0.058,9.0,18.0,0.99392,3.18,0.55,11.4,5,low,red,89.946,0.1011718141996309,50.0,125.27472527472527,0.5521777777777778
9.1,0.36,0.39,1.8,0.06,21.0,55.0,0.99495,3.18,0.82,11.0,7,medium,red,86.79,0.10485078926143564,38.18181818181819,120.87912087912089,0.55275
6.7,0.46,0.24,1.7,0.077,18.0,34.0,0.9948,3.39,0.6,10.6,6,medium,red,83.634,0.08011095965755555,52.94117647058824,158.2089552238806,0.5851764705882353
6.7,0.46,0.24,1.7,0.077,18.0,34.0,0.9948,3.39,0.6,10.6,6,medium,red,83.634,0.08011095965755555,52.94117647058824,158.2089552238806,0.5851764705882353
6.7,0.46,0.24,1.7,0.077,18.0,34.0,0.9948,3.39,0.6,10.6,6,medium,red,83.634,0.08011095965755555,52.94117647058824,158.2089552238806,0.5851764705882353
6.7,0.46,0.24,1.7,0.077,18.0,34.0,0.9948,3.39,0.6,10.6,6,medium,red,83.634,0.08011095965755555,52.94117647058824,158.2089552238806,0.5851764705882353
6.5,0.52,0.11,1.8,0.073,13.0,38.0,0.9955,3.34,0.52,9.3,5,low,red,73.37700000000001,0.08858361611949248,34.21052631578947,143.07692307692307,0.5530555555555555
7.4,0.6,0.26,2.1,0.083,17.0,91.0,0.99616,3.29,0.56,9.8,6,medium,red,77.322,0.09570368071182846,18.681318681318682,132.43243243243242,0.47436190476190476
7.4,0.6,0.26,2.1,0.083,17.0,91.0,0.99616,3.29,0.56,9.8,6,medium,red,77.322,0.09570368071182846,18.681318681318682,132.43243243243242,0.47436190476190476
7.8,0.87,0.26,3.8,0.107,31.0,67.0,0.99668,3.26,0.46,9.2,5,low,red,72.58800000000001,0.10745577781451478,46.26865671641791,117.94871794871796,0.2622842105263158
8.4,0.39,0.1,1.7,0.075,6.0,25.0,0.99581,3.09,0.43,9.7,6,medium,red,76.533,0.10975657559484145,24.0,115.47619047619047,0.5857705882352942
9.1,0.775,0.22,2.2,0.079,12.0,48.0,0.9976,3.18,0.51,9.6,5,low,red,75.744,0.12014152936206168,25.0,105.4945054945055,0.45345454545454544
7.2,0.835,0.0,2.0,0.166,4.0,11.0,0.99608,3.39,0.52,10.0,5,low,red,78.9,0.09125475285171102,36.36363636363637,138.88888888888889,0.49804
6.6,0.58,0.02,2.4,0.069,19.0,40.0,0.99387,3.38,0.66,12.6,6,medium,red,99.414,0.06638903977307019,47.5,190.9090909090909,0.41411250000000005
6.0,0.5,0.0,1.4,0.057,15.0,26.0,0.99448,3.36,0.45,9.5,5,low,red,74.955,0.08004802881729038,57.692307692307686,158.33333333333331,0.7103428571428572
6.0,0.5,0.0,1.4,0.057,15.0,26.0,0.99448,3.36,0.45,9.5,5,low,red,74.955,0.08004802881729038,57.692307692307686,158.33333333333331,0.7103428571428572
6.0,0.5,0.0,1.4,0.057,15.0,26.0,0.99448,3.36,0.45,9.5,5,low,red,74.955,0.08004802881729038,57.692307692307686,158.33333333333331,0.7103428571428572
7.5,0.51,0.02,1.7,0.084,13.0,31.0,0.99538,3.36,0.54,10.5,6,medium,red,82.845,0.09053050878145935,41.935483870967744,140.0,0.5855176470588236
7.5,0.51,0.02,1.7,0.084,13.0,31.0,0.99538,3.36,0.54,10.5,6,medium,red,82.845,0.09053050878145935,41.935483870967744,140.0,0.5855176470588236
7.5,0.51,0.02,1.7,0.084,13.0,31.0,0.99538,3.36,0.54,10.5,6,medium,red,82.845,0.09053050878145935,41.935483870967744,140.0,0.5855176470588236
7.6,0.54,0.02,1.7,0.085,17.0,31.0,0.99589,3.37,0.51,10.4,6,medium,red,82.056,0.0926196743687238,54.83870967741935,136.8421052631579,0.5858176470588236
7.5,0.51,0.02,1.7,0.084,13.0,31.0,0.99538,3.36,0.54,10.5,6,medium,red,82.845,0.09053050878145935,41.935483870967744,140.0,0.5855176470588236
11.5,0.42,0.48,2.6,0.077,8.0,20.0,0.99852,3.09,0.53,11.0,5,low,red,86.79,0.13250374467104503,40.0,95.65217391304348,0.3840461538461538
8.2,0.44,0.24,2.3,0.063,10.0,28.0,0.99613,3.25,0.53,10.2,6,medium,red,80.47800000000001,0.10189120007952482,35.714285714285715,124.39024390243902,0.43310000000000004
6.1,0.59,0.01,2.1,0.056,5.0,13.0,0.99472,3.52,0.56,11.4,5,low,red,89.946,0.06781846885909323,38.46153846153847,186.88524590163937,0.4736761904761905
7.2,0.655,0.03,1.8,0.078,7.0,12.0,0.99587,3.34,0.39,9.5,5,low,red,74.955,0.09605763458074845,58.333333333333336,131.94444444444443,0.5532611111111111
7.2,0.655,0.03,1.8,0.078,7.0,12.0,0.99587,3.34,0.39,9.5,5,low,red,74.955,0.09605763458074845,58.333333333333336,131.94444444444443,0.5532611111111111
6.9,0.57,0.0,2.8,0.081,21.0,41.0,0.99518,3.41,0.52,10.8,5,low,red,85.212,0.0809745106323053,51.21951219512195,156.52173913043478,0.35542142857142855
9.0,0.6,0.29,2.0,0.069,32.0,73.0,0.99654,3.34,0.57,10.0,5,low,red,78.9,0.11406844106463877,43.83561643835616,111.11111111111111,0.49827
7.2,0.62,0.01,2.3,0.065,8.0,46.0,0.99332,3.32,0.51,11.8,6,medium,red,93.102,0.07733453631500935,17.391304347826086,163.88888888888889,0.43187826086956527
7.6,0.645,0.03,1.9,0.086,14.0,57.0,0.9969,3.37,0.46,10.3,5,low,red,81.26700000000001,0.09351889450822595,24.561403508771928,135.5263157894737,0.5246842105263159
7.6,0.645,0.03,1.9,0.086,14.0,57.0,0.9969,3.37,0.46,10.3,5,low,red,81.26700000000001,0.09351889450822595,24.561403508771928,135.5263157894737,0.5246842105263159
7.2,0.58,0.03,2.3,0.077,7.0,28.0,0.99568,3.35,0.52,10.0,5,low,red,78.9,0.09125475285171102,25.0,138.88888888888889,0.432904347826087
6.1,0.32,0.25,1.8,0.086,5.0,32.0,0.99464,3.36,0.44,10.1,5,low,red,79.68900000000001,0.07654757871224384,15.625,165.5737704918033,0.5525777777777777
6.1,0.34,0.25,1.8,0.084,4.0,28.0,0.99464,3.36,0.44,10.1,5,low,red,79.68900000000001,0.07654757871224384,14.285714285714285,165.5737704918033,0.5525777777777777
7.3,0.43,0.24,2.5,0.078,27.0,67.0,0.99648,3.6,0.59,11.1,6,medium,red,87.57900000000001,0.08335331529247877,40.298507462686565,152.05479452054794,0.398592
7.4,0.64,0.17,5.4,0.168,52.0,98.0,0.99736,3.28,0.5,9.5,5,low,red,74.955,0.09872590220799146,53.06122448979592,128.3783783783784,0.18469629629629628
11.6,0.475,0.4,1.4,0.091,6.0,28.0,0.99704,3.07,0.65,10.0333333333333,6,medium,red,79.16299999999974,0.14653310258580446,21.428571428571427,86.49425287356293,0.7121714285714287
9.2,0.54,0.31,2.3,0.112,11.0,38.0,0.99699,3.24,0.56,10.9,5,low,red,86.001,0.1069755002848804,28.947368421052634,118.47826086956523,0.4334739130434783
8.3,0.85,0.14,2.5,0.093,13.0,54.0,0.99724,3.36,0.54,10.1,5,low,red,79.68900000000001,0.10415490218223343,24.074074074074073,121.68674698795179,0.39889600000000003
11.6,0.475,0.4,1.4,0.091,6.0,28.0,0.99704,3.07,0.65,10.0333333333333,6,medium,red,79.16299999999974,0.14653310258580446,21.428571428571427,86.49425287356293,0.7121714285714287
8.0,0.83,0.27,2.0,0.08,11.0,63.0,0.99652,3.29,0.48,9.8,4,low,red,77.322,0.10346343860738211,17.46031746031746,122.50000000000001,0.49826
7.2,0.605,0.02,1.9,0.096,10.0,31.0,0.995,3.46,0.53,11.8,6,medium,red,93.102,0.07733453631500935,32.25806451612903,163.88888888888889,0.5236842105263159
7.8,0.5,0.09,2.2,0.115,10.0,42.0,0.9971,3.18,0.62,9.5,5,low,red,74.955,0.10406243746247748,23.809523809523807,121.79487179487181,0.4532272727272727
7.3,0.74,0.08,1.7,0.094,10.0,45.0,0.99576,3.24,0.5,9.8,5,low,red,77.322,0.09441038772923617,22.22222222222222,134.24657534246575,0.5857411764705882
6.9,0.54,0.3,2.2,0.088,9.0,105.0,0.99725,3.25,1.18,10.5,6,medium,red,82.845,0.08328806807894261,8.571428571428571,152.17391304347825,0.4532954545454545
8.0,0.77,0.32,2.1,0.079,16.0,74.0,0.99656,3.27,0.5,9.8,6,medium,red,77.322,0.10346343860738211,21.62162162162162,122.50000000000001,0.47455238095238095
6.6,0.61,0.0,1.6,0.069,4.0,8.0,0.99396,3.33,0.37,10.4,4,low,red,82.056,0.0804328751096812,50.0,157.5757575757576,0.6212249999999999
8.7,0.78,0.51,1.7,0.415,12.0,66.0,0.99623,3.0,1.17,9.2,5,low,red,72.58800000000001,0.11985452140849726,18.181818181818183,105.74712643678161,0.5860176470588235
7.5,0.58,0.56,3.1,0.153,5.0,14.0,0.99476,3.21,1.03,11.6,6,medium,red,91.524,0.08194571915563131,35.714285714285715,154.66666666666666,0.32089032258064515
8.7,0.78,0.51,1.7,0.415,12.0,66.0,0.99623,3.0,1.17,9.2,5,low,red,72.58800000000001,0.11985452140849726,18.181818181818183,105.74712643678161,0.5860176470588235
7.7,0.75,0.27,3.8,0.11,34.0,89.0,0.99664,3.24,0.45,9.3,5,low,red,73.37700000000001,0.10493751448001416,38.20224719101123,120.7792207792208,0.2622736842105263
6.8,0.815,0.0,1.2,0.267,16.0,29.0,0.99471,3.32,0.51,9.8,3,low,red,77.322,0.08794392281627479,55.172413793103445,144.11764705882354,0.828925
7.2,0.56,0.26,2.0,0.083,13.0,100.0,0.99586,3.26,0.52,9.9,5,low,red,78.111,0.09217651803203133,13.0,137.5,0.49793
8.2,0.885,0.2,1.4,0.086,7.0,31.0,0.9946,3.11,0.46,10.0,5,low,red,78.9,0.10392902408111532,22.58064516129032,121.95121951219514,0.7104285714285715
5.2,0.49,0.26,2.3,0.09,23.0,74.0,0.9953,3.71,0.62,12.2,6,medium,red,96.25800000000001,0.054021483928608525,31.08108108108108,234.61538461538458,0.4327391304347826
7.2,0.45,0.15,2.0,0.078,10.0,28.0,0.99609,3.29,0.51,9.9,6,medium,red,78.111,0.09217651803203133,35.714285714285715,137.5,0.498045
7.5,0.57,0.02,2.6,0.077,11.0,35.0,0.99557,3.36,0.62,10.8,6,medium,red,85.212,0.08801577242641881,31.428571428571427,144.00000000000003,0.3829115384615384
7.5,0.57,0.02,2.6,0.077,11.0,35.0,0.99557,3.36,0.62,10.8,6,medium,red,85.212,0.08801577242641881,31.428571428571427,144.00000000000003,0.3829115384615384
6.8,0.83,0.09,1.8,0.074,4.0,25.0,0.99534,3.38,0.45,9.6,5,low,red,75.744,0.08977608787494719,16.0,141.1764705882353,0.5529666666666666
8.0,0.6,0.22,2.1,0.08,25.0,105.0,0.99613,3.3,0.49,9.9,5,low,red,78.111,0.1024183533689237,23.809523809523807,123.75,0.474347619047619
8.0,0.6,0.22,2.1,0.08,25.0,105.0,0.99613,3.3,0.49,9.9,5,low,red,78.111,0.1024183533689237,23.809523809523807,123.75,0.474347619047619
7.1,0.755,0.15,1.8,0.107,20.0,84.0,0.99593,3.19,0.5,9.5,5,low,red,74.955,0.09472350076712693,23.809523809523807,133.80281690140845,0.5532944444444444
8.0,0.81,0.25,3.4,0.076,34.0,85.0,0.99668,3.19,0.42,9.2,5,low,red,72.58800000000001,0.11021105416873311,40.0,114.99999999999999,0.29314117647058824
7.4,0.64,0.07,1.8,0.1,8.0,23.0,0.9961,3.3,0.58,9.6,5,low,red,75.744,0.09769750739332489,34.78260869565217,129.7297297297297,0.5533888888888888
7.4,0.64,0.07,1.8,0.1,8.0,23.0,0.9961,3.3,0.58,9.6,5,low,red,75.744,0.09769750739332489,34.78260869565217,129.7297297297297,0.5533888888888888
6.6,0.64,0.31,6.1,0.083,7.0,49.0,0.99718,3.35,0.68,10.3,5,low,red,81.26700000000001,0.08121377680977516,14.285714285714285,156.0606060606061,0.16347213114754097
6.7,0.48,0.02,2.2,0.08,36.0,111.0,0.99524,3.1,0.53,9.7,5,low,red,76.533,0.08754393529588543,32.432432432432435,144.77611940298507,0.45238181818181816
6.0,0.49,0.0,2.3,0.068,15.0,33.0,0.99292,3.58,0.59,12.5,6,medium,red,98.625,0.060836501901140684,45.45454545454545,208.33333333333334,0.431704347826087
8.0,0.64,0.22,2.4,0.094,5.0,33.0,0.99612,3.37,0.58,11.0,5,low,red,86.79,0.09217651803203133,15.151515151515152,137.5,0.41505000000000003
7.1,0.62,0.06,1.3,0.07,5.0,12.0,0.9942,3.17,0.48,9.8,5,low,red,77.322,0.09182380176405162,41.66666666666667,138.0281690140845,0.7647692307692308
8.0,0.52,0.25,2.0,0.078,19.0,59.0,0.99612,3.3,0.48,10.2,5,low,red,80.47800000000001,0.099406048858073,32.20338983050847,127.49999999999999,0.49806
6.4,0.57,0.14,3.9,0.07,27.0,73.0,0.99669,3.32,0.48,9.2,5,low,red,72.58800000000001,0.0881688433349865,36.986301369863014,143.74999999999997,0.25556153846153845
8.6,0.685,0.1,1.6,0.092,3.0,12.0,0.99745,3.31,0.65,9.55,6,medium,red,75.3495,0.11413479850563041,25.0,111.046511627907,0.6234062499999999
8.7,0.675,0.1,1.6,0.09,4.0,11.0,0.99745,3.31,0.65,9.55,5,low,red,75.3495,0.11546194732546332,36.36363636363637,109.77011494252875,0.6234062499999999
7.3,0.59,0.26,2.0,0.08,17.0,104.0,0.99584,3.28,0.52,9.9,5,low,red,78.111,0.09345674744914288,16.346153846153847,135.6164383561644,0.49792
7.0,0.6,0.12,2.2,0.083,13.0,28.0,0.9966,3.52,0.62,10.2,7,medium,red,80.47800000000001,0.08698029275081388,46.42857142857143,145.7142857142857,0.45299999999999996
7.2,0.67,0.0,2.2,0.068,10.0,24.0,0.9956,3.42,0.72,11.1,6,medium,red,87.57900000000001,0.08221148905559551,41.66666666666667,154.16666666666666,0.45254545454545453
7.9,0.69,0.21,2.1,0.08,33.0,141.0,0.9962,3.25,0.51,9.9,5,low,red,78.111,0.10113812395181217,23.404255319148938,125.31645569620254,0.47438095238095235
7.9,0.69,0.21,2.1,0.08,33.0,141.0,0.9962,3.25,0.51,9.9,5,low,red,78.111,0.10113812395181217,23.404255319148938,125.31645569620254,0.47438095238095235
7.6,0.3,0.42,2.0,0.052,6.0,24.0,0.9963,3.44,0.82,11.9,6,medium,red,93.891,0.08094492549871658,25.0,156.57894736842107,0.49815
7.2,0.33,0.33,1.7,0.061,3.0,13.0,0.996,3.23,1.1,10.0,8,high,red,78.9,0.09125475285171102,23.076923076923077,138.88888888888889,0.5858823529411765
8.0,0.5,0.39,2.6,0.082,12.0,46.0,0.9985,3.43,0.62,10.7,6,medium,red,84.423,0.0947609063880696,26.08695652173913,133.75,0.38403846153846155
7.7,0.28,0.3,2.0,0.062,18.0,34.0,0.9952,3.28,0.9,11.3,7,medium,red,89.15700000000001,0.08636450306762228,52.94117647058824,146.75324675324677,0.4976
8.2,0.24,0.34,5.1,0.062,8.0,22.0,0.9974,3.22,0.94,10.9,6,medium,red,86.001,0.0953477285147847,36.36363636363637,132.9268292682927,0.1955686274509804
6.0,0.51,0.0,2.1,0.064,40.0,54.0,0.995,3.54,0.93,10.7,6,medium,red,84.423,0.0710706797910522,74.07407407407408,178.33333333333331,0.4738095238095238
8.1,0.29,0.36,2.2,0.048,35.0,53.0,0.995,3.27,1.01,12.4,7,medium,red,97.836,0.08279161045014105,66.0377358490566,153.08641975308643,0.4522727272727272
6.0,0.51,0.0,2.1,0.064,40.0,54.0,0.995,3.54,0.93,10.7,6,medium,red,84.423,0.0710706797910522,74.07407407407408,178.33333333333331,0.4738095238095238
6.6,0.96,0.0,1.8,0.082,5.0,16.0,0.9936,3.5,0.44,11.9,6,medium,red,93.891,0.0702942774067802,31.25,180.3030303030303,0.552
6.4,0.47,0.4,2.4,0.071,8.0,19.0,0.9963,3.56,0.73,10.6,6,medium,red,83.634,0.07652390176244112,42.10526315789473,165.62499999999997,0.415125
8.2,0.24,0.34,5.1,0.062,8.0,22.0,0.9974,3.22,0.94,10.9,6,medium,red,86.001,0.0953477285147847,36.36363636363637,132.9268292682927,0.1955686274509804
9.9,0.57,0.25,2.0,0.104,12.0,89.0,0.9963,3.04,0.9,10.1,5,low,red,79.68900000000001,0.12423295561495312,13.48314606741573,102.020202020202,0.49815
10.0,0.32,0.59,2.2,0.077,3.0,15.0,0.9994,3.2,0.78,9.6,5,low,red,75.744,0.13202365863962823,20.0,96.0,0.4542727272727272
6.2,0.58,0.0,1.6,0.065,8.0,18.0,0.9966,3.56,0.84,9.4,5,low,red,74.166,0.08359625704500716,44.44444444444444,151.61290322580646,0.622875
10.0,0.32,0.59,2.2,0.077,3.0,15.0,0.9994,3.2,0.78,9.6,5,low,red,75.744,0.13202365863962823,20.0,96.0,0.4542727272727272
7.3,0.34,0.33,2.5,0.064,21.0,37.0,0.9952,3.35,0.77,12.1,7,medium,red,95.46900000000001,0.07646461154929872,56.75675675675676,165.75342465753425,0.39808
7.8,0.53,0.01,1.6,0.077,3.0,19.0,0.995,3.16,0.46,9.8,5,low,red,77.322,0.10087685264219756,15.789473684210526,125.64102564102566,0.621875
7.7,0.64,0.21,2.2,0.077,32.0,133.0,0.9956,3.27,0.45,9.9,5,low,red,78.111,0.09857766511758907,24.06015037593985,128.57142857142858,0.45254545454545453
7.8,0.53,0.01,1.6,0.077,3.0,19.0,0.995,3.16,0.46,9.8,5,low,red,77.322,0.10087685264219756,15.789473684210526,125.64102564102566,0.621875
7.5,0.4,0.18,1.6,0.079,24.0,58.0,0.9965,3.34,0.58,9.4,5,low,red,74.166,0.101124504489928,41.37931034482759,125.33333333333334,0.6228125
7.0,0.54,0.0,2.1,0.079,39.0,55.0,0.9956,3.39,0.84,11.4,6,medium,red,89.946,0.07782447246125453,70.9090909090909,162.85714285714286,0.47409523809523807
6.4,0.53,0.09,3.9,0.123,14.0,31.0,0.9968,3.5,0.67,11.0,4,low,red,86.79,0.07374121442562508,45.16129032258064,171.875,0.2555897435897436
8.3,0.26,0.37,1.4,0.076,8.0,23.0,0.9974,3.26,0.7,9.6,6,medium,red,75.744,0.10957963667089143,34.78260869565217,115.66265060240963,0.7124285714285714
8.3,0.26,0.37,1.4,0.076,8.0,23.0,0.9974,3.26,0.7,9.6,6,medium,red,75.744,0.10957963667089143,34.78260869565217,115.66265060240963,0.7124285714285714
7.7,0.23,0.37,1.8,0.046,23.0,60.0,0.9971,3.41,0.71,12.1,6,medium,red,95.46900000000001,0.08065445327802742,38.333333333333336,157.14285714285714,0.5539444444444445
7.6,0.41,0.33,2.5,0.078,6.0,23.0,0.9957,3.3,0.58,11.2,5,low,red,88.36800000000001,0.08600398334238638,26.08695652173913,147.36842105263156,0.39828
7.8,0.64,0.0,1.9,0.072,27.0,55.0,0.9962,3.31,0.63,11.0,5,low,red,86.79,0.08987210508123054,49.09090909090909,141.02564102564102,0.5243157894736842
7.9,0.18,0.4,2.2,0.049,38.0,67.0,0.996,3.33,0.93,11.3,5,low,red,89.15700000000001,0.08860773691353455,56.71641791044776,143.03797468354432,0.4527272727272727
7.4,0.41,0.24,1.8,0.066,18.0,47.0,0.9956,3.37,0.62,10.4,5,low,red,82.056,0.09018231451691529,38.297872340425535,140.54054054054055,0.5531111111111111
7.6,0.43,0.31,2.1,0.069,13.0,74.0,0.9958,3.26,0.54,9.9,6,medium,red,78.111,0.09729743570047751,17.56756756756757,130.26315789473685,0.47419047619047616
5.9,0.44,0.0,1.6,0.042,3.0,11.0,0.9944,3.48,0.85,11.7,6,medium,red,92.313,0.06391299166964566,27.27272727272727,198.30508474576268,0.6214999999999999
6.1,0.4,0.16,1.8,0.069,11.0,25.0,0.9955,3.42,0.74,10.1,7,medium,red,79.68900000000001,0.07654757871224384,44.0,165.5737704918033,0.5530555555555555
10.2,0.54,0.37,15.4,0.214,55.0,95.0,1.00369,3.18,0.77,9.0,6,medium,red,71.01,0.1436417405999155,57.89473684210527,88.23529411764707,0.06517467532467532
10.2,0.54,0.37,15.4,0.214,55.0,95.0,1.00369,3.18,0.77,9.0,6,medium,red,71.01,0.1436417405999155,57.89473684210527,88.23529411764707,0.06517467532467532
10.0,0.38,0.38,1.6,0.169,27.0,90.0,0.99914,3.15,0.65,8.5,5,low,red,67.065,0.14910907328710954,30.0,85.0,0.6244625
6.8,0.915,0.29,4.8,0.07,15.0,39.0,0.99577,3.53,0.54,11.1,5,low,red,87.57900000000001,0.07764418410806243,38.46153846153847,163.23529411764704,0.20745208333333334
7.0,0.59,0.0,1.7,0.052,3.0,8.0,0.996,3.41,0.47,10.3,5,low,red,81.26700000000001,0.08613582388915549,37.5,147.14285714285717,0.5858823529411765
7.3,0.67,0.02,2.2,0.072,31.0,92.0,0.99566,3.32,0.68,11.0666666666667,6,medium,red,87.31600000000027,0.08360437949516672,33.69565217391305,151.59817351598218,0.45257272727272724
7.2,0.37,0.32,2.0,0.062,15.0,28.0,0.9947,3.23,0.73,11.3,7,medium,red,89.15700000000001,0.08075641845284161,53.57142857142857,156.94444444444443,0.49735
7.4,0.785,0.19,5.2,0.094,19.0,98.0,0.99713,3.16,0.52,9.56666666666667,6,medium,red,75.48100000000002,0.09803791682675107,19.387755102040817,129.2792792792793,0.19175576923076923
6.9,0.63,0.02,1.9,0.078,18.0,30.0,0.99712,3.4,0.75,9.8,5,low,red,77.322,0.08923721579886708,60.0,142.02898550724638,0.5248
6.9,0.58,0.2,1.75,0.058,8.0,22.0,0.99322,3.38,0.49,11.7,5,low,red,92.313,0.07474570212212799,36.36363636363637,169.56521739130432,0.5675542857142857
7.3,0.67,0.02,2.2,0.072,31.0,92.0,0.99566,3.32,0.68,11.1,6,medium,red,87.57900000000001,0.08335331529247877,33.69565217391305,152.05479452054794,0.45257272727272724
7.4,0.785,0.19,5.2,0.094,19.0,98.0,0.99713,3.16,0.52,9.6,6,medium,red,75.744,0.09769750739332489,19.387755102040817,129.7297297297297,0.19175576923076923
6.9,0.63,0.02,1.9,0.078,18.0,30.0,0.99712,3.4,0.75,9.8,5,low,red,77.322,0.08923721579886708,60.0,142.02898550724638,0.5248
6.8,0.67,0.0,1.9,0.08,22.0,39.0,0.99701,3.4,0.74,9.7,5,low,red,76.533,0.08885056119582402,56.41025641025641,142.64705882352942,0.5247421052631579
6.9,0.58,0.01,1.9,0.08,40.0,54.0,0.99683,3.4,0.73,9.7,5,low,red,76.533,0.09015718709576262,74.07407407407408,140.5797101449275,0.5246473684210526
7.2,0.38,0.31,2.0,0.056,15.0,29.0,0.99472,3.23,0.76,11.3,8,high,red,89.15700000000001,0.08075641845284161,51.724137931034484,156.94444444444443,0.49736
7.2,0.37,0.32,2.0,0.062,15.0,28.0,0.9947,3.23,0.73,11.3,7,medium,red,89.15700000000001,0.08075641845284161,53.57142857142857,156.94444444444443,0.49735
7.8,0.32,0.44,2.7,0.104,8.0,17.0,0.99732,3.33,0.78,11.0,7,medium,red,86.79,0.08987210508123054,47.05882352941176,141.02564102564102,0.36937777777777775
6.6,0.58,0.02,2.0,0.062,37.0,53.0,0.99374,3.35,0.76,11.6,7,medium,red,91.524,0.07211223285695555,69.81132075471697,175.75757575757575,0.49687
7.6,0.49,0.33,1.9,0.074,27.0,85.0,0.99706,3.41,0.58,9.0,5,low,red,71.01,0.10702717927052527,31.76470588235294,118.42105263157896,0.5247684210526316
11.7,0.45,0.63,2.2,0.073,7.0,23.0,0.99974,3.21,0.69,10.9,6,medium,red,86.001,0.13604492971011964,30.434782608695656,93.16239316239317,0.4544272727272727
6.5,0.9,0.0,1.6,0.052,9.0,17.0,0.99467,3.5,0.63,10.9,6,medium,red,86.001,0.07558051650562202,52.94117647058824,167.6923076923077,0.62166875
6.0,0.54,0.06,1.8,0.05,38.0,89.0,0.99236,3.3,0.5,10.55,6,medium,red,83.2395,0.07208116338997711,42.69662921348314,175.83333333333334,0.5513111111111111
7.6,0.49,0.33,1.9,0.074,27.0,85.0,0.99706,3.41,0.58,9.0,5,low,red,71.01,0.10702717927052527,31.76470588235294,118.42105263157896,0.5247684210526316
8.4,0.29,0.4,1.7,0.067,8.0,20.0,0.99603,3.39,0.6,10.5,5,low,red,82.845,0.10139416983523449,40.0,125.0,0.5859
7.9,0.2,0.35,1.7,0.054,7.0,15.0,0.99458,3.32,0.8,11.9,7,medium,red,93.891,0.08414011992629751,46.666666666666664,150.63291139240508,0.5850470588235295
6.4,0.42,0.09,2.3,0.054,34.0,64.0,0.99724,3.41,0.68,10.4,6,medium,red,82.056,0.07799551525787268,53.125,162.5,0.43358260869565224
6.2,0.785,0.0,2.1,0.06,6.0,13.0,0.99664,3.59,0.61,10.0,4,low,red,78.9,0.07858048162230671,46.15384615384615,161.29032258064515,0.4745904761904762
6.8,0.64,0.03,2.3,0.075,14.0,31.0,0.99545,3.36,0.58,10.4,6,medium,red,82.056,0.08287023496148971,45.16129032258064,152.94117647058826,0.43280434782608695
6.9,0.63,0.01,2.4,0.076,14.0,39.0,0.99522,3.34,0.53,10.8,6,medium,red,85.212,0.0809745106323053,35.8974358974359,156.52173913043478,0.414675
6.8,0.59,0.1,1.7,0.063,34.0,53.0,0.9958,3.41,0.67,9.7,5,low,red,76.533,0.08885056119582402,64.15094339622641,142.64705882352942,0.585764705882353
6.8,0.59,0.1,1.7,0.063,34.0,53.0,0.9958,3.41,0.67,9.7,5,low,red,76.533,0.08885056119582402,64.15094339622641,142.64705882352942,0.585764705882353
7.3,0.48,0.32,2.1,0.062,31.0,54.0,0.99728,3.3,0.65,10.0,7,medium,red,78.9,0.09252217997465145,57.407407407407405,136.986301369863,0.4748952380952381
6.7,1.04,0.08,2.3,0.067,19.0,32.0,0.99648,3.52,0.57,11.0,4,low,red,86.79,0.07719783385182624,59.375,164.17910447761193,0.43325217391304355
7.3,0.48,0.32,2.1,0.062,31.0,54.0,0.99728,3.3,0.65,10.0,7,medium,red,78.9,0.09252217997465145,57.407407407407405,136.986301369863,0.4748952380952381
7.3,0.98,0.05,2.1,0.061,20.0,49.0,0.99705,3.31,0.55,9.7,3,low,red,76.533,0.09538369069551696,40.816326530612244,132.87671232876713,0.47478571428571426
10.0,0.69,0.11,1.4,0.084,8.0,24.0,0.99578,2.88,0.47,9.7,5,low,red,76.533,0.13066258999385885,33.33333333333333,97.0,0.7112714285714287
6.7,0.7,0.08,3.75,0.067,8.0,16.0,0.99334,3.43,0.52,12.6,5,low,red,99.414,0.0673949343150864,50.0,188.0597014925373,0.26489066666666666
7.6,0.35,0.6,2.6,0.073,23.0,44.0,0.99656,3.38,0.79,11.1,6,medium,red,87.57900000000001,0.08677879400312859,52.27272727272727,146.05263157894737,0.38329230769230765
6.1,0.6,0.08,1.8,0.071,14.0,45.0,0.99336,3.38,0.54,11.0,5,low,red,86.79,0.07028459499942388,31.11111111111111,180.327868852459,0.5518666666666666
9.9,0.5,0.5,13.8,0.205,48.0,82.0,1.00242,3.16,0.75,8.8,5,low,red,69.432,0.14258555133079848,58.536585365853654,88.8888888888889,0.07263913043478261
5.3,0.47,0.11,2.2,0.048,16.0,89.0,0.99182,3.54,0.88,13.5666666666667,7,medium,red,107.04100000000027,0.049513737726665355,17.97752808988764,255.97484276729622,0.4508272727272727
9.9,0.5,0.5,13.8,0.205,48.0,82.0,1.00242,3.16,0.75,8.8,5,low,red,69.432,0.14258555133079848,58.536585365853654,88.8888888888889,0.07263913043478261
5.3,0.47,0.11,2.2,0.048,16.0,89.0,0.99182,3.54,0.88,13.6,7,medium,red,107.304,0.04939238052635503,17.97752808988764,256.60377358490564,0.4508272727272727
7.1,0.875,0.05,5.7,0.082,3.0,14.0,0.99808,3.4,0.52,10.2,3,low,red,80.47800000000001,0.08822286836153978,21.428571428571427,143.6619718309859,0.1751017543859649
8.2,0.28,0.6,3.0,0.104,10.0,22.0,0.99828,3.39,0.68,10.6,5,low,red,83.634,0.09804624913312766,45.45454545454545,129.26829268292684,0.33276
5.6,0.62,0.03,1.5,0.08,6.0,13.0,0.99498,3.66,0.62,10.1,4,low,red,79.68900000000001,0.07027318701451893,46.15384615384615,180.35714285714286,0.66332
8.2,0.28,0.6,3.0,0.104,10.0,22.0,0.99828,3.39,0.68,10.6,5,low,red,83.634,0.09804624913312766,45.45454545454545,129.26829268292684,0.33276
7.2,0.58,0.54,2.1,0.114,3.0,9.0,0.99719,3.33,0.57,10.3,4,low,red,81.26700000000001,0.08859684742884565,33.33333333333333,143.05555555555557,0.4748523809523809
8.1,0.33,0.44,1.5,0.042,6.0,12.0,0.99542,3.35,0.61,10.7,5,low,red,84.423,0.09594541771792046,50.0,132.09876543209876,0.6636133333333333
6.8,0.91,0.06,2.0,0.06,4.0,11.0,0.99592,3.53,0.64,10.9,4,low,red,86.001,0.07906884803665074,36.36363636363637,160.29411764705884,0.49796
7.0,0.655,0.16,2.1,0.074,8.0,25.0,0.99606,3.37,0.55,9.7,5,low,red,76.533,0.0914638129957012,32.0,138.57142857142856,0.4743142857142857
6.8,0.68,0.21,2.1,0.07,9.0,23.0,0.99546,3.38,0.6,10.3,5,low,red,81.26700000000001,0.08367480034946533,39.130434782608695,151.47058823529414,0.4740285714285714
6.0,0.64,0.05,1.9,0.066,9.0,17.0,0.99496,3.52,0.78,10.6,5,low,red,83.634,0.07174115790228855,52.94117647058824,176.66666666666666,0.5236631578947368
5.6,0.54,0.04,1.7,0.049,5.0,13.0,0.9942,3.72,0.58,11.4,5,low,red,89.946,0.062259577969003624,38.46153846153847,203.5714285714286,0.5848235294117647
6.2,0.57,0.1,2.1,0.048,4.0,11.0,0.99448,3.44,0.76,10.8,6,medium,red,85.212,0.07275970520583955,36.36363636363637,174.19354838709677,0.47356190476190474
7.1,0.22,0.49,1.8,0.039,8.0,18.0,0.99344,3.39,0.56,12.4,6,medium,red,97.836,0.07257042397481499,44.44444444444444,174.64788732394368,0.5519111111111111
5.6,0.54,0.04,1.7,0.049,5.0,13.0,0.9942,3.72,0.58,11.4,5,low,red,89.946,0.062259577969003624,38.46153846153847,203.5714285714286,0.5848235294117647
6.2,0.65,0.06,1.6,0.05,6.0,18.0,0.99348,3.57,0.54,11.95,5,low,red,94.2855,0.06575772520695124,33.33333333333333,192.74193548387095,0.620925
7.7,0.54,0.26,1.9,0.089,23.0,147.0,0.99636,3.26,0.59,9.7,5,low,red,76.533,0.10061019429527132,15.646258503401361,125.97402597402596,0.5244000000000001
6.4,0.31,0.09,1.4,0.066,15.0,28.0,0.99459,3.42,0.7,10.0,7,medium,red,78.9,0.08111533586818757,53.57142857142857,156.25,0.7104214285714286
7.0,0.43,0.02,1.9,0.08,15.0,28.0,0.99492,3.35,0.81,10.6,6,medium,red,83.634,0.08369801755266996,53.57142857142857,151.42857142857142,0.5236421052631579
7.7,0.54,0.26,1.9,0.089,23.0,147.0,0.99636,3.26,0.59,9.7,5,low,red,76.533,0.10061019429527132,15.646258503401361,125.97402597402596,0.5244000000000001
6.9,0.74,0.03,2.3,0.054,7.0,16.0,0.99508,3.45,0.63,11.5,6,medium,red,90.735,0.07604562737642585,43.75,166.66666666666666,0.4326434782608696
6.6,0.895,0.04,2.3,0.068,7.0,13.0,0.99582,3.53,0.58,10.8,6,medium,red,85.212,0.07745387973524855,53.84615384615385,163.63636363636365,0.4329652173913044
6.9,0.74,0.03,2.3,0.054,7.0,16.0,0.99508,3.45,0.63,11.5,6,medium,red,90.735,0.07604562737642585,43.75,166.66666666666666,0.4326434782608696
7.5,0.725,0.04,1.5,0.076,8.0,15.0,0.99508,3.26,0.53,9.6,5,low,red,75.744,0.09901774397972117,53.333333333333336,128.0,0.6633866666666667
7.8,0.82,0.29,4.3,0.083,21.0,64.0,0.99642,3.16,0.53,9.4,5,low,red,74.166,0.10516948466952512,32.8125,120.51282051282053,0.23172558139534885
7.3,0.585,0.18,2.4,0.078,15.0,60.0,0.99638,3.31,0.54,9.8,5,low,red,77.322,0.09441038772923617,25.0,134.24657534246575,0.41515833333333335
6.2,0.44,0.39,2.5,0.077,6.0,14.0,0.99555,3.51,0.69,11.0,6,medium,red,86.79,0.07143680147482429,42.857142857142854,177.41935483870967,0.39822
7.5,0.38,0.57,2.3,0.106,5.0,12.0,0.99605,3.36,0.55,11.4,6,medium,red,89.946,0.08338336335134414,41.66666666666667,152.0,0.4330652173913044
6.7,0.76,0.02,1.8,0.078,6.0,12.0,0.996,3.55,0.63,9.95,3,low,red,78.5055,0.08534433893166721,50.0,148.50746268656715,0.5533333333333333
6.8,0.81,0.05,2.0,0.07,6.0,14.0,0.99562,3.51,0.66,10.8,6,medium,red,85.212,0.07980096699995305,42.857142857142854,158.82352941176472,0.49781
7.5,0.38,0.57,2.3,0.106,5.0,12.0,0.99605,3.36,0.55,11.4,6,medium,red,89.946,0.08338336335134414,41.66666666666667,152.0,0.4330652173913044
7.1,0.27,0.6,2.1,0.074,17.0,25.0,0.99814,3.38,0.72,10.6,6,medium,red,83.634,0.0848937035177081,68.0,149.29577464788733,0.4753047619047619
7.9,0.18,0.4,1.8,0.062,7.0,20.0,0.9941,3.28,0.7,11.1,5,low,red,87.57900000000001,0.09020427271377841,35.0,140.50632911392404,0.5522777777777778
6.4,0.36,0.21,2.2,0.047,26.0,48.0,0.99661,3.47,0.77,9.7,6,medium,red,76.533,0.08362405759606967,54.166666666666664,151.56249999999997,0.45300454545454544
7.1,0.69,0.04,2.1,0.068,19.0,27.0,0.99712,3.44,0.67,9.8,5,low,red,77.322,0.09182380176405162,70.37037037037037,138.0281690140845,0.4748190476190476
6.4,0.79,0.04,2.2,0.061,11.0,17.0,0.99588,3.53,0.65,10.4,6,medium,red,82.056,0.07799551525787268,64.70588235294117,162.5,0.4526727272727272
6.4,0.56,0.15,1.8,0.078,17.0,65.0,0.99294,3.33,0.6,10.5,6,medium,red,82.845,0.07725270082684532,26.153846153846157,164.0625,0.5516333333333333
6.9,0.84,0.21,4.1,0.074,16.0,65.0,0.99842,3.53,0.72,9.23333333333333,6,medium,red,72.85099999999998,0.09471386803201057,24.615384615384617,133.8164251207729,0.24351707317073173
6.9,0.84,0.21,4.1,0.074,16.0,65.0,0.99842,3.53,0.72,9.25,6,medium,red,72.9825,0.09454321241393485,24.615384615384617,134.05797101449275,0.24351707317073173
6.1,0.32,0.25,2.3,0.071,23.0,58.0,0.99633,3.42,0.97,10.6,5,low,red,83.634,0.07293684386732668,39.6551724137931,173.7704918032787,0.43318695652173916
6.5,0.53,0.06,2.0,0.063,29.0,44.0,0.99489,3.38,0.83,10.3,6,medium,red,81.26700000000001,0.0799832650399301,65.9090909090909,158.46153846153848,0.497445
7.4,0.47,0.46,2.2,0.114,7.0,20.0,0.99647,3.32,0.63,10.5,5,low,red,82.845,0.0893234353310399,35.0,141.89189189189187,0.45294090909090906
6.6,0.7,0.08,2.6,0.106,14.0,27.0,0.99665,3.44,0.58,10.2,5,low,red,80.47800000000001,0.08200999030791023,51.85185185185185,154.54545454545453,0.38332692307692307
6.5,0.53,0.06,2.0,0.063,29.0,44.0,0.99489,3.38,0.83,10.3,6,medium,red,81.26700000000001,0.0799832650399301,65.9090909090909,158.46153846153848,0.497445
6.9,0.48,0.2,1.9,0.082,9.0,23.0,0.99585,3.39,0.43,9.05,4,low,red,71.4045,0.0966325651744638,39.130434782608695,131.15942028985506,0.5241315789473685
6.1,0.32,0.25,2.3,0.071,23.0,58.0,0.99633,3.42,0.97,10.6,5,low,red,83.634,0.07293684386732668,39.6551724137931,173.7704918032787,0.43318695652173916
6.8,0.48,0.25,2.0,0.076,29.0,61.0,0.9953,3.34,0.6,10.4,5,low,red,82.056,0.08287023496148971,47.540983606557376,152.94117647058826,0.49765
6.0,0.42,0.19,2.0,0.075,22.0,47.0,0.99522,3.39,0.78,10.0,6,medium,red,78.9,0.07604562737642585,46.808510638297875,166.66666666666669,0.49761
6.7,0.48,0.08,2.1,0.064,18.0,34.0,0.99552,3.33,0.64,9.7,5,low,red,76.533,0.08754393529588543,52.94117647058824,144.77611940298507,0.47405714285714284
6.8,0.47,0.08,2.2,0.064,18.0,38.0,0.99553,3.3,0.65,9.6,6,medium,red,75.744,0.08977608787494719,47.368421052631575,141.1764705882353,0.45251363636363634
7.1,0.53,0.07,1.7,0.071,15.0,24.0,0.9951,3.29,0.66,10.8,6,medium,red,85.212,0.0833215978970098,62.5,152.11267605633805,0.5853529411764706
7.9,0.29,0.49,2.2,0.096,21.0,59.0,0.99714,3.31,0.67,10.1,6,medium,red,79.68900000000001,0.0991353888240535,35.59322033898305,127.84810126582278,0.4532454545454545
7.1,0.69,0.08,2.1,0.063,42.0,52.0,0.99608,3.42,0.6,10.2,6,medium,red,80.47800000000001,0.08822286836153978,80.76923076923077,143.6619718309859,0.4743238095238095
6.6,0.44,0.09,2.2,0.063,9.0,18.0,0.99444,3.42,0.69,11.3,6,medium,red,89.15700000000001,0.0740267169151048,50.0,171.21212121212125,0.45201818181818176
6.1,0.705,0.1,2.8,0.081,13.0,28.0,0.99631,3.6,0.66,10.2,5,low,red,80.47800000000001,0.07579711225428067,46.42857142857143,167.21311475409837,0.35582500000000006
7.2,0.53,0.13,2.0,0.058,18.0,22.0,0.99573,3.21,0.68,9.9,6,medium,red,78.111,0.09217651803203133,81.81818181818183,137.5,0.497865
8.0,0.39,0.3,1.9,0.074,32.0,84.0,0.99717,3.39,0.61,9.0,5,low,red,71.01,0.11266018870581608,38.095238095238095,112.5,0.5248263157894737
6.6,0.56,0.14,2.4,0.064,13.0,29.0,0.99397,3.42,0.62,11.7,7,medium,red,92.313,0.07149588898638327,44.827586206896555,177.27272727272728,0.4141541666666667
7.0,0.55,0.13,2.2,0.075,15.0,35.0,0.9959,3.36,0.59,9.7,6,medium,red,76.533,0.0914638129957012,42.857142857142854,138.57142857142856,0.45268181818181813
6.1,0.53,0.08,1.9,0.077,24.0,45.0,0.99528,3.6,0.68,10.3,6,medium,red,81.26700000000001,0.07506121796054978,53.333333333333336,168.85245901639348,0.5238315789473684
5.4,0.58,0.08,1.9,0.059,20.0,31.0,0.99484,3.5,0.64,10.2,6,medium,red,80.47800000000001,0.06709908297919928,64.51612903225806,188.88888888888886,0.5236
6.2,0.64,0.09,2.5,0.081,15.0,26.0,0.99538,3.57,0.63,12.0,5,low,red,94.68,0.06548373468525559,57.692307692307686,193.54838709677418,0.398152
7.2,0.39,0.32,1.8,0.065,34.0,60.0,0.99714,3.46,0.78,9.9,5,low,red,78.111,0.09217651803203133,56.666666666666664,137.5,0.5539666666666667
6.2,0.52,0.08,4.4,0.071,11.0,32.0,0.99646,3.56,0.63,11.6,6,medium,red,91.524,0.06774179450198856,34.375,187.09677419354838,0.2264681818181818
7.4,0.25,0.29,2.2,0.054,19.0,49.0,0.99666,3.4,0.76,10.9,7,medium,red,86.001,0.08604551109870816,38.775510204081634,147.2972972972973,0.45302727272727267
6.7,0.855,0.02,1.9,0.064,29.0,38.0,0.99472,3.3,0.56,10.75,6,medium,red,84.81750000000001,0.07899313231349663,76.31578947368422,160.44776119402982,0.5235368421052632
11.1,0.44,0.42,2.2,0.064,14.0,19.0,0.99758,3.25,0.57,10.4,6,medium,red,82.056,0.1352734717753729,73.68421052631578,93.6936936936937,0.45344545454545454
8.4,0.37,0.43,2.3,0.063,12.0,19.0,0.9955,3.17,0.81,11.2,7,medium,red,88.36800000000001,0.09505703422053231,63.1578947368421,133.33333333333331,0.4328260869565218
6.5,0.63,0.33,1.8,0.059,16.0,28.0,0.99531,3.36,0.64,10.1,6,medium,red,79.68900000000001,0.08156709207042377,57.14285714285714,155.3846153846154,0.55295
7.0,0.57,0.02,2.0,0.072,17.0,26.0,0.99575,3.36,0.61,10.2,5,low,red,80.47800000000001,0.08698029275081388,65.38461538461539,145.7142857142857,0.497875
6.3,0.6,0.1,1.6,0.048,12.0,26.0,0.99306,3.55,0.51,12.1,5,low,red,95.46900000000001,0.06599000722747697,46.15384615384615,192.06349206349208,0.6206625
11.2,0.4,0.5,2.0,0.099,19.0,50.0,0.99783,3.1,0.58,10.4,5,low,red,82.056,0.13649215170127718,38.0,92.85714285714288,0.498915
7.4,0.36,0.3,1.8,0.074,17.0,24.0,0.99419,3.24,0.7,11.4,8,high,red,89.946,0.08227158517332622,70.83333333333334,154.05405405405406,0.5523277777777778
7.1,0.68,0.0,2.3,0.087,17.0,26.0,0.99783,3.45,0.53,9.5,5,low,red,74.955,0.09472350076712693,65.38461538461539,133.80281690140845,0.4338391304347826
7.1,0.67,0.0,2.3,0.083,18.0,27.0,0.99768,3.44,0.54,9.4,5,low,red,74.166,0.0957311975837985,66.66666666666666,132.3943661971831,0.4337739130434783
6.3,0.68,0.01,3.7,0.103,32.0,54.0,0.99586,3.51,0.66,11.3,6,medium,red,89.15700000000001,0.0706618661462364,59.25925925925925,179.36507936507937,0.2691513513513513
7.3,0.735,0.0,2.2,0.08,18.0,28.0,0.99765,3.41,0.6,9.4,5,low,red,74.166,0.09842785103686326,64.28571428571429,128.76712328767124,0.45347727272727273
6.6,0.855,0.02,2.4,0.062,15.0,23.0,0.99627,3.54,0.6,11.0,6,medium,red,86.79,0.07604562737642584,65.21739130434783,166.66666666666669,0.4151125
7.0,0.56,0.17,1.7,0.065,15.0,24.0,0.99514,3.44,0.68,10.55,7,medium,red,83.2395,0.08409469062163996,62.5,150.71428571428572,0.5853764705882353
6.6,0.88,0.04,2.2,0.066,12.0,20.0,0.99636,3.53,0.56,9.9,5,low,red,78.111,0.08449514152936205,60.0,150.00000000000003,0.45289090909090907
6.6,0.855,0.02,2.4,0.062,15.0,23.0,0.99627,3.54,0.6,11.0,6,medium,red,86.79,0.07604562737642584,65.21739130434783,166.66666666666669,0.4151125
6.9,0.63,0.33,6.7,0.235,66.0,115.0,0.99787,3.22,0.56,9.5,5,low,red,74.955,0.09205523313988394,57.391304347826086,137.68115942028984,0.1489358208955224
7.8,0.6,0.26,2.0,0.08,31.0,131.0,0.99622,3.21,0.52,9.9,5,low,red,78.111,0.0998578945347006,23.66412213740458,126.92307692307693,0.49811
7.8,0.6,0.26,2.0,0.08,31.0,131.0,0.99622,3.21,0.52,9.9,5,low,red,78.111,0.0998578945347006,23.66412213740458,126.92307692307693,0.49811
7.8,0.6,0.26,2.0,0.08,31.0,131.0,0.99622,3.21,0.52,9.9,5,low,red,78.111,0.0998578945347006,23.66412213740458,126.92307692307693,0.49811
7.2,0.695,0.13,2.0,0.076,12.0,20.0,0.99546,3.29,0.54,10.1,5,low,red,79.68900000000001,0.09035124044723863,60.0,140.27777777777777,0.49773
7.2,0.695,0.13,2.0,0.076,12.0,20.0,0.99546,3.29,0.54,10.1,5,low,red,79.68900000000001,0.09035124044723863,60.0,140.27777777777777,0.49773
7.2,0.695,0.13,2.0,0.076,12.0,20.0,0.99546,3.29,0.54,10.1,5,low,red,79.68900000000001,0.09035124044723863,60.0,140.27777777777777,0.49773
6.7,0.67,0.02,1.9,0.061,26.0,42.0,0.99489,3.39,0.82,10.9,6,medium,red,86.001,0.07790607085964117,61.904761904761905,162.6865671641791,0.5236263157894737
6.7,0.16,0.64,2.1,0.059,24.0,52.0,0.99494,3.34,0.71,11.2,6,medium,red,88.36800000000001,0.0758193011044722,46.15384615384615,167.1641791044776,0.47378095238095236
7.2,0.695,0.13,2.0,0.076,12.0,20.0,0.99546,3.29,0.54,10.1,5,low,red,79.68900000000001,0.09035124044723863,60.0,140.27777777777777,0.49773
7.0,0.56,0.13,1.6,0.077,25.0,42.0,0.99629,3.34,0.59,9.2,5,low,red,72.58800000000001,0.09643467239764147,59.523809523809526,131.42857142857142,0.62268125
6.2,0.51,0.14,1.9,0.056,15.0,34.0,0.99396,3.48,0.57,11.5,6,medium,red,90.735,0.06833085358461453,44.11764705882353,185.48387096774192,0.5231368421052631
6.4,0.36,0.53,2.2,0.23,19.0,35.0,0.9934,3.37,0.93,12.4,6,medium,red,97.836,0.06541559344208676,54.285714285714285,193.75,0.45154545454545447
6.4,0.38,0.14,2.2,0.038,15.0,25.0,0.99514,3.44,0.65,11.1,6,medium,red,87.57900000000001,0.07307687916052935,60.0,173.43749999999997,0.4523363636363636
7.3,0.69,0.32,2.2,0.069,35.0,104.0,0.99632,3.33,0.51,9.5,5,low,red,74.955,0.09739176839436996,33.65384615384615,130.13698630136986,0.4528727272727272
6.0,0.58,0.2,2.4,0.075,15.0,50.0,0.99467,3.58,0.67,12.5,6,medium,red,98.625,0.060836501901140684,30.0,208.33333333333334,0.41444583333333335
5.6,0.31,0.78,13.9,0.074,23.0,92.0,0.99677,3.39,0.48,10.5,6,medium,red,82.845,0.06759611322348964,25.0,187.50000000000003,0.07171007194244604
7.5,0.52,0.4,2.2,0.06,12.0,20.0,0.99474,3.26,0.64,11.8,6,medium,red,93.102,0.08055680866146807,60.0,157.33333333333334,0.4521545454545454
8.0,0.3,0.63,1.6,0.081,16.0,29.0,0.99588,3.3,0.78,10.8,6,medium,red,85.212,0.09388349058818006,55.172413793103445,135.0,0.622425
6.2,0.7,0.15,5.1,0.076,13.0,27.0,0.99622,3.54,0.6,11.9,6,medium,red,93.891,0.06603401817000565,48.148148148148145,191.93548387096774,0.1953372549019608
6.8,0.67,0.15,1.8,0.118,13.0,20.0,0.9954,3.42,0.67,11.3,6,medium,red,89.15700000000001,0.07626995076101707,65.0,166.1764705882353,0.5529999999999999
6.2,0.56,0.09,1.7,0.053,24.0,32.0,0.99402,3.54,0.6,11.3,5,low,red,89.15700000000001,0.06954024922328027,75.0,182.25806451612905,0.5847176470588236
7.4,0.35,0.33,2.4,0.068,9.0,26.0,0.9947,3.36,0.6,11.9,6,medium,red,93.891,0.07881479588032932,34.61538461538461,160.8108108108108,0.4144583333333334
6.2,0.56,0.09,1.7,0.053,24.0,32.0,0.99402,3.54,0.6,11.3,5,low,red,89.15700000000001,0.06954024922328027,75.0,182.25806451612905,0.5847176470588236
6.1,0.715,0.1,2.6,0.053,13.0,27.0,0.99362,3.57,0.5,11.9,5,low,red,93.891,0.064968953360812,48.148148148148145,195.08196721311478,0.38216153846153844
6.2,0.46,0.29,2.1,0.074,32.0,98.0,0.99578,3.33,0.62,9.8,5,low,red,77.322,0.08018416492072114,32.6530612244898,158.06451612903228,0.47418095238095237
6.7,0.32,0.44,2.4,0.061,24.0,34.0,0.99484,3.29,0.8,11.6,7,medium,red,91.524,0.0732048424456973,70.58823529411765,173.13432835820893,0.41451666666666664
7.2,0.39,0.44,2.6,0.066,22.0,48.0,0.99494,3.3,0.84,11.5,6,medium,red,90.735,0.07935195900148785,45.83333333333333,159.7222222222222,0.38266923076923076
7.5,0.31,0.41,2.4,0.065,34.0,60.0,0.99492,3.34,0.85,11.4,6,medium,red,89.946,0.08338336335134414,56.666666666666664,152.0,0.41455000000000003
5.8,0.61,0.11,1.8,0.066,18.0,28.0,0.99483,3.55,0.66,10.9,6,medium,red,86.001,0.06744107626655503,64.28571428571429,187.93103448275863,0.5526833333333333
7.2,0.66,0.33,2.5,0.068,34.0,102.0,0.99414,3.27,0.78,12.8,6,medium,red,100.992,0.07129277566539924,33.33333333333333,177.7777777777778,0.397656
6.6,0.725,0.2,7.8,0.073,29.0,79.0,0.9977,3.29,0.54,9.2,5,low,red,72.58800000000001,0.09092411968920482,36.708860759493675,139.39393939393938,0.1279102564102564
6.3,0.55,0.15,1.8,0.077,26.0,35.0,0.99314,3.32,0.82,11.6,6,medium,red,91.524,0.0688344040907303,74.28571428571429,184.12698412698413,0.5517444444444445
5.4,0.74,0.09,1.7,0.089,16.0,26.0,0.99402,3.67,0.56,11.6,6,medium,red,91.524,0.05900091779205455,61.53846153846154,214.81481481481478,0.5847176470588236
6.3,0.51,0.13,2.3,0.076,29.0,40.0,0.99574,3.42,0.75,11.0,6,medium,red,86.79,0.07258900795022467,72.5,174.6031746031746,0.43293043478260873
6.8,0.62,0.08,1.9,0.068,28.0,38.0,0.99651,3.42,0.82,9.5,6,medium,red,74.955,0.09072109932626242,73.68421052631578,139.7058823529412,0.524478947368421
6.2,0.6,0.08,2.0,0.09,32.0,44.0,0.9949,3.45,0.58,10.5,5,low,red,82.845,0.0748385539260064,72.72727272727273,169.35483870967744,0.49745
5.9,0.55,0.1,2.2,0.062,39.0,51.0,0.99512,3.52,0.76,11.2,6,medium,red,88.36800000000001,0.06676625022632626,76.47058823529412,189.83050847457625,0.4523272727272727
6.3,0.51,0.13,2.3,0.076,29.0,40.0,0.99574,3.42,0.75,11.0,6,medium,red,86.79,0.07258900795022467,72.5,174.6031746031746,0.43293043478260873
5.9,0.645,0.12,2.0,0.075,32.0,44.0,0.99547,3.57,0.71,10.2,5,low,red,80.47800000000001,0.07331196103282885,72.72727272727273,172.88135593220338,0.497735
6.0,0.31,0.47,3.6,0.067,18.0,42.0,0.99549,3.39,0.66,11.0,6,medium,red,86.79,0.0691323885240235,42.857142857142854,183.33333333333331,0.27652499999999997
