fixed_acidity,volatile_acidity,citric_acid,residual_sugar,chlorides,free_sulfur_dioxide,total_sulfur_dioxide,density,pH,sulphates,alcohol,quality,quality_label,wine_type,alcohol_g_per_L,acidity_to_alcohol_ratio,SO2_ratio,alc_acid_ratio,density_to_sugar_ratio,sugar_to_sulfur
7.0,0.27,0.36,20.7,0.045,45.0,170.0,1.001,3.0,0.45,8.8,6,medium,white,69.432,0.10081806659753427,26.47058823529412,125.71428571428574,0.04835748792270531,0.12176470588235294
6.3,0.3,0.34,1.6,0.049,14.0,132.0,0.994,3.3,0.49,9.5,6,medium,white,74.955,0.0840504302581549,10.606060606060606,150.79365079365078,0.62125,0.012121212121212121
8.1,0.28,0.4,6.9,0.05,30.0,97.0,0.9951,3.26,0.44,10.1,6,medium,white,79.68900000000001,0.10164514550314345,30.927835051546392,124.69135802469135,0.14421739130434783,0.0711340206185567
7.2,0.23,0.32,8.5,0.058,47.0,186.0,0.9956,3.19,0.4,9.9,6,medium,white,78.111,0.09217651803203133,25.268817204301076,137.5,0.11712941176470588,0.0456989247311828
7.2,0.23,0.32,8.5,0.058,47.0,186.0,0.9956,3.19,0.4,9.9,6,medium,white,78.111,0.09217651803203133,25.268817204301076,137.5,0.11712941176470588,0.0456989247311828
8.1,0.28,0.4,6.9,0.05,30.0,97.0,0.9951,3.26,0.44,10.1,6,medium,white,79.68900000000001,0.10164514550314345,30.927835051546392,124.69135802469135,0.14421739130434783,0.0711340206185567
6.2,0.32,0.16,7.0,0.045,30.0,136.0,0.9949,3.18,0.47,9.6,6,medium,white,75.744,0.0818546683565695,22.058823529411764,154.83870967741936,0.14212857142857144,0.051470588235294115
7.0,0.27,0.36,20.7,0.045,45.0,170.0,1.001,3.0,0.45,8.8,6,medium,white,69.432,0.10081806659753427,26.47058823529412,125.71428571428574,0.04835748792270531,0.12176470588235294
6.3,0.3,0.34,1.6,0.049,14.0,132.0,0.994,3.3,0.49,9.5,6,medium,white,74.955,0.0840504302581549,10.606060606060606,150.79365079365078,0.62125,0.012121212121212121
8.1,0.22,0.43,1.5,0.044,28.0,129.0,0.9938,3.22,0.45,11.0,6,medium,white,86.79,0.09332872450743172,21.705426356589147,135.80246913580248,0.6625333333333333,0.011627906976744186
8.1,0.27,0.41,1.45,0.033,11.0,63.0,0.9908,2.99,0.56,12.0,5,low,white,94.68,0.08555133079847908,17.46031746031746,148.14814814814815,0.6833103448275862,0.023015873015873014
8.6,0.23,0.4,4.2,0.035,17.0,109.0,0.9947,3.14,0.53,9.7,5,low,white,76.533,0.11236982739471861,15.59633027522936,112.79069767441861,0.23683333333333334,0.03853211009174312
7.9,0.18,0.37,1.2,0.04,16.0,75.0,0.992,3.18,0.63,10.8,5,low,white,85.212,0.09270994695582782,21.333333333333336,136.70886075949366,0.8266666666666667,0.016
6.6,0.16,0.4,1.5,0.044,48.0,143.0,0.9912,3.54,0.52,12.4,7,medium,white,97.836,0.06745983073715196,33.56643356643357,187.87878787878788,0.6607999999999999,0.01048951048951049
8.3,0.42,0.62,19.25,0.04,41.0,172.0,1.0002,2.98,0.67,9.7,5,low,white,76.533,0.10844994969490286,23.837209302325583,116.86746987951805,0.05195844155844156,0.1119186046511628
6.6,0.17,0.38,1.5,0.032,28.0,112.0,0.9914,3.25,0.55,11.4,7,medium,white,89.946,0.07337735974918284,25.0,172.72727272727275,0.6609333333333333,0.013392857142857142
6.3,0.48,0.04,1.1,0.046,30.0,99.0,0.9928,3.24,0.36,9.6,6,medium,white,75.744,0.08317490494296578,30.303030303030305,152.38095238095238,0.9025454545454545,0.011111111111111112
6.2,0.66,0.48,1.2,0.029,29.0,75.0,0.9892,3.33,0.39,12.8,8,high,white,100.992,0.06139100126742712,38.666666666666664,206.4516129032258,0.8243333333333334,0.016
7.4,0.34,0.42,1.1,0.033,17.0,171.0,0.9917,3.12,0.53,11.3,6,medium,white,89.15700000000001,0.08299965229875388,9.941520467836257,152.7027027027027,0.9015454545454545,0.006432748538011696
6.5,0.31,0.14,7.5,0.044,34.0,133.0,0.9955,3.22,0.5,9.5,5,low,white,74.955,0.0867186978853979,25.563909774436087,146.15384615384613,0.13273333333333334,0.05639097744360902
6.2,0.66,0.48,1.2,0.029,29.0,75.0,0.9892,3.33,0.39,12.8,8,high,white,100.992,0.06139100126742712,38.666666666666664,206.4516129032258,0.8243333333333334,0.016
6.4,0.31,0.38,2.9,0.038,19.0,102.0,0.9912,3.17,0.35,11.0,7,medium,white,86.79,0.07374121442562508,18.627450980392158,171.875,0.34179310344827585,0.028431372549019607
6.8,0.26,0.42,1.7,0.049,41.0,122.0,0.993,3.47,0.48,10.5,8,high,white,82.845,0.08208099462852314,33.60655737704918,154.41176470588235,0.5841176470588235,0.013934426229508197
7.6,0.67,0.14,1.5,0.074,25.0,168.0,0.9937,3.05,0.51,9.3,5,low,white,73.37700000000001,0.10357468961663735,14.880952380952381,122.36842105263159,0.6624666666666666,0.008928571428571428
6.6,0.27,0.41,1.3,0.052,16.0,142.0,0.9951,3.42,0.47,10.0,6,medium,white,78.9,0.08365019011406843,11.267605633802818,151.5151515151515,0.7654615384615384,0.009154929577464789
7.0,0.25,0.32,9.0,0.046,56.0,245.0,0.9955,3.25,0.5,10.4,6,medium,white,82.056,0.08530759481329823,22.857142857142858,148.57142857142858,0.11061111111111112,0.036734693877551024
6.9,0.24,0.35,1.0,0.052,35.0,146.0,0.993,3.45,0.44,10.0,6,medium,white,78.9,0.08745247148288973,23.972602739726025,144.92753623188406,0.993,0.00684931506849315
7.0,0.28,0.39,8.7,0.051,32.0,141.0,0.9961,3.38,0.53,10.5,6,medium,white,82.845,0.08449514152936206,22.69503546099291,150.0,0.11449425287356323,0.06170212765957446
7.4,0.27,0.48,1.1,0.047,17.0,132.0,0.9914,3.19,0.49,11.6,6,medium,white,91.524,0.08085310956688956,12.878787878787879,156.75675675675674,0.9012727272727271,0.008333333333333333
7.2,0.32,0.36,2.0,0.033,37.0,114.0,0.9906,3.1,0.71,12.3,7,medium,white,97.04700000000001,0.07419085597700083,32.45614035087719,170.83333333333334,0.4953,0.017543859649122806
8.5,0.24,0.39,10.4,0.044,20.0,142.0,0.9974,3.2,0.53,10.0,6,medium,white,78.9,0.10773130544993662,14.084507042253522,117.64705882352942,0.09590384615384615,0.07323943661971831
8.3,0.14,0.34,1.1,0.042,7.0,47.0,0.9934,3.47,0.4,10.2,6,medium,white,80.47800000000001,0.10313377569025076,14.893617021276595,122.89156626506022,0.9030909090909089,0.02340425531914894
7.4,0.25,0.36,2.05,0.05,31.0,100.0,0.992,3.19,0.44,10.8,6,medium,white,85.212,0.08684222879406657,31.0,145.94594594594594,0.4839024390243903,0.020499999999999997
6.2,0.12,0.34,1.5,0.045,43.0,117.0,0.9939,3.42,0.51,9.0,6,medium,white,71.01,0.08731164624700746,36.75213675213676,145.16129032258064,0.6626,0.01282051282051282
5.8,0.27,0.2,14.95,0.044,22.0,179.0,0.9962,3.37,0.37,10.2,5,low,white,80.47800000000001,0.07206938542210292,12.290502793296088,175.86206896551724,0.06663545150501672,0.0835195530726257
7.3,0.28,0.43,1.7,0.08,21.0,123.0,0.9905,3.19,0.42,12.8,5,low,white,100.992,0.07228295310519645,17.073170731707318,175.34246575342468,0.5826470588235294,0.013821138211382113
6.5,0.39,0.23,5.4,0.051,25.0,149.0,0.9934,3.24,0.35,10.0,5,low,white,78.9,0.082382762991128,16.778523489932887,153.84615384615387,0.18396296296296294,0.036241610738255034
7.0,0.33,0.32,1.2,0.053,38.0,138.0,0.9906,3.13,0.28,11.2,6,medium,white,88.36800000000001,0.07921419518377693,27.536231884057973,160.0,0.8255,0.008695652173913044
7.3,0.24,0.39,17.95,0.057,45.0,149.0,0.9999,3.21,0.36,8.6,5,low,white,67.854,0.10758393020308309,30.201342281879196,117.8082191780822,0.05570473537604457,0.12046979865771812
7.3,0.24,0.39,17.95,0.057,45.0,149.0,0.9999,3.21,0.36,8.6,5,low,white,67.854,0.10758393020308309,30.201342281879196,117.8082191780822,0.05570473537604457,0.12046979865771812
6.7,0.23,0.39,2.5,0.172,63.0,158.0,0.9937,3.11,0.36,9.4,6,medium,white,74.166,0.09033789067766902,39.87341772151899,140.2985074626866,0.39748,0.015822784810126583
6.7,0.24,0.39,2.9,0.173,63.0,157.0,0.9937,3.1,0.34,9.4,6,medium,white,74.166,0.09033789067766902,40.12738853503185,140.2985074626866,0.3426551724137931,0.018471337579617834
7.0,0.31,0.26,7.4,0.069,28.0,160.0,0.9954,3.13,0.46,9.8,6,medium,white,77.322,0.09053050878145935,17.5,140.0,0.1345135135135135,0.04625
6.6,0.24,0.27,1.4,0.057,33.0,152.0,0.9934,3.22,0.56,9.5,6,medium,white,74.955,0.08805283169901941,21.710526315789476,143.93939393939394,0.7095714285714286,0.009210526315789473
6.7,0.23,0.26,1.4,0.06,33.0,154.0,0.9934,3.24,0.56,9.5,6,medium,white,74.955,0.08938696551264093,21.428571428571427,141.79104477611938,0.7095714285714286,0.00909090909090909
7.4,0.18,0.31,1.4,0.058,38.0,167.0,0.9931,3.16,0.53,10.0,7,medium,white,78.9,0.09378960709759189,22.75449101796407,135.13513513513513,0.7093571428571429,0.008383233532934131
6.2,0.45,0.26,4.4,0.063,63.0,206.0,0.994,3.27,0.52,9.8,4,low,white,77.322,0.08018416492072114,30.582524271844658,158.06451612903228,0.2259090909090909,0.021359223300970877
6.2,0.46,0.25,4.4,0.066,62.0,207.0,0.9939,3.25,0.52,9.8,5,low,white,77.322,0.08018416492072114,29.951690821256037,158.06451612903228,0.2258863636363636,0.021256038647342997
7.0,0.31,0.26,7.4,0.069,28.0,160.0,0.9954,3.13,0.46,9.8,6,medium,white,77.322,0.09053050878145935,17.5,140.0,0.1345135135135135,0.04625
6.9,0.19,0.35,5.0,0.067,32.0,150.0,0.995,3.36,0.48,9.8,5,low,white,77.322,0.08923721579886708,21.333333333333336,142.02898550724638,0.199,0.03333333333333333
7.2,0.19,0.31,1.6,0.062,31.0,173.0,0.9917,3.35,0.44,11.7,6,medium,white,92.313,0.07799551525787267,17.91907514450867,162.49999999999997,0.6198125,0.009248554913294798
6.6,0.25,0.29,1.1,0.068,39.0,124.0,0.9914,3.34,0.58,11.0,7,medium,white,86.79,0.07604562737642584,31.451612903225808,166.66666666666669,0.9012727272727271,0.008870967741935484
6.2,0.16,0.33,1.1,0.057,21.0,82.0,0.991,3.32,0.46,10.9,7,medium,white,86.001,0.07209218497459331,25.609756097560975,175.80645161290323,0.9009090909090909,0.013414634146341465
6.4,0.18,0.35,1.0,0.045,39.0,108.0,0.9911,3.31,0.35,10.9,6,medium,white,86.001,0.07441773932861245,36.11111111111111,170.3125,0.9911,0.009259259259259259
6.8,0.2,0.59,0.9,0.147,38.0,132.0,0.993,3.05,0.38,9.1,6,medium,white,71.799,0.09470883995598824,28.78787878787879,133.8235294117647,1.1033333333333333,0.006818181818181819
6.9,0.25,0.35,1.3,0.039,29.0,191.0,0.9908,3.13,0.52,11.0,6,medium,white,86.79,0.07950224680262703,15.18324607329843,159.42028985507247,0.7621538461538462,0.00680628272251309
7.2,0.21,0.34,11.9,0.043,37.0,213.0,0.9962,3.09,0.5,9.6,6,medium,white,75.744,0.09505703422053233,17.370892018779344,133.33333333333331,0.08371428571428571,0.05586854460093897
6.0,0.19,0.26,12.4,0.048,50.0,147.0,0.9972,3.3,0.36,8.9,6,medium,white,70.221,0.08544452514205152,34.01360544217687,148.33333333333334,0.08041935483870967,0.08435374149659865
6.6,0.38,0.15,4.6,0.044,25.0,78.0,0.9931,3.11,0.38,10.2,6,medium,white,80.47800000000001,0.08200999030791023,32.05128205128205,154.54545454545453,0.2158913043478261,0.05897435897435897
7.4,0.2,0.36,1.2,0.038,44.0,111.0,0.9926,3.36,0.34,9.9,6,medium,white,78.111,0.09473697686625443,39.63963963963964,133.78378378378378,0.8271666666666667,0.01081081081081081
6.8,0.22,0.24,4.9,0.092,30.0,123.0,0.9951,3.03,0.46,8.6,6,medium,white,67.854,0.10021516786040617,24.390243902439025,126.47058823529412,0.2030816326530612,0.03983739837398374
6.0,0.19,0.26,12.4,0.048,50.0,147.0,0.9972,3.3,0.36,8.9,6,medium,white,70.221,0.08544452514205152,34.01360544217687,148.33333333333334,0.08041935483870967,0.08435374149659865
7.0,0.47,0.07,1.1,0.035,17.0,151.0,0.991,3.02,0.34,10.5,5,low,white,82.845,0.08449514152936206,11.258278145695364,150.0,0.9009090909090909,0.00728476821192053
6.6,0.38,0.15,4.6,0.044,25.0,78.0,0.9931,3.11,0.38,10.2,6,medium,white,80.47800000000001,0.08200999030791023,32.05128205128205,154.54545454545453,0.2158913043478261,0.05897435897435897
7.2,0.24,0.27,1.4,0.038,31.0,122.0,0.9927,3.15,0.46,10.3,6,medium,white,81.26700000000001,0.08859684742884565,25.40983606557377,143.05555555555557,0.7090714285714287,0.011475409836065573
6.2,0.35,0.03,1.2,0.064,29.0,120.0,0.9934,3.22,0.54,9.1,5,low,white,71.799,0.08635217760693045,24.166666666666668,146.77419354838707,0.8278333333333333,0.01
6.4,0.26,0.24,6.4,0.04,27.0,124.0,0.9903,3.22,0.49,12.6,7,medium,white,99.414,0.06437725068903777,21.774193548387096,196.87499999999997,0.15473437499999998,0.05161290322580645
6.7,0.25,0.13,1.2,0.041,81.0,174.0,0.992,3.14,0.42,9.8,5,low,white,77.322,0.08665062983368252,46.55172413793103,146.26865671641792,0.8266666666666667,0.006896551724137931
6.7,0.23,0.31,2.1,0.046,30.0,96.0,0.9926,3.33,0.64,10.7,8,high,white,84.423,0.0793622591000083,31.25,159.7014925373134,0.4726666666666667,0.021875000000000002
7.4,0.24,0.29,10.1,0.05,21.0,105.0,0.9962,3.13,0.35,9.5,5,low,white,74.955,0.09872590220799146,20.0,128.3783783783784,0.09863366336633664,0.09619047619047619
6.2,0.27,0.43,7.8,0.056,48.0,244.0,0.9956,3.1,0.51,9.0,6,medium,white,71.01,0.08731164624700746,19.672131147540984,145.16129032258064,0.12764102564102564,0.031967213114754096
6.8,0.3,0.23,4.6,0.061,50.5,238.5,0.9958,3.32,0.6,9.5,5,low,white,74.955,0.09072109932626242,21.17400419287212,139.7058823529412,0.21647826086956523,0.019287211740041926
6.0,0.27,0.28,4.8,0.063,31.0,201.0,0.9964,3.69,0.71,10.0,5,low,white,78.9,0.07604562737642585,15.422885572139302,166.66666666666669,0.20758333333333334,0.023880597014925373
8.6,0.23,0.46,1.0,0.054,9.0,72.0,0.9941,2.95,0.49,9.1,6,medium,white,71.799,0.11977882700316159,12.5,105.8139534883721,0.9941,0.013888888888888888
6.7,0.23,0.31,2.1,0.046,30.0,96.0,0.9926,3.33,0.64,10.7,8,high,white,84.423,0.0793622591000083,31.25,159.7014925373134,0.4726666666666667,0.021875000000000002
7.4,0.24,0.29,10.1,0.05,21.0,105.0,0.9962,3.13,0.35,9.5,5,low,white,74.955,0.09872590220799146,20.0,128.3783783783784,0.09863366336633664,0.09619047619047619
7.1,0.18,0.36,1.4,0.043,31.0,87.0,0.9898,3.26,0.37,12.7,7,medium,white,100.203,0.07085616199115795,35.63218390804598,178.8732394366197,0.7070000000000001,0.016091954022988506
7.0,0.32,0.34,1.3,0.042,20.0,69.0,0.9912,3.31,0.65,12.0,7,medium,white,94.68,0.0739332488381918,28.985507246376812,171.42857142857142,0.7624615384615384,0.01884057971014493
7.4,0.18,0.3,8.8,0.064,26.0,103.0,0.9961,2.94,0.56,9.3,5,low,white,73.37700000000001,0.10084903988988374,25.24271844660194,125.67567567567568,0.1131931818181818,0.08543689320388351
6.7,0.54,0.28,5.4,0.06,21.0,105.0,0.9949,3.27,0.37,9.0,5,low,white,71.01,0.09435290804112097,20.0,134.32835820895522,0.18424074074074073,0.051428571428571435
6.8,0.22,0.31,1.4,0.053,34.0,114.0,0.9929,3.39,0.77,10.6,6,medium,white,83.634,0.08130664562259368,29.82456140350877,155.88235294117646,0.7092142857142858,0.012280701754385965
7.1,0.2,0.34,16.0,0.05,51.0,166.0,0.9985,3.21,0.6,9.2,6,medium,white,72.58800000000001,0.09781231057475064,30.72289156626506,129.5774647887324,0.06240625,0.0963855421686747
7.1,0.34,0.2,6.1,0.063,47.0,164.0,0.9946,3.17,0.42,10.0,5,low,white,78.9,0.08998732572877058,28.65853658536585,140.84507042253523,0.16304918032786886,0.03719512195121951
7.3,0.22,0.3,8.2,0.047,42.0,207.0,0.9966,3.33,0.46,9.5,6,medium,white,74.955,0.09739176839436996,20.28985507246377,130.13698630136986,0.12153658536585367,0.0396135265700483
7.1,0.43,0.61,11.8,0.045,54.0,155.0,0.9974,3.11,0.45,8.7,5,low,white,68.643,0.10343370773421907,34.83870967741935,122.53521126760563,0.08452542372881355,0.07612903225806453
7.1,0.44,0.62,11.8,0.044,52.0,152.0,0.9975,3.12,0.46,8.7,6,medium,white,68.643,0.10343370773421907,34.21052631578947,122.53521126760563,0.08453389830508475,0.07763157894736843
7.2,0.39,0.63,11.0,0.044,55.0,156.0,0.9974,3.09,0.44,8.7,6,medium,white,68.643,0.10489052051920808,35.256410256410255,120.83333333333333,0.09067272727272727,0.07051282051282051
6.8,0.25,0.31,13.3,0.05,69.0,202.0,0.9972,3.22,0.48,9.7,6,medium,white,76.533,0.08885056119582402,34.15841584158416,142.64705882352942,0.07497744360902255,0.06584158415841584
7.1,0.43,0.61,11.8,0.045,54.0,155.0,0.9974,3.11,0.45,8.7,5,low,white,68.643,0.10343370773421907,34.83870967741935,122.53521126760563,0.08452542372881355,0.07612903225806453
7.1,0.44,0.62,11.8,0.044,52.0,152.0,0.9975,3.12,0.46,8.7,6,medium,white,68.643,0.10343370773421907,34.21052631578947,122.53521126760563,0.08453389830508475,0.07763157894736843
7.2,0.39,0.63,11.0,0.044,55.0,156.0,0.9974,3.09,0.44,8.7,6,medium,white,68.643,0.10489052051920808,35.256410256410255,120.83333333333333,0.09067272727272727,0.07051282051282051
6.1,0.27,0.43,7.5,0.049,65.0,243.0,0.9957,3.12,0.47,9.0,5,low,white,71.01,0.08590339388818476,26.74897119341564,147.54098360655738,0.13276000000000002,0.030864197530864196
6.9,0.24,0.33,1.7,0.035,47.0,136.0,0.99,3.26,0.4,12.6,7,medium,white,99.414,0.06940672339911884,34.55882352941176,182.6086956521739,0.5823529411764706,0.012499999999999999
6.9,0.21,0.33,1.8,0.034,48.0,136.0,0.9899,3.25,0.41,12.6,7,medium,white,99.414,0.06940672339911884,35.294117647058826,182.6086956521739,0.5499444444444445,0.013235294117647059
7.5,0.17,0.32,1.7,0.04,51.0,148.0,0.9916,3.21,0.44,11.5,7,medium,white,90.735,0.08265829062654985,34.45945945945946,153.33333333333334,0.5832941176470589,0.011486486486486485
7.1,0.26,0.29,12.4,0.044,62.0,240.0,0.9969,3.04,0.42,9.2,6,medium,white,72.58800000000001,0.09781231057475064,25.833333333333336,129.5774647887324,0.08039516129032258,0.051666666666666666
6.0,0.34,0.66,15.9,0.046,26.0,164.0,0.9979,3.14,0.5,8.8,6,medium,white,69.432,0.08641548565502938,15.853658536585366,146.66666666666669,0.06276100628930817,0.09695121951219512
8.6,0.265,0.36,1.2,0.034,15.0,80.0,0.9913,2.95,0.36,11.4,7,medium,white,89.946,0.09561292330954128,18.75,132.55813953488374,0.8260833333333333,0.015
9.8,0.36,0.46,10.5,0.038,4.0,83.0,0.9956,2.89,0.3,10.1,4,low,white,79.68900000000001,0.12297807727540815,4.819277108433735,103.0612244897959,0.09481904761904762,0.12650602409638553
6.0,0.34,0.66,15.9,0.046,26.0,164.0,0.9979,3.14,0.5,8.8,6,medium,white,69.432,0.08641548565502938,15.853658536585366,146.66666666666669,0.06276100628930817,0.09695121951219512
7.4,0.25,0.37,13.5,0.06,52.0,192.0,0.9975,3.0,0.44,9.1,5,low,white,71.799,0.10306550230504603,27.083333333333332,122.97297297297295,0.07388888888888889,0.0703125
7.1,0.12,0.32,9.6,0.054,64.0,162.0,0.9962,3.4,0.41,9.4,5,low,white,74.166,0.0957311975837985,39.50617283950617,132.3943661971831,0.10377083333333334,0.059259259259259255
6.0,0.21,0.24,12.1,0.05,55.0,164.0,0.997,3.34,0.39,9.4,5,low,white,74.166,0.0808996035919424,33.53658536585366,156.66666666666666,0.08239669421487604,0.07378048780487804
7.5,0.305,0.4,18.9,0.059,44.0,170.0,1.0,2.99,0.46,9.0,5,low,white,71.01,0.10561892691170258,25.882352941176475,120.0,0.052910052910052914,0.11117647058823528
7.4,0.25,0.37,13.5,0.06,52.0,192.0,0.9975,3.0,0.44,9.1,5,low,white,71.799,0.10306550230504603,27.083333333333332,122.97297297297295,0.07388888888888889,0.0703125
7.3,0.13,0.32,14.4,0.051,34.0,109.0,0.9974,3.2,0.35,9.2,6,medium,white,72.58800000000001,0.10056758692896896,31.19266055045872,126.02739726027397,0.06926388888888889,0.13211009174311927
7.1,0.12,0.32,9.6,0.054,64.0,162.0,0.9962,3.4,0.41,9.4,5,low,white,74.166,0.0957311975837985,39.50617283950617,132.3943661971831,0.10377083333333334,0.059259259259259255
7.1,0.23,0.35,16.5,0.04,60.0,171.0,0.999,3.16,0.59,9.1,6,medium,white,71.799,0.09888717113051712,35.08771929824561,128.16901408450704,0.06054545454545455,0.09649122807017543
7.1,0.23,0.35,16.5,0.04,60.0,171.0,0.999,3.16,0.59,9.1,6,medium,white,71.799,0.09888717113051712,35.08771929824561,128.16901408450704,0.06054545454545455,0.09649122807017543
6.9,0.33,0.28,1.3,0.051,37.0,187.0,0.9927,3.27,0.6,10.3,5,low,white,81.26700000000001,0.08490531211931042,19.786096256684495,149.27536231884056,0.7636153846153846,0.006951871657754011
6.5,0.17,0.54,8.5,0.082,64.0,163.0,0.9959,2.89,0.39,8.8,6,medium,white,69.432,0.09361677612628183,39.263803680981596,135.3846153846154,0.11716470588235295,0.05214723926380368
7.2,0.27,0.46,18.75,0.052,45.0,255.0,1.0,3.04,0.52,8.9,5,low,white,70.221,0.10253343017046182,17.647058823529413,123.61111111111111,0.05333333333333334,0.07352941176470588
7.2,0.31,0.5,13.3,0.056,68.0,195.0,0.9982,3.01,0.47,9.2,5,low,white,72.58800000000001,0.0991899487518598,34.87179487179487,127.77777777777777,0.07505263157894736,0.06820512820512821
6.7,0.41,0.34,9.2,0.049,29.0,150.0,0.9968,3.22,0.51,9.1,5,low,white,71.799,0.09331606289781194,19.333333333333332,135.82089552238804,0.10834782608695653,0.06133333333333333
6.7,0.41,0.34,9.2,0.049,29.0,150.0,0.9968,3.22,0.51,9.1,5,low,white,71.799,0.09331606289781194,19.333333333333332,135.82089552238804,0.10834782608695653,0.06133333333333333
5.5,0.485,0.0,1.5,0.065,8.0,103.0,0.994,3.63,0.4,9.7,4,low,white,76.533,0.07186442449662236,7.766990291262135,176.36363636363635,0.6626666666666666,0.014563106796116505
6.0,0.31,0.24,3.3,0.041,25.0,143.0,0.9914,3.31,0.44,11.3,6,medium,white,89.15700000000001,0.067297015377368,17.482517482517483,188.33333333333334,0.3004242424242424,0.023076923076923075
7.0,0.14,0.4,1.7,0.035,16.0,85.0,0.9911,3.19,0.42,11.8,6,medium,white,93.102,0.07518635475070352,18.823529411764707,168.57142857142858,0.583,0.02
7.2,0.31,0.5,13.3,0.056,68.0,195.0,0.9982,3.01,0.47,9.2,5,low,white,72.58800000000001,0.0991899487518598,34.87179487179487,127.77777777777777,0.07505263157894736,0.06820512820512821
7.3,0.32,0.48,13.3,0.06,57.0,196.0,0.9982,3.04,0.5,9.2,5,low,white,72.58800000000001,0.10056758692896896,29.081632653061224,126.02739726027397,0.07505263157894736,0.06785714285714287
5.9,0.36,0.04,5.7,0.046,21.0,87.0,0.9934,3.22,0.51,10.2,5,low,white,80.47800000000001,0.07331196103282885,24.137931034482758,172.88135593220338,0.17428070175438595,0.06551724137931035
7.8,0.24,0.32,12.2,0.054,42.0,138.0,0.9984,3.01,0.54,8.8,5,low,white,69.432,0.11234013135153818,30.434782608695656,112.82051282051285,0.08183606557377049,0.08840579710144927
7.4,0.16,0.31,6.85,0.059,31.0,131.0,0.9952,3.29,0.34,9.7,5,low,white,76.533,0.09669031659545556,23.66412213740458,131.08108108108107,0.14528467153284672,0.05229007633587786
6.9,0.19,0.28,5.0,0.058,14.0,146.0,0.9952,3.29,0.36,9.1,6,medium,white,71.799,0.09610161701416454,9.58904109589041,131.88405797101447,0.19904,0.03424657534246575
6.4,0.13,0.47,1.6,0.092,40.0,158.0,0.9928,3.21,0.36,9.8,6,medium,white,77.322,0.0827707508859057,25.31645569620253,153.125,0.6204999999999999,0.010126582278481013
6.7,0.19,0.36,1.1,0.026,63.0,143.0,0.9912,3.27,0.48,11.0,6,medium,white,86.79,0.07719783385182624,44.05594405594406,164.17910447761193,0.9010909090909089,0.007692307692307693
7.4,0.39,0.23,7.0,0.033,29.0,126.0,0.994,3.14,0.42,10.5,5,low,white,82.845,0.0893234353310399,23.015873015873016,141.89189189189187,0.142,0.05555555555555555
6.5,0.24,0.32,7.6,0.038,48.0,203.0,0.9958,3.45,0.54,9.7,7,medium,white,76.533,0.08493068349600826,23.645320197044335,149.2307692307692,0.13102631578947369,0.0374384236453202
6.1,0.3,0.56,2.8,0.044,47.0,179.0,0.9924,3.3,0.57,10.9,7,medium,white,86.001,0.07092940779758374,26.256983240223462,178.68852459016395,0.3544285714285714,0.015642458100558657
6.1,0.3,0.56,2.7,0.046,46.0,184.0,0.9924,3.31,0.57,10.9,6,medium,white,86.001,0.07092940779758374,25.0,178.68852459016395,0.3675555555555555,0.014673913043478261
5.7,0.26,0.25,10.4,0.02,7.0,57.0,0.994,3.39,0.37,10.6,5,low,white,83.634,0.06815410000717412,12.280701754385964,185.96491228070172,0.09557692307692307,0.1824561403508772
6.5,0.24,0.32,7.6,0.038,48.0,203.0,0.9958,3.45,0.54,9.7,7,medium,white,76.533,0.08493068349600826,23.645320197044335,149.2307692307692,0.13102631578947369,0.0374384236453202
6.5,0.425,0.4,13.1,0.038,59.0,241.0,0.9979,3.23,0.57,9.0,5,low,white,71.01,0.09153640332347555,24.481327800829874,138.46153846153845,0.07617557251908397,0.05435684647302905
6.6,0.24,0.27,15.8,0.035,46.0,188.0,0.9982,3.24,0.51,9.2,5,low,white,72.58800000000001,0.09092411968920482,24.46808510638298,139.39393939393938,0.06317721518987342,0.08404255319148937
6.8,0.27,0.22,8.1,0.034,55.0,203.0,0.9961,3.19,0.52,8.9,5,low,white,70.221,0.09683712849432505,27.093596059113302,130.88235294117646,0.12297530864197531,0.039901477832512314
6.7,0.27,0.31,15.7,0.036,44.0,179.0,0.9979,3.26,0.56,9.6,5,low,white,75.744,0.08845585128855091,24.581005586592177,143.28358208955223,0.06356050955414014,0.0877094972067039
8.2,0.23,0.4,1.2,0.027,36.0,121.0,0.992,3.12,0.38,10.7,6,medium,white,84.423,0.09712992904777133,29.75206611570248,130.4878048780488,0.8266666666666667,0.009917355371900825
7.1,0.37,0.67,10.5,0.045,49.0,155.0,0.9975,3.16,0.44,8.7,5,low,white,68.643,0.10343370773421907,31.61290322580645,122.53521126760563,0.095,0.06774193548387097
6.8,0.19,0.36,1.9,0.035,30.0,96.0,0.9917,3.15,0.54,10.8,7,medium,white,85.212,0.07980096699995305,31.25,158.82352941176472,0.5219473684210527,0.019791666666666666
8.1,0.28,0.39,1.9,0.029,18.0,79.0,0.9923,3.23,0.52,11.8,6,medium,white,93.102,0.08700135335438551,22.78481012658228,145.67901234567904,0.5222631578947369,0.024050632911392405
6.3,0.31,0.34,2.2,0.045,20.0,77.0,0.9927,3.3,0.43,10.2,5,low,white,80.47800000000001,0.07828226347573249,25.97402597402597,161.9047619047619,0.4512272727272727,0.028571428571428574
7.1,0.37,0.67,10.5,0.045,49.0,155.0,0.9975,3.16,0.44,8.7,5,low,white,68.643,0.10343370773421907,31.61290322580645,122.53521126760563,0.095,0.06774193548387097
7.9,0.21,0.4,1.2,0.039,38.0,107.0,0.992,3.21,0.54,10.8,6,medium,white,85.212,0.09270994695582782,35.51401869158878,136.70886075949366,0.8266666666666667,0.011214953271028037
8.5,0.21,0.41,4.3,0.036,24.0,99.0,0.9947,3.18,0.53,9.7,6,medium,white,76.533,0.11106320149478002,24.242424242424242,114.11764705882352,0.23132558139534887,0.04343434343434343
8.1,0.2,0.4,2.0,0.037,19.0,87.0,0.9921,3.12,0.54,11.2,6,medium,white,88.36800000000001,0.09166214014122757,21.839080459770116,138.2716049382716,0.49605,0.022988505747126436
6.3,0.255,0.37,1.1,0.04,37.0,114.0,0.9905,3.0,0.39,10.9,6,medium,white,86.001,0.07325496215160288,32.45614035087719,173.015873015873,0.9004545454545454,0.009649122807017544
5.6,0.16,0.27,1.4,0.044,53.0,168.0,0.9918,3.28,0.37,10.1,6,medium,white,79.68900000000001,0.07027318701451893,31.547619047619047,180.35714285714286,0.7084285714285715,0.008333333333333333
6.4,0.595,0.14,5.2,0.058,15.0,97.0,0.9951,3.38,0.36,9.0,4,low,white,71.01,0.09012815096465286,15.463917525773196,140.625,0.1913653846153846,0.053608247422680416
6.3,0.34,0.33,4.6,0.034,19.0,80.0,0.9917,3.38,0.58,12.0,7,medium,white,94.68,0.06653992395437262,23.75,190.47619047619048,0.21558695652173915,0.057499999999999996
6.9,0.25,0.3,4.1,0.054,23.0,116.0,0.994,2.99,0.38,9.4,6,medium,white,74.166,0.09303454413073377,19.82758620689655,136.23188405797103,0.24243902439024392,0.03534482758620689
7.9,0.22,0.38,8.0,0.043,46.0,152.0,0.9934,3.12,0.32,11.5,7,medium,white,90.735,0.08706673279329917,30.263157894736842,145.56962025316454,0.124175,0.05263157894736842
7.6,0.18,0.46,10.2,0.055,58.0,135.0,0.9968,3.14,0.43,9.9,6,medium,white,78.111,0.09729743570047751,42.96296296296296,130.26315789473685,0.09772549019607844,0.07555555555555556
6.9,0.25,0.3,4.1,0.054,23.0,116.0,0.994,2.99,0.38,9.4,6,medium,white,74.166,0.09303454413073377,19.82758620689655,136.23188405797103,0.24243902439024392,0.03534482758620689
7.2,0.18,0.41,1.2,0.048,41.0,97.0,0.9919,3.14,0.45,10.4,5,low,white,82.056,0.08774495466510676,42.2680412371134,144.44444444444443,0.8265833333333333,0.012371134020618556
8.2,0.23,0.4,7.5,0.049,12.0,76.0,0.9966,3.06,0.84,9.7,6,medium,white,76.533,0.10714332379496425,15.789473684210526,118.29268292682926,0.13288,0.09868421052631579
7.4,0.24,0.42,14.0,0.066,48.0,198.0,0.9979,2.89,0.42,8.9,6,medium,white,70.221,0.1053815810085302,24.242424242424242,120.27027027027026,0.07127857142857143,0.0707070707070707
7.4,0.24,0.42,14.0,0.066,48.0,198.0,0.9979,2.89,0.42,8.9,6,medium,white,70.221,0.1053815810085302,24.242424242424242,120.27027027027026,0.07127857142857143,0.0707070707070707
6.1,0.32,0.24,1.5,0.036,38.0,124.0,0.9898,3.29,0.42,12.4,7,medium,white,97.836,0.06234923749948894,30.64516129032258,203.27868852459017,0.6598666666666667,0.012096774193548387
5.2,0.44,0.04,1.4,0.036,43.0,119.0,0.9894,3.36,0.33,12.1,8,high,white,95.46900000000001,0.054467942473473065,36.134453781512605,232.69230769230768,0.7067142857142857,0.011764705882352941
5.2,0.44,0.04,1.4,0.036,43.0,119.0,0.9894,3.36,0.33,12.1,8,high,white,95.46900000000001,0.054467942473473065,36.134453781512605,232.69230769230768,0.7067142857142857,0.011764705882352941
6.1,0.32,0.24,1.5,0.036,38.0,124.0,0.9898,3.29,0.42,12.4,7,medium,white,97.836,0.06234923749948894,30.64516129032258,203.27868852459017,0.6598666666666667,0.012096774193548387
6.4,0.22,0.56,14.5,0.055,27.0,159.0,0.998,2.98,0.4,9.1,5,low,white,71.799,0.08913773172328306,16.9811320754717,142.18749999999997,0.06882758620689655,0.09119496855345911
6.3,0.36,0.3,4.8,0.049,14.0,85.0,0.9932,3.28,0.39,10.6,5,low,white,83.634,0.07532821579740297,16.470588235294116,168.25396825396825,0.20691666666666667,0.05647058823529411
7.4,0.24,0.42,14.0,0.066,48.0,198.0,0.9979,2.89,0.42,8.9,6,medium,white,70.221,0.1053815810085302,24.242424242424242,120.27027027027026,0.07127857142857143,0.0707070707070707
6.7,0.24,0.35,13.1,0.05,64.0,205.0,0.997,3.15,0.5,9.5,5,low,white,74.955,0.08938696551264093,31.21951219512195,141.79104477611938,0.07610687022900764,0.06390243902439025
7.0,0.23,0.36,13.0,0.051,72.0,177.0,0.9972,3.16,0.49,9.8,5,low,white,77.322,0.09053050878145935,40.67796610169492,140.0,0.07670769230769231,0.07344632768361582
8.4,0.27,0.46,8.7,0.048,39.0,197.0,0.9974,3.14,0.59,9.6,6,medium,white,75.744,0.11089987325728771,19.796954314720814,114.28571428571428,0.11464367816091954,0.04416243654822335
6.7,0.46,0.18,2.4,0.034,25.0,98.0,0.9896,3.08,0.44,12.6,7,medium,white,99.414,0.0673949343150864,25.510204081632654,188.0597014925373,0.4123333333333334,0.024489795918367346
7.5,0.29,0.31,8.95,0.055,20.0,151.0,0.9968,3.08,0.54,9.3,5,low,white,73.37700000000001,0.10221186475326055,13.245033112582782,124.0,0.11137430167597766,0.05927152317880794
9.8,0.42,0.48,9.85,0.034,5.0,110.0,0.9958,2.87,0.29,10.0,5,low,white,78.9,0.12420785804816223,4.545454545454546,102.04081632653062,0.10109644670050762,0.08954545454545454
7.1,0.3,0.46,1.5,0.066,29.0,133.0,0.9906,3.12,0.54,12.7,6,medium,white,100.203,0.07085616199115795,21.804511278195488,178.8732394366197,0.6604,0.011278195488721804
7.9,0.19,0.45,1.5,0.045,17.0,96.0,0.9917,3.13,0.39,11.0,6,medium,white,86.79,0.09102431155663095,17.708333333333336,139.2405063291139,0.6611333333333334,0.015625
7.6,0.48,0.37,0.8,0.037,4.0,100.0,0.9902,3.03,0.39,11.4,4,low,white,89.946,0.08449514152936206,4.0,150.00000000000003,1.23775,0.008
6.3,0.22,0.43,4.55,0.038,31.0,130.0,0.9918,3.35,0.33,11.5,7,medium,white,90.735,0.06943296412630187,23.846153846153847,182.53968253968253,0.217978021978022,0.034999999999999996
7.5,0.27,0.31,17.7,0.051,33.0,173.0,0.999,3.09,0.64,10.2,5,low,white,80.47800000000001,0.09319317080444343,19.07514450867052,136.0,0.0564406779661017,0.10231213872832369
6.9,0.23,0.4,7.5,0.04,50.0,151.0,0.9927,3.11,0.27,11.4,6,medium,white,89.946,0.07671269428323661,33.11258278145696,165.2173913043478,0.13236,0.04966887417218543
7.2,0.32,0.47,5.1,0.044,19.0,65.0,0.991,3.03,0.41,12.6,4,low,white,99.414,0.07242440702516748,29.230769230769234,175.0,0.1943137254901961,0.07846153846153846
5.9,0.23,0.3,12.9,0.054,57.0,170.0,0.9972,3.28,0.39,9.4,5,low,white,74.166,0.07955127686541004,33.52941176470588,159.32203389830508,0.07730232558139534,0.07588235294117647
6.0,0.67,0.07,1.2,0.06,9.0,108.0,0.9931,3.11,0.35,8.7,4,low,white,68.643,0.08740876709934006,8.333333333333332,145.0,0.8275833333333333,0.011111111111111112
6.4,0.25,0.32,5.5,0.049,41.0,176.0,0.995,3.19,0.68,9.2,6,medium,white,72.58800000000001,0.0881688433349865,23.295454545454543,143.74999999999997,0.1809090909090909,0.03125
6.4,0.33,0.31,5.5,0.048,42.0,173.0,0.9951,3.19,0.66,9.3,6,medium,white,73.37700000000001,0.08722079125611568,24.277456647398843,145.3125,0.18092727272727271,0.031791907514450865
7.1,0.34,0.15,1.2,0.053,61.0,183.0,0.9936,3.09,0.43,9.2,5,low,white,72.58800000000001,0.09781231057475064,33.33333333333333,129.5774647887324,0.8280000000000001,0.006557377049180328
6.8,0.28,0.4,22.0,0.048,48.0,167.0,1.001,2.93,0.5,8.7,5,low,white,68.643,0.09906326937925207,28.74251497005988,127.94117647058823,0.04549999999999999,0.1317365269461078
6.9,0.27,0.4,14.0,0.05,64.0,227.0,0.9979,3.18,0.58,9.6,6,medium,white,75.744,0.09109632446134348,28.193832599118945,139.1304347826087,0.07127857142857143,0.06167400881057269
6.8,0.26,0.56,11.9,0.043,64.0,226.0,0.997,3.02,0.63,9.3,5,low,white,73.37700000000001,0.09267209070962289,28.31858407079646,136.76470588235296,0.08378151260504202,0.05265486725663717
6.8,0.29,0.56,11.9,0.043,66.0,230.0,0.9972,3.02,0.63,9.3,5,low,white,73.37700000000001,0.09267209070962289,28.695652173913043,136.76470588235296,0.08379831932773109,0.05173913043478261
6.7,0.24,0.41,9.4,0.04,49.0,166.0,0.9954,3.12,0.61,9.9,6,medium,white,78.111,0.08577537094647361,29.518072289156628,147.76119402985074,0.10589361702127659,0.056626506024096385
5.9,0.3,0.23,4.2,0.038,42.0,119.0,0.9924,3.15,0.5,11.0,5,low,white,86.79,0.0679801820486231,35.294117647058826,186.44067796610167,0.23628571428571427,0.03529411764705882
6.8,0.53,0.35,3.8,0.034,26.0,109.0,0.9906,3.26,0.57,12.7,8,high,white,100.203,0.06786223965350338,23.853211009174313,186.76470588235296,0.2606842105263158,0.03486238532110091
6.5,0.28,0.28,8.5,0.047,54.0,210.0,0.9962,3.09,0.54,8.9,4,low,white,70.221,0.09256490223722248,25.71428571428571,136.92307692307693,0.1172,0.04047619047619048
6.6,0.28,0.28,8.5,0.052,55.0,211.0,0.9962,3.09,0.55,8.9,6,medium,white,70.221,0.09398897765625666,26.066350710900476,134.84848484848487,0.1172,0.04028436018957346
6.8,0.28,0.4,22.0,0.048,48.0,167.0,1.001,2.93,0.5,8.7,5,low,white,68.643,0.09906326937925207,28.74251497005988,127.94117647058823,0.04549999999999999,0.1317365269461078
6.8,0.28,0.36,8.0,0.045,28.0,123.0,0.9928,3.02,0.37,11.4,6,medium,white,89.946,0.07560091610521869,22.76422764227642,167.64705882352942,0.1241,0.06504065040650407
6.6,0.15,0.34,5.1,0.055,34.0,125.0,0.9942,3.36,0.42,9.6,5,low,white,75.744,0.08713561470215463,27.200000000000003,145.45454545454547,0.19494117647058826,0.040799999999999996
6.4,0.29,0.44,3.6,0.2,75.0,181.0,0.9942,3.02,0.41,9.1,5,low,white,71.799,0.08913773172328306,41.43646408839779,142.18749999999997,0.27616666666666667,0.01988950276243094
6.4,0.3,0.45,3.5,0.197,76.0,180.0,0.9942,3.02,0.39,9.1,6,medium,white,71.799,0.08913773172328306,42.22222222222222,142.18749999999997,0.28405714285714284,0.019444444444444445
6.4,0.29,0.44,3.6,0.197,75.0,183.0,0.9942,3.01,0.38,9.1,5,low,white,71.799,0.08913773172328306,40.98360655737705,142.18749999999997,0.27616666666666667,0.019672131147540985
6.8,0.26,0.24,7.8,0.052,54.0,214.0,0.9961,3.13,0.47,8.9,5,low,white,70.221,0.09683712849432505,25.233644859813083,130.88235294117646,0.1277051282051282,0.03644859813084112
7.1,0.32,0.24,13.1,0.05,52.0,204.0,0.998,3.1,0.49,8.8,5,low,white,69.432,0.10225832469178477,25.49019607843137,123.943661971831,0.07618320610687022,0.0642156862745098
6.8,0.26,0.24,7.8,0.052,54.0,214.0,0.9961,3.13,0.47,8.9,5,low,white,70.221,0.09683712849432505,25.233644859813083,130.88235294117646,0.1277051282051282,0.03644859813084112
6.8,0.27,0.26,16.1,0.049,55.0,196.0,0.9984,3.15,0.5,9.3,5,low,white,73.37700000000001,0.09267209070962289,28.061224489795915,136.76470588235296,0.06201242236024844,0.08214285714285716
7.1,0.32,0.24,13.1,0.05,52.0,204.0,0.998,3.1,0.49,8.8,5,low,white,69.432,0.10225832469178477,25.49019607843137,123.943661971831,0.07618320610687022,0.0642156862745098
6.9,0.54,0.32,13.2,0.05,53.0,236.0,0.9973,3.2,0.5,9.6,5,low,white,75.744,0.09109632446134348,22.45762711864407,139.1304347826087,0.0755530303030303,0.05593220338983051
6.8,0.26,0.34,13.9,0.034,39.0,134.0,0.9949,3.33,0.53,12.0,6,medium,white,94.68,0.07182087029995775,29.1044776119403,176.47058823529412,0.07157553956834532,0.10373134328358209
5.8,0.28,0.35,2.3,0.053,36.0,114.0,0.9924,3.28,0.5,10.2,4,low,white,80.47800000000001,0.07206938542210292,31.57894736842105,175.86206896551724,0.43147826086956526,0.020175438596491225
6.4,0.21,0.5,11.6,0.042,45.0,153.0,0.9972,3.15,0.43,8.8,5,low,white,69.432,0.09217651803203135,29.411764705882355,137.5,0.08596551724137931,0.07581699346405228
7.0,0.16,0.32,8.3,0.045,38.0,126.0,0.9958,3.21,0.34,9.2,5,low,white,72.58800000000001,0.09643467239764147,30.158730158730158,131.42857142857142,0.11997590361445783,0.06587301587301587
10.2,0.44,0.88,6.2,0.049,20.0,124.0,0.9968,2.99,0.51,9.9,4,low,white,78.111,0.1305834005453777,16.129032258064516,97.05882352941177,0.1607741935483871,0.05
6.8,0.57,0.29,2.2,0.04,15.0,77.0,0.9938,3.32,0.74,10.2,5,low,white,80.47800000000001,0.08449514152936205,19.480519480519483,150.0,0.4517272727272727,0.028571428571428574
6.1,0.4,0.31,0.9,0.048,23.0,170.0,0.993,3.22,0.77,9.5,6,medium,white,74.955,0.08138216263091187,13.529411764705882,155.73770491803282,1.1033333333333333,0.005294117647058823
5.6,0.245,0.25,9.7,0.032,12.0,68.0,0.994,3.31,0.34,10.5,5,low,white,82.845,0.06759611322348964,17.647058823529413,187.50000000000003,0.10247422680412371,0.1426470588235294
6.8,0.18,0.38,1.4,0.038,35.0,111.0,0.9918,3.32,0.59,11.2,7,medium,white,88.36800000000001,0.07695093246424044,31.53153153153153,164.70588235294116,0.7084285714285715,0.012612612612612612
7.0,0.16,0.32,8.3,0.045,38.0,126.0,0.9958,3.21,0.34,9.2,5,low,white,72.58800000000001,0.09643467239764147,30.158730158730158,131.42857142857142,0.11997590361445783,0.06587301587301587
6.7,0.13,0.29,5.3,0.051,31.0,122.0,0.9944,3.44,0.37,9.7,6,medium,white,76.533,0.08754393529588543,25.40983606557377,144.77611940298507,0.18762264150943395,0.04344262295081967
6.2,0.25,0.25,1.4,0.03,35.0,105.0,0.9912,3.3,0.44,11.1,7,medium,white,87.57900000000001,0.0707932266867628,33.33333333333333,179.03225806451613,0.7080000000000001,0.013333333333333332
5.8,0.26,0.24,9.2,0.044,55.0,152.0,0.9961,3.31,0.38,9.4,5,low,white,74.166,0.07820295013887765,36.18421052631579,162.0689655172414,0.1082717391304348,0.06052631578947368
7.5,0.27,0.36,7.0,0.036,45.0,164.0,0.9939,3.03,0.33,11.0,5,low,white,86.79,0.08641548565502938,27.439024390243905,146.66666666666666,0.1419857142857143,0.042682926829268296
5.8,0.26,0.24,9.2,0.044,55.0,152.0,0.9961,3.31,0.38,9.4,5,low,white,74.166,0.07820295013887765,36.18421052631579,162.0689655172414,0.1082717391304348,0.06052631578947368
5.7,0.28,0.24,17.5,0.044,60.0,167.0,0.9989,3.31,0.44,9.4,5,low,white,74.166,0.07685462341234528,35.92814371257485,164.91228070175438,0.05708,0.10479041916167664
7.5,0.23,0.36,7.0,0.036,43.0,161.0,0.9938,3.04,0.32,11.0,5,low,white,86.79,0.08641548565502938,26.70807453416149,146.66666666666666,0.14197142857142858,0.043478260869565216
7.5,0.27,0.36,7.0,0.036,45.0,164.0,0.9939,3.03,0.33,11.0,5,low,white,86.79,0.08641548565502938,27.439024390243905,146.66666666666666,0.1419857142857143,0.042682926829268296
7.2,0.685,0.21,9.5,0.07,33.0,172.0,0.9971,3.0,0.55,9.1,6,medium,white,71.799,0.10027994818869343,19.186046511627907,126.38888888888889,0.1049578947368421,0.055232558139534885
6.2,0.25,0.25,1.4,0.03,35.0,105.0,0.9912,3.3,0.44,11.1,7,medium,white,87.57900000000001,0.0707932266867628,33.33333333333333,179.03225806451613,0.7080000000000001,0.013333333333333332
6.5,0.19,0.3,0.8,0.043,33.0,144.0,0.9936,3.42,0.39,9.1,6,medium,white,71.799,0.09053050878145934,22.916666666666664,140.0,1.242,0.005555555555555556
6.3,0.495,0.22,1.8,0.046,31.0,140.0,0.9929,3.39,0.54,10.4,6,medium,white,82.056,0.07677683533196841,22.142857142857142,165.0793650793651,0.551611111111111,0.012857142857142857
7.1,0.24,0.41,17.8,0.046,39.0,145.0,0.9998,3.32,0.39,8.7,5,low,white,68.643,0.10343370773421907,26.89655172413793,122.53521126760563,0.0561685393258427,0.12275862068965518
6.4,0.17,0.32,2.4,0.048,41.0,200.0,0.9938,3.5,0.5,9.7,6,medium,white,76.533,0.08362405759606967,20.5,151.56249999999997,0.41408333333333336,0.012
7.1,0.25,0.32,10.3,0.041,66.0,272.0,0.9969,3.17,0.52,9.1,6,medium,white,71.799,0.09888717113051712,24.264705882352942,128.16901408450704,0.09678640776699028,0.037867647058823534
6.4,0.17,0.32,2.4,0.048,41.0,200.0,0.9938,3.5,0.5,9.7,6,medium,white,76.533,0.08362405759606967,20.5,151.56249999999997,0.41408333333333336,0.012
7.1,0.24,0.41,17.8,0.046,39.0,145.0,0.9998,3.32,0.39,8.7,5,low,white,68.643,0.10343370773421907,26.89655172413793,122.53521126760563,0.0561685393258427,0.12275862068965518
6.8,0.64,0.08,9.7,0.062,26.0,142.0,0.9972,3.37,0.46,8.9,4,low,white,70.221,0.09683712849432505,18.30985915492958,130.88235294117646,0.1028041237113402,0.06830985915492957
8.3,0.28,0.4,7.8,0.041,38.0,194.0,0.9976,3.34,0.51,9.6,6,medium,white,75.744,0.10957963667089143,19.587628865979383,115.66265060240963,0.1278974358974359,0.040206185567010305
8.2,0.27,0.39,7.8,0.039,49.0,208.0,0.9976,3.31,0.51,9.5,6,medium,white,74.955,0.1093989727169635,23.557692307692307,115.85365853658539,0.1278974358974359,0.0375
7.2,0.23,0.38,14.3,0.058,55.0,194.0,0.9979,3.09,0.44,9.0,6,medium,white,71.01,0.10139416983523447,28.350515463917525,125.0,0.06978321678321678,0.07371134020618557
7.2,0.23,0.38,14.3,0.058,55.0,194.0,0.9979,3.09,0.44,9.0,6,medium,white,71.01,0.10139416983523447,28.350515463917525,125.0,0.06978321678321678,0.07371134020618557
7.2,0.23,0.38,14.3,0.058,55.0,194.0,0.9979,3.09,0.44,9.0,6,medium,white,71.01,0.10139416983523447,28.350515463917525,125.0,0.06978321678321678,0.07371134020618557
7.2,0.23,0.38,14.3,0.058,55.0,194.0,0.9979,3.09,0.44,9.0,6,medium,white,71.01,0.10139416983523447,28.350515463917525,125.0,0.06978321678321678,0.07371134020618557
6.8,0.52,0.32,13.2,0.044,54.0,221.0,0.9972,3.27,0.5,9.6,6,medium,white,75.744,0.08977608787494719,24.43438914027149,141.1764705882353,0.07554545454545455,0.05972850678733031
7.0,0.26,0.59,1.4,0.037,40.0,120.0,0.9918,3.34,0.41,11.1,7,medium,white,87.57900000000001,0.07992783658182898,33.33333333333333,158.57142857142856,0.7084285714285715,0.011666666666666665
6.2,0.25,0.21,15.55,0.039,28.0,159.0,0.9982,3.48,0.64,9.6,6,medium,white,75.744,0.0818546683565695,17.61006289308176,154.83870967741936,0.06419292604501607,0.09779874213836479
7.3,0.32,0.23,13.7,0.05,49.0,197.0,0.9985,3.2,0.46,8.7,5,low,white,68.643,0.10634733330419707,24.873096446700508,119.17808219178082,0.07288321167883212,0.06954314720812182
7.7,0.31,0.26,7.8,0.031,23.0,90.0,0.9944,3.13,0.5,10.4,5,low,white,82.056,0.09383835429462807,25.555555555555554,135.06493506493507,0.1274871794871795,0.08666666666666667
7.1,0.21,0.37,2.4,0.026,23.0,100.0,0.9903,3.15,0.38,11.4,7,medium,white,89.946,0.07893625063927245,23.0,160.56338028169014,0.412625,0.024
6.8,0.24,0.34,2.7,0.047,64.5,218.5,0.9934,3.3,0.58,9.7,6,medium,white,76.533,0.08885056119582402,29.51945080091533,142.64705882352942,0.3679259259259259,0.012356979405034326
6.9,0.4,0.56,11.2,0.043,40.0,142.0,0.9975,3.14,0.46,8.7,5,low,white,68.643,0.10052008216424108,28.169014084507044,126.08695652173911,0.08906250000000002,0.07887323943661971
6.1,0.18,0.36,2.0,0.038,20.0,249.5,0.9923,3.37,0.79,11.3,6,medium,white,89.15700000000001,0.06841863230032413,8.016032064128256,185.24590163934428,0.49615,0.008016032064128256
6.8,0.21,0.27,2.1,0.03,26.0,139.0,0.99,3.16,0.61,12.6,7,medium,white,99.414,0.06840082885710262,18.705035971223023,185.29411764705884,0.4714285714285714,0.015107913669064749
5.8,0.2,0.27,1.4,0.031,12.0,77.0,0.9905,3.25,0.36,10.9,7,medium,white,86.001,0.06744107626655503,15.584415584415584,187.93103448275863,0.7075000000000001,0.01818181818181818
5.6,0.19,0.26,1.4,0.03,12.0,76.0,0.9905,3.25,0.37,10.9,7,medium,white,86.001,0.06511552191253589,15.789473684210526,194.64285714285717,0.7075000000000001,0.018421052631578946
6.1,0.41,0.14,10.4,0.037,18.0,119.0,0.996,3.38,0.45,10.0,5,low,white,78.9,0.07731305449936628,15.126050420168067,163.9344262295082,0.09576923076923076,0.08739495798319329
5.9,0.21,0.28,4.6,0.053,40.0,199.0,0.9964,3.72,0.7,10.0,4,low,white,78.9,0.07477820025348543,20.100502512562816,169.4915254237288,0.21660869565217392,0.023115577889447233
8.5,0.26,0.21,16.2,0.074,41.0,197.0,0.998,3.02,0.5,9.8,3,low,white,77.322,0.1099299035203435,20.812182741116754,115.29411764705884,0.06160493827160494,0.08223350253807106
6.9,0.4,0.56,11.2,0.043,40.0,142.0,0.9975,3.14,0.46,8.7,5,low,white,68.643,0.10052008216424108,28.169014084507044,126.08695652173911,0.08906250000000002,0.07887323943661971
5.8,0.24,0.44,3.5,0.029,5.0,109.0,0.9913,3.53,0.43,11.7,3,low,white,92.313,0.06282972062439743,4.587155963302752,201.72413793103448,0.28322857142857144,0.03211009174311927
5.8,0.24,0.39,1.5,0.054,37.0,158.0,0.9932,3.21,0.52,9.3,6,medium,white,73.37700000000001,0.07904384207585483,23.417721518987342,160.34482758620692,0.6621333333333334,0.00949367088607595
6.7,0.26,0.39,1.1,0.04,45.0,147.0,0.9935,3.32,0.58,9.6,8,high,white,75.744,0.08845585128855091,30.612244897959183,143.28358208955223,0.9031818181818182,0.007482993197278912
6.3,0.35,0.3,5.7,0.035,8.0,97.0,0.9927,3.27,0.41,11.0,7,medium,white,86.79,0.07258900795022467,8.24742268041237,174.6031746031746,0.1741578947368421,0.058762886597938144
6.3,0.35,0.3,5.7,0.035,8.0,97.0,0.9927,3.27,0.41,11.0,7,medium,white,86.79,0.07258900795022467,8.24742268041237,174.6031746031746,0.1741578947368421,0.058762886597938144
6.4,0.23,0.39,1.8,0.032,23.0,118.0,0.9912,3.32,0.5,11.8,6,medium,white,93.102,0.06874181005778608,19.491525423728813,184.375,0.5506666666666666,0.015254237288135594
5.8,0.36,0.38,0.9,0.037,3.0,75.0,0.9904,3.28,0.34,11.4,4,low,white,89.946,0.06448313432503947,4.0,196.55172413793105,1.1004444444444443,0.012
6.9,0.115,0.35,5.4,0.048,36.0,108.0,0.9939,3.32,0.42,10.2,6,medium,white,80.47800000000001,0.08573771714008797,33.33333333333333,147.82608695652172,0.18405555555555556,0.05
6.9,0.29,0.4,19.45,0.043,36.0,156.0,0.9996,2.93,0.47,8.9,5,low,white,70.221,0.09826120391335925,23.076923076923077,128.9855072463768,0.051393316195372754,0.12467948717948718
6.9,0.28,0.4,8.2,0.036,15.0,95.0,0.9944,3.17,0.33,10.2,5,low,white,80.47800000000001,0.08573771714008797,15.789473684210526,147.82608695652172,0.12126829268292684,0.0863157894736842
7.2,0.29,0.4,13.6,0.045,66.0,231.0,0.9977,3.08,0.59,9.6,6,medium,white,75.744,0.09505703422053233,28.57142857142857,133.33333333333331,0.07336029411764707,0.05887445887445887
6.2,0.24,0.35,1.2,0.038,22.0,167.0,0.9912,3.1,0.48,10.6,6,medium,white,83.634,0.07413252983236483,13.17365269461078,170.96774193548384,0.826,0.00718562874251497
6.9,0.29,0.4,19.45,0.043,36.0,156.0,0.9996,2.93,0.47,8.9,5,low,white,70.221,0.09826120391335925,23.076923076923077,128.9855072463768,0.051393316195372754,0.12467948717948718
6.9,0.32,0.26,8.3,0.053,32.0,180.0,0.9965,3.25,0.51,9.2,6,medium,white,72.58800000000001,0.09505703422053231,17.77777777777778,133.33333333333331,0.12006024096385542,0.04611111111111112
5.3,0.58,0.07,6.9,0.043,34.0,149.0,0.9944,3.34,0.57,9.7,5,low,white,76.533,0.06925117269674519,22.818791946308725,183.0188679245283,0.1441159420289855,0.046308724832214765
5.3,0.585,0.07,7.1,0.044,34.0,145.0,0.9945,3.34,0.57,9.7,6,medium,white,76.533,0.06925117269674519,23.448275862068964,183.0188679245283,0.1400704225352113,0.048965517241379306
5.4,0.59,0.07,7.0,0.045,36.0,147.0,0.9944,3.34,0.57,9.7,6,medium,white,76.533,0.07055779859668379,24.489795918367346,179.62962962962962,0.14205714285714285,0.047619047619047616
6.9,0.32,0.26,8.3,0.053,32.0,180.0,0.9965,3.25,0.51,9.2,6,medium,white,72.58800000000001,0.09505703422053231,17.77777777777778,133.33333333333331,0.12006024096385542,0.04611111111111112
5.2,0.6,0.07,7.0,0.044,33.0,147.0,0.9944,3.33,0.58,9.7,5,low,white,76.533,0.0679445467968066,22.448979591836736,186.53846153846152,0.14205714285714285,0.047619047619047616
5.8,0.25,0.26,13.1,0.051,44.0,148.0,0.9972,3.29,0.38,9.3,5,low,white,73.37700000000001,0.07904384207585483,29.72972972972973,160.34482758620692,0.07612213740458015,0.08851351351351351
6.6,0.58,0.3,5.1,0.057,30.0,123.0,0.9949,3.24,0.38,9.0,5,low,white,71.01,0.09294465568229826,24.390243902439025,136.36363636363637,0.19507843137254904,0.04146341463414634
7.0,0.29,0.54,10.7,0.046,59.0,234.0,0.9966,3.05,0.61,9.5,5,low,white,74.955,0.09338936695350544,25.213675213675213,135.71428571428572,0.09314018691588787,0.045726495726495724
6.6,0.19,0.41,8.9,0.046,51.0,169.0,0.9954,3.14,0.57,9.8,6,medium,white,77.322,0.08535733685109023,30.17751479289941,148.4848484848485,0.11184269662921348,0.052662721893491124
6.7,0.2,0.41,9.1,0.044,50.0,166.0,0.9954,3.14,0.58,9.8,6,medium,white,77.322,0.08665062983368252,30.120481927710845,146.26865671641792,0.10938461538461539,0.054819277108433734
7.7,0.26,0.4,1.1,0.042,9.0,60.0,0.9915,2.89,0.5,10.6,5,low,white,83.634,0.09206781930793696,15.0,137.66233766233768,0.9013636363636364,0.018333333333333333
6.8,0.32,0.34,1.2,0.044,14.0,67.0,0.9919,3.05,0.47,10.6,4,low,white,83.634,0.08130664562259368,20.8955223880597,155.88235294117646,0.8265833333333333,0.01791044776119403
7.0,0.3,0.49,4.7,0.036,17.0,105.0,0.9916,3.26,0.68,12.4,7,medium,white,97.836,0.07154830532728239,16.19047619047619,177.14285714285717,0.21097872340425533,0.04476190476190477
7.0,0.24,0.36,2.8,0.034,22.0,112.0,0.99,3.19,0.38,12.6,8,high,white,99.414,0.07041261794113506,19.642857142857142,180.0,0.3535714285714286,0.024999999999999998
6.1,0.31,0.58,5.0,0.039,36.0,114.0,0.9909,3.3,0.6,12.3,8,high,white,97.04700000000001,0.06285614186940347,31.57894736842105,201.6393442622951,0.19818,0.043859649122807015
6.8,0.44,0.37,5.1,0.047,46.0,201.0,0.9938,3.08,0.65,10.5,4,low,white,82.845,0.08208099462852314,22.885572139303484,154.41176470588235,0.19486274509803922,0.025373134328358207
6.7,0.34,0.3,15.6,0.054,51.0,196.0,0.9982,3.19,0.49,9.3,5,low,white,73.37700000000001,0.09130926584624609,26.02040816326531,138.80597014925374,0.06398717948717948,0.07959183673469387
7.1,0.35,0.24,15.4,0.055,46.0,198.0,0.9988,3.12,0.49,8.8,5,low,white,69.432,0.10225832469178477,23.232323232323232,123.943661971831,0.06485714285714286,0.07777777777777778
7.3,0.32,0.25,7.2,0.056,47.0,180.0,0.9961,3.08,0.47,8.8,5,low,white,69.432,0.10513884088028574,26.111111111111114,120.54794520547946,0.1383472222222222,0.04
6.5,0.28,0.33,15.7,0.053,51.0,190.0,0.9978,3.22,0.51,9.7,6,medium,white,76.533,0.08493068349600826,26.842105263157894,149.2307692307692,0.06355414012738854,0.08263157894736842
7.2,0.23,0.39,14.2,0.058,49.0,192.0,0.9979,2.98,0.48,9.0,7,medium,white,71.01,0.10139416983523447,25.520833333333332,125.0,0.07027464788732395,0.07395833333333333
7.2,0.23,0.39,14.2,0.058,49.0,192.0,0.9979,2.98,0.48,9.0,7,medium,white,71.01,0.10139416983523447,25.520833333333332,125.0,0.07027464788732395,0.07395833333333333
7.2,0.23,0.39,14.2,0.058,49.0,192.0,0.9979,2.98,0.48,9.0,7,medium,white,71.01,0.10139416983523447,25.520833333333332,125.0,0.07027464788732395,0.07395833333333333
7.2,0.23,0.39,14.2,0.058,49.0,192.0,0.9979,2.98,0.48,9.0,7,medium,white,71.01,0.10139416983523447,25.520833333333332,125.0,0.07027464788732395,0.07395833333333333
5.9,0.15,0.31,5.8,0.041,53.0,155.0,0.9945,3.52,0.46,10.5,6,medium,white,82.845,0.07121733357474803,34.193548387096776,177.96610169491524,0.17146551724137932,0.03741935483870967
7.4,0.28,0.42,19.8,0.066,53.0,195.0,1.0,2.96,0.44,9.1,5,low,white,71.799,0.10306550230504603,27.17948717948718,122.97297297297295,0.050505050505050504,0.10153846153846154
6.2,0.28,0.22,7.3,0.041,26.0,157.0,0.9957,3.44,0.64,9.8,7,medium,white,77.322,0.08018416492072114,16.560509554140125,158.06451612903228,0.13639726027397261,0.0464968152866242
9.1,0.59,0.38,1.6,0.066,34.0,182.0,0.9968,3.23,0.38,8.5,3,low,white,67.065,0.13568925669126966,18.681318681318682,93.4065934065934,0.623,0.008791208791208791
6.3,0.33,0.27,1.2,0.046,34.0,175.0,0.9934,3.37,0.54,9.4,6,medium,white,74.166,0.08494458377153952,19.428571428571427,149.20634920634922,0.8278333333333333,0.006857142857142857
8.3,0.39,0.7,10.6,0.045,33.0,169.0,0.9976,3.09,0.57,9.4,5,low,white,74.166,0.111911118302187,19.526627218934912,113.25301204819276,0.09411320754716981,0.06272189349112425
7.2,0.19,0.46,3.8,0.041,82.0,187.0,0.9932,3.19,0.6,11.2,7,medium,white,88.36800000000001,0.08147745790331341,43.85026737967914,155.55555555555554,0.2613684210526316,0.020320855614973262
7.5,0.17,0.44,11.3,0.046,65.0,146.0,0.997,3.17,0.45,10.0,6,medium,white,78.9,0.09505703422053231,44.52054794520548,133.33333333333331,0.08823008849557522,0.0773972602739726
6.7,0.17,0.5,2.1,0.043,27.0,122.0,0.9923,3.15,0.45,10.3,6,medium,white,81.26700000000001,0.08244428857962026,22.131147540983605,153.73134328358208,0.47252380952380946,0.01721311475409836
6.1,0.41,0.0,1.6,0.063,36.0,87.0,0.9914,3.27,0.67,10.8,6,medium,white,85.212,0.0715861615734873,41.37931034482759,177.04918032786887,0.619625,0.01839080459770115
8.3,0.2,0.35,0.9,0.05,12.0,74.0,0.992,3.13,0.38,10.5,6,medium,white,82.845,0.10018709638481503,16.216216216216218,126.50602409638554,1.1022222222222222,0.012162162162162163
6.1,0.41,0.0,1.6,0.063,36.0,87.0,0.9914,3.27,0.67,10.8,6,medium,white,85.212,0.0715861615734873,41.37931034482759,177.04918032786887,0.619625,0.01839080459770115
6.0,0.29,0.21,1.3,0.055,42.0,168.0,0.9914,3.32,0.43,11.1,6,medium,white,87.57900000000001,0.06850957421299626,25.0,185.0,0.7626153846153846,0.007738095238095238
7.3,0.41,0.24,6.8,0.057,41.0,163.0,0.9949,3.2,0.41,9.9,6,medium,white,78.111,0.09345674744914288,25.153374233128833,135.6164383561644,0.14630882352941177,0.04171779141104295
7.3,0.41,0.24,6.8,0.057,41.0,163.0,0.9949,3.2,0.41,9.9,6,medium,white,78.111,0.09345674744914288,25.153374233128833,135.6164383561644,0.14630882352941177,0.04171779141104295
7.2,0.43,0.24,6.7,0.058,40.0,163.0,0.995,3.2,0.41,9.9,5,low,white,78.111,0.09217651803203133,24.539877300613497,137.5,0.14850746268656717,0.041104294478527606
7.3,0.4,0.24,6.7,0.058,41.0,166.0,0.995,3.2,0.41,9.9,6,medium,white,78.111,0.09345674744914288,24.69879518072289,135.6164383561644,0.14850746268656717,0.040361445783132534
6.2,0.33,0.27,4.9,0.036,30.0,134.0,0.9927,3.2,0.42,10.4,7,medium,white,82.056,0.07555815540606416,22.388059701492537,167.74193548387098,0.20259183673469386,0.03656716417910448
6.2,0.31,0.26,4.8,0.037,36.0,148.0,0.9928,3.21,0.41,10.4,6,medium,white,82.056,0.07555815540606416,24.324324324324326,167.74193548387098,0.20683333333333334,0.032432432432432434
6.1,0.36,0.27,2.1,0.035,16.0,100.0,0.9917,3.4,0.71,11.5,7,medium,white,90.735,0.0672287430429272,16.0,188.52459016393445,0.47223809523809523,0.021
5.0,0.55,0.14,8.3,0.032,35.0,164.0,0.9918,3.53,0.51,12.5,8,high,white,98.625,0.050697084917617236,21.341463414634145,250.0,0.11949397590361445,0.05060975609756098
7.8,0.25,0.41,3.7,0.042,37.0,149.0,0.9954,3.36,0.45,10.0,6,medium,white,78.9,0.0988593155893536,24.832214765100673,128.2051282051282,0.269027027027027,0.024832214765100672
5.7,0.36,0.21,6.7,0.038,51.0,166.0,0.9941,3.29,0.63,10.0,6,medium,white,78.9,0.07224334600760456,30.72289156626506,175.43859649122805,0.1483731343283582,0.040361445783132534
5.8,0.34,0.21,6.6,0.04,50.0,167.0,0.9941,3.29,0.62,10.0,5,low,white,78.9,0.07351077313054499,29.94011976047904,172.41379310344828,0.15062121212121213,0.03952095808383233
6.8,0.28,0.6,1.1,0.132,42.0,127.0,0.9934,3.09,0.44,9.1,6,medium,white,71.799,0.09470883995598824,33.07086614173229,133.8235294117647,0.9030909090909089,0.008661417322834646
6.8,0.25,0.34,4.7,0.031,34.0,134.0,0.9927,3.21,0.38,10.6,6,medium,white,83.634,0.08130664562259368,25.37313432835821,155.88235294117646,0.2112127659574468,0.03507462686567164
6.6,0.24,0.35,7.7,0.031,36.0,135.0,0.9938,3.19,0.37,10.5,5,low,white,82.845,0.07966684772768423,26.666666666666668,159.0909090909091,0.12906493506493508,0.05703703703703704
5.9,0.3,0.47,7.85,0.03,19.0,133.0,0.9933,3.52,0.43,11.5,7,medium,white,90.735,0.06502452195955255,14.285714285714285,194.91525423728814,0.12653503184713377,0.05902255639097744
6.1,0.125,0.25,3.3,0.04,10.0,69.0,0.9934,3.54,0.59,10.1,6,medium,white,79.68900000000001,0.07654757871224384,14.492753623188406,165.5737704918033,0.30103030303030304,0.047826086956521734
6.0,0.1,0.24,1.1,0.041,15.0,65.0,0.9927,3.61,0.61,10.3,7,medium,white,81.26700000000001,0.0738307061907047,23.076923076923077,171.66666666666669,0.9024545454545454,0.016923076923076926
6.6,0.24,0.35,7.7,0.031,36.0,135.0,0.9938,3.19,0.37,10.5,5,low,white,82.845,0.07966684772768423,26.666666666666668,159.0909090909091,0.12906493506493508,0.05703703703703704
6.8,0.25,0.34,4.7,0.031,34.0,134.0,0.9927,3.21,0.38,10.6,6,medium,white,83.634,0.08130664562259368,25.37313432835821,155.88235294117646,0.2112127659574468,0.03507462686567164
6.8,0.28,0.44,9.3,0.031,35.0,137.0,0.9946,3.16,0.36,10.4,6,medium,white,82.056,0.08287023496148971,25.547445255474454,152.94117647058826,0.10694623655913978,0.06788321167883213
8.3,0.41,0.51,2.0,0.046,11.0,207.0,0.993,3.02,0.55,11.4,5,low,white,89.946,0.09227758877548753,5.314009661835748,137.34939759036143,0.4965,0.00966183574879227
7.5,0.27,0.31,5.8,0.057,131.0,313.0,0.9946,3.18,0.59,10.5,5,low,white,82.845,0.09053050878145935,41.853035143769965,140.0,0.17148275862068968,0.01853035143769968
7.9,0.26,0.41,15.15,0.04,38.0,216.0,0.9976,2.96,0.6,10.0,6,medium,white,78.9,0.10012674271229403,17.59259259259259,126.58227848101265,0.06584818481848186,0.07013888888888889
6.4,0.34,0.23,6.3,0.039,37.0,143.0,0.9944,3.19,0.65,10.0,6,medium,white,78.9,0.08111533586818757,25.874125874125873,156.25,0.15784126984126984,0.044055944055944055
6.5,0.28,0.35,15.4,0.042,55.0,195.0,0.9978,3.23,0.5,9.6,6,medium,white,75.744,0.08581537811575835,28.205128205128204,147.69230769230768,0.06479220779220779,0.07897435897435898
7.2,0.21,0.41,1.3,0.036,33.0,85.0,0.992,3.17,0.51,10.4,5,low,white,82.056,0.08774495466510676,38.82352941176471,144.44444444444443,0.7630769230769231,0.015294117647058824
6.4,0.32,0.35,4.8,0.03,34.0,101.0,0.9912,3.36,0.6,12.5,8,high,white,98.625,0.06489226869455007,33.663366336633665,195.3125,0.2065,0.047524752475247525
6.8,0.24,0.34,4.6,0.032,37.0,135.0,0.9927,3.2,0.39,10.6,5,low,white,83.634,0.08130664562259368,27.40740740740741,155.88235294117646,0.21580434782608698,0.03407407407407407
6.3,0.23,0.3,1.8,0.033,16.0,91.0,0.9906,3.28,0.4,11.8,6,medium,white,93.102,0.06766771927563317,17.582417582417584,187.30158730158732,0.5503333333333333,0.01978021978021978
6.5,0.28,0.34,9.9,0.038,30.0,133.0,0.9954,3.11,0.44,9.8,5,low,white,77.322,0.08406404386849797,22.55639097744361,150.7692307692308,0.10054545454545454,0.07443609022556391
5.6,0.26,0.26,5.7,0.031,12.0,80.0,0.9923,3.25,0.38,10.8,5,low,white,85.212,0.06571844341172604,15.0,192.8571428571429,0.1740877192982456,0.07125000000000001
6.3,0.23,0.3,1.8,0.033,16.0,91.0,0.9906,3.28,0.4,11.8,6,medium,white,93.102,0.06766771927563317,17.582417582417584,187.30158730158732,0.5503333333333333,0.01978021978021978
6.3,0.23,0.33,1.5,0.036,15.0,105.0,0.991,3.32,0.42,11.2,6,medium,white,88.36800000000001,0.07129277566539922,14.285714285714285,177.77777777777777,0.6606666666666666,0.014285714285714285
5.8,0.27,0.27,12.3,0.045,55.0,170.0,0.9972,3.28,0.42,9.3,6,medium,white,73.37700000000001,0.07904384207585483,32.35294117647059,160.34482758620692,0.0810731707317073,0.07235294117647059
5.9,0.26,0.4,1.3,0.047,12.0,139.0,0.9945,3.45,0.53,10.4,5,low,white,82.056,0.07190211562835137,8.633093525179856,176.27118644067795,0.765,0.009352517985611512
6.6,0.18,0.35,1.5,0.049,49.0,141.0,0.9934,3.43,0.85,10.2,7,medium,white,80.47800000000001,0.08200999030791023,34.751773049645394,154.54545454545453,0.6622666666666667,0.010638297872340425
7.4,0.2,0.43,7.8,0.045,27.0,153.0,0.9964,3.19,0.55,9.0,7,medium,white,71.01,0.10421067455287987,17.647058823529413,121.62162162162163,0.12774358974358974,0.050980392156862744
8.0,0.24,0.36,1.5,0.047,17.0,129.0,0.9948,3.2,0.54,10.0,6,medium,white,78.9,0.10139416983523447,13.178294573643413,125.0,0.6632,0.011627906976744186
6.4,0.26,0.42,9.7,0.044,30.0,140.0,0.9962,3.18,0.47,9.1,6,medium,white,71.799,0.08913773172328306,21.428571428571427,142.18749999999997,0.10270103092783506,0.06928571428571428
5.4,0.31,0.47,3.0,0.053,46.0,144.0,0.9931,3.29,0.76,10.0,5,low,white,78.9,0.06844106463878327,31.944444444444443,185.18518518518516,0.33103333333333335,0.020833333333333332
5.4,0.29,0.47,3.0,0.052,47.0,145.0,0.993,3.29,0.75,10.0,6,medium,white,78.9,0.06844106463878327,32.41379310344827,185.18518518518516,0.331,0.020689655172413793
7.1,0.145,0.33,4.6,0.05,33.0,131.0,0.9942,3.28,0.4,9.6,6,medium,white,75.744,0.09373679763413603,25.190839694656486,135.2112676056338,0.2161304347826087,0.03511450381679389
5.6,0.34,0.1,1.3,0.031,20.0,68.0,0.9906,3.36,0.51,11.2,7,medium,white,88.36800000000001,0.06337135614702154,29.411764705882355,200.0,0.762,0.01911764705882353
6.7,0.19,0.41,15.6,0.056,75.0,155.0,0.9995,3.2,0.44,8.8,6,medium,white,69.432,0.09649729231478281,48.38709677419355,131.34328358208955,0.06407051282051282,0.10064516129032258
7.8,0.18,0.46,13.6,0.052,38.0,118.0,0.998,3.15,0.5,10.0,6,medium,white,78.9,0.0988593155893536,32.20338983050847,128.2051282051282,0.07338235294117647,0.1152542372881356
7.6,0.17,0.45,11.2,0.054,56.0,137.0,0.997,3.15,0.47,10.0,5,low,white,78.9,0.09632446134347274,40.87591240875913,131.57894736842107,0.08901785714285715,0.08175182481751825
6.3,0.12,0.36,2.1,0.044,47.0,146.0,0.9914,3.27,0.74,11.4,7,medium,white,89.946,0.07004202521512908,32.19178082191781,180.95238095238096,0.47209523809523807,0.014383561643835616
7.3,0.33,0.4,6.85,0.038,32.0,138.0,0.992,3.03,0.3,11.9,7,medium,white,93.891,0.07774973107113567,23.18840579710145,163.013698630137,0.14481751824817518,0.049637681159420285
5.5,0.335,0.3,2.5,0.071,27.0,128.0,0.9924,3.14,0.51,9.6,6,medium,white,75.744,0.07261301225179552,21.09375,174.54545454545453,0.39696,0.01953125
7.3,0.33,0.4,6.85,0.038,32.0,138.0,0.992,3.03,0.3,11.9,7,medium,white,93.891,0.07774973107113567,23.18840579710145,163.013698630137,0.14481751824817518,0.049637681159420285
5.8,0.4,0.42,4.4,0.047,38.5,245.0,0.9937,3.25,0.57,9.6,6,medium,white,75.744,0.07657372201098436,15.714285714285714,165.51724137931035,0.2258409090909091,0.017959183673469388
7.3,0.22,0.37,14.3,0.063,48.0,191.0,0.9978,2.89,0.38,9.0,6,medium,white,71.01,0.10280242219405716,25.13089005235602,123.28767123287672,0.06977622377622378,0.07486910994764398
7.3,0.22,0.37,14.3,0.063,48.0,191.0,0.9978,2.89,0.38,9.0,6,medium,white,71.01,0.10280242219405716,25.13089005235602,123.28767123287672,0.06977622377622378,0.07486910994764398
6.1,0.36,0.33,1.1,0.05,24.0,169.0,0.9927,3.15,0.78,9.5,6,medium,white,74.955,0.08138216263091187,14.201183431952662,155.73770491803282,0.9024545454545454,0.006508875739644971
10.0,0.2,0.39,1.4,0.05,19.0,152.0,0.994,3.0,0.42,10.4,6,medium,white,82.056,0.12186799259042605,12.5,104.0,0.7100000000000001,0.009210526315789473
6.9,0.24,0.34,4.7,0.04,43.0,161.0,0.9935,3.2,0.59,10.6,6,medium,white,83.634,0.08250233158763183,26.70807453416149,153.6231884057971,0.21138297872340425,0.029192546583850933
6.4,0.24,0.32,14.9,0.047,54.0,162.0,0.9968,3.28,0.5,10.2,6,medium,white,80.47800000000001,0.07952483908645841,33.33333333333333,159.37499999999997,0.0668993288590604,0.09197530864197531
7.1,0.365,0.14,1.2,0.055,24.0,84.0,0.9941,3.15,0.43,8.9,5,low,white,70.221,0.10110935475142763,28.57142857142857,125.35211267605635,0.8284166666666667,0.014285714285714285
6.8,0.15,0.3,5.3,0.05,40.0,127.0,0.9942,3.4,0.39,9.7,6,medium,white,76.533,0.08885056119582402,31.496062992125985,142.64705882352942,0.18758490566037736,0.04173228346456693
7.3,0.22,0.37,14.3,0.063,48.0,191.0,0.9978,2.89,0.38,9.0,6,medium,white,71.01,0.10280242219405716,25.13089005235602,123.28767123287672,0.06977622377622378,0.07486910994764398
6.8,0.16,0.4,2.3,0.037,18.0,102.0,0.9923,3.49,0.42,11.4,7,medium,white,89.946,0.07560091610521869,17.647058823529413,167.64705882352942,0.43143478260869567,0.022549019607843137
6.0,0.26,0.32,3.5,0.028,29.0,113.0,0.9912,3.4,0.71,12.3,7,medium,white,97.04700000000001,0.061825713314167356,25.663716814159294,205.00000000000003,0.2832,0.030973451327433628
6.0,0.18,0.27,1.5,0.089,40.0,143.0,0.9923,3.49,0.62,10.8,6,medium,white,85.212,0.07041261794113506,27.972027972027973,180.0,0.6615333333333333,0.01048951048951049
6.9,0.33,0.21,1.0,0.053,39.0,148.0,0.9927,3.12,0.45,9.4,6,medium,white,74.166,0.09303454413073377,26.351351351351347,136.23188405797103,0.9927,0.006756756756756757
7.7,0.29,0.48,2.3,0.049,36.0,178.0,0.9931,3.17,0.64,10.6,6,medium,white,83.634,0.09206781930793696,20.224719101123593,137.66233766233768,0.4317826086956522,0.012921348314606741
7.1,0.39,0.35,12.5,0.044,26.0,72.0,0.9941,3.17,0.29,11.6,5,low,white,91.524,0.0775752808006643,36.11111111111111,163.38028169014086,0.079528,0.1736111111111111
6.9,0.33,0.21,1.0,0.053,39.0,148.0,0.9927,3.12,0.45,9.4,6,medium,white,74.166,0.09303454413073377,26.351351351351347,136.23188405797103,0.9927,0.006756756756756757
7.7,0.29,0.48,2.3,0.049,36.0,178.0,0.9931,3.17,0.64,10.6,6,medium,white,83.634,0.09206781930793696,20.224719101123593,137.66233766233768,0.4317826086956522,0.012921348314606741
6.6,0.905,0.19,0.8,0.048,17.0,204.0,0.9934,3.34,0.56,10.0,5,low,white,78.9,0.08365019011406843,8.333333333333332,151.5151515151515,1.24175,0.00392156862745098
7.2,0.27,0.27,2.4,0.048,30.0,149.0,0.9936,3.1,0.51,9.2,6,medium,white,72.58800000000001,0.0991899487518598,20.13422818791946,127.77777777777777,0.41400000000000003,0.01610738255033557
5.1,0.33,0.22,1.6,0.027,18.0,89.0,0.9893,3.51,0.38,12.5,7,medium,white,98.625,0.05171102661596958,20.224719101123593,245.0980392156863,0.6183124999999999,0.017977528089887642
5.1,0.33,0.22,1.6,0.027,18.0,89.0,0.9893,3.51,0.38,12.5,7,medium,white,98.625,0.05171102661596958,20.224719101123593,245.0980392156863,0.6183124999999999,0.017977528089887642
6.4,0.31,0.28,1.5,0.037,12.0,119.0,0.9919,3.32,0.51,10.4,7,medium,white,82.056,0.07799551525787268,10.084033613445378,162.5,0.6612666666666667,0.012605042016806723
7.3,0.2,0.44,1.4,0.045,21.0,98.0,0.9924,3.15,0.46,10.0,7,medium,white,78.9,0.09252217997465145,21.428571428571427,136.986301369863,0.7088571428571429,0.014285714285714285
5.7,0.32,0.5,2.6,0.049,17.0,155.0,0.9927,3.22,0.64,10.0,6,medium,white,78.9,0.07224334600760456,10.967741935483872,175.43859649122805,0.3818076923076923,0.016774193548387096
6.4,0.31,0.28,1.5,0.037,12.0,119.0,0.9919,3.32,0.51,10.4,7,medium,white,82.056,0.07799551525787268,10.084033613445378,162.5,0.6612666666666667,0.012605042016806723
7.3,0.2,0.44,1.4,0.045,21.0,98.0,0.9924,3.15,0.46,10.0,7,medium,white,78.9,0.09252217997465145,21.428571428571427,136.986301369863,0.7088571428571429,0.014285714285714285
7.2,0.28,0.26,12.5,0.046,48.0,179.0,0.9975,3.1,0.52,9.0,6,medium,white,71.01,0.10139416983523447,26.81564245810056,125.0,0.07980000000000001,0.06983240223463687
7.5,0.35,0.28,9.6,0.051,26.0,157.0,0.9969,3.12,0.53,9.2,6,medium,white,72.58800000000001,0.1033228632831873,16.560509554140125,122.66666666666666,0.10384375,0.061146496815286625
7.2,0.27,0.27,2.4,0.048,30.0,149.0,0.9936,3.1,0.51,9.2,6,medium,white,72.58800000000001,0.0991899487518598,20.13422818791946,127.77777777777777,0.41400000000000003,0.01610738255033557
6.0,0.36,0.39,3.2,0.027,20.0,125.0,0.991,3.38,0.39,11.3,7,medium,white,89.15700000000001,0.067297015377368,16.0,188.33333333333334,0.3096875,0.0256
5.1,0.33,0.22,1.6,0.027,18.0,89.0,0.9893,3.51,0.38,12.5,7,medium,white,98.625,0.05171102661596958,20.224719101123593,245.0980392156863,0.6183124999999999,0.017977528089887642
5.0,0.17,0.56,1.5,0.026,24.0,115.0,0.9906,3.48,0.39,10.8,7,medium,white,85.212,0.05867718161761254,20.869565217391305,216.0,0.6604,0.013043478260869565
6.3,0.39,0.35,5.9,0.04,82.5,260.0,0.9941,3.12,0.66,10.1,5,low,white,79.68900000000001,0.0790573353913338,31.73076923076923,160.31746031746033,0.1684915254237288,0.022692307692307692
6.7,0.21,0.32,5.4,0.047,29.0,140.0,0.995,3.39,0.46,9.7,6,medium,white,76.533,0.08754393529588543,20.714285714285715,144.77611940298507,0.18425925925925923,0.038571428571428576
7.0,0.3,0.38,14.9,0.032,60.0,181.0,0.9983,3.18,0.61,9.3,7,medium,white,73.37700000000001,0.09539774043637651,33.14917127071823,132.85714285714286,0.06699999999999999,0.08232044198895028
7.0,0.3,0.38,14.9,0.032,60.0,181.0,0.9983,3.18,0.61,9.3,7,medium,white,73.37700000000001,0.09539774043637651,33.14917127071823,132.85714285714286,0.06699999999999999,0.08232044198895028
6.5,0.36,0.32,1.1,0.031,13.0,66.0,0.9916,3.1,0.46,10.6,5,low,white,83.634,0.07771958772747925,19.696969696969695,163.07692307692307,0.9014545454545454,0.016666666666666666
6.1,0.55,0.15,9.8,0.031,19.0,125.0,0.9957,3.36,0.47,10.2,6,medium,white,80.47800000000001,0.07579711225428067,15.2,167.21311475409837,0.10160204081632652,0.07840000000000001
7.3,0.24,0.43,2.0,0.021,20.0,69.0,0.99,3.08,0.56,12.2,6,medium,white,96.25800000000001,0.07583785243823889,28.985507246376812,167.12328767123287,0.495,0.028985507246376812
6.8,0.37,0.51,11.8,0.044,62.0,163.0,0.9976,3.19,0.44,8.8,5,low,white,69.432,0.09793755040903329,38.036809815950924,129.41176470588235,0.08454237288135594,0.07239263803680981
6.8,0.27,0.12,1.3,0.04,87.0,168.0,0.992,3.18,0.41,10.0,5,low,white,78.9,0.0861850443599493,51.78571428571429,147.05882352941177,0.7630769230769231,0.007738095238095238
8.2,0.28,0.42,1.8,0.031,30.0,93.0,0.9917,3.09,0.39,11.4,5,low,white,89.946,0.09116581059746959,32.25806451612903,139.02439024390245,0.5509444444444445,0.01935483870967742
6.3,0.2,0.4,1.5,0.037,35.0,107.0,0.9917,3.46,0.5,11.4,6,medium,white,89.946,0.07004202521512908,32.71028037383177,180.95238095238096,0.6611333333333334,0.014018691588785047
5.9,0.26,0.27,18.2,0.048,52.0,168.0,0.9993,3.35,0.44,9.4,5,low,white,74.166,0.07955127686541004,30.952380952380953,159.32203389830508,0.05490659340659341,0.10833333333333332
6.4,0.19,0.42,2.9,0.032,32.0,83.0,0.9908,3.3,0.41,11.7,6,medium,white,92.313,0.06932934689588682,38.55421686746988,182.81249999999997,0.3416551724137931,0.034939759036144574
6.3,0.2,0.4,1.5,0.037,35.0,107.0,0.9917,3.46,0.5,11.4,6,medium,white,89.946,0.07004202521512908,32.71028037383177,180.95238095238096,0.6611333333333334,0.014018691588785047
6.8,0.37,0.51,11.8,0.044,62.0,163.0,0.9976,3.19,0.44,8.8,5,low,white,69.432,0.09793755040903329,38.036809815950924,129.41176470588235,0.08454237288135594,0.07239263803680981
6.1,0.35,0.07,1.4,0.069,22.0,108.0,0.9934,3.23,0.52,9.2,5,low,white,72.58800000000001,0.084035928803659,20.37037037037037,150.81967213114754,0.7095714285714286,0.012962962962962963
7.1,0.27,0.31,18.2,0.046,55.0,252.0,1.0,3.07,0.56,8.7,5,low,white,68.643,0.10343370773421907,21.825396825396826,122.53521126760563,0.054945054945054944,0.07222222222222222
6.8,0.22,0.31,6.3,0.035,33.0,170.0,0.9918,3.24,0.66,12.6,6,medium,white,99.414,0.06840082885710262,19.411764705882355,185.29411764705884,0.15742857142857145,0.03705882352941176
6.8,0.27,0.12,1.3,0.04,87.0,168.0,0.992,3.18,0.41,10.0,5,low,white,78.9,0.0861850443599493,51.78571428571429,147.05882352941177,0.7630769230769231,0.007738095238095238
5.8,0.28,0.34,4.0,0.031,40.0,99.0,0.9896,3.39,0.39,12.8,7,medium,white,100.992,0.05743029150823827,40.4040404040404,220.68965517241378,0.2474,0.04040404040404041
6.9,0.49,0.24,1.2,0.049,13.0,125.0,0.9932,3.17,0.51,9.4,5,low,white,74.166,0.09303454413073377,10.4,136.23188405797103,0.8276666666666667,0.0096
6.3,0.14,0.39,1.2,0.044,26.0,116.0,0.992,3.26,0.53,10.3,6,medium,white,81.26700000000001,0.07752224150023994,22.413793103448278,163.49206349206352,0.8266666666666667,0.010344827586206896
8.2,0.28,0.42,1.8,0.031,30.0,93.0,0.9917,3.09,0.39,11.4,5,low,white,89.946,0.09116581059746959,32.25806451612903,139.02439024390245,0.5509444444444445,0.01935483870967742
7.2,0.25,0.39,18.95,0.038,42.0,155.0,0.9999,2.97,0.47,9.0,6,medium,white,71.01,0.10139416983523447,27.09677419354839,125.0,0.052765171503957785,0.12225806451612903
7.3,0.28,0.36,12.7,0.04,38.0,140.0,0.998,3.3,0.79,9.6,6,medium,white,75.744,0.0963772708069286,27.142857142857142,131.50684931506848,0.07858267716535433,0.0907142857142857
7.2,0.19,0.39,1.2,0.036,32.0,85.0,0.9918,3.16,0.5,10.5,5,low,white,82.845,0.08690928843020099,37.64705882352941,145.83333333333331,0.8265,0.014117647058823528
7.2,0.19,0.39,1.2,0.036,32.0,85.0,0.9918,3.16,0.5,10.5,5,low,white,82.845,0.08690928843020099,37.64705882352941,145.83333333333331,0.8265,0.014117647058823528
7.2,0.25,0.39,18.95,0.038,42.0,155.0,0.9999,2.97,0.47,9.0,6,medium,white,71.01,0.10139416983523447,27.09677419354839,125.0,0.052765171503957785,0.12225806451612903
7.3,0.28,0.36,12.7,0.04,38.0,140.0,0.998,3.3,0.79,9.6,6,medium,white,75.744,0.0963772708069286,27.142857142857142,131.50684931506848,0.07858267716535433,0.0907142857142857
7.4,0.21,0.27,1.2,0.041,27.0,99.0,0.9927,3.19,0.33,9.8,6,medium,white,77.322,0.09570368071182846,27.27272727272727,132.43243243243242,0.82725,0.012121212121212121
6.8,0.26,0.22,7.7,0.047,57.0,210.0,0.9959,3.1,0.47,9.0,5,low,white,71.01,0.09576116039994366,27.142857142857142,132.35294117647058,0.12933766233766233,0.03666666666666667
7.4,0.21,0.27,1.2,0.041,27.0,99.0,0.9927,3.19,0.33,9.8,6,medium,white,77.322,0.09570368071182846,27.27272727272727,132.43243243243242,0.82725,0.012121212121212121
7.4,0.31,0.28,1.6,0.05,33.0,137.0,0.9929,3.31,0.56,10.5,6,medium,white,82.845,0.0893234353310399,24.087591240875913,141.89189189189187,0.6205625,0.011678832116788322
7.0,0.22,0.31,2.7,0.03,41.0,136.0,0.9898,3.16,0.37,12.7,7,medium,white,100.203,0.06985818787860643,30.14705882352941,181.42857142857142,0.3665925925925926,0.01985294117647059
7.0,0.21,0.28,8.7,0.045,37.0,222.0,0.9954,3.25,0.54,10.4,6,medium,white,82.056,0.08530759481329823,16.666666666666664,148.57142857142858,0.11441379310344828,0.039189189189189184
7.0,0.21,0.28,8.6,0.045,37.0,221.0,0.9954,3.25,0.54,10.4,6,medium,white,82.056,0.08530759481329823,16.7420814479638,148.57142857142858,0.11574418604651163,0.03891402714932127
7.0,0.21,0.28,8.6,0.045,37.0,221.0,0.9954,3.25,0.54,10.4,6,medium,white,82.056,0.08530759481329823,16.7420814479638,148.57142857142858,0.11574418604651163,0.03891402714932127
6.9,0.23,0.38,8.3,0.047,47.0,162.0,0.9954,3.34,0.52,10.5,7,medium,white,82.845,0.08328806807894261,29.01234567901235,152.17391304347825,0.11992771084337348,0.051234567901234575
7.0,0.21,0.28,8.7,0.045,37.0,222.0,0.9954,3.25,0.54,10.4,6,medium,white,82.056,0.08530759481329823,16.666666666666664,148.57142857142858,0.11441379310344828,0.039189189189189184
7.0,0.21,0.28,8.6,0.045,37.0,221.0,0.9954,3.25,0.54,10.4,6,medium,white,82.056,0.08530759481329823,16.7420814479638,148.57142857142858,0.11574418604651163,0.03891402714932127
6.8,0.29,0.5,13.3,0.053,48.0,194.0,0.9974,3.09,0.45,9.4,5,low,white,74.166,0.09168621740420138,24.742268041237114,138.23529411764707,0.07499248120300751,0.06855670103092784
7.8,0.21,0.27,1.2,0.051,20.0,89.0,0.9936,3.06,0.46,9.1,5,low,white,71.799,0.10863661053775121,22.47191011235955,116.66666666666667,0.8280000000000001,0.01348314606741573
7.1,0.31,0.47,13.6,0.056,54.0,197.0,0.9978,3.1,0.49,9.3,5,low,white,73.37700000000001,0.09676056529975331,27.411167512690355,130.98591549295776,0.07336764705882354,0.06903553299492386
6.8,0.29,0.5,13.3,0.053,48.0,194.0,0.9974,3.09,0.45,9.4,5,low,white,74.166,0.09168621740420138,24.742268041237114,138.23529411764707,0.07499248120300751,0.06855670103092784
6.4,0.34,0.1,1.1,0.048,19.0,84.0,0.9927,3.21,0.38,9.8,5,low,white,77.322,0.0827707508859057,22.61904761904762,153.125,0.9024545454545454,0.013095238095238096
7.4,0.155,0.34,2.3,0.045,73.5,214.0,0.9934,3.18,0.61,9.9,7,medium,white,78.111,0.09473697686625443,34.345794392523366,133.78378378378378,0.43191304347826087,0.010747663551401868
7.2,0.55,0.09,1.5,0.108,16.0,151.0,0.9938,3.07,0.57,9.2,4,low,white,72.58800000000001,0.0991899487518598,10.596026490066226,127.77777777777777,0.6625333333333333,0.009933774834437087
7.0,0.23,0.36,7.1,0.028,31.0,104.0,0.9922,3.35,0.47,12.1,8,high,white,95.46900000000001,0.0733222302527522,29.807692307692307,172.85714285714283,0.13974647887323943,0.06826923076923076
6.9,0.2,0.37,6.2,0.027,24.0,97.0,0.992,3.38,0.49,12.2,7,medium,white,96.25800000000001,0.07168235367449978,24.742268041237114,176.81159420289853,0.16,0.06391752577319587
6.1,0.28,0.32,2.5,0.042,23.0,218.5,0.9935,3.27,0.6,9.8,5,low,white,77.322,0.07889087193812885,10.526315789473683,160.65573770491807,0.39740000000000003,0.011441647597254004
6.6,0.16,0.32,1.4,0.035,49.0,186.0,0.9906,3.35,0.64,12.4,8,high,white,97.836,0.06745983073715196,26.344086021505376,187.87878787878788,0.7075714285714286,0.007526881720430107
7.4,0.155,0.34,2.3,0.045,73.5,214.0,0.9934,3.18,0.61,9.9,7,medium,white,78.111,0.09473697686625443,34.345794392523366,133.78378378378378,0.43191304347826087,0.010747663551401868
6.2,0.35,0.04,1.2,0.06,23.0,108.0,0.9934,3.26,0.54,9.2,5,low,white,72.58800000000001,0.08541356698076816,21.296296296296298,148.38709677419354,0.8278333333333333,0.011111111111111112
6.7,0.22,0.37,1.6,0.028,24.0,102.0,0.9913,3.29,0.59,11.6,7,medium,white,91.524,0.0732048424456973,23.52941176470588,173.13432835820893,0.6195624999999999,0.01568627450980392
6.1,0.38,0.2,6.6,0.033,25.0,137.0,0.9938,3.3,0.69,10.4,6,medium,white,82.056,0.07433947548015989,18.248175182481752,170.49180327868854,0.15057575757575759,0.04817518248175182
6.0,0.25,0.28,2.2,0.026,54.0,126.0,0.9898,3.43,0.65,12.9,8,high,white,101.781,0.05895009874141539,42.857142857142854,215.0,0.44990909090909087,0.01746031746031746
6.6,0.52,0.44,12.2,0.048,54.0,245.0,0.9975,3.26,0.54,9.3,6,medium,white,73.37700000000001,0.08994644098286927,22.040816326530614,140.9090909090909,0.08176229508196722,0.04979591836734694
6.9,0.24,0.36,20.8,0.031,40.0,139.0,0.9975,3.2,0.33,11.0,6,medium,white,86.79,0.07950224680262703,28.776978417266186,159.42028985507247,0.04795673076923077,0.1496402877697842
7.1,0.32,0.32,11.0,0.038,16.0,66.0,0.9937,3.24,0.4,11.5,3,low,white,90.735,0.07824984845980051,24.242424242424242,161.9718309859155,0.09033636363636365,0.16666666666666666
5.8,0.28,0.27,2.6,0.054,30.0,156.0,0.9914,3.53,0.42,12.4,5,low,white,97.836,0.059282881556891126,19.230769230769234,213.7931034482759,0.3813076923076923,0.016666666666666666
6.5,0.41,0.24,14.0,0.048,24.0,113.0,0.9982,3.44,0.53,9.8,6,medium,white,77.322,0.08406404386849797,21.238938053097346,150.7692307692308,0.0713,0.12389380530973451
6.5,0.41,0.24,14.0,0.048,24.0,113.0,0.9982,3.44,0.53,9.8,6,medium,white,77.322,0.08406404386849797,21.238938053097346,150.7692307692308,0.0713,0.12389380530973451
6.4,0.28,0.29,1.6,0.052,34.0,127.0,0.9929,3.48,0.56,10.5,7,medium,white,82.845,0.07725270082684532,26.77165354330709,164.0625,0.6205625,0.012598425196850395
7.2,0.6,0.2,9.9,0.07,21.0,174.0,0.9971,3.03,0.54,9.1,5,low,white,71.799,0.10027994818869343,12.068965517241379,126.38888888888889,0.10071717171717172,0.056896551724137934
6.1,0.2,0.25,1.2,0.038,34.0,128.0,0.9921,3.24,0.44,10.1,5,low,white,79.68900000000001,0.07654757871224384,26.5625,165.5737704918033,0.82675,0.009375
5.9,0.46,0.14,2.7,0.042,27.0,160.0,0.9931,3.46,0.51,10.6,7,medium,white,83.634,0.0705454719372504,16.875,179.66101694915253,0.36781481481481476,0.016875
6.0,0.27,0.27,1.6,0.046,32.0,113.0,0.9924,3.41,0.51,10.5,7,medium,white,82.845,0.07242440702516749,28.31858407079646,175.0,0.62025,0.014159292035398232
6.4,0.28,0.29,1.6,0.052,34.0,127.0,0.9929,3.48,0.56,10.5,7,medium,white,82.845,0.07725270082684532,26.77165354330709,164.0625,0.6205625,0.012598425196850395
6.4,0.41,0.24,14.0,0.048,24.0,113.0,0.9982,3.44,0.53,9.8,6,medium,white,77.322,0.0827707508859057,21.238938053097346,153.125,0.0713,0.12389380530973451
6.3,0.23,0.31,1.5,0.022,11.0,82.0,0.9892,3.3,0.4,12.9,7,medium,white,101.781,0.06189760367848616,13.414634146341465,204.7619047619048,0.6594666666666666,0.018292682926829267
7.1,0.21,0.27,8.6,0.056,26.0,111.0,0.9956,2.95,0.52,9.5,5,low,white,74.955,0.09472350076712693,23.423423423423422,133.80281690140845,0.11576744186046513,0.07747747747747748
6.0,0.37,0.32,1.0,0.053,31.0,218.5,0.9924,3.29,0.72,9.8,6,medium,white,77.322,0.07759757895553658,14.187643020594965,163.33333333333334,0.9924,0.004576659038901602
6.1,0.43,0.35,9.1,0.059,83.0,249.0,0.9971,3.37,0.5,8.5,5,low,white,67.065,0.0909565347051368,33.33333333333333,139.34426229508196,0.10957142857142857,0.03654618473895582
7.1,0.21,0.27,8.6,0.056,26.0,111.0,0.9956,2.95,0.52,9.5,5,low,white,74.955,0.09472350076712693,23.423423423423422,133.80281690140845,0.11576744186046513,0.07747747747747748
7.0,0.25,0.29,15.2,0.047,40.0,171.0,0.9982,3.22,0.45,9.3,5,low,white,73.37700000000001,0.09539774043637651,23.391812865497073,132.85714285714286,0.06567105263157895,0.08888888888888888
5.9,0.25,0.19,12.4,0.047,50.0,162.0,0.9973,3.35,0.38,9.5,5,low,white,74.955,0.07871389500366888,30.864197530864196,161.01694915254237,0.0804274193548387,0.07654320987654321
6.8,0.32,0.21,2.2,0.044,15.0,68.0,0.9932,3.17,0.39,9.4,6,medium,white,74.166,0.09168621740420138,22.058823529411764,138.23529411764707,0.4514545454545454,0.03235294117647059
7.2,0.39,0.62,11.0,0.047,66.0,178.0,0.9976,3.16,0.5,8.7,5,low,white,68.643,0.10489052051920808,37.07865168539326,120.83333333333333,0.0906909090909091,0.06179775280898876
6.3,0.21,0.58,10.0,0.081,34.0,126.0,0.9962,2.95,0.46,8.9,5,low,white,70.221,0.0897167513991541,26.984126984126984,141.26984126984127,0.09962,0.07936507936507936
7.0,0.14,0.32,9.0,0.039,54.0,141.0,0.9956,3.22,0.43,9.4,6,medium,white,74.166,0.09438287085726614,38.297872340425535,134.2857142857143,0.11062222222222223,0.06382978723404255
6.8,0.32,0.21,2.2,0.044,15.0,68.0,0.9932,3.17,0.39,9.4,6,medium,white,74.166,0.09168621740420138,22.058823529411764,138.23529411764707,0.4514545454545454,0.03235294117647059
7.2,0.39,0.62,11.0,0.047,66.0,178.0,0.9976,3.16,0.5,8.7,5,low,white,68.643,0.10489052051920808,37.07865168539326,120.83333333333333,0.0906909090909091,0.06179775280898876
7.2,0.29,0.53,18.15,0.047,59.0,182.0,0.9992,3.09,0.52,9.6,5,low,white,75.744,0.09505703422053233,32.417582417582416,133.33333333333331,0.055052341597796144,0.09972527472527472
8.6,0.37,0.7,12.15,0.039,21.0,158.0,0.9983,3.0,0.73,9.3,6,medium,white,73.37700000000001,0.11720293825040543,13.291139240506327,108.13953488372094,0.08216460905349794,0.0768987341772152
6.5,0.38,0.34,3.4,0.036,34.0,200.0,0.9937,3.14,0.76,10.0,5,low,white,78.9,0.082382762991128,17.0,153.84615384615387,0.292264705882353,0.017
6.6,0.24,0.29,2.0,0.023,19.0,86.0,0.99,3.25,0.45,12.5,6,medium,white,98.625,0.06692015209125475,22.093023255813954,189.3939393939394,0.495,0.023255813953488372
7.0,0.17,0.31,4.8,0.034,34.0,132.0,0.9944,3.36,0.48,9.6,7,medium,white,75.744,0.09241656104773975,25.757575757575758,137.14285714285714,0.20716666666666667,0.03636363636363636
5.5,0.16,0.22,4.5,0.03,30.0,102.0,0.9938,3.24,0.36,9.4,6,medium,white,74.166,0.07415796995928053,29.411764705882355,170.90909090909093,0.22084444444444445,0.04411764705882353
7.0,0.24,0.51,11.0,0.029,55.0,227.0,0.9965,3.03,0.61,9.5,5,low,white,74.955,0.09338936695350544,24.229074889867842,135.71428571428572,0.0905909090909091,0.048458149779735685
7.4,0.28,0.36,1.1,0.028,42.0,105.0,0.9893,2.99,0.39,12.4,7,medium,white,97.836,0.07563677991741281,40.0,167.56756756756758,0.8993636363636363,0.010476190476190477
7.0,0.22,0.28,1.5,0.037,29.0,115.0,0.9927,3.11,0.55,10.5,6,medium,white,82.845,0.08449514152936206,25.217391304347824,150.0,0.6618,0.013043478260869565
7.1,0.55,0.13,1.7,0.073,21.0,165.0,0.994,2.97,0.58,9.2,6,medium,white,72.58800000000001,0.09781231057475064,12.727272727272727,129.5774647887324,0.5847058823529412,0.010303030303030303
6.3,0.22,0.33,1.7,0.041,67.0,164.0,0.9928,3.32,0.56,10.4,6,medium,white,82.056,0.07677683533196841,40.853658536585364,165.0793650793651,0.5840000000000001,0.010365853658536586
6.7,0.47,0.34,8.9,0.043,31.0,172.0,0.9964,3.22,0.6,9.2,5,low,white,72.58800000000001,0.09230175786631398,18.023255813953487,137.3134328358209,0.11195505617977528,0.05174418604651163
5.9,0.36,0.41,1.3,0.047,45.0,104.0,0.9917,3.33,0.51,10.6,6,medium,white,83.634,0.0705454719372504,43.269230769230774,179.66101694915253,0.7628461538461538,0.0125
5.8,0.25,0.24,13.3,0.044,41.0,137.0,0.9972,3.34,0.42,9.5,5,low,white,74.955,0.07737976119004736,29.927007299270077,163.79310344827587,0.07497744360902255,0.09708029197080292
6.7,0.47,0.34,8.9,0.043,31.0,172.0,0.9964,3.22,0.6,9.2,5,low,white,72.58800000000001,0.09230175786631398,18.023255813953487,137.3134328358209,0.11195505617977528,0.05174418604651163
6.2,0.37,0.3,6.6,0.346,79.0,200.0,0.9954,3.29,0.58,9.6,5,low,white,75.744,0.0818546683565695,39.5,154.83870967741936,0.15081818181818182,0.033
6.2,0.18,0.38,1.5,0.028,36.0,117.0,0.993,3.47,0.54,9.7,6,medium,white,76.533,0.08101080579619249,30.76923076923077,156.4516129032258,0.662,0.01282051282051282
6.0,0.16,0.37,1.5,0.025,43.0,117.0,0.9928,3.46,0.51,9.7,6,medium,white,76.533,0.07839755399631532,36.75213675213676,161.66666666666666,0.6618666666666667,0.01282051282051282
6.6,0.34,0.28,1.3,0.035,32.0,90.0,0.9916,3.1,0.42,10.7,6,medium,white,84.423,0.07817774777015742,35.55555555555556,162.12121212121212,0.7627692307692308,0.014444444444444446
7.4,0.29,0.29,1.6,0.045,53.0,180.0,0.9936,3.34,0.68,10.5,6,medium,white,82.845,0.0893234353310399,29.444444444444446,141.89189189189187,0.621,0.008888888888888889
7.4,0.26,0.31,7.6,0.047,52.0,177.0,0.9962,3.13,0.45,8.9,6,medium,white,70.221,0.1053815810085302,29.37853107344633,120.27027027027026,0.13107894736842104,0.04293785310734463
7.0,0.28,0.36,1.0,0.035,8.0,70.0,0.9899,3.09,0.46,12.1,6,medium,white,95.46900000000001,0.0733222302527522,11.428571428571429,172.85714285714283,0.9899,0.014285714285714285
7.1,0.23,0.39,1.6,0.032,12.0,65.0,0.9898,3.25,0.4,12.7,7,medium,white,100.203,0.07085616199115795,18.461538461538463,178.8732394366197,0.618625,0.024615384615384615
7.8,0.19,0.26,8.9,0.039,42.0,182.0,0.996,3.18,0.46,9.9,6,medium,white,78.111,0.0998578945347006,23.076923076923077,126.92307692307693,0.11191011235955056,0.0489010989010989
6.3,0.19,0.28,1.8,0.022,28.0,158.0,0.9907,3.2,0.64,11.4,6,medium,white,89.946,0.07004202521512908,17.72151898734177,180.95238095238096,0.5503888888888889,0.01139240506329114
6.8,0.2,0.38,4.7,0.04,27.0,103.0,0.994,3.37,0.58,10.7,6,medium,white,84.423,0.08054677042985915,26.21359223300971,157.35294117647058,0.21148936170212765,0.04563106796116505
5.7,0.44,0.13,7.0,0.025,28.0,173.0,0.9913,3.33,0.48,12.5,6,medium,white,98.625,0.057794676806083654,16.184971098265898,219.29824561403507,0.14161428571428572,0.04046242774566474
7.2,0.4,0.62,10.8,0.041,70.0,189.0,0.9976,3.08,0.49,8.6,4,low,white,67.854,0.10611017773454771,37.03703703703704,119.44444444444444,0.09237037037037037,0.05714285714285715
6.8,0.23,0.32,1.6,0.026,43.0,147.0,0.9904,3.29,0.54,12.5,6,medium,white,98.625,0.06894803548795944,29.25170068027211,183.82352941176472,0.6189999999999999,0.0108843537414966
5.7,0.335,0.34,1.0,0.04,13.0,174.0,0.992,3.27,0.66,10.0,5,low,white,78.9,0.07224334600760456,7.471264367816093,175.43859649122805,0.992,0.005747126436781609
7.2,0.4,0.62,10.8,0.041,70.0,189.0,0.9976,3.08,0.49,8.6,4,low,white,67.854,0.10611017773454771,37.03703703703704,119.44444444444444,0.09237037037037037,0.05714285714285715
7.2,0.28,0.54,16.7,0.045,54.0,200.0,0.999,3.08,0.49,9.5,6,medium,white,74.955,0.09605763458074845,27.0,131.94444444444443,0.05982035928143713,0.08349999999999999
6.8,0.19,0.58,14.2,0.038,51.0,164.0,0.9975,3.12,0.48,9.6,6,medium,white,75.744,0.08977608787494719,31.097560975609756,141.1764705882353,0.07024647887323944,0.08658536585365853
6.4,0.3,0.3,2.25,0.038,8.0,210.0,0.9937,3.2,0.62,9.9,6,medium,white,78.111,0.08193468269513897,3.8095238095238098,154.6875,0.44164444444444445,0.010714285714285714
6.5,0.3,0.29,2.25,0.037,8.0,210.0,0.9937,3.19,0.62,9.9,5,low,white,78.111,0.08321491211225052,3.8095238095238098,152.30769230769232,0.44164444444444445,0.010714285714285714
7.8,0.18,0.31,12.2,0.053,46.0,140.0,0.998,3.06,0.53,8.9,6,medium,white,70.221,0.11107788268466696,32.857142857142854,114.10256410256412,0.08180327868852459,0.08714285714285713
7.8,0.18,0.31,12.2,0.053,46.0,140.0,0.998,3.06,0.53,8.9,6,medium,white,70.221,0.11107788268466696,32.857142857142854,114.10256410256412,0.08180327868852459,0.08714285714285713
7.3,0.51,0.26,3.3,0.09,7.0,135.0,0.9944,3.01,0.52,8.8,5,low,white,69.432,0.10513884088028574,5.185185185185185,120.54794520547946,0.30133333333333334,0.024444444444444442
6.0,0.24,0.27,1.9,0.048,40.0,170.0,0.9938,3.64,0.54,10.0,7,medium,white,78.9,0.07604562737642585,23.52941176470588,166.66666666666669,0.5230526315789474,0.011176470588235293
5.9,0.62,0.28,3.5,0.039,55.0,152.0,0.9907,3.44,0.44,12.0,6,medium,white,94.68,0.06231516687790452,36.18421052631579,203.38983050847457,0.28305714285714284,0.023026315789473683
6.0,0.24,0.27,1.9,0.048,40.0,170.0,0.9938,3.64,0.54,10.0,7,medium,white,78.9,0.07604562737642585,23.52941176470588,166.66666666666669,0.5230526315789474,0.011176470588235293
6.7,0.27,0.12,1.3,0.041,62.0,138.0,0.9921,3.21,0.42,10.0,6,medium,white,78.9,0.08491761723700887,44.927536231884055,149.25373134328356,0.7631538461538461,0.009420289855072464
7.8,0.34,0.35,1.8,0.042,8.0,167.0,0.9908,3.11,0.41,12.1,6,medium,white,95.46900000000001,0.08170191371020959,4.790419161676647,155.12820512820514,0.5504444444444444,0.010778443113772455
7.3,0.26,0.36,5.2,0.04,31.0,141.0,0.9931,3.16,0.59,11.0,6,medium,white,86.79,0.08411107270422859,21.98581560283688,150.68493150684932,0.19098076923076923,0.03687943262411348
7.4,0.36,0.33,1.4,0.025,27.0,55.0,0.9915,3.21,0.33,11.2,6,medium,white,88.36800000000001,0.0837407206228499,49.09090909090909,151.35135135135133,0.7082142857142858,0.025454545454545452
7.8,0.28,0.32,9.0,0.036,34.0,115.0,0.9952,3.17,0.39,10.3,7,medium,white,81.26700000000001,0.09597991804791611,29.565217391304348,132.05128205128207,0.11057777777777777,0.0782608695652174
6.1,0.31,0.26,2.2,0.051,28.0,167.0,0.9926,3.37,0.47,10.4,6,medium,white,82.056,0.07433947548015989,16.766467065868262,170.49180327868854,0.4511818181818182,0.01317365269461078
6.8,0.18,0.37,1.6,0.055,47.0,154.0,0.9934,3.08,0.45,9.1,5,low,white,71.799,0.09470883995598824,30.519480519480517,133.8235294117647,0.620875,0.01038961038961039
7.4,0.15,0.42,1.7,0.045,49.0,154.0,0.992,3.0,0.6,10.4,6,medium,white,82.056,0.09018231451691529,31.818181818181817,140.54054054054055,0.5835294117647059,0.01103896103896104
5.9,0.13,0.28,1.9,0.05,20.0,78.0,0.9918,3.43,0.64,10.8,6,medium,white,85.212,0.0692390743087828,25.64102564102564,183.05084745762713,0.522,0.02435897435897436
7.2,0.34,0.34,12.6,0.048,7.0,41.0,0.9942,3.19,0.4,11.7,5,low,white,92.313,0.07799551525787267,17.073170731707318,162.49999999999997,0.07890476190476191,0.3073170731707317
7.9,0.19,0.26,2.1,0.039,8.0,143.0,0.9942,3.05,0.74,9.8,5,low,white,77.322,0.10217014562478983,5.594405594405594,124.0506329113924,0.4734285714285714,0.014685314685314687
7.9,0.19,0.26,2.1,0.039,8.0,143.0,0.9942,3.05,0.74,9.8,5,low,white,77.322,0.10217014562478983,5.594405594405594,124.0506329113924,0.4734285714285714,0.014685314685314687
6.9,0.25,0.4,1.3,0.038,22.0,101.0,0.9901,3.03,0.39,11.4,6,medium,white,89.946,0.07671269428323661,21.782178217821784,165.2173913043478,0.7616153846153846,0.012871287128712872
5.8,0.36,0.32,1.7,0.033,22.0,96.0,0.9898,3.03,0.38,11.2,6,medium,white,88.36800000000001,0.06563461886655803,22.916666666666664,193.10344827586206,0.5822352941176471,0.017708333333333333
5.6,0.35,0.37,1.0,0.038,6.0,72.0,0.9902,3.37,0.34,11.4,5,low,white,89.946,0.062259577969003624,8.333333333333332,203.5714285714286,0.9902,0.013888888888888888
5.9,0.32,0.39,3.3,0.114,24.0,140.0,0.9934,3.09,0.45,9.2,6,medium,white,72.58800000000001,0.08128065244944067,17.142857142857142,155.9322033898305,0.30103030303030304,0.02357142857142857
7.2,0.31,0.46,5.0,0.04,3.0,29.0,0.9906,3.04,0.53,12.5,4,low,white,98.625,0.07300380228136882,10.344827586206897,173.61111111111111,0.19812000000000002,0.1724137931034483
6.1,0.28,0.22,1.8,0.034,32.0,116.0,0.9898,3.36,0.44,12.6,6,medium,white,99.414,0.06135956706298911,27.586206896551722,206.55737704918033,0.5498888888888889,0.015517241379310345
5.2,0.36,0.02,1.6,0.031,24.0,104.0,0.9896,3.44,0.35,12.2,6,medium,white,96.25800000000001,0.054021483928608525,23.076923076923077,234.61538461538458,0.6184999999999999,0.015384615384615385
5.6,0.19,0.47,4.5,0.03,19.0,112.0,0.9922,3.56,0.45,11.2,6,medium,white,88.36800000000001,0.06337135614702154,16.964285714285715,200.0,0.22048888888888887,0.04017857142857143
6.4,0.1,0.35,4.9,0.048,31.0,103.0,0.9947,3.43,0.79,9.7,6,medium,white,76.533,0.08362405759606967,30.097087378640776,151.56249999999997,0.20299999999999999,0.047572815533980586
6.4,0.18,0.48,4.0,0.186,64.0,150.0,0.9945,3.06,0.4,9.3,5,low,white,73.37700000000001,0.08722079125611568,42.66666666666667,145.3125,0.248625,0.02666666666666667
7.4,0.25,0.36,13.2,0.067,53.0,178.0,0.9976,3.01,0.48,9.0,6,medium,white,71.01,0.10421067455287987,29.775280898876407,121.62162162162163,0.07557575757575759,0.0741573033707865
7.4,0.25,0.36,13.2,0.067,53.0,178.0,0.9976,3.01,0.48,9.0,6,medium,white,71.01,0.10421067455287987,29.775280898876407,121.62162162162163,0.07557575757575759,0.0741573033707865
7.4,0.25,0.36,13.2,0.067,53.0,178.0,0.9976,3.01,0.48,9.0,6,medium,white,71.01,0.10421067455287987,29.775280898876407,121.62162162162163,0.07557575757575759,0.0741573033707865
7.9,0.345,0.51,15.3,0.047,54.0,171.0,0.9987,3.09,0.51,9.1,5,low,white,71.799,0.11002938759592751,31.57894736842105,115.18987341772151,0.06527450980392156,0.08947368421052632
7.9,0.345,0.51,15.3,0.047,54.0,171.0,0.9987,3.09,0.51,9.1,5,low,white,71.799,0.11002938759592751,31.57894736842105,115.18987341772151,0.06527450980392156,0.08947368421052632
7.4,0.25,0.36,13.2,0.067,53.0,178.0,0.9976,3.01,0.48,9.0,6,medium,white,71.01,0.10421067455287987,29.775280898876407,121.62162162162163,0.07557575757575759,0.0741573033707865
6.1,0.24,0.3,1.5,0.045,22.0,61.0,0.992,3.31,0.54,10.4,5,low,white,82.056,0.07433947548015989,36.0655737704918,170.49180327868854,0.6613333333333333,0.02459016393442623
6.8,0.25,0.24,4.55,0.053,41.0,211.0,0.9955,3.37,0.67,9.5,6,medium,white,74.955,0.09072109932626242,19.431279620853083,139.7058823529412,0.2187912087912088,0.02156398104265403
6.7,0.31,0.31,9.9,0.04,10.0,175.0,0.9953,3.46,0.55,11.4,4,low,white,89.946,0.07448913792720077,5.714285714285714,170.1492537313433,0.10053535353535353,0.05657142857142857
7.2,0.46,0.65,10.4,0.05,76.0,192.0,0.9976,3.16,0.42,8.7,5,low,white,68.643,0.10489052051920808,39.58333333333333,120.83333333333333,0.09592307692307693,0.05416666666666667
5.5,0.35,0.35,1.1,0.045,14.0,167.0,0.992,3.34,0.68,9.9,6,medium,white,78.111,0.07041261794113504,8.383233532934131,180.0,0.9018181818181817,0.00658682634730539
6.7,0.24,0.41,8.7,0.036,29.0,148.0,0.9952,3.22,0.62,9.9,6,medium,white,78.111,0.08577537094647361,19.594594594594593,147.76119402985074,0.11439080459770115,0.05878378378378378
6.8,0.28,0.17,13.9,0.047,49.0,162.0,0.9983,3.21,0.51,9.0,6,medium,white,71.01,0.09576116039994366,30.246913580246915,132.35294117647058,0.07182014388489208,0.08580246913580247
6.4,0.16,0.22,1.4,0.04,41.0,149.0,0.9933,3.49,0.58,10.0,6,medium,white,78.9,0.08111533586818757,27.516778523489933,156.25,0.7095,0.009395973154362415
6.3,0.26,0.24,7.2,0.039,38.0,172.0,0.9958,3.49,0.64,9.7,6,medium,white,76.533,0.08231743169613108,22.093023255813954,153.96825396825395,0.13830555555555554,0.04186046511627907
7.7,0.22,0.42,1.9,0.052,10.0,87.0,0.9922,3.3,0.49,11.8,6,medium,white,93.102,0.08270499022577388,11.494252873563218,153.24675324675326,0.5222105263157895,0.021839080459770115
6.5,0.18,0.31,1.7,0.044,30.0,127.0,0.9928,3.49,0.5,10.2,7,medium,white,80.47800000000001,0.08076741469718432,23.62204724409449,156.92307692307693,0.5840000000000001,0.013385826771653543
7.2,0.46,0.65,10.4,0.05,76.0,192.0,0.9976,3.16,0.42,8.7,5,low,white,68.643,0.10489052051920808,39.58333333333333,120.83333333333333,0.09592307692307693,0.05416666666666667
7.0,0.3,0.51,13.6,0.05,40.0,168.0,0.9976,3.07,0.52,9.6,7,medium,white,75.744,0.09241656104773975,23.809523809523807,137.14285714285714,0.07335294117647059,0.08095238095238096
9.2,0.25,0.34,1.2,0.026,31.0,93.0,0.9916,2.93,0.37,11.3,7,medium,white,89.15700000000001,0.10318875691196426,33.33333333333333,122.82608695652175,0.8263333333333334,0.012903225806451613
7.8,0.28,0.34,1.6,0.028,32.0,118.0,0.9901,3.0,0.38,12.1,7,medium,white,95.46900000000001,0.08170191371020959,27.11864406779661,155.12820512820514,0.6188125,0.013559322033898306
7.0,0.3,0.51,13.6,0.05,40.0,168.0,0.9976,3.07,0.52,9.6,7,medium,white,75.744,0.09241656104773975,23.809523809523807,137.14285714285714,0.07335294117647059,0.08095238095238096
7.8,0.28,0.34,1.6,0.028,32.0,118.0,0.9901,3.0,0.38,12.1,7,medium,white,95.46900000000001,0.08170191371020959,27.11864406779661,155.12820512820514,0.6188125,0.013559322033898306
9.2,0.25,0.34,1.2,0.026,31.0,93.0,0.9916,2.93,0.37,11.3,7,medium,white,89.15700000000001,0.10318875691196426,33.33333333333333,122.82608695652175,0.8263333333333334,0.012903225806451613
8.4,0.35,0.71,12.2,0.046,22.0,160.0,0.9982,2.98,0.65,9.4,5,low,white,74.166,0.11325944502871937,13.750000000000002,111.90476190476191,0.08181967213114755,0.07625
6.1,0.41,0.24,1.6,0.049,16.0,137.0,0.993,3.32,0.5,10.4,6,medium,white,82.056,0.07433947548015989,11.678832116788321,170.49180327868854,0.620625,0.011678832116788322
5.9,0.21,0.24,12.1,0.044,53.0,165.0,0.9969,3.25,0.39,9.5,5,low,white,74.955,0.07871389500366888,32.121212121212125,161.01694915254237,0.08238842975206612,0.07333333333333333
7.2,0.34,0.44,4.2,0.047,51.0,144.0,0.991,3.01,0.76,12.3,6,medium,white,97.04700000000001,0.07419085597700083,35.41666666666667,170.83333333333334,0.23595238095238094,0.029166666666666667
6.7,0.21,0.42,9.1,0.049,31.0,150.0,0.9953,3.12,0.74,9.9,7,medium,white,78.111,0.08577537094647361,20.666666666666668,147.76119402985074,0.10937362637362637,0.06066666666666667
5.9,0.37,0.1,1.6,0.057,39.0,128.0,0.9924,3.24,0.48,10.1,5,low,white,79.68900000000001,0.07403782203315389,30.46875,171.1864406779661,0.62025,0.0125
7.7,0.34,0.27,8.8,0.063,39.0,184.0,0.9969,3.09,0.63,9.2,6,medium,white,72.58800000000001,0.10607813963740562,21.195652173913043,119.48051948051948,0.1132840909090909,0.04782608695652174
7.4,0.3,0.22,1.4,0.046,16.0,135.0,0.9928,3.08,0.77,10.4,7,medium,white,82.056,0.09018231451691529,11.851851851851853,140.54054054054055,0.7091428571428572,0.01037037037037037
6.8,0.51,0.3,4.2,0.066,38.0,165.0,0.9945,3.2,0.42,9.1,5,low,white,71.799,0.09470883995598824,23.03030303030303,133.8235294117647,0.2367857142857143,0.025454545454545455
7.8,0.22,0.38,10.3,0.059,28.0,99.0,0.9967,3.12,0.47,10.0,6,medium,white,78.9,0.0988593155893536,28.28282828282828,128.2051282051282,0.09676699029126214,0.10404040404040404
7.2,0.35,0.34,12.4,0.051,6.0,37.0,0.9944,3.13,0.39,11.5,6,medium,white,90.735,0.07935195900148785,16.216216216216218,159.7222222222222,0.08019354838709677,0.33513513513513515
6.0,0.26,0.5,2.2,0.048,59.0,153.0,0.9928,3.08,0.61,9.8,5,low,white,77.322,0.07759757895553658,38.56209150326798,163.33333333333334,0.45127272727272727,0.014379084967320262
6.1,0.26,0.51,2.2,0.05,61.0,154.0,0.9929,3.08,0.6,9.8,6,medium,white,77.322,0.07889087193812885,39.61038961038961,160.65573770491807,0.4513181818181818,0.014285714285714287
6.5,0.28,0.27,5.2,0.04,44.0,179.0,0.9948,3.19,0.69,9.4,6,medium,white,74.166,0.08764123722460428,24.581005586592177,144.6153846153846,0.19130769230769232,0.02905027932960894
7.4,0.41,0.66,10.8,0.051,77.0,194.0,0.9976,3.05,0.46,8.7,5,low,white,68.643,0.10780414608918608,39.69072164948454,117.56756756756755,0.09237037037037037,0.05567010309278351
6.5,0.28,0.29,2.7,0.038,26.0,107.0,0.9912,3.32,0.41,11.6,7,medium,white,91.524,0.0710196232682138,24.299065420560748,178.46153846153845,0.36711111111111105,0.025233644859813085
6.7,0.34,0.54,16.3,0.047,44.0,181.0,0.9987,3.04,0.56,8.8,5,low,white,69.432,0.09649729231478281,24.30939226519337,131.34328358208955,0.06126993865030675,0.09005524861878453
7.2,0.2,0.34,2.7,0.032,49.0,151.0,0.99,3.16,0.39,12.7,7,medium,white,100.203,0.07185413610370947,32.450331125827816,176.38888888888889,0.36666666666666664,0.017880794701986755
7.4,0.2,0.33,1.9,0.035,39.0,138.0,0.991,3.17,0.44,11.7,7,medium,white,92.313,0.08016205734836913,28.26086956521739,158.1081081081081,0.521578947368421,0.013768115942028985
8.2,0.22,0.3,1.8,0.047,47.0,185.0,0.9933,3.13,0.5,10.2,6,medium,white,80.47800000000001,0.10189120007952482,25.405405405405407,124.39024390243902,0.5518333333333333,0.00972972972972973
8.2,0.23,0.29,1.8,0.047,47.0,187.0,0.9933,3.13,0.5,10.2,6,medium,white,80.47800000000001,0.10189120007952482,25.13368983957219,124.39024390243902,0.5518333333333333,0.009625668449197862
7.1,0.22,0.33,2.8,0.033,48.0,153.0,0.9899,3.15,0.38,12.7,7,medium,white,100.203,0.07085616199115795,31.372549019607842,178.8732394366197,0.3535357142857143,0.01830065359477124
6.5,0.28,0.29,2.7,0.038,26.0,107.0,0.9912,3.32,0.41,11.6,7,medium,white,91.524,0.0710196232682138,24.299065420560748,178.46153846153845,0.36711111111111105,0.025233644859813085
6.0,0.38,0.26,6.0,0.034,42.0,134.0,0.9912,3.38,0.38,12.3,7,medium,white,97.04700000000001,0.061825713314167356,31.343283582089555,205.00000000000003,0.16519999999999999,0.04477611940298507
7.4,0.41,0.66,10.8,0.051,77.0,194.0,0.9976,3.05,0.46,8.7,5,low,white,68.643,0.10780414608918608,39.69072164948454,117.56756756756755,0.09237037037037037,0.05567010309278351
5.7,0.18,0.22,4.2,0.042,25.0,111.0,0.994,3.35,0.39,9.4,5,low,white,74.166,0.07685462341234528,22.52252252252252,164.91228070175438,0.23666666666666666,0.03783783783783784
7.3,0.3,0.22,6.4,0.056,44.0,168.0,0.9947,3.13,0.35,10.1,6,medium,white,79.68900000000001,0.09160611878678361,26.190476190476193,138.35616438356163,0.155421875,0.0380952380952381
7.4,0.24,0.22,10.7,0.042,26.0,81.0,0.9954,2.86,0.36,9.7,6,medium,white,76.533,0.09669031659545556,32.098765432098766,131.08108108108107,0.09302803738317757,0.13209876543209875
6.6,0.25,0.3,1.6,0.046,32.0,134.0,0.993,3.42,0.51,10.1,7,medium,white,79.68900000000001,0.08282197040996875,23.88059701492537,153.03030303030303,0.620625,0.011940298507462687
7.4,0.24,0.22,10.7,0.042,26.0,81.0,0.9954,2.86,0.36,9.7,6,medium,white,76.533,0.09669031659545556,32.098765432098766,131.08108108108107,0.09302803738317757,0.13209876543209875
7.4,0.26,0.3,7.9,0.049,38.0,157.0,0.9963,3.13,0.48,8.9,6,medium,white,70.221,0.1053815810085302,24.203821656050955,120.27027027027026,0.1261139240506329,0.05031847133757962
6.1,0.32,0.25,1.7,0.034,37.0,136.0,0.992,3.47,0.5,10.8,7,medium,white,85.212,0.0715861615734873,27.205882352941174,177.04918032786887,0.5835294117647059,0.012499999999999999
6.9,0.28,0.27,2.1,0.036,42.0,121.0,0.9926,3.42,0.49,10.8,7,medium,white,85.212,0.0809745106323053,34.710743801652896,156.52173913043478,0.4726666666666667,0.017355371900826446
7.0,0.23,0.33,5.8,0.04,25.0,136.0,0.995,3.19,0.58,9.5,6,medium,white,74.955,0.09338936695350544,18.38235294117647,135.71428571428572,0.17155172413793104,0.04264705882352941
7.1,0.31,0.5,14.5,0.059,6.0,148.0,0.9983,2.94,0.44,9.1,5,low,white,71.799,0.09888717113051712,4.054054054054054,128.16901408450704,0.06884827586206896,0.09797297297297297
7.3,0.2,0.37,1.2,0.037,48.0,119.0,0.992,3.32,0.49,10.9,6,medium,white,86.001,0.08488273392169858,40.33613445378151,149.3150684931507,0.8266666666666667,0.010084033613445377
6.9,0.41,0.33,10.1,0.043,28.0,152.0,0.9968,3.2,0.52,9.4,5,low,white,74.166,0.09303454413073377,18.421052631578945,136.23188405797103,0.0986930693069307,0.06644736842105263
6.4,0.45,0.07,1.1,0.03,10.0,131.0,0.9905,2.97,0.28,10.8,5,low,white,85.212,0.07510679247054405,7.633587786259542,168.75,0.9004545454545454,0.008396946564885497
6.4,0.475,0.06,1.0,0.03,9.0,131.0,0.9904,2.97,0.29,10.8,5,low,white,85.212,0.07510679247054405,6.870229007633588,168.75,0.9904,0.007633587786259542
6.3,0.27,0.38,0.9,0.051,7.0,140.0,0.9926,3.45,0.5,10.5,7,medium,white,82.845,0.07604562737642585,5.0,166.66666666666669,1.1028888888888888,0.0064285714285714285
6.9,0.41,0.33,10.1,0.043,28.0,152.0,0.9968,3.2,0.52,9.4,5,low,white,74.166,0.09303454413073377,18.421052631578945,136.23188405797103,0.0986930693069307,0.06644736842105263
7.0,0.29,0.37,4.9,0.034,26.0,127.0,0.9928,3.17,0.44,10.8,6,medium,white,85.212,0.08214805426465756,20.47244094488189,154.2857142857143,0.20261224489795918,0.03858267716535433
5.9,0.27,0.29,11.4,0.036,31.0,115.0,0.9949,3.35,0.48,10.5,8,high,white,82.845,0.07121733357474803,26.956521739130434,177.96610169491524,0.0872719298245614,0.0991304347826087
6.9,0.19,0.4,1.4,0.036,14.0,55.0,0.9909,3.08,0.68,11.5,7,medium,white,90.735,0.07604562737642585,25.454545454545453,166.66666666666666,0.7077857142857144,0.025454545454545452
6.7,0.3,0.35,1.4,0.18,36.0,160.0,0.9937,3.11,0.54,9.4,6,medium,white,74.166,0.09033789067766902,22.5,140.2985074626866,0.7097857142857144,0.008749999999999999
7.2,0.24,0.4,1.4,0.045,31.0,106.0,0.9914,2.88,0.38,10.8,6,medium,white,85.212,0.08449514152936206,29.245283018867923,150.0,0.7081428571428572,0.01320754716981132
6.4,0.45,0.07,1.1,0.03,10.0,131.0,0.9905,2.97,0.28,10.8,5,low,white,85.212,0.07510679247054405,7.633587786259542,168.75,0.9004545454545454,0.008396946564885497
6.4,0.475,0.06,1.0,0.03,9.0,131.0,0.9904,2.97,0.29,10.8,5,low,white,85.212,0.07510679247054405,6.870229007633588,168.75,0.9904,0.007633587786259542
6.3,0.26,0.49,1.5,0.052,34.0,134.0,0.9924,2.99,0.61,9.8,6,medium,white,77.322,0.08147745790331341,25.37313432835821,155.55555555555557,0.6616,0.011194029850746268
6.3,0.26,0.49,1.5,0.052,34.0,134.0,0.9924,2.99,0.61,9.8,6,medium,white,77.322,0.08147745790331341,25.37313432835821,155.55555555555557,0.6616,0.011194029850746268
7.3,0.25,0.29,7.5,0.049,38.0,158.0,0.9965,3.43,0.38,9.6,5,low,white,75.744,0.0963772708069286,24.050632911392405,131.50684931506848,0.13286666666666666,0.04746835443037975
7.3,0.25,0.29,7.5,0.049,38.0,158.0,0.9965,3.43,0.38,9.6,5,low,white,75.744,0.0963772708069286,24.050632911392405,131.50684931506848,0.13286666666666666,0.04746835443037975
6.1,0.28,0.25,17.75,0.044,48.0,161.0,0.9993,3.34,0.48,9.5,5,low,white,74.955,0.08138216263091187,29.81366459627329,155.73770491803282,0.05629859154929577,0.11024844720496894
7.4,0.37,0.35,5.7,0.061,12.0,94.0,0.9965,3.48,0.69,10.7,6,medium,white,84.423,0.08765383840896439,12.76595744680851,144.59459459459458,0.17482456140350877,0.06063829787234043
6.5,0.36,0.28,3.2,0.037,29.0,119.0,0.9908,3.25,0.65,12.4,8,high,white,97.836,0.06643771208961936,24.369747899159663,190.76923076923077,0.309625,0.02689075630252101
7.4,0.24,0.4,4.3,0.032,9.0,95.0,0.992,3.09,0.39,11.1,6,medium,white,87.57900000000001,0.08449514152936206,9.473684210526317,149.99999999999997,0.23069767441860467,0.04526315789473684
7.5,0.23,0.68,11.0,0.047,37.0,133.0,0.9978,2.99,0.38,8.8,5,low,white,69.432,0.10801935706878672,27.819548872180448,117.33333333333333,0.0907090909090909,0.08270676691729323
7.5,0.21,0.68,10.9,0.045,38.0,133.0,0.9978,3.0,0.36,8.7,5,low,white,68.643,0.10926095887417508,28.57142857142857,115.99999999999999,0.09154128440366972,0.08195488721804511
7.5,0.21,0.68,10.9,0.045,38.0,133.0,0.9978,3.0,0.36,8.7,5,low,white,68.643,0.10926095887417508,28.57142857142857,115.99999999999999,0.09154128440366972,0.08195488721804511
7.5,0.23,0.68,11.0,0.047,37.0,133.0,0.9978,2.99,0.38,8.8,5,low,white,69.432,0.10801935706878672,27.819548872180448,117.33333333333333,0.0907090909090909,0.08270676691729323
7.8,0.32,0.33,2.4,0.037,18.0,101.0,0.9912,3.21,0.65,11.7,7,medium,white,92.313,0.08449514152936206,17.82178217821782,150.0,0.413,0.023762376237623763
7.8,0.26,0.27,1.9,0.051,52.0,195.0,0.9928,3.23,0.5,10.9,6,medium,white,86.001,0.09069661980674643,26.666666666666668,139.74358974358975,0.5225263157894737,0.009743589743589742
7.7,0.24,0.27,1.8,0.051,52.0,190.0,0.9928,3.23,0.5,10.8,6,medium,white,85.212,0.09036285969112332,27.368421052631582,140.25974025974025,0.5515555555555556,0.009473684210526316
7.4,0.19,0.3,1.4,0.057,33.0,135.0,0.993,3.12,0.5,9.6,6,medium,white,75.744,0.09769750739332489,24.444444444444443,129.7297297297297,0.7092857142857143,0.01037037037037037
6.5,0.46,0.41,16.8,0.084,59.0,222.0,0.9993,3.18,0.58,9.0,5,low,white,71.01,0.09153640332347555,26.576576576576578,138.46153846153845,0.05948214285714285,0.07567567567567568
6.5,0.26,0.43,8.9,0.083,50.0,171.0,0.9965,2.85,0.5,9.0,5,low,white,71.01,0.09153640332347555,29.239766081871345,138.46153846153845,0.11196629213483146,0.052046783625730994
5.3,0.32,0.12,6.6,0.043,22.0,141.0,0.9937,3.36,0.6,10.4,6,medium,white,82.056,0.06459003607292581,15.602836879432624,196.22641509433964,0.15056060606060606,0.04680851063829787
7.2,0.24,0.34,1.1,0.045,3.0,64.0,0.9913,3.23,0.51,11.4,5,low,white,89.946,0.08004802881729038,4.6875,158.33333333333331,0.9011818181818181,0.0171875
6.0,0.36,0.06,1.4,0.066,27.0,128.0,0.9934,3.26,0.55,9.3,5,low,white,73.37700000000001,0.08176949180260844,21.09375,155.0,0.7095714285714286,0.0109375
6.2,0.24,0.29,13.3,0.039,49.0,130.0,0.9952,3.33,0.46,11.0,8,high,white,86.79,0.07143680147482429,37.69230769230769,177.41935483870967,0.07482706766917292,0.10230769230769231
7.6,0.56,0.12,10.4,0.096,22.0,177.0,0.9983,3.32,0.45,9.1,4,low,white,71.799,0.10585105642139861,12.429378531073446,119.73684210526316,0.0959903846153846,0.05875706214689266
7.0,0.32,0.24,6.2,0.048,31.0,228.0,0.9957,3.23,0.62,9.4,6,medium,white,74.166,0.09438287085726614,13.596491228070176,134.2857142857143,0.1605967741935484,0.027192982456140352
7.0,0.32,0.24,6.2,0.048,31.0,228.0,0.9957,3.23,0.62,9.4,6,medium,white,74.166,0.09438287085726614,13.596491228070176,134.2857142857143,0.1605967741935484,0.027192982456140352
5.8,0.31,0.33,1.2,0.036,23.0,99.0,0.9916,3.18,0.6,10.5,6,medium,white,82.845,0.07001026012432857,23.232323232323232,181.0344827586207,0.8263333333333334,0.012121212121212121
7.0,0.23,0.42,18.05,0.05,35.0,144.0,0.9999,3.22,0.42,8.8,5,low,white,69.432,0.10081806659753427,24.305555555555554,125.71428571428574,0.05539612188365651,0.12534722222222222
7.0,0.23,0.42,18.05,0.05,35.0,144.0,0.9999,3.22,0.42,8.8,5,low,white,69.432,0.10081806659753427,24.305555555555554,125.71428571428574,0.05539612188365651,0.12534722222222222
6.9,0.24,0.33,4.8,0.04,16.0,131.0,0.9936,3.26,0.64,10.7,6,medium,white,84.423,0.08173128175971003,12.213740458015266,155.0724637681159,0.20700000000000002,0.0366412213740458
6.0,0.29,0.2,12.6,0.045,45.0,187.0,0.9972,3.33,0.42,9.5,5,low,white,74.955,0.08004802881729038,24.06417112299465,158.33333333333331,0.07914285714285714,0.06737967914438503
6.1,0.17,0.28,4.5,0.033,46.0,150.0,0.9933,3.43,0.49,10.9,6,medium,white,86.001,0.07092940779758374,30.666666666666664,178.68852459016395,0.22073333333333334,0.03
5.9,0.14,0.25,4.5,0.027,34.0,140.0,0.9934,3.49,0.51,10.8,6,medium,white,85.212,0.0692390743087828,24.285714285714285,183.05084745762713,0.22075555555555554,0.03214285714285714
6.2,0.17,0.28,4.7,0.037,39.0,133.0,0.9931,3.41,0.46,10.8,7,medium,white,85.212,0.07275970520583955,29.32330827067669,174.19354838709677,0.21129787234042552,0.035338345864661655
7.4,0.28,0.25,11.9,0.053,25.0,148.0,0.9976,3.1,0.62,9.2,5,low,white,72.58800000000001,0.10194522510607813,16.89189189189189,124.3243243243243,0.08383193277310924,0.0804054054054054
5.6,0.35,0.14,5.0,0.046,48.0,198.0,0.9937,3.3,0.71,10.3,5,low,white,81.26700000000001,0.06890865911132439,24.242424242424242,183.92857142857147,0.19874,0.025252525252525252
5.8,0.335,0.14,5.8,0.046,49.0,197.0,0.9937,3.3,0.71,10.3,5,low,white,81.26700000000001,0.07136968265101455,24.873096446700508,177.58620689655174,0.17132758620689656,0.029441624365482234
5.6,0.235,0.29,1.2,0.047,33.0,127.0,0.991,3.34,0.5,11.0,7,medium,white,86.79,0.06452356262242193,25.984251968503933,196.42857142857144,0.8258333333333333,0.009448818897637795
6.1,0.28,0.25,12.9,0.054,34.0,189.0,0.9979,3.25,0.43,9.0,4,low,white,71.01,0.08590339388818476,17.989417989417987,147.54098360655738,0.07735658914728683,0.06825396825396826
6.3,0.21,0.33,13.9,0.046,68.0,179.0,0.9971,3.36,0.5,10.4,6,medium,white,82.056,0.07677683533196841,37.988826815642454,165.0793650793651,0.07173381294964029,0.0776536312849162
6.4,0.24,0.28,11.5,0.05,34.0,163.0,0.9969,3.31,0.45,9.5,5,low,white,74.955,0.0853845640717764,20.858895705521473,148.4375,0.08668695652173913,0.0705521472392638
6.4,0.24,0.29,11.4,0.051,32.0,166.0,0.9968,3.31,0.45,9.5,5,low,white,74.955,0.0853845640717764,19.27710843373494,148.4375,0.08743859649122807,0.06867469879518072
6.3,0.26,0.25,7.8,0.058,44.0,166.0,0.9961,3.24,0.41,9.0,5,low,white,71.01,0.08871989860583016,26.506024096385545,142.85714285714286,0.1277051282051282,0.046987951807228916
6.5,0.33,0.72,1.1,0.061,7.0,151.0,0.993,3.09,0.57,9.5,4,low,white,74.955,0.0867186978853979,4.635761589403973,146.15384615384613,0.9027272727272726,0.00728476821192053
7.4,0.105,0.34,12.2,0.05,57.0,146.0,0.9973,3.16,0.37,9.0,6,medium,white,71.01,0.10421067455287987,39.04109589041096,121.62162162162163,0.08174590163934427,0.08356164383561643
6.0,0.32,0.12,5.9,0.041,34.0,190.0,0.9944,3.16,0.72,10.0,5,low,white,78.9,0.07604562737642585,17.894736842105264,166.66666666666669,0.1685423728813559,0.03105263157894737
7.1,0.26,0.34,14.4,0.067,35.0,189.0,0.9986,3.07,0.53,9.1,7,medium,white,71.799,0.09888717113051712,18.51851851851852,128.16901408450704,0.06934722222222223,0.0761904761904762
7.1,0.26,0.34,14.4,0.067,35.0,189.0,0.9986,3.07,0.53,9.1,7,medium,white,71.799,0.09888717113051712,18.51851851851852,128.16901408450704,0.06934722222222223,0.0761904761904762
7.1,0.26,0.34,14.4,0.067,35.0,189.0,0.9986,3.07,0.53,9.1,7,medium,white,71.799,0.09888717113051712,18.51851851851852,128.16901408450704,0.06934722222222223,0.0761904761904762
7.1,0.26,0.34,14.4,0.067,35.0,189.0,0.9986,3.07,0.53,9.1,7,medium,white,71.799,0.09888717113051712,18.51851851851852,128.16901408450704,0.06934722222222223,0.0761904761904762
5.9,0.24,0.26,12.3,0.053,34.0,134.0,0.9972,3.34,0.45,9.5,6,medium,white,74.955,0.07871389500366888,25.37313432835821,161.01694915254237,0.0810731707317073,0.09179104477611941
6.5,0.21,0.37,2.5,0.048,70.0,138.0,0.9917,3.33,0.75,11.4,7,medium,white,89.946,0.07226558157116492,50.72463768115942,175.3846153846154,0.39668000000000003,0.018115942028985508
7.7,0.27,0.35,5.3,0.03,30.0,117.0,0.992,3.11,0.42,12.2,6,medium,white,96.25800000000001,0.07999335120197801,25.64102564102564,158.4415584415584,0.18716981132075472,0.0452991452991453
9.0,0.27,0.35,4.9,0.028,27.0,95.0,0.9932,3.04,0.4,11.3,6,medium,white,89.15700000000001,0.100945523066052,28.421052631578945,125.55555555555556,0.2026938775510204,0.05157894736842106
7.3,0.34,0.21,3.2,0.05,14.0,136.0,0.9936,3.25,0.44,10.2,5,low,white,80.47800000000001,0.09070801958299161,10.294117647058822,139.72602739726028,0.3105,0.023529411764705882
6.6,0.27,0.25,3.1,0.052,41.0,188.0,0.9915,3.24,0.4,11.3,5,low,white,89.15700000000001,0.0740267169151048,21.808510638297875,171.21212121212125,0.31983870967741934,0.01648936170212766
6.8,0.29,0.16,1.4,0.038,122.5,234.5,0.9922,3.15,0.47,10.0,4,low,white,78.9,0.0861850443599493,52.23880597014925,147.05882352941177,0.7087142857142857,0.0059701492537313425
7.1,0.28,0.26,1.9,0.049,12.0,86.0,0.9934,3.15,0.38,9.4,5,low,white,74.166,0.0957311975837985,13.953488372093023,132.3943661971831,0.5228421052631579,0.022093023255813953
6.8,0.25,0.34,14.0,0.032,47.0,133.0,0.9952,3.37,0.5,12.2,7,medium,white,96.25800000000001,0.07064347898356499,35.338345864661655,179.41176470588235,0.07108571428571428,0.10526315789473684
7.0,0.57,0.1,8.3,0.094,23.0,188.0,0.9972,3.4,0.47,9.2,4,low,white,72.58800000000001,0.09643467239764147,12.23404255319149,131.42857142857142,0.120144578313253,0.04414893617021277
7.1,0.28,0.26,1.9,0.049,12.0,86.0,0.9934,3.15,0.38,9.4,5,low,white,74.166,0.0957311975837985,13.953488372093023,132.3943661971831,0.5228421052631579,0.022093023255813953
7.1,0.17,0.38,7.4,0.052,49.0,182.0,0.9958,3.35,0.52,9.6,6,medium,white,75.744,0.09373679763413603,26.923076923076923,135.2112676056338,0.13456756756756758,0.04065934065934066
7.8,0.28,0.22,1.4,0.056,24.0,130.0,0.9944,3.28,0.48,9.5,5,low,white,74.955,0.10406243746247748,18.461538461538463,121.79487179487181,0.7102857142857143,0.010769230769230769
6.8,0.22,0.37,1.7,0.036,38.0,195.0,0.9908,3.35,0.72,12.5,6,medium,white,98.625,0.06894803548795944,19.48717948717949,183.82352941176472,0.5828235294117647,0.008717948717948718
7.1,0.17,0.38,7.4,0.052,49.0,182.0,0.9958,3.35,0.52,9.6,6,medium,white,75.744,0.09373679763413603,26.923076923076923,135.2112676056338,0.13456756756756758,0.04065934065934066
6.1,0.14,0.25,1.3,0.047,37.0,173.0,0.9925,3.35,0.46,10.0,6,medium,white,78.9,0.07731305449936628,21.38728323699422,163.9344262295082,0.7634615384615385,0.007514450867052024
6.4,0.24,0.5,11.6,0.047,60.0,211.0,0.9966,3.18,0.57,9.3,5,low,white,73.37700000000001,0.08722079125611568,28.436018957345972,145.3125,0.08591379310344828,0.054976303317535544
7.8,0.42,0.26,9.2,0.058,34.0,199.0,0.9972,3.14,0.55,9.3,6,medium,white,73.37700000000001,0.10630033934339096,17.08542713567839,119.23076923076925,0.1083913043478261,0.046231155778894466
6.6,0.28,0.36,1.7,0.038,22.0,101.0,0.9912,3.29,0.57,11.6,6,medium,white,91.524,0.07211223285695555,21.782178217821784,175.75757575757575,0.5830588235294117,0.016831683168316833
7.1,0.32,0.34,14.5,0.039,46.0,150.0,0.995,3.38,0.5,12.5,8,high,white,98.625,0.07198986058301647,30.666666666666664,176.05633802816902,0.06862068965517241,0.09666666666666666
6.7,0.31,0.3,2.1,0.038,18.0,130.0,0.9928,3.36,0.63,10.6,6,medium,white,83.634,0.08011095965755555,13.846153846153847,158.2089552238806,0.47276190476190477,0.016153846153846154
6.4,0.32,0.5,10.7,0.047,57.0,206.0,0.9968,3.08,0.6,9.4,5,low,white,74.166,0.0862929104980719,27.669902912621357,146.875,0.0931588785046729,0.05194174757281553
6.1,0.28,0.25,6.9,0.056,44.0,201.0,0.9955,3.19,0.4,9.1,6,medium,white,71.799,0.08495940054875414,21.890547263681594,149.18032786885246,0.14427536231884058,0.034328358208955224
5.9,0.29,0.25,12.0,0.057,48.0,224.0,0.9981,3.23,0.41,9.0,6,medium,white,71.01,0.08308688917053936,21.428571428571427,152.54237288135593,0.083175,0.05357142857142857
5.8,0.32,0.38,4.75,0.033,23.0,94.0,0.991,3.42,0.42,11.8,7,medium,white,93.102,0.06229726536486863,24.46808510638298,203.44827586206898,0.20863157894736842,0.05053191489361702
5.8,0.32,0.38,4.75,0.033,23.0,94.0,0.991,3.42,0.42,11.8,7,medium,white,93.102,0.06229726536486863,24.46808510638298,203.44827586206898,0.20863157894736842,0.05053191489361702
5.7,0.32,0.38,4.75,0.033,23.0,94.0,0.991,3.42,0.42,11.8,7,medium,white,93.102,0.06122317458271573,24.46808510638298,207.01754385964915,0.20863157894736842,0.05053191489361702
6.7,0.28,0.14,1.4,0.043,64.0,159.0,0.992,3.17,0.39,10.0,5,low,white,78.9,0.08491761723700887,40.25157232704403,149.25373134328356,0.7085714285714286,0.00880503144654088
6.8,0.34,0.69,1.3,0.058,12.0,171.0,0.9931,3.06,0.47,9.7,5,low,white,76.533,0.08885056119582402,7.017543859649122,142.64705882352942,0.7639230769230769,0.00760233918128655
5.9,0.25,0.25,11.3,0.052,30.0,165.0,0.997,3.24,0.44,9.5,6,medium,white,74.955,0.07871389500366888,18.181818181818183,161.01694915254237,0.08823008849557522,0.0684848484848485
6.4,0.27,0.32,4.5,0.24,61.0,174.0,0.9948,3.12,0.48,9.4,5,low,white,74.166,0.0862929104980719,35.05747126436782,146.875,0.22106666666666666,0.02586206896551724
8.1,0.46,0.31,1.7,0.052,50.0,183.0,0.9923,3.03,0.42,11.2,5,low,white,88.36800000000001,0.09166214014122757,27.322404371584703,138.2716049382716,0.5837058823529412,0.009289617486338797
6.2,0.36,0.26,13.2,0.051,54.0,201.0,0.9976,3.25,0.46,9.0,5,low,white,71.01,0.08731164624700746,26.865671641791046,145.16129032258064,0.07557575757575759,0.06567164179104477
6.8,0.22,0.35,5.5,0.043,21.0,114.0,0.9938,3.3,0.53,10.7,7,medium,white,84.423,0.08054677042985915,18.421052631578945,157.35294117647058,0.1806909090909091,0.04824561403508772
6.8,0.67,0.3,13.0,0.29,22.0,193.0,0.9984,3.08,0.67,9.0,4,low,white,71.01,0.09576116039994366,11.398963730569948,132.35294117647058,0.0768,0.06735751295336788
7.2,0.28,0.3,10.7,0.044,61.0,222.0,0.9972,3.14,0.5,9.1,6,medium,white,71.799,0.10027994818869343,27.47747747747748,126.38888888888889,0.093196261682243,0.04819819819819819
6.7,0.17,0.37,2.0,0.039,34.0,125.0,0.9922,3.26,0.6,10.8,7,medium,white,85.212,0.07862742336760081,27.200000000000003,161.19402985074626,0.4961,0.016
6.9,0.2,0.34,1.9,0.043,25.0,136.0,0.9935,3.31,0.6,10.1,4,low,white,79.68900000000001,0.08658660542860369,18.38235294117647,146.37681159420288,0.5228947368421053,0.013970588235294117
6.1,0.36,0.16,6.4,0.037,36.0,198.0,0.9944,3.17,0.62,9.9,6,medium,white,78.111,0.07809399444380433,18.181818181818183,162.29508196721315,0.15537499999999999,0.03232323232323232
6.0,0.36,0.16,6.3,0.036,36.0,191.0,0.9942,3.17,0.62,9.8,5,low,white,77.322,0.07759757895553658,18.848167539267017,163.33333333333334,0.15780952380952382,0.032984293193717276
5.9,0.37,0.14,6.3,0.036,34.0,185.0,0.9944,3.17,0.63,9.8,5,low,white,77.322,0.07630428597294431,18.37837837837838,166.10169491525423,0.15784126984126984,0.03405405405405405
7.6,0.29,0.58,17.5,0.041,51.0,225.0,0.9997,3.16,0.66,9.5,6,medium,white,74.955,0.10139416983523447,22.666666666666664,125.0,0.05712571428571429,0.07777777777777778
6.3,0.34,0.28,14.7,0.047,49.0,198.0,0.9977,3.23,0.46,9.5,5,low,white,74.955,0.0840504302581549,24.747474747474747,150.79365079365078,0.06787074829931973,0.07424242424242423
6.7,0.19,0.34,1.0,0.022,22.0,94.0,0.9912,3.23,0.57,11.1,6,medium,white,87.57900000000001,0.07650235787117916,23.404255319148938,165.67164179104478,0.9912,0.010638297872340425
7.5,0.31,0.51,14.8,0.039,62.0,204.0,0.9982,3.06,0.6,9.5,5,low,white,74.955,0.10006003602161297,30.392156862745097,126.66666666666666,0.06744594594594594,0.07254901960784314
7.5,0.31,0.51,14.8,0.039,62.0,204.0,0.9982,3.06,0.6,9.5,5,low,white,74.955,0.10006003602161297,30.392156862745097,126.66666666666666,0.06744594594594594,0.07254901960784314
7.4,0.31,0.48,14.2,0.042,62.0,204.0,0.9983,3.06,0.59,9.4,5,low,white,74.166,0.09977617776339563,30.392156862745097,127.02702702702702,0.07030281690140845,0.0696078431372549
8.4,0.4,0.7,13.1,0.042,29.0,197.0,0.998,3.06,0.64,9.7,5,low,white,76.533,0.10975657559484145,14.720812182741117,115.47619047619047,0.07618320610687022,0.066497461928934
5.9,0.34,0.22,2.4,0.03,19.0,135.0,0.9894,3.41,0.78,13.9,7,medium,white,109.671,0.053797266369413975,14.074074074074074,235.59322033898303,0.41225,0.017777777777777778
6.6,0.38,0.18,1.2,0.042,20.0,84.0,0.9927,3.22,0.45,10.1,4,low,white,79.68900000000001,0.08282197040996875,23.809523809523807,153.03030303030303,0.82725,0.014285714285714285
6.4,0.33,0.28,1.1,0.038,30.0,110.0,0.9917,3.12,0.42,10.5,6,medium,white,82.845,0.07725270082684532,27.27272727272727,164.0625,0.9015454545454545,0.01
5.6,0.25,0.26,3.6,0.037,18.0,115.0,0.9904,3.42,0.5,12.6,6,medium,white,99.414,0.05633009435290803,15.65217391304348,225.0,0.2751111111111111,0.03130434782608696
8.6,0.27,0.46,6.1,0.032,13.0,41.0,0.993,2.89,0.34,10.9,5,low,white,86.001,0.09999883722282298,31.70731707317073,126.74418604651163,0.16278688524590165,0.14878048780487804
6.2,0.31,0.21,6.3,0.041,50.0,218.0,0.9941,3.15,0.6,10.0,5,low,white,78.9,0.07858048162230671,22.93577981651376,161.29032258064515,0.1577936507936508,0.028899082568807338
7.2,0.18,0.45,4.4,0.046,57.0,166.0,0.9943,3.13,0.62,11.2,6,medium,white,88.36800000000001,0.08147745790331341,34.33734939759036,155.55555555555554,0.2259772727272727,0.026506024096385545
7.7,0.2,0.44,13.9,0.05,44.0,130.0,0.99855,3.11,0.48,10.0,6,medium,white,78.9,0.09759188846641317,33.84615384615385,129.87012987012986,0.07183812949640288,0.10692307692307693
6.2,0.47,0.21,1.0,0.044,13.0,98.0,0.99345,3.14,0.46,9.2,5,low,white,72.58800000000001,0.08541356698076816,13.26530612244898,148.38709677419354,0.99345,0.01020408163265306
6.1,0.25,0.24,12.1,0.046,51.0,172.0,0.998,3.35,0.45,9.5,5,low,white,74.955,0.08138216263091187,29.651162790697676,155.73770491803282,0.0824793388429752,0.07034883720930232
8.2,0.27,0.43,1.6,0.035,31.0,128.0,0.9916,3.1,0.5,12.3,6,medium,white,97.04700000000001,0.08449514152936205,24.21875,150.00000000000003,0.61975,0.0125
8.2,0.27,0.43,1.6,0.035,31.0,128.0,0.9916,3.1,0.5,12.3,6,medium,white,97.04700000000001,0.08449514152936205,24.21875,150.00000000000003,0.61975,0.0125
6.4,0.31,0.39,7.5,0.04,57.0,213.0,0.99475,3.32,0.43,10.0,5,low,white,78.9,0.08111533586818757,26.76056338028169,156.25,0.13263333333333333,0.035211267605633804
6.0,0.39,0.26,2.7,0.038,39.0,187.0,0.99325,3.41,0.5,10.8,6,medium,white,85.212,0.07041261794113506,20.855614973262032,180.0,0.36787037037037035,0.014438502673796792
6.2,0.21,0.27,1.7,0.038,41.0,150.0,0.9933,3.49,0.71,10.5,7,medium,white,82.845,0.0748385539260064,27.333333333333332,169.35483870967744,0.5842941176470589,0.011333333333333332
7.7,0.42,0.31,9.2,0.048,22.0,221.0,0.9969,3.06,0.61,9.2,6,medium,white,72.58800000000001,0.10607813963740562,9.95475113122172,119.48051948051948,0.10835869565217392,0.0416289592760181
7.0,0.27,0.41,18.75,0.042,34.0,157.0,1.0002,2.96,0.5,9.1,5,low,white,71.799,0.09749439407234083,21.656050955414013,130.0,0.053343999999999996,0.11942675159235669
6.2,0.21,0.27,1.7,0.038,41.0,150.0,0.9933,3.49,0.71,10.5,7,medium,white,82.845,0.0748385539260064,27.333333333333332,169.35483870967744,0.5842941176470589,0.011333333333333332
7.4,0.29,0.5,1.8,0.042,35.0,127.0,0.9937,3.45,0.5,10.2,7,medium,white,80.47800000000001,0.09195059519371754,27.559055118110237,137.83783783783784,0.5520555555555555,0.014173228346456693
6.6,0.29,0.44,9.0,0.053,62.0,178.0,0.99685,3.02,0.45,8.9,5,low,white,70.221,0.09398897765625666,34.831460674157306,134.84848484848487,0.11076111111111112,0.05056179775280899
6.0,0.3,0.44,1.5,0.046,15.0,182.0,0.99455,3.5,0.52,10.4,5,low,white,82.056,0.07312079555425563,8.241758241758241,173.33333333333334,0.6630333333333334,0.008241758241758242
6.9,0.31,0.34,1.6,0.032,23.0,128.0,0.9917,3.37,0.47,11.7,6,medium,white,92.313,0.07474570212212799,17.96875,169.56521739130432,0.6198125,0.0125
6.6,0.33,0.31,1.3,0.02,29.0,89.0,0.99035,3.26,0.44,12.4,8,high,white,97.836,0.06745983073715196,32.58426966292135,187.87878787878788,0.7618076923076923,0.014606741573033709
7.8,0.3,0.4,1.8,0.028,23.0,122.0,0.9914,3.14,0.39,10.9,7,medium,white,86.001,0.09069661980674643,18.852459016393443,139.74358974358975,0.5507777777777777,0.014754098360655738
6.4,0.39,0.21,1.2,0.041,35.0,136.0,0.99225,3.15,0.46,10.2,5,low,white,80.47800000000001,0.07952483908645841,25.735294117647058,159.37499999999997,0.826875,0.008823529411764706
6.4,0.24,0.31,2.8,0.038,41.0,114.0,0.99155,3.37,0.66,11.7,7,medium,white,92.313,0.06932934689588682,35.96491228070175,182.81249999999997,0.354125,0.02456140350877193
7.0,0.21,0.34,8.0,0.057,19.0,101.0,0.9954,2.99,0.59,9.4,5,low,white,74.166,0.09438287085726614,18.81188118811881,134.2857142857143,0.124425,0.07920792079207921
6.4,0.16,0.31,5.3,0.043,42.0,157.0,0.99455,3.35,0.47,10.5,5,low,white,82.845,0.07725270082684532,26.751592356687897,164.0625,0.18765094339622643,0.03375796178343949
6.0,0.33,0.27,0.8,0.185,12.0,188.0,0.9924,3.12,0.62,9.4,5,low,white,74.166,0.0808996035919424,6.382978723404255,156.66666666666666,1.2405,0.00425531914893617
6.5,0.23,0.33,13.8,0.042,25.0,139.0,0.99695,3.35,0.56,10.4,6,medium,white,82.056,0.07921419518377694,17.985611510791365,160.0,0.0722427536231884,0.09928057553956834
6.2,0.25,0.48,10.0,0.044,78.0,240.0,0.99655,3.25,0.47,9.5,6,medium,white,74.955,0.08271629644453339,32.5,153.2258064516129,0.09965500000000001,0.041666666666666664
8.8,0.28,0.45,6.0,0.022,14.0,49.0,0.9934,3.01,0.33,11.1,7,medium,white,87.57900000000001,0.10048070884572785,28.57142857142857,126.13636363636363,0.16556666666666667,0.12244897959183673
6.6,0.25,0.3,14.4,0.052,40.0,183.0,0.998,3.02,0.5,9.1,6,medium,white,71.799,0.09192328583963563,21.85792349726776,137.87878787878788,0.06930555555555555,0.07868852459016394
6.9,0.38,0.25,9.8,0.04,28.0,191.0,0.9971,3.28,0.61,9.2,5,low,white,72.58800000000001,0.09505703422053231,14.659685863874344,133.33333333333331,0.10174489795918366,0.051308900523560214
6.4,0.25,0.3,5.5,0.038,15.0,129.0,0.9948,3.14,0.49,9.6,6,medium,white,75.744,0.08449514152936206,11.627906976744185,149.99999999999997,0.18087272727272727,0.04263565891472868
6.6,0.25,0.3,14.4,0.052,40.0,183.0,0.998,3.02,0.5,9.1,6,medium,white,71.799,0.09192328583963563,21.85792349726776,137.87878787878788,0.06930555555555555,0.07868852459016394
6.9,0.38,0.25,9.8,0.04,28.0,191.0,0.9971,3.28,0.61,9.2,5,low,white,72.58800000000001,0.09505703422053231,14.659685863874344,133.33333333333331,0.10174489795918366,0.051308900523560214
7.1,0.21,0.31,3.8,0.021,40.0,142.0,0.99215,3.17,0.39,10.8,7,medium,white,85.212,0.0833215978970098,28.169014084507044,152.11267605633805,0.2610921052631579,0.02676056338028169
6.4,0.25,0.3,5.5,0.038,15.0,129.0,0.9948,3.14,0.49,9.6,6,medium,white,75.744,0.08449514152936206,11.627906976744185,149.99999999999997,0.18087272727272727,0.04263565891472868
6.9,0.39,0.4,4.6,0.022,5.0,19.0,0.9915,3.31,0.37,12.6,3,low,white,99.414,0.06940672339911884,26.31578947368421,182.6086956521739,0.2155434782608696,0.2421052631578947
5.8,0.2,0.3,1.5,0.031,21.0,57.0,0.99115,3.44,0.55,11.0,6,medium,white,86.79,0.06682797557322272,36.84210526315789,189.6551724137931,0.6607666666666666,0.02631578947368421
7.0,0.2,0.37,2.0,0.03,26.0,136.0,0.9932,3.28,0.61,10.2,6,medium,white,80.47800000000001,0.08698029275081388,19.11764705882353,145.7142857142857,0.4966,0.014705882352941176
5.9,0.26,0.25,12.5,0.034,38.0,152.0,0.9977,3.33,0.43,9.4,5,low,white,74.166,0.07955127686541004,25.0,159.32203389830508,0.079816,0.08223684210526316
7.4,0.38,0.27,7.5,0.041,24.0,160.0,0.99535,3.17,0.43,10.0,5,low,white,78.9,0.09378960709759189,15.0,135.13513513513513,0.13271333333333332,0.046875
7.4,0.2,1.66,2.1,0.022,34.0,113.0,0.99165,3.26,0.55,12.2,6,medium,white,96.25800000000001,0.07687672712917368,30.08849557522124,164.86486486486484,0.4722142857142857,0.018584070796460177
7.0,0.21,0.34,8.5,0.033,31.0,253.0,0.9953,3.22,0.56,10.5,6,medium,white,82.845,0.08449514152936206,12.25296442687747,150.0,0.11709411764705882,0.03359683794466403
7.2,0.29,0.4,7.6,0.024,56.0,177.0,0.9928,3.04,0.32,11.5,6,medium,white,90.735,0.07935195900148785,31.63841807909605,159.7222222222222,0.13063157894736843,0.04293785310734463
6.9,0.18,0.38,8.1,0.049,44.0,176.0,0.9958,3.3,0.54,9.8,6,medium,white,77.322,0.08923721579886708,25.0,142.02898550724638,0.12293827160493828,0.04602272727272727
7.3,0.3,0.42,7.35,0.025,51.0,175.0,0.9928,3.04,0.32,11.4,6,medium,white,89.946,0.0811598069953083,29.142857142857142,156.16438356164383,0.13507482993197278,0.041999999999999996
7.2,0.29,0.4,7.6,0.024,56.0,177.0,0.9928,3.04,0.32,11.5,6,medium,white,90.735,0.07935195900148785,31.63841807909605,159.7222222222222,0.13063157894736843,0.04293785310734463
6.9,0.2,0.5,10.0,0.036,78.0,167.0,0.9964,3.15,0.55,10.2,6,medium,white,80.47800000000001,0.08573771714008797,46.706586826347305,147.82608695652172,0.09963999999999999,0.059880239520958084
6.7,0.2,0.42,14.0,0.038,83.0,160.0,0.9987,3.16,0.5,9.4,6,medium,white,74.166,0.09033789067766902,51.87500000000001,140.2985074626866,0.0713357142857143,0.0875
7.0,0.21,0.34,8.5,0.033,31.0,253.0,0.9953,3.22,0.56,10.5,6,medium,white,82.845,0.08449514152936206,12.25296442687747,150.0,0.11709411764705882,0.03359683794466403
5.9,0.35,0.47,2.2,0.11,14.0,138.0,0.9932,3.09,0.5,9.1,5,low,white,71.799,0.08217384643240157,10.144927536231885,154.23728813559322,0.4514545454545454,0.01594202898550725
7.1,0.28,0.44,1.8,0.032,32.0,107.0,0.9907,3.25,0.48,12.2,7,medium,white,96.25800000000001,0.07376010305636933,29.906542056074763,171.83098591549296,0.5503888888888889,0.016822429906542057
5.8,0.25,0.28,11.1,0.056,45.0,175.0,0.99755,3.42,0.43,9.5,5,low,white,74.955,0.07737976119004736,25.71428571428571,163.79310344827587,0.08986936936936937,0.06342857142857143
6.8,0.22,0.37,15.2,0.051,68.0,178.0,0.99935,3.4,0.85,9.3,6,medium,white,73.37700000000001,0.09267209070962289,38.20224719101123,136.76470588235296,0.0657467105263158,0.08539325842696628
7.1,0.14,0.4,1.2,0.051,55.0,136.0,0.9932,3.3,0.96,9.8,7,medium,white,77.322,0.09182380176405162,40.44117647058824,138.0281690140845,0.8276666666666667,0.008823529411764706
7.1,0.13,0.4,1.2,0.047,54.0,134.0,0.9932,3.3,0.97,9.8,7,medium,white,77.322,0.09182380176405162,40.298507462686565,138.0281690140845,0.8276666666666667,0.008955223880597015
6.9,0.18,0.38,8.1,0.049,44.0,176.0,0.9958,3.3,0.54,9.8,6,medium,white,77.322,0.08923721579886708,25.0,142.02898550724638,0.12293827160493828,0.04602272727272727
7.0,0.2,0.38,8.1,0.05,42.0,173.0,0.99585,3.3,0.54,9.8,6,medium,white,77.322,0.09053050878145935,24.277456647398843,140.0,0.12294444444444445,0.04682080924855491
6.8,0.24,0.49,19.3,0.057,55.0,247.0,1.00055,3.0,0.56,8.7,5,low,white,68.643,0.09906326937925207,22.267206477732792,127.94117647058823,0.0518419689119171,0.07813765182186234
5.0,0.44,0.04,18.6,0.039,38.0,128.0,0.9985,3.37,0.57,10.2,6,medium,white,80.47800000000001,0.06212878053629563,29.6875,204.0,0.05368279569892473,0.1453125
6.3,0.3,0.28,5.0,0.042,36.0,168.0,0.99505,3.22,0.69,9.5,6,medium,white,74.955,0.0840504302581549,21.428571428571427,150.79365079365078,0.19901,0.02976190476190476
7.2,0.27,0.42,1.6,0.05,35.0,135.0,0.992,2.94,0.46,11.0,6,medium,white,86.79,0.0829588662288282,25.925925925925924,152.77777777777777,0.62,0.011851851851851853
6.7,0.5,0.63,13.4,0.078,81.0,238.0,0.9988,3.08,0.44,9.2,5,low,white,72.58800000000001,0.09230175786631398,34.03361344537815,137.3134328358209,0.07453731343283582,0.05630252100840336
6.8,0.2,0.36,1.6,0.028,7.0,46.0,0.99175,3.21,0.6,10.9,6,medium,white,86.001,0.07906884803665074,15.217391304347828,160.29411764705884,0.61984375,0.034782608695652174
6.7,0.11,0.34,8.8,0.043,41.0,113.0,0.9962,3.42,0.4,9.3,7,medium,white,73.37700000000001,0.09130926584624609,36.283185840707965,138.80597014925374,0.11320454545454545,0.07787610619469028
6.7,0.11,0.34,8.8,0.043,41.0,113.0,0.9962,3.42,0.4,9.3,7,medium,white,73.37700000000001,0.09130926584624609,36.283185840707965,138.80597014925374,0.11320454545454545,0.07787610619469028
6.8,0.12,0.31,5.2,0.045,29.0,120.0,0.9942,3.41,0.46,9.8,7,medium,white,77.322,0.08794392281627479,24.166666666666668,144.11764705882354,0.1911923076923077,0.043333333333333335
6.6,0.16,0.57,1.1,0.13,58.0,140.0,0.9927,3.12,0.39,9.3,7,medium,white,73.37700000000001,0.08994644098286927,41.42857142857143,140.9090909090909,0.9024545454545454,0.007857142857142858
6.6,0.21,0.6,1.1,0.135,61.0,144.0,0.9927,3.12,0.39,9.3,7,medium,white,73.37700000000001,0.08994644098286927,42.36111111111111,140.9090909090909,0.9024545454545454,0.0076388888888888895
6.1,0.27,0.3,16.7,0.039,49.0,172.0,0.99985,3.4,0.45,9.4,5,low,white,74.166,0.08224793031847477,28.488372093023255,154.0983606557377,0.059871257485029944,0.09709302325581395
9.1,0.27,0.45,10.6,0.035,28.0,124.0,0.997,3.2,0.46,10.4,9,high,white,82.056,0.1108998732572877,22.58064516129032,114.2857142857143,0.09405660377358491,0.08548387096774193
6.4,0.225,0.48,2.2,0.115,29.0,104.0,0.9918,3.24,0.58,12.1,6,medium,white,95.46900000000001,0.06703746765965915,27.884615384615387,189.06249999999997,0.4508181818181818,0.021153846153846155
8.3,0.14,0.45,1.5,0.039,18.0,98.0,0.99215,3.02,0.56,11.0,6,medium,white,86.79,0.09563313745823251,18.367346938775512,132.5301204819277,0.6614333333333333,0.015306122448979591
7.2,0.23,0.19,13.7,0.052,47.0,197.0,0.99865,3.12,0.53,9.0,5,low,white,71.01,0.10139416983523447,23.85786802030457,125.0,0.07289416058394162,0.06954314720812182
6.9,0.22,0.37,15.0,0.053,59.0,178.0,0.9992,3.37,0.82,9.5,7,medium,white,74.955,0.09205523313988394,33.146067415730336,137.68115942028984,0.06661333333333333,0.08426966292134831
8.1,0.17,0.44,14.1,0.053,43.0,145.0,1.0006,3.28,0.75,8.8,8,high,white,69.432,0.11666090563428966,29.655172413793103,108.64197530864199,0.0709645390070922,0.09724137931034482
6.0,0.395,0.0,1.4,0.042,7.0,55.0,0.99135,3.37,0.38,11.2,4,low,white,88.36800000000001,0.06789788158609451,12.727272727272727,186.66666666666666,0.7081071428571428,0.025454545454545452
7.8,0.29,0.22,9.5,0.056,44.0,213.0,0.99715,3.08,0.61,9.3,6,medium,white,73.37700000000001,0.10630033934339096,20.657276995305164,119.23076923076925,0.10496315789473684,0.04460093896713615
6.9,0.22,0.37,15.0,0.053,59.0,178.0,0.9992,3.37,0.82,9.5,7,medium,white,74.955,0.09205523313988394,33.146067415730336,137.68115942028984,0.06661333333333333,0.08426966292134831
8.1,0.17,0.44,14.1,0.053,43.0,145.0,1.0006,3.28,0.75,8.8,8,high,white,69.432,0.11666090563428966,29.655172413793103,108.64197530864199,0.0709645390070922,0.09724137931034482
7.2,0.23,0.19,13.7,0.052,47.0,197.0,0.99865,3.12,0.53,9.0,5,low,white,71.01,0.10139416983523447,23.85786802030457,125.0,0.07289416058394162,0.06954314720812182
7.6,0.3,0.27,10.6,0.039,31.0,119.0,0.99815,3.27,0.3,9.3,6,medium,white,73.37700000000001,0.10357468961663735,26.05042016806723,122.36842105263159,0.09416509433962264,0.08907563025210084
7.7,0.34,0.28,11.0,0.04,31.0,117.0,0.99815,3.27,0.29,9.2,6,medium,white,72.58800000000001,0.10607813963740562,26.495726495726498,119.48051948051948,0.0907409090909091,0.09401709401709402
7.7,0.34,0.28,11.0,0.04,31.0,117.0,0.99815,3.27,0.29,9.2,6,medium,white,72.58800000000001,0.10607813963740562,26.495726495726498,119.48051948051948,0.0907409090909091,0.09401709401709402
5.8,0.34,0.16,7.0,0.037,26.0,116.0,0.9949,3.46,0.45,10.0,7,medium,white,78.9,0.07351077313054499,22.413793103448278,172.41379310344828,0.14212857142857144,0.0603448275862069
7.6,0.3,0.27,10.6,0.039,31.0,119.0,0.99815,3.27,0.3,9.3,6,medium,white,73.37700000000001,0.10357468961663735,26.05042016806723,122.36842105263159,0.09416509433962264,0.08907563025210084
7.7,0.34,0.28,11.0,0.04,31.0,117.0,0.99815,3.27,0.29,9.2,6,medium,white,72.58800000000001,0.10607813963740562,26.495726495726498,119.48051948051948,0.0907409090909091,0.09401709401709402
5.9,0.24,0.3,2.0,0.033,28.0,92.0,0.99225,3.39,0.69,10.9,7,medium,white,86.001,0.06860385344356461,30.434782608695656,184.74576271186442,0.496125,0.021739130434782608
6.4,0.46,0.08,4.9,0.046,34.0,144.0,0.99445,3.1,0.56,10.0,5,low,white,78.9,0.08111533586818757,23.61111111111111,156.25,0.20294897959183672,0.03402777777777778
5.9,0.24,0.3,2.0,0.033,28.0,92.0,0.99225,3.39,0.69,10.9,7,medium,white,86.001,0.06860385344356461,30.434782608695656,184.74576271186442,0.496125,0.021739130434782608
7.4,0.32,0.27,1.4,0.049,38.0,173.0,0.99335,3.03,0.52,9.3,5,low,white,73.37700000000001,0.10084903988988374,21.965317919075144,125.67567567567568,0.7095357142857143,0.008092485549132947
7.2,0.31,0.26,7.3,0.05,37.0,157.0,0.99625,3.09,0.43,9.0,5,low,white,71.01,0.10139416983523447,23.56687898089172,125.0,0.13647260273972603,0.0464968152866242
7.8,0.42,0.23,8.8,0.054,42.0,215.0,0.9971,3.02,0.58,9.2,6,medium,white,72.58800000000001,0.10745577781451478,19.53488372093023,117.94871794871796,0.11330681818181818,0.04093023255813954
6.9,0.24,0.33,12.5,0.046,47.0,153.0,0.9983,3.28,0.77,9.6,6,medium,white,75.744,0.09109632446134348,30.718954248366014,139.1304347826087,0.07986399999999999,0.08169934640522876
5.4,0.18,0.24,4.8,0.041,30.0,113.0,0.99445,3.42,0.4,9.4,6,medium,white,74.166,0.07280964323274816,26.548672566371685,174.07407407407408,0.20717708333333332,0.04247787610619469
6.0,0.18,0.31,1.4,0.036,14.0,75.0,0.99085,3.34,0.58,11.1,8,high,white,87.57900000000001,0.06850957421299626,18.666666666666668,185.0,0.7077500000000001,0.018666666666666665
7.8,0.27,0.58,11.2,0.036,44.0,161.0,0.9977,3.06,0.41,8.9,6,medium,white,70.221,0.11107788268466696,27.32919254658385,114.10256410256412,0.08908035714285716,0.06956521739130435
6.0,0.28,0.49,6.8,0.048,61.0,222.0,0.9953,3.19,0.47,9.3,5,low,white,73.37700000000001,0.08176949180260844,27.47747747747748,155.0,0.14636764705882352,0.03063063063063063
6.8,0.39,0.35,11.6,0.044,57.0,220.0,0.99775,3.07,0.53,9.3,5,low,white,73.37700000000001,0.09267209070962289,25.90909090909091,136.76470588235296,0.08601293103448276,0.05272727272727273
6.6,0.21,0.31,11.4,0.039,46.0,165.0,0.99795,3.41,0.44,9.8,7,medium,white,77.322,0.08535733685109023,27.878787878787882,148.4848484848485,0.08753947368421053,0.06909090909090909
7.3,0.32,0.34,6.6,0.032,24.0,112.0,0.99505,3.22,0.46,9.8,6,medium,white,77.322,0.09441038772923617,21.428571428571427,134.24657534246575,0.15076515151515152,0.05892857142857143
7.8,0.27,0.58,11.2,0.036,44.0,161.0,0.9977,3.06,0.41,8.9,6,medium,white,70.221,0.11107788268466696,27.32919254658385,114.10256410256412,0.08908035714285716,0.06956521739130435
6.4,0.31,0.26,13.2,0.046,57.0,205.0,0.9975,3.17,0.41,9.6,5,low,white,75.744,0.08449514152936206,27.80487804878049,149.99999999999997,0.07556818181818183,0.06439024390243903
6.2,0.29,0.26,13.1,0.046,55.0,204.0,0.99745,3.16,0.41,9.6,6,medium,white,75.744,0.0818546683565695,26.96078431372549,154.83870967741936,0.0761412213740458,0.0642156862745098
6.0,0.39,0.17,12.0,0.046,65.0,246.0,0.9976,3.15,0.38,9.0,6,medium,white,71.01,0.08449514152936205,26.422764227642276,150.0,0.08313333333333334,0.04878048780487805
6.2,0.3,0.26,13.4,0.046,57.0,206.0,0.99775,3.17,0.43,9.5,6,medium,white,74.955,0.08271629644453339,27.669902912621357,153.2258064516129,0.0744589552238806,0.06504854368932039
6.0,0.28,0.49,6.8,0.048,61.0,222.0,0.9953,3.19,0.47,9.3,5,low,white,73.37700000000001,0.08176949180260844,27.47747747747748,155.0,0.14636764705882352,0.03063063063063063
6.0,0.41,0.05,1.5,0.063,17.0,120.0,0.9932,3.21,0.56,9.2,6,medium,white,72.58800000000001,0.08265829062654984,14.166666666666666,153.33333333333331,0.6621333333333334,0.0125
6.4,0.35,0.28,1.1,0.055,9.0,160.0,0.99405,3.42,0.5,9.1,7,medium,white,71.799,0.08913773172328306,5.625,142.18749999999997,0.9036818181818181,0.006875000000000001
6.5,0.26,0.32,16.5,0.045,44.0,166.0,1.0,3.38,0.46,9.5,6,medium,white,74.955,0.0867186978853979,26.506024096385545,146.15384615384613,0.06060606060606061,0.09939759036144578
7.9,0.35,0.24,15.6,0.072,44.0,229.0,0.99785,3.03,0.59,10.5,6,medium,white,82.845,0.09535880258313718,19.213973799126638,132.91139240506328,0.06396474358974359,0.06812227074235808
6.2,0.3,0.17,2.8,0.04,24.0,125.0,0.9939,3.01,0.46,9.0,5,low,white,71.01,0.08731164624700746,19.2,145.16129032258064,0.35496428571428573,0.0224
8.4,0.18,0.42,5.1,0.036,7.0,77.0,0.9939,3.16,0.52,11.7,5,low,white,92.313,0.09099476780085146,9.090909090909092,139.28571428571428,0.19488235294117648,0.06623376623376623
6.6,0.56,0.22,8.9,0.034,27.0,133.0,0.99675,3.2,0.51,9.1,5,low,white,71.799,0.09192328583963563,20.30075187969925,137.87878787878788,0.1119943820224719,0.06691729323308271
6.2,0.3,0.17,2.8,0.04,24.0,125.0,0.9939,3.01,0.46,9.0,5,low,white,71.01,0.08731164624700746,19.2,145.16129032258064,0.35496428571428573,0.0224
6.6,0.56,0.22,8.9,0.034,27.0,133.0,0.99675,3.2,0.51,9.1,5,low,white,71.799,0.09192328583963563,20.30075187969925,137.87878787878788,0.1119943820224719,0.06691729323308271
6.6,0.36,0.29,1.6,0.021,24.0,85.0,0.98965,3.41,0.61,12.4,9,high,white,97.836,0.06745983073715196,28.235294117647058,187.87878787878788,0.61853125,0.018823529411764708
7.3,0.655,0.2,10.2,0.071,28.0,212.0,0.9971,2.96,0.58,9.2,6,medium,white,72.58800000000001,0.10056758692896896,13.20754716981132,126.02739726027397,0.09775490196078432,0.04811320754716981
6.8,0.18,0.21,5.4,0.053,34.0,104.0,0.99445,3.3,0.43,9.4,5,low,white,74.166,0.09168621740420138,32.69230769230769,138.23529411764707,0.18415740740740738,0.051923076923076926
6.7,0.19,0.23,6.2,0.047,36.0,117.0,0.9945,3.34,0.43,9.6,6,medium,white,75.744,0.08845585128855091,30.76923076923077,143.28358208955223,0.1604032258064516,0.05299145299145299
8.4,0.18,0.42,5.1,0.036,7.0,77.0,0.9939,3.16,0.52,11.7,5,low,white,92.313,0.09099476780085146,9.090909090909092,139.28571428571428,0.19488235294117648,0.06623376623376623
7.0,0.21,0.37,7.2,0.042,36.0,167.0,0.9958,3.26,0.56,9.8,6,medium,white,77.322,0.09053050878145935,21.55688622754491,140.0,0.13830555555555554,0.04311377245508982
6.8,0.25,0.38,8.1,0.046,24.0,155.0,0.9956,3.33,0.59,10.2,6,medium,white,80.47800000000001,0.08449514152936205,15.483870967741936,150.0,0.1229135802469136,0.05225806451612903
7.4,0.24,0.36,2.0,0.031,27.0,139.0,0.99055,3.28,0.48,12.5,9,high,white,98.625,0.07503168567807351,19.424460431654676,168.9189189189189,0.495275,0.014388489208633094
7.1,0.16,0.36,10.7,0.044,20.0,90.0,0.9959,3.16,0.44,10.9,7,medium,white,86.001,0.08255717956767944,22.22222222222222,153.5211267605634,0.0930747663551402,0.11888888888888888
7.1,0.16,0.36,1.2,0.043,21.0,90.0,0.9925,3.16,0.42,11.0,7,medium,white,86.79,0.08180665975342781,23.333333333333332,154.92957746478874,0.8270833333333334,0.013333333333333332
7.3,0.205,0.31,1.7,0.06,34.0,110.0,0.9963,3.72,0.69,10.5,6,medium,white,82.845,0.08811636188062043,30.909090909090907,143.83561643835617,0.5860588235294117,0.015454545454545453
7.4,0.17,0.4,5.5,0.037,34.0,161.0,0.9935,3.05,0.62,11.5,4,low,white,90.735,0.08155618008486251,21.11801242236025,155.4054054054054,0.18063636363636365,0.034161490683229816
7.3,0.3,0.34,2.7,0.044,34.0,108.0,0.99105,3.36,0.53,12.8,8,high,white,100.992,0.07228295310519645,31.48148148148148,175.34246575342468,0.3670555555555555,0.025
6.9,0.25,0.34,1.3,0.035,27.0,82.0,0.99045,3.18,0.44,12.2,6,medium,white,96.25800000000001,0.07168235367449978,32.926829268292686,176.81159420289853,0.7618846153846154,0.015853658536585366
7.3,0.205,0.31,1.7,0.06,34.0,110.0,0.9963,3.72,0.69,10.5,6,medium,white,82.845,0.08811636188062043,30.909090909090907,143.83561643835617,0.5860588235294117,0.015454545454545453
7.5,0.42,0.34,4.3,0.04,34.0,108.0,0.99155,3.14,0.45,12.8,8,high,white,100.992,0.07426330798479087,31.48148148148148,170.66666666666669,0.23059302325581396,0.03981481481481481
7.3,0.25,0.36,2.1,0.034,30.0,177.0,0.99085,3.25,0.4,11.9,8,high,white,93.891,0.07774973107113567,16.94915254237288,163.013698630137,0.4718333333333333,0.011864406779661017
7.3,0.25,0.36,2.1,0.034,30.0,177.0,0.99085,3.25,0.4,11.9,8,high,white,93.891,0.07774973107113567,16.94915254237288,163.013698630137,0.4718333333333333,0.011864406779661017
7.3,0.25,0.36,2.1,0.034,30.0,177.0,0.99085,3.25,0.4,11.9,8,high,white,93.891,0.07774973107113567,16.94915254237288,163.013698630137,0.4718333333333333,0.011864406779661017
7.5,0.34,0.35,6.0,0.034,12.0,126.0,0.9924,3.16,0.39,12.0,7,medium,white,94.68,0.07921419518377693,9.523809523809524,160.0,0.1654,0.047619047619047616
7.6,0.33,0.35,6.3,0.036,12.0,126.0,0.9924,3.16,0.39,12.0,7,medium,white,94.68,0.08027038445289394,9.523809523809524,157.89473684210526,0.1575238095238095,0.049999999999999996
8.7,0.23,0.32,13.4,0.044,35.0,169.0,0.99975,3.12,0.47,8.8,7,medium,white,69.432,0.12530245419979258,20.710059171597635,101.14942528735634,0.07460820895522388,0.07928994082840236
8.7,0.23,0.32,13.4,0.044,35.0,169.0,0.99975,3.12,0.47,8.8,7,medium,white,69.432,0.12530245419979258,20.710059171597635,101.14942528735634,0.07460820895522388,0.07928994082840236
6.9,0.19,0.35,1.7,0.036,33.0,101.0,0.99315,3.21,0.54,10.8,7,medium,white,85.212,0.0809745106323053,32.67326732673268,156.52173913043478,0.5842058823529411,0.016831683168316833
7.3,0.21,0.29,1.6,0.034,29.0,118.0,0.9917,3.3,0.5,11.0,8,high,white,86.79,0.08411107270422859,24.576271186440678,150.68493150684932,0.6198125,0.013559322033898306
7.3,0.21,0.29,1.6,0.034,29.0,118.0,0.9917,3.3,0.5,11.0,8,high,white,86.79,0.08411107270422859,24.576271186440678,150.68493150684932,0.6198125,0.013559322033898306
6.6,0.22,0.37,15.4,0.035,62.0,153.0,0.99845,3.02,0.4,9.3,5,low,white,73.37700000000001,0.08994644098286927,40.52287581699346,140.9090909090909,0.06483441558441558,0.10065359477124183
9.2,0.34,0.27,1.2,0.026,17.0,73.0,0.9921,3.08,0.39,10.8,5,low,white,85.212,0.10796601417640707,23.28767123287671,117.3913043478261,0.82675,0.01643835616438356
8.7,0.23,0.32,13.4,0.044,35.0,169.0,0.99975,3.12,0.47,8.8,7,medium,white,69.432,0.12530245419979258,20.710059171597635,101.14942528735634,0.07460820895522388,0.07928994082840236
6.0,0.2,0.24,1.8,0.03,30.0,105.0,0.9909,3.31,0.47,11.5,6,medium,white,90.735,0.06612663250123987,28.57142857142857,191.66666666666669,0.5505,0.017142857142857144
6.9,0.19,0.35,1.7,0.036,33.0,101.0,0.99315,3.21,0.54,10.8,7,medium,white,85.212,0.0809745106323053,32.67326732673268,156.52173913043478,0.5842058823529411,0.016831683168316833
8.2,0.38,0.49,13.6,0.042,58.0,166.0,0.99855,3.1,0.54,9.4,5,low,white,74.166,0.1105627915756546,34.93975903614458,114.63414634146343,0.07342279411764706,0.0819277108433735
6.9,0.18,0.36,1.3,0.036,40.0,117.0,0.9934,3.27,0.95,9.5,7,medium,white,74.955,0.09205523313988394,34.18803418803419,137.68115942028984,0.7641538461538461,0.011111111111111112
7.7,0.34,0.58,11.1,0.039,41.0,151.0,0.9978,3.06,0.49,8.6,5,low,white,67.854,0.11347894007722463,27.1523178807947,111.68831168831169,0.0898918918918919,0.07350993377483443
6.9,0.18,0.36,1.3,0.036,40.0,117.0,0.9934,3.27,0.95,9.5,7,medium,white,74.955,0.09205523313988394,34.18803418803419,137.68115942028984,0.7641538461538461,0.011111111111111112
7.4,0.2,0.35,2.1,0.038,30.0,116.0,0.9949,3.49,0.77,10.3,7,medium,white,81.26700000000001,0.0910578709685358,25.862068965517242,139.1891891891892,0.4737619047619047,0.01810344827586207
8.2,0.38,0.49,13.6,0.042,58.0,166.0,0.99855,3.1,0.54,9.4,5,low,white,74.166,0.1105627915756546,34.93975903614458,114.63414634146343,0.07342279411764706,0.0819277108433735
8.2,0.4,0.48,13.7,0.042,59.0,169.0,0.9986,3.1,0.52,9.4,5,low,white,74.166,0.1105627915756546,34.9112426035503,114.63414634146343,0.07289051094890511,0.08106508875739644
6.7,0.22,0.39,10.2,0.038,60.0,149.0,0.99725,3.17,0.54,10.0,7,medium,white,78.9,0.08491761723700887,40.26845637583892,149.25373134328356,0.09776960784313726,0.06845637583892616
6.6,0.3,0.3,4.8,0.17,60.0,166.0,0.9946,3.18,0.47,9.4,5,low,white,74.166,0.08898956395113664,36.144578313253014,142.42424242424244,0.20720833333333336,0.028915662650602407
8.1,0.27,0.35,1.7,0.03,38.0,103.0,0.99255,3.22,0.63,10.4,8,high,white,82.056,0.0987130739982451,36.89320388349515,128.39506172839506,0.5838529411764706,0.016504854368932037
7.3,0.25,0.42,14.2,0.041,57.0,182.0,0.9996,3.29,0.75,9.1,7,medium,white,71.799,0.10167272524686972,31.318681318681318,124.65753424657532,0.0703943661971831,0.07802197802197802
4.8,0.34,0.0,6.5,0.028,33.0,163.0,0.9939,3.36,0.61,9.9,6,medium,white,78.111,0.06145101202135422,20.245398773006134,206.25,0.1529076923076923,0.03987730061349693
6.2,0.28,0.33,1.7,0.029,24.0,111.0,0.99,3.24,0.5,12.1,6,medium,white,95.46900000000001,0.0649425467952948,21.62162162162162,195.16129032258064,0.5823529411764706,0.015315315315315315
4.8,0.33,0.0,6.5,0.028,34.0,163.0,0.9937,3.35,0.61,9.9,5,low,white,78.111,0.06145101202135422,20.858895705521473,206.25,0.15287692307692308,0.03987730061349693
6.1,0.27,0.33,2.2,0.021,26.0,117.0,0.9886,3.12,0.3,12.5,6,medium,white,98.625,0.06185044359949302,22.22222222222222,204.91803278688528,0.44936363636363635,0.018803418803418806
6.9,0.18,0.36,1.3,0.036,40.0,117.0,0.9934,3.27,0.95,9.5,7,medium,white,74.955,0.09205523313988394,34.18803418803419,137.68115942028984,0.7641538461538461,0.011111111111111112
7.8,0.18,0.46,12.6,0.042,41.0,143.0,1.0,3.24,0.76,8.5,8,high,white,67.065,0.11630507716394543,28.671328671328673,108.97435897435899,0.07936507936507936,0.08811188811188811
7.3,0.28,0.42,14.4,0.04,49.0,173.0,0.9994,3.28,0.82,9.0,7,medium,white,71.01,0.10280242219405716,28.32369942196532,123.28767123287672,0.06940277777777777,0.08323699421965318
7.3,0.24,0.29,1.2,0.037,37.0,97.0,0.9926,3.19,0.7,10.1,6,medium,white,79.68900000000001,0.09160611878678361,38.144329896907216,138.35616438356163,0.8271666666666667,0.012371134020618556
6.0,0.45,0.65,9.7,0.08,11.0,159.0,0.9956,3.04,0.48,9.4,5,low,white,74.166,0.0808996035919424,6.918238993710692,156.66666666666666,0.10263917525773197,0.061006289308176094
7.7,0.34,0.58,11.1,0.039,41.0,151.0,0.9978,3.06,0.49,8.6,5,low,white,67.854,0.11347894007722463,27.1523178807947,111.68831168831169,0.0898918918918919,0.07350993377483443
6.3,0.26,0.21,4.0,0.03,24.0,125.0,0.9915,3.06,0.34,10.7,6,medium,white,84.423,0.07462421378060481,19.2,169.84126984126985,0.247875,0.032
10.3,0.17,0.47,1.4,0.037,5.0,33.0,0.9939,2.89,0.28,9.6,3,low,white,75.744,0.13598436839881708,15.151515151515152,93.20388349514562,0.7099285714285715,0.04242424242424242
7.7,0.15,0.29,1.3,0.029,10.0,64.0,0.9932,3.35,0.39,10.1,5,low,white,79.68900000000001,0.09662563214496354,15.625,131.16883116883116,0.7639999999999999,0.0203125
7.1,0.21,0.32,2.2,0.037,28.0,141.0,0.993,3.2,0.57,10.0,7,medium,white,78.9,0.08998732572877058,19.858156028368796,140.84507042253523,0.4513636363636363,0.015602836879432626
6.9,0.36,0.34,4.2,0.018,57.0,119.0,0.9898,3.28,0.36,12.7,9,high,white,100.203,0.0688602137660549,47.89915966386555,184.05797101449272,0.23566666666666666,0.03529411764705882
6.0,0.28,0.34,1.6,0.119,33.0,104.0,0.9921,3.19,0.38,10.2,6,medium,white,80.47800000000001,0.07455453664355476,31.73076923076923,170.0,0.6200625,0.015384615384615385
6.2,0.16,0.54,1.4,0.126,37.0,110.0,0.9932,3.23,0.37,8.9,6,medium,white,70.221,0.0882926759801199,33.63636363636363,143.5483870967742,0.7094285714285714,0.012727272727272726
6.9,0.12,0.36,2.2,0.037,18.0,111.0,0.9919,3.41,0.82,11.9,8,high,white,93.891,0.07348947183436112,16.216216216216218,172.46376811594203,0.45086363636363636,0.019819819819819822
7.1,0.21,0.32,2.2,0.037,28.0,141.0,0.993,3.2,0.57,10.0,7,medium,white,78.9,0.08998732572877058,19.858156028368796,140.84507042253523,0.4513636363636363,0.015602836879432626
8.8,0.36,0.44,1.9,0.04,9.0,121.0,0.9953,3.19,0.48,9.9,6,medium,white,78.111,0.11266018870581608,7.43801652892562,112.5,0.5238421052631579,0.015702479338842973
7.4,0.26,0.43,6.0,0.022,22.0,125.0,0.9928,3.13,0.55,11.5,6,medium,white,90.735,0.08155618008486251,17.599999999999998,155.4054054054054,0.16546666666666668,0.048
7.4,0.26,0.43,6.0,0.022,22.0,125.0,0.9928,3.13,0.55,11.5,6,medium,white,90.735,0.08155618008486251,17.599999999999998,155.4054054054054,0.16546666666666668,0.048
6.8,0.23,0.29,12.2,0.035,38.0,236.0,0.9976,3.35,0.52,9.8,6,medium,white,77.322,0.08794392281627479,16.101694915254235,144.11764705882354,0.0817704918032787,0.051694915254237285
6.1,0.34,0.27,2.6,0.024,20.0,105.0,0.9906,3.4,0.67,12.2,7,medium,white,96.25800000000001,0.06337135614702154,19.047619047619047,200.0,0.381,0.024761904761904763
7.3,0.26,0.31,1.6,0.04,39.0,173.0,0.9918,3.19,0.51,11.4,6,medium,white,89.946,0.0811598069953083,22.54335260115607,156.16438356164383,0.619875,0.009248554913294798
6.5,0.3,0.32,2.0,0.044,34.0,90.0,0.99185,3.37,0.68,11.0,7,medium,white,86.79,0.07489342090102546,37.77777777777778,169.23076923076923,0.495925,0.022222222222222223
7.3,0.26,0.31,1.6,0.04,39.0,173.0,0.9918,3.19,0.51,11.4,6,medium,white,89.946,0.0811598069953083,22.54335260115607,156.16438356164383,0.619875,0.009248554913294798
6.5,0.3,0.32,2.0,0.044,34.0,90.0,0.99185,3.37,0.68,11.0,7,medium,white,86.79,0.07489342090102546,37.77777777777778,169.23076923076923,0.495925,0.022222222222222223
5.0,0.31,0.0,6.4,0.046,43.0,166.0,0.994,3.3,0.63,9.9,6,medium,white,78.111,0.06401147085557732,25.903614457831324,198.0,0.1553125,0.03855421686746988
5.8,0.26,0.18,1.2,0.031,40.0,114.0,0.9908,3.42,0.4,11.0,7,medium,white,86.79,0.06682797557322272,35.08771929824561,189.6551724137931,0.8256666666666667,0.010526315789473684
5.9,0.26,0.3,1.0,0.036,38.0,114.0,0.9928,3.58,0.48,9.4,5,low,white,74.166,0.07955127686541004,33.33333333333333,159.32203389830508,0.9928,0.008771929824561403
7.0,0.31,0.29,1.4,0.037,33.0,128.0,0.9896,3.12,0.36,12.2,7,medium,white,96.25800000000001,0.07272122836543456,25.78125,174.28571428571428,0.706857142857143,0.0109375
5.8,0.26,0.18,1.2,0.031,40.0,114.0,0.9908,3.42,0.4,11.0,7,medium,white,86.79,0.06682797557322272,35.08771929824561,189.6551724137931,0.8256666666666667,0.010526315789473684
5.6,0.19,0.39,1.1,0.043,17.0,67.0,0.9918,3.23,0.53,10.3,6,medium,white,81.26700000000001,0.06890865911132439,25.37313432835821,183.92857142857147,0.9016363636363636,0.016417910447761197
6.8,0.18,0.28,8.7,0.047,52.0,242.0,0.9952,3.22,0.53,10.5,6,medium,white,82.845,0.08208099462852314,21.487603305785125,154.41176470588235,0.11439080459770115,0.03595041322314049
7.0,0.29,0.26,1.6,0.044,12.0,87.0,0.9923,3.08,0.46,10.5,6,medium,white,82.845,0.08449514152936206,13.793103448275861,150.0,0.6201874999999999,0.01839080459770115
6.6,0.26,0.29,1.4,0.039,13.0,67.0,0.9915,3.05,0.49,10.9,6,medium,white,86.001,0.0767432936826316,19.402985074626866,165.15151515151516,0.7082142857142858,0.0208955223880597
6.8,0.18,0.28,8.5,0.047,52.0,242.0,0.9952,3.22,0.53,10.5,6,medium,white,82.845,0.08208099462852314,21.487603305785125,154.41176470588235,0.11708235294117647,0.03512396694214876
6.6,0.2,0.38,7.9,0.052,30.0,145.0,0.9947,3.32,0.56,11.0,7,medium,white,86.79,0.07604562737642584,20.689655172413794,166.66666666666669,0.1259113924050633,0.05448275862068966
8.0,0.29,0.29,13.2,0.046,26.0,113.0,0.9983,3.25,0.37,9.7,6,medium,white,76.533,0.10453007199508708,23.008849557522122,121.24999999999999,0.07562878787878788,0.1168141592920354
6.1,0.28,0.35,12.8,0.048,63.0,229.0,0.9975,3.08,0.4,8.9,5,low,white,70.221,0.08686860056108571,27.510917030567683,145.9016393442623,0.0779296875,0.05589519650655022
5.9,0.31,0.3,7.7,0.047,60.0,206.0,0.995,3.2,0.39,9.6,6,medium,white,75.744,0.07789395859738066,29.126213592233007,162.71186440677965,0.1292207792207792,0.03737864077669903
6.9,0.21,0.28,2.4,0.056,49.0,159.0,0.9944,3.02,0.47,8.8,8,high,white,69.432,0.09937780850328379,30.81761006289308,127.53623188405798,0.41433333333333333,0.01509433962264151
8.4,0.19,0.42,1.6,0.047,9.0,101.0,0.994,3.06,0.65,11.1,4,low,white,87.57900000000001,0.09591340389819476,8.91089108910891,132.14285714285714,0.62125,0.015841584158415842
8.3,0.27,0.45,1.3,0.048,8.0,72.0,0.9944,3.08,0.61,10.3,4,low,white,81.26700000000001,0.10213247689714151,11.11111111111111,124.09638554216866,0.7649230769230768,0.018055555555555557
7.1,0.25,0.39,2.1,0.036,30.0,124.0,0.9908,3.28,0.43,12.2,8,high,white,96.25800000000001,0.07376010305636933,24.193548387096776,171.83098591549296,0.4718095238095238,0.016935483870967744
8.0,0.23,0.37,9.6,0.054,23.0,159.0,0.99795,3.32,0.47,9.8,4,low,white,77.322,0.10346343860738211,14.465408805031446,122.50000000000001,0.10395312500000001,0.06037735849056604
7.5,0.24,0.31,13.0,0.049,46.0,217.0,0.9985,3.08,0.53,8.8,5,low,white,69.432,0.10801935706878672,21.19815668202765,117.33333333333333,0.07680769230769231,0.059907834101382486
6.3,0.33,0.2,5.8,0.04,24.0,144.0,0.99425,3.15,0.63,9.9,5,low,white,78.111,0.08065445327802742,16.666666666666664,157.14285714285717,0.17142241379310344,0.04027777777777777
6.2,0.33,0.19,5.6,0.042,22.0,143.0,0.99425,3.15,0.63,9.9,5,low,white,78.111,0.07937422386091587,15.384615384615385,159.6774193548387,0.17754464285714286,0.03916083916083916
6.3,0.34,0.19,5.8,0.041,22.0,145.0,0.9943,3.15,0.63,9.9,5,low,white,78.111,0.08065445327802742,15.172413793103448,157.14285714285717,0.17143103448275862,0.04
5.8,0.29,0.05,0.8,0.038,11.0,30.0,0.9924,3.36,0.35,9.2,5,low,white,72.58800000000001,0.0799030142723315,36.666666666666664,158.62068965517238,1.2405,0.02666666666666667
8.0,0.32,0.26,1.2,0.05,11.5,88.0,0.9946,3.24,0.37,9.5,4,low,white,74.955,0.1067307050897205,13.068181818181818,118.75,0.8288333333333334,0.013636363636363636
5.6,0.29,0.05,0.8,0.038,11.0,30.0,0.9924,3.36,0.35,9.2,5,low,white,72.58800000000001,0.07714773791811318,36.666666666666664,164.28571428571428,1.2405,0.02666666666666667
7.4,0.13,0.39,4.7,0.042,36.0,137.0,0.995,3.36,0.56,10.3,7,medium,white,81.26700000000001,0.0910578709685358,26.277372262773724,139.1891891891892,0.21170212765957447,0.034306569343065696
7.7,0.3,0.32,1.6,0.037,23.0,124.0,0.9919,2.93,0.33,11.0,6,medium,white,86.79,0.08871989860583016,18.548387096774192,142.85714285714286,0.6199374999999999,0.012903225806451613
7.0,0.24,0.34,1.4,0.031,27.0,107.0,0.99,3.06,0.39,11.9,6,medium,white,93.891,0.07455453664355476,25.233644859813083,170.0,0.7071428571428572,0.01308411214953271
8.6,0.18,0.4,1.1,0.04,20.0,107.0,0.9923,2.94,0.32,10.2,7,medium,white,80.47800000000001,0.10686150252242847,18.69158878504673,118.60465116279069,0.9020909090909089,0.010280373831775701
7.0,0.11,0.32,4.6,0.057,59.0,144.0,0.9956,3.55,0.44,9.4,7,medium,white,74.166,0.09438287085726614,40.97222222222222,134.2857142857143,0.21643478260869567,0.03194444444444444
7.7,0.32,0.62,10.6,0.036,56.0,153.0,0.9978,3.13,0.44,8.9,6,medium,white,70.221,0.10965380726563279,36.60130718954248,115.5844155844156,0.09413207547169812,0.06928104575163399
7.7,0.32,0.62,10.6,0.036,56.0,153.0,0.9978,3.13,0.44,8.9,6,medium,white,70.221,0.10965380726563279,36.60130718954248,115.5844155844156,0.09413207547169812,0.06928104575163399
6.5,0.26,0.27,12.9,0.044,69.0,215.0,0.9967,3.17,0.43,10.0,6,medium,white,78.9,0.082382762991128,32.093023255813954,153.84615384615387,0.07726356589147287,0.060000000000000005
7.9,0.28,0.41,2.0,0.044,50.0,152.0,0.9934,3.45,0.49,10.7,8,high,white,84.423,0.09357639505821873,32.89473684210527,135.44303797468353,0.4967,0.013157894736842105
6.3,0.27,0.23,2.9,0.047,13.0,100.0,0.9936,3.28,0.43,9.8,5,low,white,77.322,0.08147745790331341,13.0,155.55555555555557,0.34262068965517245,0.028999999999999998
5.4,0.595,0.1,2.8,0.042,26.0,80.0,0.9932,3.36,0.38,9.3,5,low,white,73.37700000000001,0.0735925426223476,32.5,172.22222222222223,0.3547142857142857,0.034999999999999996
6.7,0.25,0.33,2.9,0.057,52.0,173.0,0.9934,3.02,0.48,9.5,7,medium,white,74.955,0.08938696551264093,30.057803468208093,141.79104477611938,0.342551724137931,0.01676300578034682
6.5,0.25,0.35,12.0,0.055,47.0,179.0,0.998,3.58,0.47,10.0,5,low,white,78.9,0.082382762991128,26.256983240223462,153.84615384615387,0.08316666666666667,0.0670391061452514
6.1,0.36,0.58,15.0,0.044,42.0,115.0,0.9978,3.15,0.51,9.0,5,low,white,71.01,0.08590339388818476,36.52173913043478,147.54098360655738,0.06652,0.13043478260869565
7.7,0.17,0.52,5.9,0.017,21.0,84.0,0.9929,3.14,0.4,11.9,7,medium,white,93.891,0.08200999030791023,25.0,154.54545454545453,0.16828813559322034,0.07023809523809524
6.4,0.26,0.43,12.6,0.033,64.0,230.0,0.9974,3.08,0.38,8.9,5,low,white,70.221,0.09114082681818829,27.82608695652174,139.0625,0.07915873015873015,0.05478260869565217
6.5,0.26,0.28,12.5,0.046,80.0,225.0,0.99685,3.18,0.41,10.0,6,medium,white,78.9,0.082382762991128,35.55555555555556,153.84615384615387,0.079748,0.05555555555555555
5.9,0.29,0.33,7.4,0.037,58.0,205.0,0.99495,3.26,0.41,9.6,5,low,white,75.744,0.07789395859738066,28.292682926829265,162.71186440677965,0.1344527027027027,0.03609756097560976
6.2,0.28,0.43,13.0,0.039,64.0,233.0,0.99745,3.08,0.38,8.9,5,low,white,70.221,0.0882926759801199,27.467811158798284,143.5483870967742,0.07672692307692307,0.055793991416309016
6.1,0.27,0.44,6.7,0.041,61.0,230.0,0.99505,3.12,0.4,8.9,5,low,white,70.221,0.08686860056108571,26.521739130434785,145.9016393442623,0.14851492537313432,0.029130434782608697
6.4,0.43,0.32,1.4,0.048,10.0,67.0,0.992,3.08,0.41,11.4,5,low,white,89.946,0.071153803393147,14.925373134328357,178.125,0.7085714285714286,0.0208955223880597
6.1,0.36,0.58,15.0,0.044,42.0,115.0,0.9978,3.15,0.51,9.0,5,low,white,71.01,0.08590339388818476,36.52173913043478,147.54098360655738,0.06652,0.13043478260869565
6.2,0.35,0.29,7.3,0.044,56.0,244.0,0.9956,3.36,0.55,10.0,6,medium,white,78.9,0.07858048162230671,22.950819672131146,161.29032258064515,0.13638356164383564,0.029918032786885245
7.7,0.24,0.29,15.3,0.044,39.0,194.0,0.9982,3.06,0.47,9.6,7,medium,white,75.744,0.10165821715251373,20.103092783505154,124.67532467532467,0.06524183006535947,0.0788659793814433
6.2,0.34,0.28,7.5,0.034,40.0,197.0,0.99485,3.14,0.6,9.7,5,low,white,76.533,0.08101080579619249,20.304568527918782,156.4516129032258,0.13264666666666666,0.03807106598984772
6.3,0.27,0.46,11.75,0.037,61.0,212.0,0.9971,3.25,0.53,9.5,6,medium,white,74.955,0.0840504302581549,28.77358490566038,150.79365079365078,0.0848595744680851,0.055424528301886794
5.4,0.415,0.19,1.6,0.039,27.0,88.0,0.99265,3.54,0.41,10.0,7,medium,white,78.9,0.06844106463878327,30.681818181818183,185.18518518518516,0.6204062499999999,0.018181818181818184
6.9,0.48,0.36,3.5,0.03,31.0,135.0,0.9904,3.14,0.38,12.2,7,medium,white,96.25800000000001,0.07168235367449978,22.962962962962962,176.81159420289853,0.28297142857142854,0.025925925925925925
6.5,0.18,0.33,8.0,0.051,16.0,131.0,0.9965,3.28,0.44,8.7,7,medium,white,68.643,0.09469283102428507,12.213740458015266,133.84615384615384,0.1245625,0.061068702290076333
6.7,0.15,0.29,5.0,0.058,28.0,105.0,0.9946,3.52,0.44,10.2,7,medium,white,80.47800000000001,0.08325256591863614,26.666666666666668,152.23880597014926,0.19892,0.047619047619047616
8.2,0.345,1.0,18.2,0.047,55.0,205.0,0.99965,2.96,0.43,9.6,5,low,white,75.744,0.10825940008449514,26.82926829268293,117.07317073170734,0.05492582417582418,0.08878048780487804
8.5,0.16,0.35,1.6,0.039,24.0,147.0,0.9935,2.96,0.36,10.0,5,low,white,78.9,0.10773130544993662,16.3265306122449,117.64705882352942,0.6209375,0.0108843537414966
6.8,0.705,0.25,3.2,0.048,10.0,57.0,0.996,3.36,0.52,9.5,4,low,white,74.955,0.09072109932626242,17.543859649122805,139.7058823529412,0.31124999999999997,0.056140350877192984
7.3,0.25,0.39,6.4,0.034,8.0,84.0,0.9942,3.18,0.46,11.5,5,low,white,90.735,0.08045406954317517,9.523809523809524,157.53424657534248,0.15534374999999997,0.0761904761904762
7.6,0.345,0.26,1.9,0.043,15.0,134.0,0.9936,3.08,0.38,9.5,5,low,white,74.955,0.10139416983523447,11.194029850746269,125.0,0.5229473684210527,0.01417910447761194
7.6,0.22,0.34,9.7,0.035,26.0,143.0,0.9965,3.08,0.49,9.8,6,medium,white,77.322,0.098290266677013,18.181818181818183,128.94736842105266,0.10273195876288661,0.06783216783216783
6.5,0.17,0.33,1.4,0.028,14.0,99.0,0.9928,3.23,0.55,10.1,6,medium,white,79.68900000000001,0.08156709207042377,14.14141414141414,155.3846153846154,0.7091428571428572,0.01414141414141414
8.2,0.23,0.37,1.3,0.042,39.0,117.0,0.9928,2.99,0.36,10.0,5,low,white,78.9,0.10392902408111532,33.33333333333333,121.95121951219514,0.7636923076923077,0.011111111111111112
7.6,0.22,0.34,9.7,0.035,26.0,143.0,0.9965,3.08,0.49,9.8,6,medium,white,77.322,0.098290266677013,18.181818181818183,128.94736842105266,0.10273195876288661,0.06783216783216783
7.6,0.345,0.26,1.9,0.043,15.0,134.0,0.9936,3.08,0.38,9.5,5,low,white,74.955,0.10139416983523447,11.194029850746269,125.0,0.5229473684210527,0.01417910447761194
7.5,0.32,0.26,1.8,0.042,13.0,133.0,0.9938,3.07,0.38,9.5,5,low,white,74.955,0.10006003602161297,9.774436090225564,126.66666666666666,0.5521111111111111,0.013533834586466165
6.6,0.23,0.32,0.9,0.041,25.0,79.0,0.9926,3.39,0.54,10.2,7,medium,white,80.47800000000001,0.08200999030791023,31.645569620253166,154.54545454545453,1.1028888888888888,0.01139240506329114
6.6,0.2,0.32,1.1,0.039,25.0,78.0,0.9926,3.39,0.54,10.2,7,medium,white,80.47800000000001,0.08200999030791023,32.05128205128205,154.54545454545453,0.9023636363636364,0.014102564102564105
7.3,0.24,0.34,15.4,0.05,38.0,174.0,0.9983,3.03,0.42,9.0,6,medium,white,71.01,0.10280242219405716,21.839080459770116,123.28767123287672,0.06482467532467533,0.08850574712643679
7.3,0.24,0.34,15.4,0.05,38.0,174.0,0.9983,3.03,0.42,9.0,6,medium,white,71.01,0.10280242219405716,21.839080459770116,123.28767123287672,0.06482467532467533,0.08850574712643679
8.0,0.42,0.36,5.0,0.037,34.0,101.0,0.992,3.13,0.57,12.3,7,medium,white,97.04700000000001,0.08243428441888981,33.663366336633665,153.75,0.1984,0.04950495049504951
7.3,0.24,0.34,15.4,0.05,38.0,174.0,0.9983,3.03,0.42,9.0,6,medium,white,71.01,0.10280242219405716,21.839080459770116,123.28767123287672,0.06482467532467533,0.08850574712643679
6.1,0.19,0.25,4.0,0.023,23.0,112.0,0.9923,3.37,0.51,11.6,6,medium,white,91.524,0.0666491849132468,20.535714285714285,190.16393442622953,0.248075,0.03571428571428571
5.9,0.26,0.21,12.5,0.034,36.0,152.0,0.9972,3.28,0.43,9.5,6,medium,white,74.955,0.07871389500366888,23.684210526315788,161.01694915254237,0.079776,0.08223684210526316
8.3,0.23,0.43,3.2,0.035,14.0,101.0,0.9928,3.15,0.36,11.5,5,low,white,90.735,0.0914751749600485,13.861386138613863,138.55421686746988,0.31024999999999997,0.031683168316831684
6.5,0.34,0.28,1.8,0.041,43.0,188.0,0.9928,3.13,0.37,9.6,6,medium,white,75.744,0.08581537811575835,22.872340425531913,147.69230769230768,0.5515555555555556,0.009574468085106383
6.8,0.22,0.35,17.5,0.039,38.0,153.0,0.9994,3.24,0.42,9.0,6,medium,white,71.01,0.09576116039994366,24.836601307189543,132.35294117647058,0.057108571428571425,0.11437908496732026
6.5,0.08,0.33,1.9,0.028,23.0,93.0,0.991,3.34,0.7,12.0,7,medium,white,94.68,0.06865230249260668,24.731182795698924,184.6153846153846,0.521578947368421,0.020430107526881718
5.5,0.42,0.09,1.6,0.019,18.0,68.0,0.9906,3.33,0.51,11.4,7,medium,white,89.946,0.0611477997909857,26.47058823529412,207.27272727272728,0.619125,0.023529411764705882
5.1,0.42,0.01,1.5,0.017,25.0,102.0,0.9894,3.38,0.36,12.3,7,medium,white,97.04700000000001,0.05255185631704225,24.509803921568626,241.17647058823533,0.6596,0.014705882352941176
6.0,0.27,0.19,1.7,0.02,24.0,110.0,0.9898,3.32,0.47,12.6,7,medium,white,99.414,0.0603536725209729,21.818181818181817,210.0,0.5822352941176471,0.015454545454545453
6.8,0.22,0.35,17.5,0.039,38.0,153.0,0.9994,3.24,0.42,9.0,6,medium,white,71.01,0.09576116039994366,24.836601307189543,132.35294117647058,0.057108571428571425,0.11437908496732026
6.5,0.08,0.33,1.9,0.028,23.0,93.0,0.991,3.34,0.7,12.0,7,medium,white,94.68,0.06865230249260668,24.731182795698924,184.6153846153846,0.521578947368421,0.020430107526881718
7.1,0.13,0.38,1.8,0.046,14.0,114.0,0.9925,3.32,0.9,11.7,6,medium,white,92.313,0.07691224421262444,12.280701754385964,164.7887323943662,0.5513888888888889,0.015789473684210527
7.6,0.3,0.25,4.3,0.054,22.0,111.0,0.9956,3.12,0.49,9.2,5,low,white,72.58800000000001,0.10470050146029646,19.81981981981982,121.05263157894737,0.23153488372093026,0.03873873873873874
6.6,0.13,0.3,4.9,0.058,47.0,131.0,0.9946,3.51,0.45,10.3,6,medium,white,81.26700000000001,0.08121377680977516,35.87786259541985,156.0606060606061,0.2029795918367347,0.03740458015267176
6.5,0.14,0.33,7.6,0.05,53.0,189.0,0.9966,3.25,0.49,8.6,5,low,white,67.854,0.09579391045480001,28.04232804232804,132.3076923076923,0.13113157894736843,0.04021164021164021
7.7,0.28,0.33,6.7,0.037,32.0,155.0,0.9951,3.39,0.62,10.7,7,medium,white,84.423,0.09120737239851699,20.64516129032258,138.96103896103895,0.1485223880597015,0.043225806451612905
6.0,0.2,0.71,1.6,0.15,10.0,54.0,0.9927,3.12,0.47,9.8,5,low,white,77.322,0.07759757895553658,18.51851851851852,163.33333333333334,0.6204375,0.02962962962962963
6.0,0.19,0.71,1.5,0.152,9.0,55.0,0.9927,3.12,0.46,9.8,6,medium,white,77.322,0.07759757895553658,16.363636363636363,163.33333333333334,0.6618,0.02727272727272727
7.7,0.28,0.33,6.7,0.037,32.0,155.0,0.9951,3.39,0.62,10.7,7,medium,white,84.423,0.09120737239851699,20.64516129032258,138.96103896103895,0.1485223880597015,0.043225806451612905
5.1,0.39,0.21,1.7,0.027,15.0,72.0,0.9894,3.5,0.45,12.5,6,medium,white,98.625,0.05171102661596958,20.833333333333336,245.0980392156863,0.582,0.02361111111111111
5.7,0.36,0.34,4.2,0.026,21.0,77.0,0.9907,3.41,0.45,11.9,6,medium,white,93.891,0.06070869412403745,27.27272727272727,208.7719298245614,0.23588095238095239,0.05454545454545455
6.9,0.19,0.33,1.6,0.043,63.0,149.0,0.9925,3.44,0.52,10.8,5,low,white,85.212,0.0809745106323053,42.281879194630875,156.52173913043478,0.6203125,0.010738255033557048
6.0,0.41,0.21,1.9,0.05,29.0,122.0,0.9928,3.42,0.52,10.5,6,medium,white,82.845,0.07242440702516749,23.770491803278688,175.0,0.5225263157894737,0.015573770491803278
7.4,0.28,0.3,5.3,0.054,44.0,161.0,0.9941,3.12,0.48,10.3,6,medium,white,81.26700000000001,0.0910578709685358,27.32919254658385,139.1891891891892,0.18756603773584907,0.03291925465838509
7.4,0.3,0.3,5.2,0.053,45.0,163.0,0.9941,3.12,0.45,10.3,6,medium,white,81.26700000000001,0.0910578709685358,27.607361963190186,139.1891891891892,0.19117307692307692,0.03190184049079755
6.9,0.19,0.33,1.6,0.043,63.0,149.0,0.9925,3.44,0.52,10.8,5,low,white,85.212,0.0809745106323053,42.281879194630875,156.52173913043478,0.6203125,0.010738255033557048
7.7,0.28,0.39,8.9,0.036,8.0,117.0,0.9935,3.06,0.38,12.0,7,medium,white,94.68,0.08132657372201098,6.837606837606838,155.84415584415586,0.11162921348314607,0.07606837606837608
8.6,0.16,0.38,3.4,0.04,41.0,143.0,0.9932,2.95,0.39,10.2,6,medium,white,80.47800000000001,0.10686150252242847,28.671328671328673,118.60465116279069,0.29211764705882354,0.023776223776223775
8.2,0.26,0.44,1.3,0.046,7.0,69.0,0.9944,3.14,0.62,10.2,4,low,white,80.47800000000001,0.10189120007952482,10.144927536231885,124.39024390243902,0.7649230769230768,0.01884057971014493
6.5,0.25,0.27,15.2,0.049,75.0,217.0,0.9972,3.19,0.39,9.9,5,low,white,78.111,0.08321491211225052,34.56221198156682,152.30769230769232,0.06560526315789474,0.07004608294930875
7.0,0.24,0.18,1.3,0.046,9.0,62.0,0.994,3.38,0.47,10.1,4,low,white,79.68900000000001,0.08784148376814867,14.516129032258066,144.28571428571428,0.7646153846153846,0.020967741935483872
8.6,0.18,0.36,1.8,0.04,24.0,187.0,0.9956,3.25,0.55,9.5,6,medium,white,74.955,0.11473550797144953,12.834224598930483,110.46511627906976,0.5531111111111111,0.009625668449197862
7.8,0.27,0.34,1.6,0.046,27.0,154.0,0.9927,3.05,0.45,10.5,6,medium,white,82.845,0.09415172913271773,17.532467532467532,134.6153846153846,0.6204375,0.01038961038961039
6.0,0.26,0.34,1.3,0.046,6.0,29.0,0.9924,3.29,0.63,10.4,5,low,white,82.056,0.07312079555425563,20.689655172413794,173.33333333333334,0.7633846153846153,0.04482758620689655
6.1,0.24,0.27,9.8,0.062,33.0,152.0,0.9966,3.31,0.47,9.5,6,medium,white,74.955,0.08138216263091187,21.710526315789476,155.73770491803282,0.10169387755102041,0.06447368421052632
8.0,0.24,0.3,17.45,0.056,43.0,184.0,0.9997,3.05,0.5,9.2,6,medium,white,72.58800000000001,0.11021105416873311,23.369565217391305,114.99999999999999,0.057289398280802296,0.09483695652173912
7.6,0.21,0.6,2.1,0.046,47.0,165.0,0.9936,3.05,0.54,10.1,7,medium,white,79.68900000000001,0.09537075380541855,28.484848484848484,132.89473684210526,0.47314285714285714,0.012727272727272728
8.0,0.19,0.36,1.8,0.05,16.0,84.0,0.9936,3.15,0.45,9.8,7,medium,white,77.322,0.10346343860738211,19.047619047619047,122.50000000000001,0.552,0.02142857142857143
6.4,0.28,0.41,6.8,0.045,61.0,216.0,0.9952,3.09,0.46,9.4,5,low,white,74.166,0.0862929104980719,28.240740740740737,146.875,0.14635294117647057,0.03148148148148148
6.4,0.28,0.43,7.1,0.045,60.0,221.0,0.9952,3.09,0.45,9.4,6,medium,white,74.166,0.0862929104980719,27.149321266968325,146.875,0.14016901408450705,0.03212669683257918
6.9,0.24,0.39,1.3,0.063,18.0,136.0,0.9928,3.31,0.48,10.4,7,medium,white,82.056,0.08408891488739398,13.23529411764706,150.72463768115944,0.7636923076923077,0.009558823529411765
5.8,0.36,0.26,3.3,0.038,40.0,153.0,0.9911,3.34,0.55,11.3,6,medium,white,89.15700000000001,0.06505378153145573,26.143790849673206,194.82758620689657,0.30033333333333334,0.021568627450980392
6.6,0.18,0.28,3.3,0.044,18.0,91.0,0.993,3.42,0.64,10.8,6,medium,white,85.212,0.07745387973524855,19.78021978021978,163.63636363636365,0.3009090909090909,0.03626373626373626
5.8,0.36,0.26,3.3,0.038,40.0,153.0,0.9911,3.34,0.55,11.3,6,medium,white,89.15700000000001,0.06505378153145573,26.143790849673206,194.82758620689657,0.30033333333333334,0.021568627450980392
5.1,0.52,0.06,2.7,0.052,30.0,79.0,0.9932,3.32,0.43,9.3,5,low,white,73.37700000000001,0.06950406803221716,37.9746835443038,182.3529411764706,0.3678518518518518,0.03417721518987342
6.6,0.22,0.37,1.2,0.059,45.0,199.0,0.993,3.37,0.55,10.3,7,medium,white,81.26700000000001,0.08121377680977516,22.613065326633166,156.0606060606061,0.8275,0.006030150753768844
8.3,0.15,0.39,1.3,0.055,32.0,146.0,0.993,3.08,0.39,10.5,6,medium,white,82.845,0.10018709638481503,21.91780821917808,126.50602409638554,0.7638461538461538,0.008904109589041096
7.6,0.16,0.44,1.4,0.043,25.0,109.0,0.9932,3.11,0.75,10.3,6,medium,white,81.26700000000001,0.09351889450822595,22.93577981651376,135.5263157894737,0.7094285714285714,0.012844036697247705
7.7,0.16,0.41,1.7,0.048,60.0,173.0,0.9932,3.24,0.66,11.2,7,medium,white,88.36800000000001,0.08713561470215461,34.68208092485549,145.45454545454544,0.5842352941176471,0.009826589595375723
8.3,0.16,0.48,1.7,0.057,31.0,98.0,0.9943,3.15,0.41,10.3,6,medium,white,81.26700000000001,0.10213247689714151,31.63265306122449,124.09638554216866,0.5848823529411764,0.017346938775510204
6.2,0.25,0.47,11.6,0.048,62.0,210.0,0.9968,3.19,0.5,9.5,5,low,white,74.955,0.08271629644453339,29.523809523809526,153.2258064516129,0.08593103448275863,0.05523809523809524
6.1,0.16,0.27,12.6,0.064,63.0,162.0,0.9994,3.66,0.43,8.9,5,low,white,70.221,0.08686860056108571,38.88888888888889,145.9016393442623,0.07931746031746031,0.07777777777777778
7.6,0.39,0.22,2.8,0.036,19.0,113.0,0.9926,3.03,0.29,10.2,5,low,white,80.47800000000001,0.09443574641516934,16.8141592920354,134.21052631578948,0.35450000000000004,0.024778761061946902
6.8,0.37,0.47,11.2,0.071,44.0,136.0,0.9968,2.98,0.88,9.2,5,low,white,72.58800000000001,0.09367939604342314,32.35294117647059,135.2941176470588,0.08900000000000001,0.08235294117647059
7.6,0.16,0.44,1.4,0.043,25.0,109.0,0.9932,3.11,0.75,10.3,6,medium,white,81.26700000000001,0.09351889450822595,22.93577981651376,135.5263157894737,0.7094285714285714,0.012844036697247705
7.1,0.18,0.42,1.4,0.045,47.0,157.0,0.9916,2.95,0.31,10.5,6,medium,white,82.845,0.08570221497978152,29.936305732484076,147.88732394366198,0.7082857142857144,0.008917197452229299
8.3,0.14,0.26,1.5,0.049,56.0,189.0,0.9946,3.21,0.62,9.5,6,medium,white,74.955,0.11073310653058503,29.629629629629626,114.45783132530119,0.6630666666666667,0.007936507936507936
8.6,0.2,0.42,1.5,0.041,35.0,125.0,0.9925,3.11,0.49,11.4,7,medium,white,89.946,0.09561292330954128,28.000000000000004,132.55813953488374,0.6616666666666667,0.012
8.6,0.2,0.42,1.5,0.041,35.0,125.0,0.9925,3.11,0.49,11.4,7,medium,white,89.946,0.09561292330954128,28.000000000000004,132.55813953488374,0.6616666666666667,0.012
6.8,0.19,0.32,7.05,0.019,54.0,188.0,0.9935,3.25,0.37,11.1,8,high,white,87.57900000000001,0.07764418410806243,28.723404255319153,163.23529411764704,0.14092198581560283,0.0375
7.6,0.19,0.38,10.6,0.06,48.0,174.0,0.9962,3.13,0.38,10.5,6,medium,white,82.845,0.0917375822318788,27.586206896551722,138.1578947368421,0.0939811320754717,0.06091954022988506
6.8,0.34,0.74,2.8,0.088,23.0,185.0,0.9928,3.51,0.7,12.0,6,medium,white,94.68,0.07182087029995775,12.432432432432433,176.47058823529412,0.3545714285714286,0.015135135135135135
6.2,0.15,0.46,1.6,0.039,38.0,123.0,0.993,3.38,0.51,9.7,6,medium,white,76.533,0.08101080579619249,30.89430894308943,156.4516129032258,0.620625,0.013008130081300813
6.6,0.14,0.44,1.6,0.042,47.0,140.0,0.993,3.32,0.51,10.2,6,medium,white,80.47800000000001,0.08200999030791023,33.57142857142857,154.54545454545453,0.620625,0.011428571428571429
8.0,0.55,0.17,8.2,0.04,13.0,60.0,0.9956,3.09,0.3,9.5,4,low,white,74.955,0.1067307050897205,21.666666666666668,118.75,0.12141463414634147,0.13666666666666666
7.0,0.24,0.35,1.5,0.052,51.0,128.0,0.9941,3.41,0.59,10.4,7,medium,white,82.056,0.08530759481329823,39.84375,148.57142857142858,0.6627333333333333,0.01171875
6.3,0.6,0.44,11.0,0.05,50.0,245.0,0.9972,3.19,0.57,9.3,4,low,white,73.37700000000001,0.08585796639273885,20.408163265306122,147.61904761904762,0.09065454545454545,0.044897959183673466
7.1,0.2,0.41,2.1,0.054,24.0,166.0,0.9948,3.48,0.62,10.5,6,medium,white,82.845,0.08570221497978152,14.457831325301203,147.88732394366198,0.4737142857142857,0.012650602409638554
6.2,0.34,0.29,7.6,0.047,45.0,232.0,0.9955,3.35,0.62,10.0,6,medium,white,78.9,0.07858048162230671,19.396551724137932,161.29032258064515,0.13098684210526318,0.03275862068965517
7.1,0.3,0.36,6.8,0.055,44.5,234.0,0.9972,3.49,0.64,10.2,6,medium,white,80.47800000000001,0.08822286836153978,19.017094017094017,143.6619718309859,0.1466470588235294,0.02905982905982906
7.1,0.3,0.36,6.8,0.055,44.5,234.0,0.9972,3.49,0.64,10.2,6,medium,white,80.47800000000001,0.08822286836153978,19.017094017094017,143.6619718309859,0.1466470588235294,0.02905982905982906
7.9,0.64,0.46,10.6,0.244,33.0,227.0,0.9983,2.87,0.74,9.1,3,low,white,71.799,0.11002938759592751,14.537444933920703,115.18987341772151,0.09417924528301887,0.04669603524229075
8.8,0.17,0.38,1.8,0.04,39.0,148.0,0.9942,3.16,0.67,10.2,6,medium,white,80.47800000000001,0.1093466537438803,26.351351351351347,115.90909090909089,0.5523333333333333,0.012162162162162163
7.5,0.17,0.37,1.5,0.06,18.0,75.0,0.9936,3.54,0.88,10.7,5,low,white,84.423,0.08883834973881526,24.0,142.66666666666666,0.6624,0.02
7.1,0.47,0.24,6.0,0.044,11.0,77.0,0.9956,3.21,0.56,9.7,5,low,white,76.533,0.09277043889563978,14.285714285714285,136.61971830985914,0.16593333333333335,0.07792207792207792
7.1,0.15,0.34,5.3,0.034,33.0,104.0,0.9953,3.37,0.52,9.3,7,medium,white,73.37700000000001,0.09676056529975331,31.73076923076923,130.98591549295776,0.18779245283018867,0.05096153846153846
7.5,0.17,0.34,1.4,0.035,13.0,102.0,0.9918,3.05,0.74,11.0,5,low,white,86.79,0.08641548565502938,12.745098039215685,146.66666666666666,0.7084285714285715,0.013725490196078431
8.2,0.68,0.3,2.1,0.047,17.0,138.0,0.995,3.22,0.71,10.8,4,low,white,85.212,0.09623057785288455,12.318840579710146,131.70731707317077,0.4738095238095238,0.015217391304347827
7.7,0.275,0.3,1.0,0.039,19.0,75.0,0.992,3.01,0.56,10.7,5,low,white,84.423,0.09120737239851699,25.333333333333336,138.96103896103895,0.992,0.013333333333333334
7.3,0.49,0.32,5.2,0.043,18.0,104.0,0.9952,3.24,0.45,10.7,4,low,white,84.423,0.0864693270791135,17.307692307692307,146.5753424657534,0.19138461538461538,0.05
7.5,0.33,0.48,19.45,0.048,55.0,243.0,1.001,2.95,0.4,8.8,5,low,white,69.432,0.10801935706878672,22.633744855967077,117.33333333333333,0.051465295629820045,0.08004115226337448
7.2,0.21,0.37,1.6,0.049,23.0,94.0,0.9924,3.16,0.48,10.9,7,medium,white,86.001,0.08371995674468902,24.46808510638298,151.38888888888889,0.62025,0.01702127659574468
7.3,0.15,0.4,2.0,0.05,24.0,92.0,0.9932,3.14,0.45,10.5,5,low,white,82.845,0.08811636188062043,26.08695652173913,143.83561643835617,0.4966,0.021739130434782608
6.5,0.19,0.1,1.3,0.046,23.0,107.0,0.9937,3.29,0.45,10.0,5,low,white,78.9,0.082382762991128,21.49532710280374,153.84615384615387,0.7643846153846153,0.012149532710280374
7.0,0.31,0.52,1.7,0.029,5.0,61.0,0.9918,3.07,0.43,10.4,5,low,white,82.056,0.08530759481329823,8.19672131147541,148.57142857142858,0.5834117647058824,0.027868852459016394
8.3,0.4,0.38,1.1,0.038,15.0,75.0,0.9934,3.03,0.43,9.2,5,low,white,72.58800000000001,0.11434396870006061,20.0,110.84337349397589,0.9030909090909089,0.014666666666666668
6.1,0.37,0.36,4.7,0.035,36.0,116.0,0.991,3.31,0.62,12.6,6,medium,white,99.414,0.06135956706298911,31.03448275862069,206.55737704918033,0.21085106382978722,0.04051724137931035
7.3,0.24,0.34,7.5,0.048,29.0,152.0,0.9962,3.1,0.54,9.0,5,low,white,71.01,0.10280242219405716,19.078947368421055,123.28767123287672,0.13282666666666668,0.049342105263157895
6.9,0.21,0.81,1.1,0.137,52.0,123.0,0.9932,3.03,0.39,9.2,6,medium,white,72.58800000000001,0.09505703422053231,42.27642276422765,133.33333333333331,0.9029090909090908,0.00894308943089431
7.6,0.29,0.42,1.3,0.035,18.0,86.0,0.9908,2.99,0.39,11.3,5,low,white,89.15700000000001,0.08524288614466613,20.930232558139537,148.6842105263158,0.7621538461538462,0.015116279069767442
9.4,0.29,0.55,2.2,0.05,17.0,119.0,0.9962,3.12,0.69,10.3,4,low,white,81.26700000000001,0.11566810636543738,14.285714285714285,109.57446808510637,0.4528181818181818,0.018487394957983194
7.0,0.31,0.52,1.7,0.029,5.0,61.0,0.9918,3.07,0.43,10.4,5,low,white,82.056,0.08530759481329823,8.19672131147541,148.57142857142858,0.5834117647058824,0.027868852459016394
8.6,0.26,0.41,2.2,0.049,29.0,111.0,0.9941,2.96,0.44,10.0,5,low,white,78.9,0.10899873257287705,26.126126126126124,116.27906976744187,0.4518636363636363,0.019819819819819822
7.5,0.21,0.34,1.2,0.06,26.0,111.0,0.9931,3.51,0.47,10.7,6,medium,white,84.423,0.08883834973881526,23.423423423423422,142.66666666666666,0.8275833333333333,0.01081081081081081
7.2,0.51,0.24,10.0,0.093,35.0,197.0,0.9981,3.41,0.47,9.0,5,low,white,71.01,0.10139416983523447,17.766497461928935,125.0,0.09981,0.050761421319796954
7.5,0.21,0.34,1.2,0.06,26.0,111.0,0.9931,3.51,0.47,10.7,6,medium,white,84.423,0.08883834973881526,23.423423423423422,142.66666666666666,0.8275833333333333,0.01081081081081081
5.3,0.3,0.2,1.1,0.077,48.0,166.0,0.9944,3.3,0.54,8.7,4,low,white,68.643,0.07721107760441705,28.915662650602407,164.1509433962264,0.9039999999999999,0.006626506024096386
8.0,0.26,0.36,2.0,0.054,30.0,121.0,0.992,3.09,0.72,11.6,7,medium,white,91.524,0.08740876709934006,24.793388429752067,145.0,0.496,0.01652892561983471
7.0,0.21,0.28,7.5,0.07,45.0,185.0,0.9966,3.34,0.55,9.4,5,low,white,74.166,0.09438287085726614,24.324324324324326,134.2857142857143,0.13288,0.04054054054054054
6.7,0.26,0.26,4.0,0.079,35.5,216.0,0.9956,3.31,0.68,9.5,5,low,white,74.955,0.08938696551264093,16.435185185185187,141.79104477611938,0.2489,0.018518518518518517
6.7,0.26,0.26,4.1,0.073,36.0,202.0,0.9956,3.3,0.67,9.5,5,low,white,74.955,0.08938696551264093,17.82178217821782,141.79104477611938,0.24282926829268295,0.020297029702970294
8.1,0.26,0.37,1.9,0.072,48.0,159.0,0.9949,3.37,0.7,10.9,6,medium,white,86.001,0.09418495133777513,30.18867924528302,134.56790123456793,0.5236315789473684,0.011949685534591194
8.3,0.22,0.38,14.8,0.054,32.0,126.0,1.0002,3.22,0.5,9.7,5,low,white,76.533,0.10844994969490286,25.396825396825395,116.86746987951805,0.06758108108108107,0.11746031746031746
6.4,0.3,0.51,5.5,0.048,62.0,172.0,0.9942,3.08,0.45,9.1,6,medium,white,71.799,0.08913773172328306,36.04651162790697,142.18749999999997,0.18076363636363635,0.03197674418604651
7.5,0.19,0.34,2.6,0.037,33.0,125.0,0.9923,3.1,0.49,11.1,7,medium,white,87.57900000000001,0.08563696776624533,26.400000000000002,148.0,0.3816538461538461,0.0208
8.8,0.33,0.44,6.35,0.024,9.0,87.0,0.9917,2.96,0.4,12.6,7,medium,white,99.414,0.08851871969742693,10.344827586206897,143.18181818181816,0.1561732283464567,0.07298850574712644
6.9,0.2,0.36,1.5,0.031,38.0,147.0,0.9931,3.35,0.56,11.0,6,medium,white,86.79,0.07950224680262703,25.850340136054424,159.42028985507247,0.6620666666666667,0.01020408163265306
8.0,0.37,0.32,1.6,0.04,32.0,166.0,0.992,3.0,0.55,11.3,7,medium,white,89.15700000000001,0.08972935383649068,19.27710843373494,141.25,0.62,0.00963855421686747
8.3,0.22,0.38,14.8,0.054,32.0,126.0,1.0002,3.22,0.5,9.7,5,low,white,76.533,0.10844994969490286,25.396825396825395,116.86746987951805,0.06758108108108107,0.11746031746031746
8.2,0.29,0.33,9.1,0.036,28.0,118.0,0.9953,2.96,0.4,10.9,7,medium,white,86.001,0.0953477285147847,23.728813559322035,132.9268292682927,0.10937362637362637,0.0771186440677966
7.7,0.34,0.3,8.0,0.048,25.0,192.0,0.9951,2.97,0.47,10.9,5,low,white,86.001,0.08953384262973686,13.020833333333334,141.55844155844156,0.1243875,0.041666666666666664
6.2,0.55,0.45,12.0,0.049,27.0,186.0,0.9974,3.17,0.5,9.3,6,medium,white,73.37700000000001,0.08449514152936205,14.516129032258066,150.0,0.08311666666666666,0.06451612903225806
6.4,0.4,0.19,3.2,0.033,28.0,124.0,0.9904,3.22,0.54,12.7,7,medium,white,100.203,0.0638703432032973,22.58064516129032,198.43749999999997,0.30949999999999994,0.025806451612903226
7.5,0.28,0.33,7.7,0.048,42.0,180.0,0.9974,3.37,0.59,10.1,6,medium,white,79.68900000000001,0.09411587546587358,23.333333333333332,134.66666666666666,0.12953246753246753,0.042777777777777776
7.8,0.26,0.44,1.3,0.037,43.0,132.0,0.9944,3.18,0.65,10.0,5,low,white,78.9,0.0988593155893536,32.57575757575758,128.2051282051282,0.7649230769230768,0.00984848484848485
6.5,0.26,0.34,16.3,0.051,56.0,197.0,1.0004,3.49,0.42,9.8,5,low,white,77.322,0.08406404386849797,28.426395939086298,150.7692307692308,0.06137423312883435,0.08274111675126904
6.3,0.34,0.29,6.2,0.046,29.0,227.0,0.9952,3.29,0.53,10.1,6,medium,white,79.68900000000001,0.0790573353913338,12.77533039647577,160.31746031746033,0.16051612903225806,0.027312775330396475
6.8,0.15,0.33,4.7,0.059,31.0,118.0,0.9956,3.43,0.39,9.0,7,medium,white,71.01,0.09576116039994366,26.27118644067797,132.35294117647058,0.21182978723404255,0.039830508474576275
6.3,0.27,0.25,5.8,0.038,52.0,155.0,0.995,3.28,0.38,9.4,6,medium,white,74.166,0.08494458377153952,33.5483870967742,149.20634920634922,0.17155172413793104,0.03741935483870967
6.3,0.27,0.25,5.8,0.038,52.0,155.0,0.995,3.28,0.38,9.4,6,medium,white,74.166,0.08494458377153952,33.5483870967742,149.20634920634922,0.17155172413793104,0.03741935483870967
7.4,0.2,0.37,16.95,0.048,43.0,190.0,0.9995,3.03,0.42,9.2,6,medium,white,72.58800000000001,0.10194522510607813,22.63157894736842,124.3243243243243,0.05896755162241889,0.08921052631578948
6.3,0.23,0.21,5.1,0.035,29.0,142.0,0.9942,3.36,0.33,10.1,7,medium,white,79.68900000000001,0.0790573353913338,20.422535211267608,160.31746031746033,0.19494117647058826,0.03591549295774648
7.3,0.31,0.69,10.2,0.041,58.0,160.0,0.9977,3.06,0.45,8.6,5,low,white,67.854,0.10758393020308309,36.25,117.8082191780822,0.09781372549019608,0.06375
5.2,0.24,0.45,3.8,0.027,21.0,128.0,0.992,3.55,0.49,11.2,8,high,white,88.36800000000001,0.058844830707948576,16.40625,215.3846153846154,0.26105263157894737,0.0296875
7.0,0.24,0.32,1.3,0.037,39.0,123.0,0.992,3.17,0.42,11.2,8,high,white,88.36800000000001,0.07921419518377693,31.70731707317073,160.0,0.7630769230769231,0.01056910569105691
7.4,0.2,0.37,16.95,0.048,43.0,190.0,0.9995,3.03,0.42,9.2,6,medium,white,72.58800000000001,0.10194522510607813,22.63157894736842,124.3243243243243,0.05896755162241889,0.08921052631578948
7.0,0.17,0.33,4.0,0.034,17.0,127.0,0.9934,3.19,0.39,10.6,7,medium,white,83.634,0.08369801755266996,13.385826771653544,151.42857142857142,0.24835,0.031496062992125984
8.3,0.21,0.58,17.1,0.049,62.0,213.0,1.0006,3.01,0.51,9.3,6,medium,white,73.37700000000001,0.11311446366027501,29.107981220657276,112.04819277108433,0.05851461988304093,0.08028169014084507
7.2,0.21,0.35,14.5,0.048,35.0,178.0,0.9982,3.05,0.47,8.9,6,medium,white,70.221,0.10253343017046182,19.662921348314608,123.61111111111111,0.06884137931034483,0.08146067415730338
7.1,0.21,0.4,1.2,0.069,24.0,156.0,0.9928,3.42,0.43,10.6,6,medium,white,83.634,0.0848937035177081,15.384615384615385,149.29577464788733,0.8273333333333334,0.007692307692307692
8.4,0.17,0.31,6.7,0.038,29.0,132.0,0.9945,3.1,0.32,10.6,7,medium,white,83.634,0.10043762106320396,21.96969696969697,126.19047619047619,0.14843283582089553,0.05075757575757576
7.4,0.24,0.31,8.4,0.045,52.0,183.0,0.9963,3.09,0.32,8.8,5,low,white,69.432,0.10657909897453624,28.415300546448087,118.91891891891892,0.11860714285714284,0.0459016393442623
5.3,0.24,0.33,1.3,0.033,25.0,97.0,0.9906,3.59,0.38,11.0,8,high,white,86.79,0.06106694319622075,25.773195876288657,207.54716981132074,0.762,0.013402061855670104
6.5,0.28,0.26,8.8,0.04,44.0,139.0,0.9956,3.32,0.37,10.2,6,medium,white,80.47800000000001,0.08076741469718432,31.654676258992804,156.92307692307693,0.11313636363636363,0.06330935251798561
6.3,0.23,0.21,5.1,0.035,29.0,142.0,0.9942,3.36,0.33,10.1,7,medium,white,79.68900000000001,0.0790573353913338,20.422535211267608,160.31746031746033,0.19494117647058826,0.03591549295774648
6.5,0.29,0.25,10.6,0.039,32.0,120.0,0.9962,3.31,0.34,10.1,6,medium,white,79.68900000000001,0.08156709207042377,26.666666666666668,155.3846153846154,0.0939811320754717,0.08833333333333333
5.8,0.29,0.21,2.6,0.025,12.0,120.0,0.9894,3.39,0.79,14.0,7,medium,white,110.46000000000001,0.05250769509324642,10.0,241.3793103448276,0.3805384615384615,0.021666666666666667
6.3,0.27,0.25,5.8,0.038,52.0,155.0,0.995,3.28,0.38,9.4,6,medium,white,74.166,0.08494458377153952,33.5483870967742,149.20634920634922,0.17155172413793104,0.03741935483870967
6.3,0.17,0.42,2.8,0.028,45.0,107.0,0.9908,3.27,0.43,11.8,6,medium,white,93.102,0.06766771927563317,42.05607476635514,187.30158730158732,0.35385714285714287,0.02616822429906542
6.3,0.16,0.4,1.6,0.033,59.0,148.0,0.9914,3.44,0.53,11.4,5,low,white,89.946,0.07004202521512908,39.86486486486486,180.95238095238096,0.619625,0.010810810810810811
7.9,0.29,0.39,6.7,0.036,6.0,117.0,0.9938,3.12,0.42,10.7,5,low,white,84.423,0.09357639505821873,5.128205128205128,135.44303797468353,0.14832835820895524,0.05726495726495727
7.3,0.31,0.69,10.2,0.041,58.0,160.0,0.9977,3.06,0.45,8.6,5,low,white,67.854,0.10758393020308309,36.25,117.8082191780822,0.09781372549019608,0.06375
5.5,0.32,0.45,4.9,0.028,25.0,191.0,0.9922,3.51,0.49,11.5,7,medium,white,90.735,0.060616079792803215,13.089005235602095,209.0909090909091,0.20248979591836733,0.025654450261780107
5.2,0.24,0.45,3.8,0.027,21.0,128.0,0.992,3.55,0.49,11.2,8,high,white,88.36800000000001,0.058844830707948576,16.40625,215.3846153846154,0.26105263157894737,0.0296875
7.2,0.37,0.15,2.0,0.029,27.0,87.0,0.9903,3.3,0.59,12.6,7,medium,white,99.414,0.07242440702516748,31.03448275862069,175.0,0.49515,0.022988505747126436
6.1,0.29,0.27,1.7,0.024,13.0,76.0,0.9893,3.21,0.51,12.6,7,medium,white,99.414,0.06135956706298911,17.105263157894736,206.55737704918033,0.5819411764705882,0.02236842105263158
9.2,0.22,0.4,2.4,0.054,18.0,151.0,0.9952,3.04,0.46,9.3,4,low,white,73.37700000000001,0.12537988743066625,11.920529801324504,101.08695652173914,0.4146666666666667,0.015894039735099338
7.2,0.37,0.15,2.0,0.029,27.0,87.0,0.9903,3.3,0.59,12.6,7,medium,white,99.414,0.07242440702516748,31.03448275862069,175.0,0.49515,0.022988505747126436
8.0,0.18,0.37,1.3,0.04,15.0,96.0,0.9912,3.06,0.61,12.1,6,medium,white,95.46900000000001,0.08379683457457394,15.625,151.25,0.7624615384615384,0.013541666666666667
6.5,0.22,0.34,12.0,0.053,55.0,177.0,0.9983,3.52,0.44,9.9,6,medium,white,78.111,0.08321491211225052,31.07344632768362,152.30769230769232,0.08319166666666666,0.06779661016949153
7.4,0.18,0.4,1.6,0.047,22.0,102.0,0.9937,3.28,0.44,10.7,5,low,white,84.423,0.08765383840896439,21.568627450980394,144.59459459459458,0.6210625,0.01568627450980392
6.5,0.52,0.17,1.4,0.047,5.0,26.0,0.9932,3.26,0.32,10.0,4,low,white,78.9,0.082382762991128,19.230769230769234,153.84615384615387,0.7094285714285714,0.05384615384615384
7.0,0.15,0.38,2.2,0.047,33.0,96.0,0.9928,3.13,0.39,10.4,8,high,white,82.056,0.08530759481329823,34.375,148.57142857142858,0.45127272727272727,0.02291666666666667
5.9,0.415,0.13,1.4,0.04,11.0,64.0,0.9922,3.29,0.52,10.5,5,low,white,82.845,0.07121733357474803,17.1875,177.96610169491524,0.7087142857142857,0.021875
8.1,0.45,0.34,8.3,0.037,33.0,216.0,0.9976,3.31,0.64,9.7,5,low,white,76.533,0.10583669789502567,15.277777777777779,119.75308641975309,0.12019277108433735,0.038425925925925926
5.8,0.415,0.13,1.4,0.04,11.0,64.0,0.9922,3.29,0.52,10.5,5,low,white,82.845,0.07001026012432857,17.1875,181.0344827586207,0.7087142857142857,0.021875
6.4,0.5,0.16,12.9,0.042,26.0,138.0,0.9974,3.28,0.33,9.0,5,low,white,71.01,0.09012815096465286,18.84057971014493,140.625,0.07731782945736433,0.09347826086956522
6.7,0.105,0.32,12.4,0.051,34.0,106.0,0.998,3.54,0.45,9.2,6,medium,white,72.58800000000001,0.09230175786631398,32.075471698113205,137.3134328358209,0.08048387096774193,0.1169811320754717
6.0,0.4,0.3,1.6,0.047,30.0,117.0,0.9931,3.17,0.48,10.1,6,medium,white,79.68900000000001,0.07529270037269886,25.64102564102564,168.33333333333334,0.6206875,0.013675213675213675
6.6,0.25,0.39,1.45,0.04,40.0,89.0,0.9911,3.35,0.4,11.4,7,medium,white,89.946,0.07337735974918284,44.9438202247191,172.72727272727275,0.6835172413793104,0.016292134831460674
9.8,0.36,0.45,1.6,0.042,11.0,124.0,0.9944,2.93,0.46,10.8,5,low,white,85.212,0.11500727597052059,8.870967741935484,110.20408163265304,0.6214999999999999,0.012903225806451613
9.6,0.23,0.4,1.5,0.044,19.0,135.0,0.9937,2.96,0.49,10.9,5,low,white,86.001,0.11162660899291868,14.074074074074074,113.54166666666667,0.6624666666666666,0.011111111111111112
6.3,0.55,0.45,13.0,0.047,33.0,182.0,0.9974,3.2,0.46,9.2,6,medium,white,72.58800000000001,0.08679120515787732,18.13186813186813,146.03174603174602,0.07672307692307692,0.07142857142857142
6.5,0.115,0.29,1.95,0.038,73.0,166.0,0.989,3.12,0.25,12.9,7,medium,white,101.781,0.06386260696986668,43.97590361445783,198.46153846153845,0.5071794871794871,0.011746987951807229
6.4,0.125,0.29,5.85,0.042,24.0,99.0,0.992,3.23,0.32,12.0,7,medium,white,94.68,0.06759611322348964,24.242424242424242,187.5,0.1695726495726496,0.05909090909090909
5.7,0.1,0.27,1.3,0.047,21.0,100.0,0.9928,3.27,0.46,9.5,5,low,white,74.955,0.07604562737642585,21.0,166.66666666666666,0.7636923076923077,0.013000000000000001
7.9,0.25,0.29,5.3,0.031,33.0,117.0,0.9918,3.06,0.32,11.8,7,medium,white,93.102,0.0848531717900797,28.205128205128204,149.36708860759492,0.18713207547169813,0.0452991452991453
6.9,0.2,0.28,1.2,0.048,36.0,159.0,0.9936,3.19,0.43,9.1,6,medium,white,71.799,0.09610161701416454,22.641509433962266,131.88405797101447,0.8280000000000001,0.007547169811320755
6.9,0.23,0.34,4.0,0.047,24.0,128.0,0.9944,3.2,0.52,9.7,6,medium,white,76.533,0.09015718709576262,18.75,140.5797101449275,0.2486,0.03125
6.8,0.39,0.31,14.35,0.043,28.0,162.0,0.9988,3.17,0.54,9.1,5,low,white,71.799,0.09470883995598824,17.28395061728395,133.8235294117647,0.06960278745644599,0.08858024691358024
8.7,0.22,0.42,2.3,0.053,27.0,114.0,0.994,2.99,0.43,10.0,5,low,white,78.9,0.11026615969581748,23.684210526315788,114.9425287356322,0.4321739130434783,0.020175438596491225
7.4,0.41,0.34,4.7,0.042,19.0,127.0,0.9953,3.25,0.42,10.4,5,low,white,82.056,0.09018231451691529,14.960629921259844,140.54054054054055,0.21176595744680848,0.03700787401574803
6.7,0.25,0.34,12.85,0.048,30.0,161.0,0.9986,3.44,0.47,9.5,6,medium,white,74.955,0.08938696551264093,18.633540372670808,141.79104477611938,0.07771206225680935,0.07981366459627329
6.0,0.26,0.42,5.2,0.027,70.0,178.0,0.9914,3.4,0.4,12.3,8,high,white,97.04700000000001,0.061825713314167356,39.325842696629216,205.00000000000003,0.19065384615384615,0.029213483146067417
6.1,0.31,0.37,8.4,0.031,70.0,170.0,0.9934,3.42,0.4,11.7,8,high,white,92.313,0.06607953376014213,41.17647058823529,191.80327868852459,0.11826190476190475,0.049411764705882356
9.2,0.28,0.46,3.2,0.058,39.0,133.0,0.996,3.14,0.58,9.5,5,low,white,74.955,0.12274031085317856,29.32330827067669,103.2608695652174,0.31124999999999997,0.02406015037593985
9.0,0.31,0.49,6.9,0.034,26.0,91.0,0.9937,2.99,0.34,11.5,5,low,white,90.735,0.09918994875185981,28.57142857142857,127.77777777777777,0.14401449275362319,0.07582417582417583
8.5,0.16,0.33,1.0,0.076,17.0,57.0,0.9921,3.14,0.46,10.6,6,medium,white,83.634,0.1016333070282421,29.82456140350877,124.70588235294117,0.9921,0.017543859649122806
9.3,0.34,0.49,7.3,0.052,30.0,146.0,0.998,3.17,0.61,10.2,5,low,white,80.47800000000001,0.11555953179750987,20.54794520547945,109.6774193548387,0.1367123287671233,0.049999999999999996
9.2,0.28,0.46,3.2,0.058,39.0,133.0,0.996,3.14,0.58,9.5,5,low,white,74.955,0.12274031085317856,29.32330827067669,103.2608695652174,0.31124999999999997,0.02406015037593985
7.2,0.24,0.3,1.6,0.048,27.0,131.0,0.9933,3.25,0.45,10.5,5,low,white,82.845,0.08690928843020099,20.610687022900763,145.83333333333331,0.6208125,0.012213740458015267
7.2,0.25,0.32,1.5,0.047,27.0,132.0,0.9933,3.26,0.44,10.5,5,low,white,82.845,0.08690928843020099,20.454545454545457,145.83333333333331,0.6622,0.011363636363636364
6.8,0.32,0.18,7.5,0.041,71.0,223.0,0.9959,3.14,0.41,8.9,5,low,white,70.221,0.09683712849432505,31.838565022421523,130.88235294117646,0.13278666666666666,0.033632286995515695
9.1,0.27,0.32,1.1,0.031,15.0,151.0,0.9936,3.03,0.41,10.6,5,low,white,83.634,0.10880742281847096,9.933774834437086,116.4835164835165,0.9032727272727272,0.00728476821192053
8.9,0.34,0.32,1.3,0.041,12.0,188.0,0.9953,3.17,0.49,9.5,5,low,white,74.955,0.11873790941231406,6.382978723404255,106.74157303370787,0.7656153846153846,0.006914893617021277
7.0,0.17,0.37,5.7,0.025,29.0,111.0,0.9938,3.2,0.49,10.8,6,medium,white,85.212,0.08214805426465756,26.126126126126124,154.2857142857143,0.17435087719298245,0.051351351351351354
6.7,0.25,0.23,7.2,0.038,61.0,220.0,0.9952,3.14,0.35,9.5,5,low,white,74.955,0.08938696551264093,27.727272727272727,141.79104477611938,0.13822222222222222,0.03272727272727273
6.9,0.32,0.17,7.6,0.042,69.0,219.0,0.9959,3.13,0.4,8.9,5,low,white,70.221,0.09826120391335925,31.506849315068493,128.9855072463768,0.13103947368421054,0.034703196347031964
6.8,0.32,0.18,7.5,0.041,71.0,223.0,0.9959,3.14,0.41,8.9,5,low,white,70.221,0.09683712849432505,31.838565022421523,130.88235294117646,0.13278666666666666,0.033632286995515695
6.1,0.6,0.0,1.3,0.042,24.0,79.0,0.9937,3.31,0.38,9.4,4,low,white,74.166,0.08224793031847477,30.37974683544304,154.0983606557377,0.7643846153846153,0.016455696202531647
5.3,0.395,0.07,1.3,0.035,26.0,102.0,0.992,3.5,0.35,10.6,6,medium,white,83.634,0.06337135614702154,25.49019607843137,200.0,0.7630769230769231,0.012745098039215686
7.9,0.16,0.3,4.8,0.037,37.0,171.0,0.9967,3.47,0.44,9.0,4,low,white,71.01,0.11125193634699337,21.637426900584796,113.92405063291137,0.20764583333333334,0.028070175438596492
7.6,0.33,0.36,2.1,0.034,26.0,172.0,0.9944,3.42,0.48,10.5,4,low,white,82.845,0.0917375822318788,15.11627906976744,138.1578947368421,0.47352380952380946,0.012209302325581395
7.8,0.3,0.29,16.85,0.054,23.0,135.0,0.9998,3.16,0.38,9.0,6,medium,white,71.01,0.10984368398817067,17.037037037037038,115.3846153846154,0.05933531157270029,0.12481481481481482
7.8,0.3,0.29,16.85,0.054,23.0,135.0,0.9998,3.16,0.38,9.0,6,medium,white,71.01,0.10984368398817067,17.037037037037038,115.3846153846154,0.05933531157270029,0.12481481481481482
5.7,0.26,0.27,4.1,0.201,73.5,189.5,0.9942,3.27,0.38,9.4,6,medium,white,74.166,0.07685462341234528,38.78627968337731,164.91228070175438,0.2424878048780488,0.02163588390501319
7.8,0.3,0.29,16.85,0.054,23.0,135.0,0.9998,3.16,0.38,9.0,6,medium,white,71.01,0.10984368398817067,17.037037037037038,115.3846153846154,0.05933531157270029,0.12481481481481482
7.5,0.14,0.34,1.3,0.055,50.0,153.0,0.9945,3.29,0.8,9.6,6,medium,white,75.744,0.09901774397972117,32.6797385620915,128.0,0.765,0.008496732026143792
7.8,0.3,0.29,16.85,0.054,23.0,135.0,0.9998,3.16,0.38,9.0,6,medium,white,71.01,0.10984368398817067,17.037037037037038,115.3846153846154,0.05933531157270029,0.12481481481481482
6.6,0.25,0.41,7.4,0.043,29.0,151.0,0.9946,3.15,0.6,10.2,7,medium,white,80.47800000000001,0.08200999030791023,19.205298013245034,154.54545454545453,0.1344054054054054,0.04900662251655629
5.7,0.26,0.27,4.1,0.201,73.5,189.5,0.9942,3.27,0.38,9.4,6,medium,white,74.166,0.07685462341234528,38.78627968337731,164.91228070175438,0.2424878048780488,0.02163588390501319
8.2,0.23,0.49,0.9,0.057,15.0,73.0,0.9928,3.07,0.38,10.4,6,medium,white,82.056,0.09993175392414935,20.54794520547945,126.82926829268295,1.1031111111111112,0.012328767123287671
6.0,0.24,0.32,6.3,0.03,34.0,129.0,0.9946,3.52,0.41,10.4,5,low,white,82.056,0.07312079555425563,26.356589147286826,173.33333333333334,0.1578730158730159,0.04883720930232558
6.1,0.45,0.27,0.8,0.039,13.0,82.0,0.9927,3.23,0.32,9.5,5,low,white,74.955,0.08138216263091187,15.853658536585366,155.73770491803282,1.240875,0.00975609756097561
7.4,0.23,0.43,1.4,0.044,22.0,113.0,0.9938,3.22,0.62,10.6,6,medium,white,83.634,0.08848076141282255,19.469026548672566,143.24324324324323,0.709857142857143,0.012389380530973451
7.2,0.2,0.38,1.0,0.037,21.0,74.0,0.9918,3.21,0.37,11.0,5,low,white,86.79,0.0829588662288282,28.37837837837838,152.77777777777777,0.9918,0.013513513513513514
7.5,0.14,0.34,1.3,0.055,50.0,153.0,0.9945,3.29,0.8,9.6,6,medium,white,75.744,0.09901774397972117,32.6797385620915,128.0,0.765,0.008496732026143792
7.7,0.25,0.43,4.5,0.062,20.0,115.0,0.9966,3.38,0.5,9.9,6,medium,white,78.111,0.09857766511758907,17.391304347826086,128.57142857142858,0.22146666666666667,0.0391304347826087
8.2,0.61,0.45,5.4,0.03,15.0,118.0,0.9954,3.14,0.34,9.6,5,low,white,75.744,0.10825940008449514,12.711864406779661,117.07317073170734,0.18433333333333332,0.04576271186440678
7.6,0.21,0.44,1.9,0.036,10.0,119.0,0.9913,3.01,0.7,12.8,6,medium,white,100.992,0.07525348542458808,8.403361344537815,168.42105263157896,0.5217368421052632,0.015966386554621848
7.4,0.22,0.33,2.0,0.045,31.0,101.0,0.9931,3.42,0.55,11.4,5,low,white,89.946,0.08227158517332622,30.693069306930692,154.05405405405406,0.49655,0.019801980198019802
7.2,0.26,0.26,12.7,0.036,49.0,214.0,0.9986,3.41,0.5,10.0,6,medium,white,78.9,0.09125475285171102,22.897196261682243,138.88888888888889,0.07862992125984253,0.05934579439252336
6.4,0.25,0.41,8.6,0.042,57.0,173.0,0.9965,3.0,0.44,9.1,5,low,white,71.799,0.08913773172328306,32.947976878612714,142.18749999999997,0.11587209302325582,0.049710982658959534
6.3,0.32,0.35,11.1,0.039,29.0,198.0,0.9984,3.36,0.5,9.4,7,medium,white,74.166,0.08494458377153952,14.646464646464647,149.20634920634922,0.08994594594594595,0.05606060606060606
6.8,0.25,0.29,2.0,0.042,19.0,189.0,0.9952,3.46,0.54,10.2,6,medium,white,80.47800000000001,0.08449514152936205,10.052910052910052,150.0,0.4976,0.010582010582010581
9.8,0.44,0.4,2.8,0.036,35.0,167.0,0.9956,2.97,0.39,9.2,5,low,white,72.58800000000001,0.13500854135669807,20.958083832335326,93.87755102040815,0.3555714285714286,0.016766467065868262
7.2,0.2,0.25,4.5,0.044,31.0,109.0,0.9949,3.23,0.36,9.4,5,low,white,74.166,0.09707952431033089,28.440366972477065,130.55555555555557,0.2210888888888889,0.04128440366972477
8.2,0.61,0.45,5.4,0.03,15.0,118.0,0.9954,3.14,0.34,9.6,5,low,white,75.744,0.10825940008449514,12.711864406779661,117.07317073170734,0.18433333333333332,0.04576271186440678
7.5,0.42,0.45,9.1,0.029,20.0,125.0,0.996,3.12,0.36,10.1,6,medium,white,79.68900000000001,0.09411587546587358,16.0,134.66666666666666,0.10945054945054945,0.0728
7.4,0.22,0.33,2.0,0.045,31.0,101.0,0.9931,3.42,0.55,11.4,5,low,white,89.946,0.08227158517332622,30.693069306930692,154.05405405405406,0.49655,0.019801980198019802
6.4,0.26,0.3,2.2,0.025,33.0,134.0,0.992,3.21,0.47,10.6,6,medium,white,83.634,0.07652390176244112,24.62686567164179,165.62499999999997,0.45090909090909087,0.016417910447761197
7.9,0.46,0.32,4.1,0.033,40.0,138.0,0.9912,3.18,0.44,12.8,7,medium,white,100.992,0.07822401774397972,28.985507246376812,162.0253164556962,0.24175609756097563,0.02971014492753623
6.5,0.41,0.64,11.8,0.065,65.0,225.0,0.9978,3.12,0.51,8.9,5,low,white,70.221,0.09256490223722248,28.888888888888886,136.92307692307693,0.08455932203389831,0.052444444444444446
7.5,0.32,0.37,1.2,0.048,22.0,184.0,0.9938,3.09,0.43,9.3,5,low,white,73.37700000000001,0.10221186475326055,11.956521739130435,124.0,0.8281666666666667,0.006521739130434782
6.6,0.21,0.38,2.2,0.026,40.0,104.0,0.9914,3.25,0.4,11.1,8,high,white,87.57900000000001,0.07536053163429589,38.46153846153847,168.1818181818182,0.45063636363636356,0.021153846153846155
7.1,0.21,0.3,1.4,0.037,45.0,143.0,0.9932,3.13,0.33,9.9,6,medium,white,78.111,0.09089628861491979,31.46853146853147,139.43661971830988,0.7094285714285714,0.00979020979020979
7.6,0.26,0.47,1.6,0.068,5.0,55.0,0.9944,3.1,0.45,9.6,5,low,white,75.744,0.10033798056611744,9.090909090909092,126.3157894736842,0.6214999999999999,0.02909090909090909
7.6,0.21,0.44,1.9,0.036,10.0,119.0,0.9913,3.01,0.7,12.8,6,medium,white,100.992,0.07525348542458808,8.403361344537815,168.42105263157896,0.5217368421052632,0.015966386554621848
6.9,0.25,0.26,5.2,0.024,36.0,135.0,0.9948,3.16,0.72,10.7,7,medium,white,84.423,0.08173128175971003,26.666666666666668,155.0724637681159,0.19130769230769232,0.03851851851851852
7.1,0.26,0.32,14.45,0.074,29.0,107.0,0.998,2.96,0.42,9.2,6,medium,white,72.58800000000001,0.09781231057475064,27.102803738317753,129.5774647887324,0.06906574394463669,0.1350467289719626
7.3,0.22,0.4,14.75,0.042,44.5,129.5,0.9998,3.36,0.41,9.1,7,medium,white,71.799,0.10167272524686972,34.36293436293436,124.65753424657532,0.06778305084745763,0.1138996138996139
6.2,0.37,0.22,8.3,0.025,36.0,216.0,0.9964,3.33,0.6,9.6,6,medium,white,75.744,0.0818546683565695,16.666666666666664,154.83870967741936,0.12004819277108432,0.038425925925925926
7.9,0.22,0.45,14.2,0.038,53.0,141.0,0.9992,3.03,0.46,9.2,6,medium,white,72.58800000000001,0.10883341599162395,37.5886524822695,116.45569620253163,0.0703661971830986,0.10070921985815602
6.9,0.25,0.26,5.2,0.024,36.0,135.0,0.9948,3.16,0.72,10.7,7,medium,white,84.423,0.08173128175971003,26.666666666666668,155.0724637681159,0.19130769230769232,0.03851851851851852
7.3,0.22,0.4,14.75,0.042,44.5,129.5,0.9998,3.36,0.41,9.1,7,medium,white,71.799,0.10167272524686972,34.36293436293436,124.65753424657532,0.06778305084745763,0.1138996138996139
7.1,0.26,0.32,14.45,0.074,29.0,107.0,0.998,2.96,0.42,9.2,6,medium,white,72.58800000000001,0.09781231057475064,27.102803738317753,129.5774647887324,0.06906574394463669,0.1350467289719626
7.4,0.25,0.37,6.9,0.02,14.0,93.0,0.9939,3.0,0.48,10.7,7,medium,white,84.423,0.08765383840896439,15.053763440860216,144.59459459459458,0.14404347826086955,0.07419354838709678
6.8,0.18,0.37,1.5,0.027,37.0,93.0,0.992,3.3,0.45,10.8,6,medium,white,85.212,0.07980096699995305,39.784946236559136,158.82352941176472,0.6613333333333333,0.016129032258064516
7.0,0.17,0.37,1.5,0.028,26.0,75.0,0.9922,3.3,0.46,10.8,7,medium,white,85.212,0.08214805426465756,34.66666666666667,154.2857142857143,0.6614666666666666,0.02
6.4,0.3,0.38,7.8,0.046,35.0,192.0,0.9955,3.1,0.37,9.0,5,low,white,71.01,0.09012815096465286,18.229166666666664,140.625,0.12762820512820514,0.040625
5.0,0.33,0.16,1.5,0.049,10.0,97.0,0.9917,3.48,0.44,10.7,6,medium,white,84.423,0.0592255664925435,10.309278350515463,213.99999999999997,0.6611333333333334,0.015463917525773196
5.0,0.33,0.16,1.5,0.049,10.0,97.0,0.9917,3.48,0.44,10.7,6,medium,white,84.423,0.0592255664925435,10.309278350515463,213.99999999999997,0.6611333333333334,0.015463917525773196
8.9,0.33,0.32,1.5,0.047,11.0,200.0,0.9954,3.19,0.46,9.4,5,low,white,74.166,0.12000107866138124,5.5,105.61797752808988,0.6636,0.0075
7.0,0.26,0.46,15.55,0.037,61.0,171.0,0.9986,2.94,0.35,8.8,6,medium,white,69.432,0.10081806659753427,35.67251461988304,125.71428571428574,0.06421864951768488,0.09093567251461988
6.4,0.3,0.38,7.8,0.046,35.0,192.0,0.9955,3.1,0.37,9.0,5,low,white,71.01,0.09012815096465286,18.229166666666664,140.625,0.12762820512820514,0.040625
6.3,0.21,0.4,1.7,0.031,48.0,134.0,0.9917,3.42,0.49,11.5,6,medium,white,90.735,0.06943296412630187,35.82089552238806,182.53968253968253,0.5833529411764706,0.012686567164179104
8.0,0.23,0.46,1.5,0.03,30.0,125.0,0.9907,3.23,0.47,12.5,6,medium,white,98.625,0.08111533586818757,24.0,156.25,0.6604666666666666,0.012
9.2,0.28,0.41,1.0,0.042,14.0,59.0,0.9922,2.96,0.25,10.5,6,medium,white,82.845,0.11105075743859014,23.728813559322035,114.13043478260872,0.9922,0.01694915254237288
7.3,0.27,0.39,6.7,0.064,28.0,188.0,0.9958,3.29,0.3,9.7,5,low,white,76.533,0.09538369069551696,14.893617021276595,132.87671232876713,0.1486268656716418,0.03563829787234043
7.6,0.32,0.36,1.6,0.04,32.0,155.0,0.993,3.23,0.52,11.3,6,medium,white,89.15700000000001,0.08524288614466613,20.64516129032258,148.6842105263158,0.620625,0.01032258064516129
5.0,0.33,0.16,1.5,0.049,10.0,97.0,0.9917,3.48,0.44,10.7,6,medium,white,84.423,0.0592255664925435,10.309278350515463,213.99999999999997,0.6611333333333334,0.015463917525773196
9.7,0.24,0.45,1.2,0.033,11.0,59.0,0.9926,2.74,0.47,10.8,6,medium,white,85.212,0.11383373233816832,18.64406779661017,111.34020618556704,0.8271666666666667,0.020338983050847456
8.0,0.28,0.42,7.1,0.045,41.0,169.0,0.9959,3.17,0.43,10.6,5,low,white,83.634,0.0956548772030514,24.2603550295858,132.5,0.14026760563380283,0.042011834319526625
8.2,0.37,0.36,1.0,0.034,17.0,93.0,0.9906,3.04,0.32,11.7,8,high,white,92.313,0.08882822571035498,18.27956989247312,142.6829268292683,0.9906,0.010752688172043012
8.0,0.61,0.38,12.1,0.301,24.0,220.0,0.9993,2.94,0.48,9.2,5,low,white,72.58800000000001,0.11021105416873311,10.909090909090908,114.99999999999999,0.08258677685950414,0.055
7.2,0.26,0.44,7.1,0.027,25.0,126.0,0.993,3.02,0.34,11.1,8,high,white,87.57900000000001,0.08221148905559551,19.841269841269842,154.16666666666666,0.13985915492957748,0.05634920634920634
8.2,0.37,0.36,1.0,0.034,17.0,93.0,0.9906,3.04,0.32,11.7,8,high,white,92.313,0.08882822571035498,18.27956989247312,142.6829268292683,0.9906,0.010752688172043012
6.4,0.23,0.33,1.15,0.044,15.5,217.5,0.992,3.33,0.44,11.0,6,medium,white,86.79,0.07374121442562508,7.126436781609195,171.875,0.862608695652174,0.00528735632183908
5.9,0.4,0.32,6.0,0.034,50.0,127.0,0.992,3.51,0.58,12.5,7,medium,white,98.625,0.059822560202788345,39.37007874015748,211.86440677966098,0.16533333333333333,0.047244094488188976
7.6,0.28,0.39,1.2,0.038,21.0,115.0,0.994,3.16,0.67,10.0,6,medium,white,78.9,0.09632446134347274,18.26086956521739,131.57894736842107,0.8283333333333334,0.010434782608695651
8.0,0.28,0.42,7.1,0.045,41.0,169.0,0.9959,3.17,0.43,10.6,5,low,white,83.634,0.0956548772030514,24.2603550295858,132.5,0.14026760563380283,0.042011834319526625
7.2,0.23,0.39,2.3,0.033,29.0,102.0,0.9908,3.26,0.54,12.3,7,medium,white,97.04700000000001,0.07419085597700083,28.431372549019606,170.83333333333334,0.4307826086956522,0.022549019607843137
6.8,0.32,0.37,3.4,0.023,19.0,87.0,0.9902,3.14,0.53,12.7,6,medium,white,100.203,0.06786223965350338,21.839080459770116,186.76470588235296,0.29123529411764704,0.03908045977011494
7.2,0.23,0.39,2.3,0.033,29.0,102.0,0.9908,3.26,0.54,12.3,7,medium,white,97.04700000000001,0.07419085597700083,28.431372549019606,170.83333333333334,0.4307826086956522,0.022549019607843137
6.9,0.18,0.38,6.5,0.039,20.0,110.0,0.9943,3.1,0.42,10.5,5,low,white,82.845,0.08328806807894261,18.181818181818183,152.17391304347825,0.15296923076923077,0.05909090909090909
9.4,0.26,0.53,1.2,0.047,25.0,109.0,0.9921,3.23,0.28,12.5,6,medium,white,98.625,0.09531051964512041,22.93577981651376,132.9787234042553,0.82675,0.011009174311926604
8.3,0.33,0.42,1.15,0.033,18.0,96.0,0.9911,3.2,0.32,12.4,3,low,white,97.836,0.08483584774520628,18.75,149.39759036144576,0.8618260869565217,0.011979166666666666
7.3,0.29,0.3,13.0,0.043,46.0,238.0,0.9986,3.06,0.41,8.7,6,medium,white,68.643,0.10634733330419707,19.327731092436977,119.17808219178082,0.07681538461538462,0.0546218487394958
7.9,0.41,0.37,4.5,0.03,40.0,114.0,0.992,3.17,0.54,12.4,7,medium,white,97.836,0.08074737315507585,35.08771929824561,156.96202531645568,0.22044444444444444,0.039473684210526314
7.9,0.44,0.37,5.85,0.033,27.0,93.0,0.992,3.16,0.54,12.6,7,medium,white,99.414,0.079465668819281,29.03225806451613,159.49367088607593,0.1695726495726496,0.06290322580645161
7.7,0.39,0.3,5.2,0.037,29.0,131.0,0.9943,3.38,0.44,11.0,6,medium,white,86.79,0.08871989860583016,22.137404580152673,142.85714285714286,0.19121153846153846,0.03969465648854962
7.7,0.26,0.31,1.3,0.043,47.0,155.0,0.9937,3.42,0.5,10.1,6,medium,white,79.68900000000001,0.09662563214496354,30.32258064516129,131.16883116883116,0.7643846153846153,0.008387096774193548
7.8,0.32,0.31,1.7,0.036,46.0,195.0,0.993,3.03,0.48,10.5,5,low,white,82.845,0.09415172913271773,23.589743589743588,134.6153846153846,0.5841176470588235,0.008717948717948718
6.8,0.32,0.37,3.4,0.023,19.0,87.0,0.9902,3.14,0.53,12.7,6,medium,white,100.203,0.06786223965350338,21.839080459770116,186.76470588235296,0.29123529411764704,0.03908045977011494
7.3,0.24,0.39,3.6,0.024,35.0,116.0,0.9928,3.17,0.51,10.9,5,low,white,86.001,0.08488273392169858,30.17241379310345,149.3150684931507,0.2757777777777778,0.03103448275862069
7.1,0.44,0.37,2.7,0.041,35.0,128.0,0.9896,3.07,0.43,13.5,7,medium,white,106.515,0.06665727831760784,27.34375,190.14084507042256,0.3665185185185185,0.02109375
10.3,0.25,0.48,2.2,0.042,28.0,164.0,0.998,3.19,0.59,9.7,5,low,white,76.533,0.13458246769367463,17.073170731707318,94.17475728155338,0.4536363636363636,0.013414634146341465
7.9,0.14,0.28,1.8,0.041,44.0,178.0,0.9954,3.45,0.43,9.2,6,medium,white,72.58800000000001,0.10883341599162395,24.719101123595504,116.45569620253163,0.5529999999999999,0.010112359550561799
7.4,0.18,0.42,2.1,0.036,33.0,187.0,0.9938,3.4,0.41,10.6,7,medium,white,83.634,0.08848076141282255,17.647058823529413,143.24324324324323,0.47323809523809524,0.011229946524064172
8.1,0.43,0.42,6.6,0.033,36.0,141.0,0.9918,2.98,0.39,13.3,7,medium,white,104.937,0.07718917064524429,25.53191489361702,164.19753086419755,0.15027272727272728,0.04680851063829787
7.1,0.44,0.37,2.7,0.041,35.0,128.0,0.9896,3.07,0.43,13.5,7,medium,white,106.515,0.06665727831760784,27.34375,190.14084507042256,0.3665185185185185,0.02109375
6.4,0.26,0.22,5.1,0.037,23.0,131.0,0.9944,3.29,0.32,10.1,5,low,white,79.68900000000001,0.0803122137308788,17.557251908396946,157.81249999999997,0.19498039215686275,0.03893129770992366
8.0,0.66,0.72,17.55,0.042,62.0,233.0,0.9999,2.92,0.68,9.4,4,low,white,74.166,0.10786613812258987,26.609442060085836,117.5,0.05697435897435897,0.07532188841201717
8.0,0.2,0.4,5.2,0.055,41.0,167.0,0.9953,3.18,0.4,10.6,7,medium,white,83.634,0.0956548772030514,24.550898203592812,132.5,0.19140384615384615,0.031137724550898204
7.2,0.21,0.34,1.1,0.046,25.0,80.0,0.992,3.25,0.4,11.3,6,medium,white,89.15700000000001,0.08075641845284161,31.25,156.94444444444443,0.9018181818181817,0.013750000000000002
7.2,0.18,0.31,1.1,0.045,20.0,73.0,0.9925,3.32,0.4,10.8,7,medium,white,85.212,0.08449514152936206,27.397260273972602,150.0,0.9022727272727272,0.015068493150684932
8.4,0.57,0.44,10.7,0.051,46.0,195.0,0.9981,3.15,0.51,10.4,5,low,white,82.056,0.10236911377595789,23.589743589743588,123.80952380952381,0.0932803738317757,0.05487179487179487
5.3,0.26,0.23,5.15,0.034,48.0,160.0,0.9952,3.82,0.51,10.5,7,medium,white,82.845,0.06397489287223128,30.0,198.11320754716982,0.19324271844660193,0.0321875
5.7,0.245,0.33,1.1,0.049,28.0,150.0,0.9927,3.13,0.42,9.3,5,low,white,73.37700000000001,0.07768101721247801,18.666666666666668,163.1578947368421,0.9024545454545454,0.007333333333333334
5.6,0.245,0.32,1.1,0.047,24.0,152.0,0.9927,3.12,0.42,9.3,6,medium,white,73.37700000000001,0.0763181923491012,15.789473684210526,166.0714285714286,0.9024545454545454,0.007236842105263159
7.3,0.25,0.41,1.8,0.037,52.0,165.0,0.9911,3.29,0.39,12.2,7,medium,white,96.25800000000001,0.07583785243823889,31.515151515151512,167.12328767123287,0.550611111111111,0.01090909090909091
7.0,0.16,0.73,1.0,0.138,58.0,150.0,0.9936,3.08,0.3,9.2,5,low,white,72.58800000000001,0.09643467239764147,38.666666666666664,131.42857142857142,0.9936,0.006666666666666667
6.4,0.22,0.34,1.8,0.057,29.0,104.0,0.9959,3.81,0.57,10.3,6,medium,white,81.26700000000001,0.07875275327008502,27.884615384615387,160.9375,0.5532777777777778,0.01730769230769231
7.3,0.18,0.65,1.4,0.046,28.0,157.0,0.9946,3.33,0.62,9.4,6,medium,white,74.166,0.09842785103686326,17.8343949044586,128.76712328767124,0.7104285714285715,0.008917197452229299
6.4,0.17,0.27,6.7,0.036,88.0,223.0,0.9948,3.28,0.35,10.2,6,medium,white,80.47800000000001,0.07952483908645841,39.46188340807175,159.37499999999997,0.14847761194029852,0.030044843049327356
6.9,0.29,0.16,6.8,0.034,65.0,212.0,0.9955,3.08,0.39,9.0,6,medium,white,71.01,0.09716941275876637,30.660377358490564,130.43478260869566,0.14639705882352944,0.03207547169811321
6.2,0.21,0.38,6.8,0.036,64.0,245.0,0.9951,3.06,0.36,9.3,6,medium,white,73.37700000000001,0.08449514152936205,26.122448979591837,150.0,0.14633823529411766,0.027755102040816326
6.4,0.23,0.3,7.1,0.037,63.0,236.0,0.9952,3.06,0.34,9.2,6,medium,white,72.58800000000001,0.0881688433349865,26.69491525423729,143.74999999999997,0.14016901408450705,0.030084745762711862
7.3,0.19,0.68,1.5,0.05,31.0,156.0,0.9946,3.32,0.64,9.4,6,medium,white,74.166,0.09842785103686326,19.871794871794872,128.76712328767124,0.6630666666666667,0.009615384615384616
7.3,0.18,0.65,1.4,0.046,28.0,157.0,0.9946,3.33,0.62,9.4,6,medium,white,74.166,0.09842785103686326,17.8343949044586,128.76712328767124,0.7104285714285715,0.008917197452229299
9.6,0.29,0.46,1.45,0.039,77.5,223.0,0.9944,2.92,0.46,9.5,6,medium,white,74.955,0.1280768461076646,34.753363228699556,98.95833333333334,0.6857931034482758,0.006502242152466368
7.2,0.14,0.35,1.2,0.036,15.0,73.0,0.9938,3.46,0.39,9.9,5,low,white,78.111,0.09217651803203133,20.54794520547945,137.5,0.8281666666666667,0.01643835616438356
6.9,0.31,0.34,7.4,0.059,36.0,174.0,0.9963,3.46,0.62,11.1,7,medium,white,87.57900000000001,0.0787860103449457,20.689655172413794,160.86956521739128,0.13463513513513511,0.04252873563218391
7.5,0.28,0.34,4.2,0.028,36.0,116.0,0.991,2.99,0.41,12.3,8,high,white,97.04700000000001,0.07728214164270919,31.03448275862069,164.0,0.23595238095238094,0.03620689655172414
8.0,0.22,0.42,14.6,0.044,45.0,163.0,1.0003,3.21,0.69,8.6,7,medium,white,67.854,0.11790019748283079,27.607361963190186,107.5,0.06851369863013698,0.08957055214723926
7.6,0.31,0.29,10.5,0.04,21.0,145.0,0.9966,3.04,0.35,9.4,5,low,white,74.166,0.10247283121646038,14.482758620689657,123.6842105263158,0.09491428571428571,0.07241379310344828
8.4,0.35,0.56,13.8,0.048,55.0,190.0,0.9993,3.07,0.58,9.4,6,medium,white,74.166,0.11325944502871937,28.947368421052634,111.90476190476191,0.07241304347826086,0.07263157894736842
8.0,0.22,0.42,14.6,0.044,45.0,163.0,1.0003,3.21,0.69,8.6,7,medium,white,67.854,0.11790019748283079,27.607361963190186,107.5,0.06851369863013698,0.08957055214723926
8.1,0.5,0.47,1.1,0.037,23.0,126.0,0.9938,3.21,0.42,10.9,5,low,white,86.001,0.09418495133777513,18.253968253968253,134.56790123456793,0.9034545454545454,0.00873015873015873
7.0,0.39,0.31,5.3,0.169,32.0,162.0,0.9965,3.2,0.48,9.4,5,low,white,74.166,0.09438287085726614,19.753086419753085,134.2857142857143,0.18801886792452832,0.03271604938271605
8.1,0.5,0.47,1.1,0.037,23.0,126.0,0.9938,3.21,0.42,10.9,5,low,white,86.001,0.09418495133777513,18.253968253968253,134.56790123456793,0.9034545454545454,0.00873015873015873
8.4,0.35,0.56,13.8,0.048,55.0,190.0,0.9993,3.07,0.58,9.4,6,medium,white,74.166,0.11325944502871937,28.947368421052634,111.90476190476191,0.07241304347826086,0.07263157894736842
6.2,0.22,0.27,1.5,0.064,20.0,132.0,0.9938,3.22,0.46,9.2,6,medium,white,72.58800000000001,0.08541356698076816,15.151515151515152,148.38709677419354,0.6625333333333333,0.011363636363636364
8.0,0.22,0.42,14.6,0.044,45.0,163.0,1.0003,3.21,0.69,8.6,7,medium,white,67.854,0.11790019748283079,27.607361963190186,107.5,0.06851369863013698,0.08957055214723926
7.6,0.31,0.29,10.5,0.04,21.0,145.0,0.9966,3.04,0.35,9.4,5,low,white,74.166,0.10247283121646038,14.482758620689657,123.6842105263158,0.09491428571428571,0.07241379310344828
7.0,0.24,0.36,4.9,0.083,10.0,133.0,0.9942,3.33,0.37,10.8,6,medium,white,85.212,0.08214805426465756,7.518796992481203,154.2857142857143,0.20289795918367345,0.0368421052631579
6.6,0.27,0.3,1.9,0.025,14.0,153.0,0.9928,3.29,0.62,10.5,6,medium,white,82.845,0.07966684772768423,9.15032679738562,159.0909090909091,0.5225263157894737,0.01241830065359477
7.8,0.16,0.41,1.7,0.026,29.0,140.0,0.991,3.02,0.78,12.5,6,medium,white,98.625,0.07908745247148288,20.714285714285715,160.25641025641028,0.5829411764705883,0.012142857142857143
7.7,0.27,0.34,1.8,0.028,26.0,168.0,0.9911,2.99,0.48,12.1,7,medium,white,95.46900000000001,0.08065445327802742,15.476190476190476,157.14285714285714,0.550611111111111,0.010714285714285714
7.4,0.31,0.74,10.7,0.039,51.0,147.0,0.9977,3.02,0.43,8.7,5,low,white,68.643,0.10780414608918608,34.69387755102041,117.56756756756755,0.09324299065420562,0.07278911564625849
8.0,0.45,0.36,8.8,0.026,50.0,151.0,0.9927,3.07,0.25,12.7,8,high,white,100.203,0.07983792900412164,33.11258278145696,158.75,0.11280681818181817,0.05827814569536424
7.7,0.27,0.34,1.8,0.028,26.0,168.0,0.9911,2.99,0.48,12.1,7,medium,white,95.46900000000001,0.08065445327802742,15.476190476190476,157.14285714285714,0.550611111111111,0.010714285714285714
7.8,0.16,0.41,1.7,0.026,29.0,140.0,0.991,3.02,0.78,12.5,6,medium,white,98.625,0.07908745247148288,20.714285714285715,160.25641025641028,0.5829411764705883,0.012142857142857143
6.6,0.16,0.29,1.8,0.05,40.0,147.0,0.9912,3.06,0.44,11.4,7,medium,white,89.946,0.07337735974918284,27.2108843537415,172.72727272727275,0.5506666666666666,0.012244897959183675
8.3,0.21,0.4,1.6,0.032,35.0,110.0,0.9907,3.02,0.6,12.9,7,medium,white,101.781,0.08154763659229129,31.818181818181817,155.42168674698794,0.6191875,0.014545454545454545
7.2,0.32,0.33,1.4,0.029,29.0,109.0,0.9902,3.15,0.51,12.8,7,medium,white,100.992,0.07129277566539924,26.605504587155966,177.7777777777778,0.7072857142857143,0.012844036697247705
6.6,0.16,0.3,1.6,0.034,15.0,78.0,0.992,3.38,0.44,11.2,6,medium,white,88.36800000000001,0.07468766974470395,19.230769230769234,169.6969696969697,0.62,0.020512820512820513
8.4,0.16,0.33,1.5,0.033,16.0,98.0,0.994,3.14,0.42,9.7,6,medium,white,76.533,0.10975657559484145,16.3265306122449,115.47619047619047,0.6626666666666666,0.015306122448979591
7.5,0.23,0.32,9.2,0.038,54.0,191.0,0.9966,3.04,0.56,9.7,6,medium,white,76.533,0.09799694249539415,28.272251308900525,129.33333333333331,0.10832608695652175,0.048167539267015703
6.2,0.17,0.3,1.1,0.037,14.0,79.0,0.993,3.5,0.54,10.3,6,medium,white,81.26700000000001,0.07629172973039486,17.72151898734177,166.1290322580645,0.9027272727272726,0.013924050632911394
6.9,0.39,0.22,4.3,0.03,10.0,102.0,0.993,3.0,0.87,11.6,4,low,white,91.524,0.0753900616231808,9.803921568627452,168.1159420289855,0.23093023255813955,0.042156862745098035
6.9,0.41,0.22,4.2,0.031,10.0,102.0,0.993,3.0,0.86,11.6,4,low,white,91.524,0.0753900616231808,9.803921568627452,168.1159420289855,0.2364285714285714,0.041176470588235294
7.5,0.23,0.32,9.2,0.038,54.0,191.0,0.9966,3.04,0.56,9.7,6,medium,white,76.533,0.09799694249539415,28.272251308900525,129.33333333333331,0.10832608695652175,0.048167539267015703
7.5,0.38,0.33,5.0,0.045,30.0,131.0,0.9942,3.32,0.44,10.9,6,medium,white,86.001,0.08720828827571772,22.900763358778626,145.33333333333334,0.19884,0.03816793893129771
7.3,0.42,0.38,6.8,0.045,29.0,122.0,0.9925,3.19,0.37,12.6,7,medium,white,99.414,0.07343030156718369,23.770491803278688,172.6027397260274,0.14595588235294119,0.05573770491803279
7.3,0.34,0.39,5.2,0.04,45.0,163.0,0.9925,3.3,0.47,12.4,6,medium,white,97.836,0.0746146612698802,27.607361963190186,169.86301369863014,0.19086538461538463,0.03190184049079755
7.8,0.23,0.28,4.75,0.042,45.0,166.0,0.9928,2.96,0.4,11.5,5,low,white,90.735,0.08596462225161183,27.10843373493976,147.43589743589746,0.20901052631578948,0.0286144578313253
9.0,0.245,0.38,5.9,0.045,52.0,159.0,0.995,2.93,0.35,10.2,6,medium,white,80.47800000000001,0.11183180496533213,32.70440251572327,113.33333333333333,0.16864406779661015,0.037106918238993716
6.9,0.2,0.4,7.7,0.032,51.0,176.0,0.9939,3.22,0.27,11.4,5,low,white,89.946,0.07671269428323661,28.97727272727273,165.2173913043478,0.12907792207792207,0.043750000000000004
7.4,0.19,0.42,6.4,0.067,39.0,212.0,0.9958,3.3,0.33,9.6,6,medium,white,75.744,0.09769750739332489,18.39622641509434,129.7297297297297,0.15559375,0.03018867924528302
8.2,0.2,0.36,8.1,0.035,60.0,163.0,0.9952,3.05,0.3,10.3,6,medium,white,81.26700000000001,0.10090196512729642,36.809815950920246,125.609756097561,0.1228641975308642,0.04969325153374233
8.0,0.59,0.71,17.35,0.038,61.0,228.0,1.0,2.95,0.75,9.3,5,low,white,73.37700000000001,0.10902598907014459,26.75438596491228,116.25000000000001,0.05763688760806916,0.07609649122807018
7.9,0.14,0.45,1.8,0.05,17.0,114.0,0.9948,3.33,0.49,10.7,7,medium,white,84.423,0.09357639505821873,14.912280701754385,135.44303797468353,0.5526666666666666,0.015789473684210527
6.8,0.24,0.4,1.8,0.047,34.0,105.0,0.99,3.13,0.49,12.8,8,high,white,100.992,0.0673320659062104,32.38095238095238,188.23529411764707,0.5499999999999999,0.017142857142857144
9.7,0.14,0.59,1.5,0.049,23.0,142.0,0.9958,2.98,0.62,9.5,5,low,white,74.955,0.1294109799212861,16.19718309859155,97.93814432989691,0.6638666666666667,0.01056338028169014
9.2,0.15,0.68,1.6,0.046,22.0,130.0,0.9948,3.02,0.45,10.4,6,medium,white,82.056,0.11211855318319196,16.923076923076923,113.04347826086958,0.62175,0.012307692307692308
9.4,0.17,0.55,1.6,0.049,14.0,94.0,0.9949,3.02,0.61,10.3,6,medium,white,81.26700000000001,0.11566810636543738,14.893617021276595,109.57446808510637,0.6218125,0.01702127659574468
5.2,0.365,0.08,13.5,0.041,37.0,142.0,0.997,3.46,0.39,9.9,6,medium,white,78.111,0.06657192968980041,26.056338028169012,190.3846153846154,0.07385185185185185,0.09507042253521127
6.3,0.23,0.22,3.75,0.039,37.0,116.0,0.9927,3.23,0.5,10.7,6,medium,white,84.423,0.07462421378060481,31.896551724137932,169.84126984126985,0.26472,0.032327586206896554
9.6,0.25,0.54,1.3,0.04,16.0,160.0,0.9938,2.94,0.43,10.5,5,low,white,82.845,0.11587905124026797,10.0,109.375,0.7644615384615384,0.008125
9.2,0.32,0.42,1.3,0.046,14.0,186.0,0.9949,3.08,0.48,9.6,5,low,white,75.744,0.12146176594845795,7.526881720430108,104.34782608695652,0.7653076923076922,0.006989247311827957
6.4,0.31,0.4,6.2,0.04,46.0,169.0,0.9953,3.15,0.46,9.3,6,medium,white,73.37700000000001,0.08722079125611568,27.218934911242602,145.3125,0.16053225806451613,0.03668639053254438
8.1,0.2,0.36,9.7,0.044,63.0,162.0,0.997,3.1,0.46,10.0,6,medium,white,78.9,0.1026615969581749,38.88888888888889,123.45679012345681,0.10278350515463919,0.05987654320987654
7.9,0.255,0.26,2.0,0.026,40.0,190.0,0.9932,3.04,0.39,11.2,6,medium,white,88.36800000000001,0.0893988774216911,21.052631578947366,141.77215189873417,0.4966,0.010526315789473684
7.0,0.15,0.34,1.4,0.039,21.0,177.0,0.9927,3.32,0.62,10.8,5,low,white,85.212,0.08214805426465756,11.864406779661017,154.2857142857143,0.7090714285714287,0.007909604519774011
6.4,0.15,0.31,1.1,0.044,25.0,96.0,0.9932,3.54,0.51,10.3,6,medium,white,81.26700000000001,0.07875275327008502,26.041666666666668,160.9375,0.9029090909090908,0.011458333333333334
6.4,0.25,0.53,6.6,0.038,59.0,234.0,0.9955,3.03,0.42,8.8,5,low,white,69.432,0.09217651803203135,25.213675213675213,137.5,0.15083333333333335,0.028205128205128202
7.6,0.19,0.42,1.5,0.044,6.0,114.0,0.9914,3.04,0.74,12.8,6,medium,white,100.992,0.07525348542458808,5.263157894736842,168.42105263157896,0.6609333333333333,0.013157894736842105
7.3,0.43,0.37,4.6,0.028,17.0,114.0,0.991,3.23,0.43,13.2,6,medium,white,104.14800000000001,0.07009256058685716,14.912280701754385,180.82191780821915,0.21543478260869567,0.04035087719298245
5.1,0.31,0.3,0.9,0.037,28.0,152.0,0.992,3.54,0.56,10.1,6,medium,white,79.68900000000001,0.06399879531679403,18.421052631578945,198.03921568627453,1.1022222222222222,0.0059210526315789476
6.2,0.2,0.26,1.7,0.093,40.0,161.0,0.9924,3.44,0.66,11.0,5,low,white,86.79,0.07143680147482429,24.84472049689441,177.41935483870967,0.583764705882353,0.010559006211180125
6.9,0.16,0.35,1.3,0.043,21.0,182.0,0.9927,3.25,0.62,10.8,6,medium,white,85.212,0.0809745106323053,11.538461538461538,156.52173913043478,0.7636153846153846,0.0071428571428571435
7.7,0.32,0.48,2.3,0.04,28.0,114.0,0.9911,3.2,0.52,12.8,7,medium,white,100.992,0.0762436628643853,24.561403508771928,166.23376623376623,0.43091304347826087,0.020175438596491225
6.5,0.22,0.72,6.8,0.042,33.0,168.0,0.9958,3.12,0.36,9.2,6,medium,white,72.58800000000001,0.08954648151209565,19.642857142857142,141.53846153846152,0.14644117647058824,0.04047619047619048
6.8,0.26,0.33,1.5,0.047,44.0,167.0,0.9928,3.12,0.44,10.5,6,medium,white,82.845,0.08208099462852314,26.34730538922156,154.41176470588235,0.6618666666666667,0.008982035928143712
5.2,0.37,0.33,1.2,0.028,13.0,81.0,0.9902,3.37,0.38,11.7,6,medium,white,92.313,0.05633009435290804,16.049382716049383,225.0,0.8251666666666667,0.014814814814814814
8.4,0.19,0.43,2.1,0.052,20.0,104.0,0.994,2.85,0.46,9.5,5,low,white,74.955,0.11206724034420654,19.230769230769234,113.09523809523809,0.47333333333333333,0.020192307692307693
8.3,0.21,0.41,2.2,0.05,24.0,108.0,0.994,2.85,0.45,9.5,5,low,white,74.955,0.11073310653058503,22.22222222222222,114.45783132530119,0.4518181818181818,0.020370370370370372
6.8,0.15,0.32,8.8,0.058,24.0,110.0,0.9972,3.4,0.4,8.8,6,medium,white,69.432,0.09793755040903329,21.818181818181817,129.41176470588235,0.1133181818181818,0.08
7.9,0.16,0.64,17.0,0.05,69.0,210.0,1.0004,3.15,0.51,9.3,7,medium,white,73.37700000000001,0.10766316420676778,32.857142857142854,117.72151898734178,0.05884705882352941,0.08095238095238096
7.8,0.21,0.39,1.8,0.034,62.0,180.0,0.991,3.09,0.75,12.6,8,high,white,99.414,0.07845977427726476,34.44444444444444,161.53846153846155,0.5505555555555556,0.01
9.0,0.24,0.5,1.2,0.048,26.0,107.0,0.9918,3.21,0.34,12.4,6,medium,white,97.836,0.0919906782779345,24.299065420560748,137.77777777777777,0.8265,0.011214953271028037
5.7,0.21,0.24,2.3,0.047,60.0,189.0,0.995,3.65,0.72,10.1,6,medium,white,79.68900000000001,0.07152806535406392,31.746031746031743,177.19298245614036,0.43260869565217397,0.012169312169312168
7.8,0.29,0.36,7.0,0.042,38.0,161.0,0.9941,3.26,0.37,11.2,8,high,white,88.36800000000001,0.08826724606192286,23.60248447204969,143.5897435897436,0.1420142857142857,0.043478260869565216
6.7,0.18,0.3,6.4,0.048,40.0,251.0,0.9956,3.29,0.52,10.0,5,low,white,78.9,0.08491761723700887,15.936254980079681,149.25373134328356,0.1555625,0.02549800796812749
6.7,0.18,0.3,6.4,0.048,40.0,251.0,0.9956,3.29,0.52,10.0,5,low,white,78.9,0.08491761723700887,15.936254980079681,149.25373134328356,0.1555625,0.02549800796812749
8.4,0.58,0.27,12.15,0.033,37.0,116.0,0.9959,2.99,0.39,10.8,6,medium,white,85.212,0.09857766511758907,31.896551724137932,128.57142857142858,0.08196707818930041,0.10474137931034483
7.2,0.16,0.32,0.8,0.04,50.0,121.0,0.9922,3.27,0.33,10.0,6,medium,white,78.9,0.09125475285171102,41.32231404958678,138.88888888888889,1.2402499999999999,0.006611570247933885
7.6,0.54,0.23,2.0,0.029,13.0,151.0,0.9931,3.04,0.33,10.4,5,low,white,82.056,0.0926196743687238,8.609271523178808,136.8421052631579,0.49655,0.013245033112582781
8.4,0.58,0.27,12.15,0.033,37.0,116.0,0.9959,2.99,0.39,10.8,6,medium,white,85.212,0.09857766511758907,31.896551724137932,128.57142857142858,0.08196707818930041,0.10474137931034483
6.6,0.25,0.31,12.4,0.059,52.0,181.0,0.9984,3.51,0.47,9.8,6,medium,white,77.322,0.08535733685109023,28.7292817679558,148.4848484848485,0.08051612903225806,0.06850828729281769
7.3,0.23,0.37,1.9,0.041,51.0,165.0,0.9908,3.26,0.4,12.2,8,high,white,96.25800000000001,0.07583785243823889,30.909090909090907,167.12328767123287,0.5214736842105263,0.011515151515151515
7.3,0.39,0.37,1.1,0.043,36.0,113.0,0.991,3.39,0.48,12.7,8,high,white,100.203,0.07285211021626099,31.858407079646017,173.972602739726,0.9009090909090909,0.009734513274336285
7.0,0.46,0.39,6.2,0.039,46.0,163.0,0.9928,3.21,0.35,12.2,7,medium,white,96.25800000000001,0.07272122836543456,28.22085889570552,174.28571428571428,0.16012903225806452,0.03803680981595092
8.2,0.35,0.4,6.3,0.039,35.0,162.0,0.9936,3.15,0.34,11.9,7,medium,white,93.891,0.08733531435387842,21.604938271604937,145.12195121951223,0.15771428571428572,0.03888888888888889
7.8,0.29,0.36,7.0,0.042,38.0,161.0,0.9941,3.26,0.37,11.2,8,high,white,88.36800000000001,0.08826724606192286,23.60248447204969,143.5897435897436,0.1420142857142857,0.043478260869565216
9.2,0.35,0.39,0.9,0.042,15.0,61.0,0.9924,2.96,0.28,10.4,4,low,white,82.056,0.11211855318319196,24.59016393442623,113.04347826086958,1.1026666666666667,0.014754098360655738
8.0,0.57,0.39,3.9,0.034,22.0,122.0,0.9917,3.29,0.67,12.8,7,medium,white,100.992,0.07921419518377693,18.0327868852459,160.0,0.2542820512820513,0.031967213114754096
6.5,0.37,0.33,3.9,0.027,40.0,130.0,0.9906,3.28,0.39,12.7,7,medium,white,100.203,0.06486831731584883,30.76923076923077,195.3846153846154,0.254,0.03
5.7,0.21,0.24,2.3,0.047,60.0,189.0,0.995,3.65,0.72,10.1,6,medium,white,79.68900000000001,0.07152806535406392,31.746031746031743,177.19298245614036,0.43260869565217397,0.012169312169312168
6.7,0.18,0.3,6.4,0.048,40.0,251.0,0.9956,3.29,0.52,10.0,5,low,white,78.9,0.08491761723700887,15.936254980079681,149.25373134328356,0.1555625,0.02549800796812749
7.8,0.13,0.3,1.8,0.04,43.0,179.0,0.9955,3.43,0.41,9.0,5,low,white,71.01,0.10984368398817067,24.022346368715084,115.3846153846154,0.5530555555555555,0.01005586592178771
7.6,0.19,0.41,1.1,0.04,38.0,143.0,0.9907,2.92,0.42,11.4,5,low,white,89.946,0.08449514152936206,26.573426573426573,150.00000000000003,0.9006363636363636,0.007692307692307693
7.3,0.22,0.41,15.4,0.05,55.0,191.0,1.0,3.32,0.59,8.9,6,medium,white,70.221,0.10395750558949601,28.79581151832461,121.91780821917808,0.06493506493506493,0.0806282722513089
6.3,0.29,0.4,6.5,0.039,43.0,167.0,0.9953,3.15,0.44,9.3,6,medium,white,73.37700000000001,0.08585796639273885,25.748502994011975,147.61904761904762,0.15312307692307692,0.038922155688622756
6.8,0.35,0.32,2.4,0.048,35.0,103.0,0.9911,3.28,0.46,12.0,8,high,white,94.68,0.07182087029995775,33.980582524271846,176.47058823529412,0.4129583333333333,0.02330097087378641
6.5,0.19,0.32,1.4,0.04,31.0,132.0,0.9922,3.36,0.54,10.8,7,medium,white,85.212,0.0762803361028963,23.484848484848484,166.15384615384616,0.7087142857142857,0.010606060606060605
6.2,0.12,0.26,5.7,0.044,56.0,158.0,0.9951,3.52,0.37,10.5,6,medium,white,82.845,0.0748385539260064,35.44303797468354,169.35483870967744,0.17457894736842106,0.036075949367088606
6.0,0.13,0.28,5.7,0.038,56.0,189.5,0.9948,3.59,0.43,10.6,7,medium,white,83.634,0.07174115790228855,29.551451187335093,176.66666666666666,0.17452631578947367,0.03007915567282322
6.4,0.25,0.33,1.4,0.04,42.0,115.0,0.9906,3.19,0.48,11.3,7,medium,white,89.15700000000001,0.07178348306919255,36.52173913043478,176.5625,0.7075714285714286,0.01217391304347826
6.9,0.32,0.16,1.4,0.051,15.0,96.0,0.994,3.22,0.38,9.5,4,low,white,74.955,0.09205523313988394,15.625,137.68115942028984,0.7100000000000001,0.014583333333333332
7.6,0.19,0.41,1.1,0.04,38.0,143.0,0.9907,2.92,0.42,11.4,5,low,white,89.946,0.08449514152936206,26.573426573426573,150.00000000000003,0.9006363636363636,0.007692307692307693
6.7,0.13,0.28,1.2,0.046,35.0,140.0,0.9927,3.33,0.33,10.1,7,medium,white,79.68900000000001,0.08407684874951372,25.0,150.7462686567164,0.82725,0.008571428571428572
7.0,0.14,0.41,0.9,0.037,22.0,95.0,0.9914,3.25,0.43,10.9,6,medium,white,86.001,0.08139440239066988,23.157894736842106,155.71428571428572,1.1015555555555554,0.009473684210526316
7.6,0.27,0.24,3.8,0.058,19.0,115.0,0.9958,3.15,0.45,8.9,5,low,white,70.221,0.10822973184659858,16.52173913043478,117.10526315789475,0.26205263157894737,0.03304347826086956
7.3,0.22,0.41,15.4,0.05,55.0,191.0,1.0,3.32,0.59,8.9,6,medium,white,70.221,0.10395750558949601,28.79581151832461,121.91780821917808,0.06493506493506493,0.0806282722513089
7.4,0.64,0.47,14.15,0.168,42.0,185.0,0.9984,2.9,0.49,9.3,5,low,white,73.37700000000001,0.10084903988988374,22.702702702702705,125.67567567567568,0.07055830388692579,0.07648648648648648
7.6,0.28,0.39,1.9,0.052,23.0,116.0,0.9941,3.25,0.4,10.4,6,medium,white,82.056,0.0926196743687238,19.82758620689655,136.8421052631579,0.5232105263157895,0.016379310344827584
8.3,0.26,0.41,9.2,0.042,41.0,162.0,0.9944,3.1,0.38,12.0,7,medium,white,94.68,0.08766370933671314,25.308641975308642,144.57831325301203,0.10808695652173914,0.05679012345679012
10.7,0.22,0.56,8.2,0.044,37.0,181.0,0.998,2.87,0.68,9.5,6,medium,white,74.955,0.14275231805750116,20.441988950276244,88.78504672897198,0.12170731707317074,0.045303867403314914
10.7,0.22,0.56,8.2,0.044,37.0,181.0,0.998,2.87,0.68,9.5,6,medium,white,74.955,0.14275231805750116,20.441988950276244,88.78504672897198,0.12170731707317074,0.045303867403314914
6.9,0.23,0.34,2.7,0.032,24.0,121.0,0.9902,3.14,0.38,12.4,7,medium,white,97.836,0.07052618667974979,19.834710743801654,179.71014492753622,0.3667407407407407,0.022314049586776862
6.2,0.3,0.32,1.7,0.032,30.0,130.0,0.9911,3.28,0.41,11.2,7,medium,white,88.36800000000001,0.07016114430563099,23.076923076923077,180.64516129032256,0.583,0.013076923076923076
6.9,0.27,0.41,1.7,0.047,6.0,134.0,0.9929,3.15,0.69,11.4,6,medium,white,89.946,0.07671269428323661,4.477611940298507,165.2173913043478,0.5840588235294117,0.012686567164179104
6.9,0.28,0.41,1.7,0.05,10.0,136.0,0.993,3.16,0.71,11.4,6,medium,white,89.946,0.07671269428323661,7.352941176470589,165.2173913043478,0.5841176470588235,0.012499999999999999
6.9,0.28,0.3,1.6,0.047,46.0,132.0,0.9918,3.35,0.38,11.1,7,medium,white,87.57900000000001,0.0787860103449457,34.84848484848485,160.86956521739128,0.619875,0.012121212121212121
6.9,0.46,0.2,0.9,0.054,5.0,126.0,0.992,3.1,0.42,10.4,6,medium,white,82.056,0.08408891488739398,3.968253968253968,150.72463768115944,1.1022222222222222,0.007142857142857143
6.9,0.38,0.32,8.5,0.044,36.0,152.0,0.9932,3.38,0.35,12.0,7,medium,white,94.68,0.07287705956907478,23.684210526315788,173.91304347826087,0.11684705882352941,0.05592105263157895
5.7,0.43,0.3,5.7,0.039,24.0,98.0,0.992,3.54,0.61,12.3,7,medium,white,97.04700000000001,0.05873442764845899,24.489795918367346,215.78947368421052,0.17403508771929824,0.05816326530612245
6.6,0.56,0.16,3.1,0.045,28.0,92.0,0.994,3.12,0.35,9.1,6,medium,white,71.799,0.09192328583963563,30.434782608695656,137.87878787878788,0.32064516129032256,0.03369565217391304
7.1,0.36,0.56,1.3,0.046,25.0,102.0,0.9923,3.24,0.33,10.5,6,medium,white,82.845,0.08570221497978152,24.509803921568626,147.88732394366198,0.7633076923076922,0.012745098039215686
6.8,0.23,0.4,1.6,0.047,5.0,133.0,0.993,3.23,0.7,11.4,6,medium,white,89.946,0.07560091610521869,3.7593984962406015,167.64705882352942,0.620625,0.012030075187969926
6.2,0.33,0.29,1.3,0.042,26.0,138.0,0.9956,3.77,0.64,9.5,5,low,white,74.955,0.08271629644453339,18.84057971014493,153.2258064516129,0.7658461538461538,0.009420289855072464
5.6,0.49,0.13,4.5,0.039,17.0,116.0,0.9907,3.42,0.9,13.7,7,medium,white,108.093,0.05180724006179863,14.655172413793101,244.64285714285717,0.22015555555555555,0.03879310344827586
6.6,0.42,0.33,2.8,0.034,15.0,85.0,0.99,3.28,0.51,13.4,6,medium,white,105.726,0.06242551501049883,17.647058823529413,203.03030303030303,0.3535714285714286,0.03294117647058823
7.3,0.18,0.29,1.2,0.044,12.0,143.0,0.9918,3.2,0.48,11.3,7,medium,white,89.15700000000001,0.08187803537579774,8.391608391608392,154.7945205479452,0.8265,0.008391608391608392
8.1,0.19,0.4,0.9,0.037,73.0,180.0,0.9926,3.06,0.34,10.0,6,medium,white,78.9,0.1026615969581749,40.55555555555556,123.45679012345681,1.1028888888888888,0.005
5.9,0.19,0.26,7.4,0.034,33.0,123.0,0.995,3.49,0.42,10.1,6,medium,white,79.68900000000001,0.07403782203315389,26.82926829268293,171.1864406779661,0.13445945945945945,0.06016260162601626
6.2,0.16,0.47,1.4,0.029,23.0,81.0,0.99,3.26,0.42,12.2,6,medium,white,96.25800000000001,0.06441023083795631,28.39506172839506,196.77419354838707,0.7071428571428572,0.01728395061728395
6.6,0.42,0.33,2.8,0.034,15.0,85.0,0.99,3.28,0.51,13.4,6,medium,white,105.726,0.06242551501049883,17.647058823529413,203.03030303030303,0.3535714285714286,0.03294117647058823
5.7,0.135,0.3,4.6,0.042,19.0,101.0,0.9946,3.31,0.42,9.3,6,medium,white,73.37700000000001,0.07768101721247801,18.81188118811881,163.1578947368421,0.21621739130434786,0.04554455445544554
5.6,0.49,0.13,4.5,0.039,17.0,116.0,0.9907,3.42,0.9,13.7,7,medium,white,108.093,0.05180724006179863,14.655172413793101,244.64285714285717,0.22015555555555555,0.03879310344827586
6.9,0.19,0.33,1.6,0.039,27.0,98.0,0.9898,3.09,0.46,12.3,7,medium,white,97.04700000000001,0.07109957031129246,27.55102040816326,178.26086956521738,0.618625,0.0163265306122449
7.3,0.18,0.29,1.2,0.044,12.0,143.0,0.9918,3.2,0.48,11.3,7,medium,white,89.15700000000001,0.08187803537579774,8.391608391608392,154.7945205479452,0.8265,0.008391608391608392
7.3,0.25,0.36,13.1,0.05,35.0,200.0,0.9986,3.04,0.46,8.9,7,medium,white,70.221,0.10395750558949601,17.5,121.91780821917808,0.0762290076335878,0.0655
7.3,0.25,0.36,13.1,0.05,35.0,200.0,0.9986,3.04,0.46,8.9,7,medium,white,70.221,0.10395750558949601,17.5,121.91780821917808,0.0762290076335878,0.0655
7.0,0.2,0.34,5.7,0.035,32.0,83.0,0.9928,3.19,0.46,11.5,6,medium,white,90.735,0.07714773791811319,38.55421686746988,164.28571428571428,0.17417543859649123,0.06867469879518072
7.3,0.25,0.36,13.1,0.05,35.0,200.0,0.9986,3.04,0.46,8.9,7,medium,white,70.221,0.10395750558949601,17.5,121.91780821917808,0.0762290076335878,0.0655
6.3,0.67,0.48,12.6,0.052,57.0,222.0,0.9979,3.17,0.52,9.3,6,medium,white,73.37700000000001,0.08585796639273885,25.675675675675674,147.61904761904762,0.0791984126984127,0.05675675675675675
7.4,0.4,0.29,5.4,0.044,31.0,122.0,0.994,3.3,0.5,11.1,8,high,white,87.57900000000001,0.08449514152936206,25.40983606557377,149.99999999999997,0.18407407407407406,0.04426229508196722
7.1,0.26,0.31,2.2,0.044,29.0,128.0,0.9937,3.34,0.64,10.9,8,high,white,86.001,0.08255717956767944,22.65625,153.5211267605634,0.4516818181818182,0.0171875
9.0,0.31,0.48,6.6,0.043,11.0,73.0,0.9938,2.9,0.38,11.6,5,low,white,91.524,0.09833486298675757,15.068493150684931,128.88888888888889,0.15057575757575759,0.09041095890410958
6.3,0.39,0.24,6.9,0.069,9.0,117.0,0.9942,3.15,0.35,10.2,4,low,white,80.47800000000001,0.07828226347573249,7.6923076923076925,161.9047619047619,0.1440869565217391,0.05897435897435898
8.2,0.22,0.36,6.8,0.034,12.0,90.0,0.9944,3.01,0.38,10.5,8,high,white,82.845,0.09898002293439555,13.333333333333334,128.0487804878049,0.14623529411764705,0.07555555555555556
7.1,0.19,0.28,3.6,0.033,16.0,78.0,0.993,2.91,0.78,11.4,6,medium,white,89.946,0.07893625063927245,20.51282051282051,160.56338028169014,0.2758333333333333,0.046153846153846156
7.3,0.25,0.36,13.1,0.05,35.0,200.0,0.9986,3.04,0.46,8.9,7,medium,white,70.221,0.10395750558949601,17.5,121.91780821917808,0.0762290076335878,0.0655
7.9,0.2,0.34,1.2,0.04,29.0,118.0,0.9932,3.14,0.41,10.6,6,medium,white,83.634,0.09445919123801325,24.576271186440678,134.1772151898734,0.8276666666666667,0.010169491525423728
7.1,0.26,0.32,5.9,0.037,39.0,97.0,0.9934,3.31,0.4,11.6,6,medium,white,91.524,0.0775752808006643,40.20618556701031,163.38028169014086,0.16837288135593217,0.06082474226804124
7.0,0.2,0.34,5.7,0.035,32.0,83.0,0.9928,3.19,0.46,11.5,6,medium,white,90.735,0.07714773791811319,38.55421686746988,164.28571428571428,0.17417543859649123,0.06867469879518072
6.9,0.3,0.33,4.1,0.035,26.0,155.0,0.9925,3.25,0.79,12.3,8,high,white,97.04700000000001,0.07109957031129246,16.7741935483871,178.26086956521738,0.24207317073170734,0.026451612903225803
8.1,0.29,0.49,7.1,0.042,22.0,124.0,0.9944,3.14,0.41,10.8,6,medium,white,85.212,0.09505703422053231,17.741935483870968,133.33333333333334,0.14005633802816903,0.05725806451612903
5.8,0.17,0.3,1.4,0.037,55.0,130.0,0.9909,3.29,0.38,11.3,6,medium,white,89.15700000000001,0.06505378153145573,42.30769230769231,194.82758620689657,0.7077857142857144,0.010769230769230769
5.9,0.415,0.02,0.8,0.038,22.0,63.0,0.9932,3.36,0.36,9.3,5,low,white,73.37700000000001,0.08040666693923164,34.92063492063492,157.6271186440678,1.2414999999999998,0.012698412698412698
6.6,0.23,0.26,1.3,0.045,16.0,128.0,0.9934,3.36,0.6,10.0,6,medium,white,78.9,0.08365019011406843,12.5,151.5151515151515,0.7641538461538461,0.01015625
8.6,0.55,0.35,15.55,0.057,35.5,366.5,1.0001,3.04,0.63,11.0,3,low,white,86.79,0.09908975688443368,9.686221009549795,127.90697674418605,0.06431511254019293,0.042428376534788544
6.9,0.35,0.74,1.0,0.044,18.0,132.0,0.992,3.13,0.55,10.2,5,low,white,80.47800000000001,0.08573771714008797,13.636363636363635,147.82608695652172,0.992,0.007575757575757576
7.6,0.14,0.74,1.6,0.04,27.0,103.0,0.9916,3.07,0.4,10.8,7,medium,white,85.212,0.08918931605877106,26.21359223300971,142.10526315789477,0.61975,0.015533980582524273
9.2,0.28,0.49,11.8,0.042,29.0,137.0,0.998,3.1,0.34,10.1,4,low,white,79.68900000000001,0.11544880723813825,21.16788321167883,109.78260869565217,0.08457627118644068,0.08613138686131387
6.2,0.18,0.49,4.5,0.047,17.0,90.0,0.9919,3.27,0.37,11.6,6,medium,white,91.524,0.06774179450198856,18.88888888888889,187.09677419354838,0.2204222222222222,0.05
5.3,0.165,0.24,1.1,0.051,25.0,105.0,0.9925,3.32,0.47,9.1,5,low,white,71.799,0.07381718408334377,23.809523809523807,171.69811320754718,0.9022727272727272,0.010476190476190477
9.8,0.25,0.74,10.0,0.056,36.0,225.0,0.9977,3.06,0.43,10.0,4,low,white,78.9,0.12420785804816223,16.0,102.04081632653062,0.09977,0.044444444444444446
8.1,0.29,0.49,7.1,0.042,22.0,124.0,0.9944,3.14,0.41,10.8,6,medium,white,85.212,0.09505703422053231,17.741935483870968,133.33333333333334,0.14005633802816903,0.05725806451612903
6.8,0.22,0.49,0.9,0.052,26.0,128.0,0.991,3.25,0.35,11.4,6,medium,white,89.946,0.07560091610521869,20.3125,167.64705882352942,1.1011111111111112,0.00703125
7.2,0.22,0.49,1.0,0.045,34.0,140.0,0.99,3.05,0.34,12.7,6,medium,white,100.203,0.07185413610370947,24.285714285714285,176.38888888888889,0.99,0.007142857142857143
7.4,0.25,0.49,1.1,0.042,35.0,156.0,0.9917,3.13,0.55,11.3,5,low,white,89.15700000000001,0.08299965229875388,22.435897435897438,152.7027027027027,0.9015454545454545,0.007051282051282052
8.2,0.18,0.49,1.1,0.033,28.0,81.0,0.9923,3.0,0.68,10.4,7,medium,white,82.056,0.09993175392414935,34.5679012345679,126.82926829268295,0.9020909090909089,0.013580246913580249
6.1,0.22,0.49,1.5,0.051,18.0,87.0,0.9928,3.3,0.46,9.6,5,low,white,75.744,0.0805344317701732,20.689655172413794,157.37704918032787,0.6618666666666667,0.017241379310344827
7.0,0.39,0.24,1.0,0.048,8.0,119.0,0.9923,3.0,0.31,10.1,4,low,white,79.68900000000001,0.08784148376814867,6.722689075630252,144.28571428571428,0.9923,0.008403361344537815
6.1,0.22,0.49,1.5,0.051,18.0,87.0,0.9928,3.3,0.46,9.6,5,low,white,75.744,0.0805344317701732,20.689655172413794,157.37704918032787,0.6618666666666667,0.017241379310344827
6.5,0.36,0.49,2.9,0.03,16.0,94.0,0.9902,3.1,0.49,12.1,7,medium,white,95.46900000000001,0.06808492809184133,17.02127659574468,186.15384615384616,0.34144827586206894,0.030851063829787233
7.1,0.29,0.49,1.2,0.031,32.0,99.0,0.9893,3.07,0.33,12.2,6,medium,white,96.25800000000001,0.07376010305636933,32.323232323232325,171.83098591549296,0.8244166666666667,0.012121212121212121
7.4,0.25,0.49,1.1,0.042,35.0,156.0,0.9917,3.13,0.55,11.3,5,low,white,89.15700000000001,0.08299965229875388,22.435897435897438,152.7027027027027,0.9015454545454545,0.007051282051282052
6.9,0.23,0.24,14.2,0.053,19.0,94.0,0.9982,3.17,0.5,9.6,5,low,white,75.744,0.09109632446134348,20.212765957446805,139.1304347826087,0.07029577464788733,0.15106382978723404
8.5,0.56,0.74,17.85,0.051,51.0,243.0,1.0005,2.99,0.7,9.2,5,low,white,72.58800000000001,0.11709924505427893,20.98765432098765,108.23529411764706,0.056050420168067216,0.0734567901234568
8.2,0.18,0.49,1.1,0.033,28.0,81.0,0.9923,3.0,0.68,10.4,7,medium,white,82.056,0.09993175392414935,34.5679012345679,126.82926829268295,0.9020909090909089,0.013580246913580249
6.3,0.23,0.49,7.1,0.05,67.0,210.0,0.9951,3.23,0.34,9.5,5,low,white,74.955,0.0840504302581549,31.9047619047619,150.79365079365078,0.14015492957746478,0.03380952380952381
6.1,0.25,0.49,7.6,0.052,67.0,226.0,0.9956,3.16,0.47,8.9,5,low,white,70.221,0.08686860056108571,29.646017699115045,145.9016393442623,0.131,0.033628318584070796
7.2,0.26,0.74,13.6,0.05,56.0,162.0,0.998,3.03,0.44,8.8,5,low,white,69.432,0.10369858278603526,34.5679012345679,122.22222222222223,0.07338235294117647,0.08395061728395062
7.2,0.31,0.24,1.4,0.057,17.0,117.0,0.9928,3.16,0.35,10.5,5,low,white,82.845,0.08690928843020099,14.529914529914532,145.83333333333331,0.7091428571428572,0.011965811965811965
8.0,0.25,0.49,1.2,0.061,27.0,117.0,0.9938,3.08,0.34,9.4,5,low,white,74.166,0.10786613812258987,23.076923076923077,117.5,0.8281666666666667,0.010256410256410256
7.0,0.18,0.49,5.3,0.04,34.0,125.0,0.9914,3.24,0.4,12.2,6,medium,white,96.25800000000001,0.07272122836543456,27.200000000000003,174.28571428571428,0.1870566037735849,0.0424
7.8,0.43,0.49,13.0,0.033,37.0,158.0,0.9955,3.14,0.35,11.3,6,medium,white,89.15700000000001,0.08748611999057841,23.417721518987342,144.8717948717949,0.07657692307692308,0.08227848101265822
8.3,0.2,0.74,4.45,0.044,33.0,130.0,0.9924,3.25,0.42,12.2,6,medium,white,96.25800000000001,0.0862265993475867,25.384615384615383,146.9879518072289,0.22301123595505615,0.03423076923076923
6.3,0.27,0.49,1.2,0.063,35.0,92.0,0.9911,3.38,0.42,12.2,6,medium,white,96.25800000000001,0.06544910552889109,38.04347826086957,193.65079365079364,0.8259166666666666,0.013043478260869565
7.4,0.16,0.49,1.2,0.055,18.0,150.0,0.9917,3.23,0.47,11.2,6,medium,white,88.36800000000001,0.0837407206228499,12.0,151.35135135135133,0.8264166666666667,0.008
7.4,0.16,0.49,1.2,0.055,18.0,150.0,0.9917,3.23,0.47,11.2,6,medium,white,88.36800000000001,0.0837407206228499,12.0,151.35135135135133,0.8264166666666667,0.008
6.9,0.19,0.49,6.6,0.036,49.0,172.0,0.9932,3.2,0.27,11.5,6,medium,white,90.735,0.07604562737642585,28.488372093023255,166.66666666666666,0.1504848484848485,0.03837209302325581
7.8,0.43,0.49,13.0,0.033,37.0,158.0,0.9955,3.14,0.35,11.3,6,medium,white,89.15700000000001,0.08748611999057841,23.417721518987342,144.8717948717949,0.07657692307692308,0.08227848101265822
7.2,0.4,0.49,1.1,0.048,11.0,138.0,0.9929,3.01,0.42,9.3,5,low,white,73.37700000000001,0.09812339016313013,7.971014492753622,129.16666666666669,0.9026363636363636,0.007971014492753625
7.8,0.43,0.49,13.0,0.033,37.0,158.0,0.9955,3.14,0.35,11.3,6,medium,white,89.15700000000001,0.08748611999057841,23.417721518987342,144.8717948717949,0.07657692307692308,0.08227848101265822
7.6,0.52,0.49,14.0,0.034,37.0,156.0,0.9958,3.14,0.38,11.8,7,medium,white,93.102,0.08163089944362097,23.717948717948715,155.26315789473685,0.07112857142857143,0.08974358974358974
8.3,0.21,0.49,19.8,0.054,50.0,231.0,1.0012,2.99,0.54,9.2,5,low,white,72.58800000000001,0.11434396870006061,21.645021645021643,110.84337349397589,0.05056565656565657,0.08571428571428572
6.9,0.34,0.74,11.2,0.069,44.0,150.0,0.9968,3.0,0.81,9.2,5,low,white,72.58800000000001,0.09505703422053231,29.333333333333332,133.33333333333331,0.08900000000000001,0.07466666666666666
6.3,0.27,0.49,1.2,0.063,35.0,92.0,0.9911,3.38,0.42,12.2,6,medium,white,96.25800000000001,0.06544910552889109,38.04347826086957,193.65079365079364,0.8259166666666666,0.013043478260869565
8.3,0.2,0.74,4.45,0.044,33.0,130.0,0.9924,3.25,0.42,12.2,6,medium,white,96.25800000000001,0.0862265993475867,25.384615384615383,146.9879518072289,0.22301123595505615,0.03423076923076923
7.1,0.22,0.74,2.7,0.044,42.0,144.0,0.991,3.31,0.41,12.2,6,medium,white,96.25800000000001,0.07376010305636933,29.166666666666668,171.83098591549296,0.367037037037037,0.018750000000000003
7.9,0.11,0.49,4.5,0.048,27.0,133.0,0.9946,3.24,0.42,10.6,6,medium,white,83.634,0.09445919123801325,20.30075187969925,134.1772151898734,0.22102222222222223,0.03383458646616541
8.5,0.17,0.74,3.6,0.05,29.0,128.0,0.9928,3.28,0.4,12.4,6,medium,white,97.836,0.08688008504027148,22.65625,145.8823529411765,0.2757777777777778,0.028125
6.4,0.145,0.49,5.4,0.048,54.0,164.0,0.9946,3.56,0.44,10.8,6,medium,white,85.212,0.07510679247054405,32.926829268292686,168.75,0.18418518518518517,0.032926829268292684
7.4,0.16,0.49,1.2,0.055,18.0,150.0,0.9917,3.23,0.47,11.2,6,medium,white,88.36800000000001,0.0837407206228499,12.0,151.35135135135133,0.8264166666666667,0.008
8.3,0.19,0.49,1.2,0.051,11.0,137.0,0.9918,3.06,0.46,11.0,6,medium,white,86.79,0.09563313745823251,8.02919708029197,132.5301204819277,0.8265,0.00875912408759124
8.0,0.44,0.49,9.1,0.031,46.0,151.0,0.9926,3.16,0.27,12.7,8,high,white,100.203,0.07983792900412164,30.4635761589404,158.75,0.10907692307692309,0.06026490066225165
7.0,0.2,0.74,0.8,0.044,19.0,163.0,0.9931,3.46,0.53,10.2,5,low,white,80.47800000000001,0.08698029275081388,11.65644171779141,145.7142857142857,1.241375,0.0049079754601227
6.9,0.19,0.49,6.6,0.036,49.0,172.0,0.9932,3.2,0.27,11.5,6,medium,white,90.735,0.07604562737642585,28.488372093023255,166.66666666666666,0.1504848484848485,0.03837209302325581
7.1,0.25,0.49,3.0,0.03,30.0,96.0,0.9903,3.13,0.39,12.3,7,medium,white,97.04700000000001,0.0731604274217647,31.25,173.23943661971833,0.3301,0.03125
6.5,0.24,0.24,1.6,0.046,15.0,60.0,0.9928,3.19,0.39,9.8,5,low,white,77.322,0.08406404386849797,25.0,150.7692307692308,0.6204999999999999,0.02666666666666667
7.2,0.4,0.49,1.1,0.048,11.0,138.0,0.9929,3.01,0.42,9.3,5,low,white,73.37700000000001,0.09812339016313013,7.971014492753622,129.16666666666669,0.9026363636363636,0.007971014492753625
7.6,0.52,0.49,14.0,0.034,37.0,156.0,0.9958,3.14,0.38,11.8,7,medium,white,93.102,0.08163089944362097,23.717948717948715,155.26315789473685,0.07112857142857143,0.08974358974358974
7.8,0.43,0.49,13.0,0.033,37.0,158.0,0.9955,3.14,0.35,11.3,6,medium,white,89.15700000000001,0.08748611999057841,23.417721518987342,144.8717948717949,0.07657692307692308,0.08227848101265822
7.8,0.21,0.49,1.35,0.052,6.0,48.0,0.9911,3.15,0.28,11.4,5,low,white,89.946,0.0867186978853979,12.5,146.15384615384616,0.7341481481481481,0.028125
7.0,0.2,0.49,5.9,0.038,39.0,128.0,0.9938,3.21,0.48,10.8,6,medium,white,85.212,0.08214805426465756,30.46875,154.2857142857143,0.16844067796610168,0.04609375
6.9,0.25,0.24,3.6,0.057,13.0,85.0,0.9942,2.99,0.48,9.5,4,low,white,74.955,0.09205523313988394,15.294117647058824,137.68115942028984,0.27616666666666667,0.042352941176470586
7.2,0.08,0.49,1.3,0.05,18.0,148.0,0.9945,3.46,0.44,10.2,6,medium,white,80.47800000000001,0.0894654439722657,12.162162162162163,141.66666666666666,0.765,0.008783783783783784
7.1,0.85,0.49,8.7,0.028,40.0,184.0,0.9962,3.22,0.36,10.7,5,low,white,84.423,0.08410030441941177,21.73913043478261,150.70422535211267,0.11450574712643678,0.04728260869565217
7.6,0.51,0.24,1.2,0.04,10.0,104.0,0.992,3.05,0.29,10.8,6,medium,white,85.212,0.08918931605877106,9.615384615384617,142.10526315789477,0.8266666666666667,0.011538461538461537
7.9,0.22,0.24,4.6,0.044,39.0,159.0,0.9927,2.99,0.28,11.5,6,medium,white,90.735,0.08706673279329917,24.528301886792452,145.56962025316454,0.21580434782608698,0.02893081761006289
7.7,0.16,0.49,2.0,0.056,20.0,124.0,0.9948,3.32,0.49,10.7,6,medium,white,84.423,0.09120737239851699,16.129032258064516,138.96103896103895,0.4974,0.016129032258064516
7.2,0.08,0.49,1.3,0.05,18.0,148.0,0.9945,3.46,0.44,10.2,6,medium,white,80.47800000000001,0.0894654439722657,12.162162162162163,141.66666666666666,0.765,0.008783783783783784
6.6,0.25,0.24,1.7,0.048,26.0,124.0,0.9942,3.37,0.6,10.1,6,medium,white,79.68900000000001,0.08282197040996875,20.967741935483872,153.03030303030303,0.5848235294117647,0.013709677419354839
6.7,0.16,0.49,2.4,0.046,57.0,187.0,0.9952,3.62,0.81,10.4,6,medium,white,82.056,0.08165155503558545,30.481283422459892,155.22388059701493,0.4146666666666667,0.012834224598930482
6.9,0.25,0.24,3.6,0.057,13.0,85.0,0.9942,2.99,0.48,9.5,4,low,white,74.955,0.09205523313988394,15.294117647058824,137.68115942028984,0.27616666666666667,0.042352941176470586
7.5,0.32,0.24,4.6,0.053,8.0,134.0,0.9958,3.14,0.5,9.1,3,low,white,71.799,0.10445827936322231,5.970149253731343,121.33333333333334,0.21647826086956523,0.034328358208955224
7.4,0.28,0.49,1.5,0.034,20.0,126.0,0.9918,2.98,0.39,10.6,6,medium,white,83.634,0.08848076141282255,15.873015873015872,143.24324324324323,0.6612,0.011904761904761904
6.2,0.15,0.49,0.9,0.033,17.0,51.0,0.9932,3.3,0.7,9.4,6,medium,white,74.166,0.08359625704500716,33.33333333333333,151.61290322580646,1.1035555555555554,0.01764705882352941
6.7,0.25,0.74,19.4,0.054,44.0,169.0,1.0004,3.51,0.45,9.8,6,medium,white,77.322,0.08665062983368252,26.035502958579883,146.26865671641792,0.05156701030927835,0.11479289940828402
6.5,0.26,0.74,13.3,0.044,68.0,224.0,0.9972,3.18,0.54,9.5,6,medium,white,74.955,0.0867186978853979,30.357142857142854,146.15384615384613,0.07497744360902255,0.059375000000000004
7.9,0.16,0.74,17.85,0.037,52.0,187.0,0.9998,2.99,0.41,9.3,5,low,white,73.37700000000001,0.10766316420676778,27.807486631016044,117.72151898734178,0.05601120448179271,0.09545454545454546
5.6,0.185,0.49,1.1,0.03,28.0,117.0,0.9918,3.55,0.45,10.3,6,medium,white,81.26700000000001,0.06890865911132439,23.931623931623932,183.92857142857147,0.9016363636363636,0.009401709401709403
7.5,0.2,0.49,1.3,0.031,8.0,97.0,0.9918,3.06,0.62,11.1,5,low,white,87.57900000000001,0.08563696776624533,8.24742268041237,148.0,0.7629230769230769,0.013402061855670104
8.0,0.3,0.49,9.4,0.046,47.0,188.0,0.9964,3.14,0.48,10.0,5,low,white,78.9,0.10139416983523447,25.0,125.0,0.106,0.05
8.0,0.34,0.49,9.0,0.033,39.0,180.0,0.9936,3.13,0.38,12.3,8,high,white,97.04700000000001,0.08243428441888981,21.666666666666668,153.75,0.1104,0.05
7.7,0.35,0.49,8.65,0.033,42.0,186.0,0.9931,3.14,0.38,12.4,8,high,white,97.836,0.07870313586001064,22.58064516129032,161.03896103896105,0.11480924855491328,0.046505376344086025
7.6,0.29,0.49,9.6,0.03,45.0,197.0,0.9938,3.13,0.38,12.3,7,medium,white,97.04700000000001,0.07831257019794531,22.84263959390863,161.84210526315792,0.10352083333333334,0.048730964467005075
6.7,0.62,0.24,1.1,0.039,6.0,62.0,0.9934,3.41,0.32,10.4,5,low,white,82.056,0.08165155503558545,9.67741935483871,155.22388059701493,0.9030909090909089,0.017741935483870968
6.8,0.27,0.49,1.2,0.044,35.0,126.0,0.99,3.13,0.48,12.1,7,medium,white,95.46900000000001,0.07122730938838785,27.77777777777778,177.94117647058823,0.8250000000000001,0.009523809523809523
7.7,0.27,0.49,1.8,0.041,23.0,86.0,0.9914,3.16,0.42,12.5,6,medium,white,98.625,0.07807351077313054,26.744186046511626,162.33766233766232,0.5507777777777777,0.020930232558139535
6.7,0.51,0.24,2.1,0.043,14.0,155.0,0.9904,3.22,0.6,13.0,6,medium,white,102.57000000000001,0.06532124402846835,9.032258064516128,194.02985074626866,0.47161904761904755,0.013548387096774195
7.4,0.19,0.49,9.3,0.03,26.0,132.0,0.994,2.99,0.32,11.0,7,medium,white,86.79,0.08526327917962899,19.696969696969695,148.64864864864865,0.10688172043010752,0.07045454545454546
8.3,0.2,0.49,1.7,0.04,34.0,169.0,0.9938,3.05,0.37,10.1,5,low,white,79.68900000000001,0.10415490218223343,20.118343195266274,121.68674698795179,0.5845882352941176,0.010059171597633136
6.6,0.3,0.24,1.2,0.034,17.0,121.0,0.9933,3.13,0.36,9.2,5,low,white,72.58800000000001,0.09092411968920482,14.049586776859504,139.39393939393938,0.82775,0.009917355371900825
6.8,0.36,0.24,4.6,0.039,24.0,124.0,0.9909,3.27,0.34,12.6,7,medium,white,99.414,0.06840082885710262,19.35483870967742,185.29411764705884,0.21541304347826087,0.037096774193548385
7.0,0.17,0.74,12.8,0.045,24.0,126.0,0.9942,3.26,0.38,12.2,8,high,white,96.25800000000001,0.07272122836543456,19.047619047619047,174.28571428571428,0.07767187499999999,0.10158730158730159
9.2,0.18,0.49,1.5,0.041,39.0,130.0,0.9945,3.04,0.49,9.8,7,medium,white,77.322,0.11898295439848942,30.0,106.5217391304348,0.663,0.011538461538461539
8.1,0.2,0.49,8.1,0.051,51.0,205.0,0.9954,3.1,0.52,11.0,6,medium,white,86.79,0.09332872450743172,24.878048780487806,135.80246913580248,0.1228888888888889,0.03951219512195122
7.8,0.26,0.74,7.5,0.044,59.0,160.0,0.996,3.22,0.64,10.0,6,medium,white,78.9,0.0988593155893536,36.875,128.2051282051282,0.1328,0.046875
6.8,0.21,0.49,14.5,0.06,50.0,170.0,0.9991,3.55,0.44,9.8,6,medium,white,77.322,0.08794392281627479,29.411764705882355,144.11764705882354,0.06890344827586206,0.08529411764705883
7.9,0.2,0.49,1.6,0.053,15.0,144.0,0.993,3.16,0.47,10.5,5,low,white,82.845,0.09535880258313718,10.416666666666668,132.91139240506328,0.620625,0.011111111111111112
8.0,0.18,0.49,1.8,0.061,10.0,145.0,0.9942,3.23,0.48,10.0,5,low,white,78.9,0.10139416983523447,6.896551724137931,125.0,0.5523333333333333,0.012413793103448275
8.8,0.23,0.74,3.2,0.042,15.0,126.0,0.9934,3.02,0.51,11.2,6,medium,white,88.36800000000001,0.09958355965960529,11.904761904761903,127.27272727272725,0.3104375,0.025396825396825397
7.3,0.22,0.49,9.4,0.034,29.0,134.0,0.9939,2.99,0.32,11.0,7,medium,white,86.79,0.08411107270422859,21.641791044776117,150.68493150684932,0.10573404255319148,0.07014925373134329
7.3,0.22,0.49,9.9,0.031,48.0,161.0,0.9937,3.01,0.28,11.2,6,medium,white,88.36800000000001,0.08260908926308165,29.81366459627329,153.42465753424656,0.10037373737373738,0.061490683229813665
7.4,0.19,0.49,9.3,0.03,26.0,132.0,0.994,2.99,0.32,11.0,7,medium,white,86.79,0.08526327917962899,19.696969696969695,148.64864864864865,0.10688172043010752,0.07045454545454546
7.3,0.155,0.49,1.3,0.039,34.0,136.0,0.9926,3.14,0.77,10.5,6,medium,white,82.845,0.08811636188062043,25.0,143.83561643835617,0.7635384615384615,0.009558823529411765
8.2,0.22,0.49,9.6,0.037,53.0,154.0,0.9951,3.02,0.33,10.6,6,medium,white,83.634,0.09804624913312766,34.41558441558442,129.26829268292684,0.10365625,0.06233766233766234
8.2,0.24,0.49,9.3,0.038,52.0,163.0,0.9952,3.02,0.33,10.6,6,medium,white,83.634,0.09804624913312766,31.901840490797547,129.26829268292684,0.10701075268817203,0.057055214723926384
8.4,0.23,0.49,7.8,0.035,22.0,95.0,0.9935,3.04,0.34,12.0,6,medium,white,94.68,0.08871989860583016,23.157894736842106,142.85714285714286,0.12737179487179487,0.08210526315789474
8.3,0.2,0.49,1.7,0.04,34.0,169.0,0.9938,3.05,0.37,10.1,5,low,white,79.68900000000001,0.10415490218223343,20.118343195266274,121.68674698795179,0.5845882352941176,0.010059171597633136
8.3,0.2,0.49,1.7,0.038,38.0,167.0,0.9939,3.05,0.37,10.1,6,medium,white,79.68900000000001,0.10415490218223343,22.75449101796407,121.68674698795179,0.5846470588235294,0.010179640718562874
6.6,0.3,0.24,1.2,0.034,17.0,121.0,0.9933,3.13,0.36,9.2,5,low,white,72.58800000000001,0.09092411968920482,14.049586776859504,139.39393939393938,0.82775,0.009917355371900825
6.9,0.21,0.49,1.4,0.041,15.0,164.0,0.9927,3.25,0.63,11.0,5,low,white,86.79,0.07950224680262703,9.146341463414634,159.42028985507247,0.7090714285714287,0.008536585365853657
8.0,0.25,0.49,9.0,0.044,31.0,185.0,0.998,3.34,0.49,10.0,6,medium,white,78.9,0.10139416983523447,16.756756756756758,125.0,0.11088888888888888,0.04864864864864865
6.6,0.21,0.49,18.15,0.042,41.0,158.0,0.9997,3.28,0.39,8.7,6,medium,white,68.643,0.09614964380927406,25.949367088607595,131.8181818181818,0.05507988980716254,0.11487341772151898
7.2,0.27,0.74,12.5,0.037,47.0,156.0,0.9981,3.04,0.44,8.7,5,low,white,68.643,0.10489052051920808,30.128205128205128,120.83333333333333,0.079848,0.08012820512820513
14.2,0.27,0.49,1.1,0.037,33.0,156.0,0.992,3.15,0.54,11.1,6,medium,white,87.57900000000001,0.16213932563742448,21.153846153846153,78.16901408450705,0.9018181818181817,0.007051282051282052
7.9,0.28,0.49,7.7,0.045,48.0,195.0,0.9954,3.04,0.55,11.0,6,medium,white,86.79,0.09102431155663095,24.615384615384617,139.2405063291139,0.12927272727272726,0.03948717948717949
7.4,0.27,0.49,1.1,0.037,33.0,156.0,0.992,3.15,0.54,11.1,6,medium,white,87.57900000000001,0.08449514152936206,21.153846153846153,149.99999999999997,0.9018181818181817,0.007051282051282052
6.6,0.21,0.49,18.15,0.042,41.0,158.0,0.9997,3.28,0.39,8.7,6,medium,white,68.643,0.09614964380927406,25.949367088607595,131.8181818181818,0.05507988980716254,0.11487341772151898
7.2,0.27,0.74,12.5,0.037,47.0,156.0,0.9981,3.04,0.44,8.7,5,low,white,68.643,0.10489052051920808,30.128205128205128,120.83333333333333,0.079848,0.08012820512820513
8.1,0.3,0.49,8.1,0.037,26.0,174.0,0.9943,3.1,0.3,11.2,7,medium,white,88.36800000000001,0.09166214014122757,14.942528735632186,138.2716049382716,0.12275308641975309,0.04655172413793103
7.5,0.23,0.49,7.7,0.049,61.0,209.0,0.9941,3.14,0.3,11.1,7,medium,white,87.57900000000001,0.08563696776624533,29.1866028708134,148.0,0.1291038961038961,0.0368421052631579
7.3,0.26,0.49,5.0,0.028,32.0,107.0,0.9936,3.24,0.54,10.8,6,medium,white,85.212,0.0856686851617143,29.906542056074763,147.94520547945206,0.19872,0.04672897196261682
7.1,0.18,0.74,15.6,0.044,44.0,176.0,0.9996,3.38,0.67,9.0,6,medium,white,71.01,0.09998591747641176,25.0,126.7605633802817,0.06407692307692309,0.08863636363636364
8.5,0.15,0.49,1.5,0.031,17.0,122.0,0.9932,3.03,0.4,10.3,6,medium,white,81.26700000000001,0.10459350043683166,13.934426229508196,121.1764705882353,0.6621333333333334,0.012295081967213115
8.9,0.13,0.49,1.0,0.028,6.0,24.0,0.9926,2.91,0.32,9.9,5,low,white,78.111,0.11394041812292763,25.0,111.23595505617978,0.9926,0.041666666666666664
8.1,0.28,0.49,1.0,0.04,32.0,148.0,0.9936,3.13,0.41,10.0,6,medium,white,78.9,0.1026615969581749,21.62162162162162,123.45679012345681,0.9936,0.006756756756756757
6.0,0.17,0.49,1.0,0.034,26.0,106.0,0.992,3.21,0.42,9.8,6,medium,white,77.322,0.07759757895553658,24.528301886792452,163.33333333333334,0.992,0.009433962264150943
7.3,0.26,0.49,5.0,0.028,32.0,107.0,0.9936,3.24,0.54,10.8,6,medium,white,85.212,0.0856686851617143,29.906542056074763,147.94520547945206,0.19872,0.04672897196261682
7.1,0.18,0.74,15.6,0.044,44.0,176.0,0.9996,3.38,0.67,9.0,6,medium,white,71.01,0.09998591747641176,25.0,126.7605633802817,0.06407692307692309,0.08863636363636364
7.1,0.53,0.24,0.8,0.029,29.0,86.0,0.993,3.16,0.32,9.1,4,low,white,71.799,0.09888717113051712,33.72093023255814,128.16901408450704,1.24125,0.009302325581395349
7.2,0.16,0.49,1.3,0.037,27.0,104.0,0.9924,3.23,0.57,10.6,6,medium,white,83.634,0.08608938948274625,25.961538461538463,147.2222222222222,0.7633846153846153,0.0125
7.3,0.14,0.49,1.1,0.038,28.0,99.0,0.9928,3.2,0.72,10.6,6,medium,white,83.634,0.0872850754477844,28.28282828282828,145.2054794520548,0.9025454545454545,0.011111111111111112
8.9,0.13,0.49,1.0,0.028,6.0,24.0,0.9926,2.91,0.32,9.9,5,low,white,78.111,0.11394041812292763,25.0,111.23595505617978,0.9926,0.041666666666666664
7.9,0.12,0.49,5.2,0.049,33.0,152.0,0.9952,3.18,0.47,10.6,6,medium,white,83.634,0.09445919123801325,21.710526315789476,134.1772151898734,0.19138461538461538,0.034210526315789476
6.7,0.29,0.49,4.7,0.034,35.0,156.0,0.9945,3.13,0.45,9.9,6,medium,white,78.111,0.08577537094647361,22.435897435897438,147.76119402985074,0.21159574468085107,0.03012820512820513
6.7,0.3,0.49,4.8,0.034,36.0,158.0,0.9945,3.12,0.45,9.9,6,medium,white,78.111,0.08577537094647361,22.78481012658228,147.76119402985074,0.20718750000000002,0.030379746835443037
7.1,0.36,0.24,1.8,0.025,32.0,102.0,0.9903,3.34,0.59,12.8,6,medium,white,100.992,0.07030259822560202,31.372549019607842,180.2816901408451,0.5501666666666666,0.01764705882352941
8.5,0.15,0.49,1.5,0.031,17.0,122.0,0.9932,3.03,0.4,10.3,6,medium,white,81.26700000000001,0.10459350043683166,13.934426229508196,121.1764705882353,0.6621333333333334,0.012295081967213115
7.9,0.18,0.49,5.2,0.051,36.0,157.0,0.9953,3.18,0.48,10.6,6,medium,white,83.634,0.09445919123801325,22.929936305732486,134.1772151898734,0.19140384615384615,0.033121019108280254
6.6,0.19,0.99,1.2,0.122,45.0,129.0,0.9936,3.09,0.31,8.7,6,medium,white,68.643,0.09614964380927406,34.883720930232556,131.8181818181818,0.8280000000000001,0.009302325581395349
7.3,0.21,0.49,1.8,0.038,44.0,152.0,0.9912,3.32,0.44,12.6,7,medium,white,99.414,0.07343030156718369,28.947368421052634,172.6027397260274,0.5506666666666666,0.011842105263157895
6.9,0.3,0.49,7.6,0.057,25.0,156.0,0.9962,3.43,0.63,11.0,7,medium,white,86.79,0.07950224680262703,16.025641025641026,159.42028985507247,0.13107894736842104,0.04871794871794872
7.9,0.42,0.49,8.2,0.056,32.0,164.0,0.9965,3.29,0.6,11.2,7,medium,white,88.36800000000001,0.0893988774216911,19.51219512195122,141.77215189873417,0.12152439024390245,0.049999999999999996
6.9,0.24,0.49,1.3,0.032,35.0,148.0,0.9932,3.45,0.57,10.7,7,medium,white,84.423,0.08173128175971003,23.64864864864865,155.0724637681159,0.7639999999999999,0.008783783783783784
7.6,0.23,0.49,10.0,0.036,45.0,182.0,0.9967,3.08,0.58,9.6,6,medium,white,75.744,0.10033798056611744,24.725274725274726,126.3157894736842,0.09967000000000001,0.054945054945054944
7.9,0.18,0.49,5.2,0.051,36.0,157.0,0.9953,3.18,0.48,10.6,6,medium,white,83.634,0.09445919123801325,22.929936305732486,134.1772151898734,0.19140384615384615,0.033121019108280254
6.2,0.43,0.49,6.4,0.045,12.0,115.0,0.9963,3.27,0.57,9.0,4,low,white,71.01,0.08731164624700746,10.434782608695652,145.16129032258064,0.155671875,0.05565217391304348
8.8,0.35,0.49,1.0,0.036,14.0,56.0,0.992,2.96,0.33,10.5,4,low,white,82.845,0.10622246363691232,25.0,119.31818181818181,0.992,0.017857142857142856
7.8,0.3,0.74,1.8,0.033,33.0,156.0,0.991,3.29,0.52,12.8,6,medium,white,100.992,0.07723384030418251,21.153846153846153,164.10256410256412,0.5505555555555556,0.011538461538461539
9.1,0.28,0.49,2.0,0.059,10.0,112.0,0.9958,3.15,0.46,10.1,5,low,white,79.68900000000001,0.11419392889859327,8.928571428571429,110.98901098901099,0.4979,0.017857142857142856
7.1,0.34,0.49,1.5,0.027,26.0,126.0,0.99,3.3,0.33,12.2,7,medium,white,96.25800000000001,0.07376010305636933,20.634920634920633,171.83098591549296,0.66,0.011904761904761904
7.8,0.3,0.74,1.8,0.033,33.0,156.0,0.991,3.29,0.52,12.8,6,medium,white,100.992,0.07723384030418251,21.153846153846153,164.10256410256412,0.5505555555555556,0.011538461538461539
9.1,0.28,0.49,2.0,0.059,10.0,112.0,0.9958,3.15,0.46,10.1,5,low,white,79.68900000000001,0.11419392889859327,8.928571428571429,110.98901098901099,0.4979,0.017857142857142856
8.5,0.19,0.49,3.5,0.044,29.0,117.0,0.9938,3.14,0.51,10.1,6,medium,white,79.68900000000001,0.10666465886132338,24.786324786324787,118.82352941176471,0.28394285714285716,0.029914529914529916
7.6,0.18,0.49,18.05,0.046,36.0,158.0,0.9996,3.06,0.41,9.2,5,low,white,72.58800000000001,0.10470050146029646,22.78481012658228,121.05263157894737,0.05537950138504155,0.11424050632911392
7.5,0.19,0.49,1.8,0.055,19.0,110.0,0.9946,3.33,0.44,9.9,5,low,white,78.111,0.09601720628336598,17.272727272727273,132.0,0.5525555555555556,0.016363636363636365
7.4,0.3,0.49,8.2,0.055,49.0,188.0,0.9974,3.52,0.58,9.7,6,medium,white,76.533,0.09669031659545556,26.063829787234045,131.08108108108107,0.12163414634146343,0.04361702127659574
6.7,0.3,0.74,5.0,0.038,35.0,157.0,0.9945,3.21,0.46,9.9,5,low,white,78.111,0.08577537094647361,22.29299363057325,147.76119402985074,0.19890000000000002,0.03184713375796178
6.6,0.3,0.74,4.6,0.041,36.0,159.0,0.9946,3.21,0.45,9.9,5,low,white,78.111,0.08449514152936205,22.641509433962266,150.00000000000003,0.21621739130434786,0.02893081761006289
7.4,0.3,0.49,8.2,0.055,49.0,188.0,0.9974,3.52,0.58,9.7,6,medium,white,76.533,0.09669031659545556,26.063829787234045,131.08108108108107,0.12163414634146343,0.04361702127659574
6.9,0.22,0.49,7.0,0.063,50.0,168.0,0.9957,3.54,0.5,10.3,6,medium,white,81.26700000000001,0.08490531211931042,29.761904761904763,149.27536231884056,0.14224285714285714,0.041666666666666664
7.8,0.26,0.49,3.1,0.045,21.0,116.0,0.9931,3.16,0.35,10.3,5,low,white,81.26700000000001,0.09597991804791611,18.103448275862068,132.05128205128207,0.3203548387096774,0.026724137931034484
8.5,0.17,0.49,8.8,0.048,23.0,108.0,0.9947,2.88,0.34,10.5,4,low,white,82.845,0.10260124328565394,21.296296296296298,123.52941176470588,0.1130340909090909,0.08148148148148149
6.8,0.17,0.74,2.4,0.053,61.0,182.0,0.9953,3.63,0.76,10.5,6,medium,white,82.845,0.08208099462852314,33.51648351648351,154.41176470588235,0.41470833333333335,0.013186813186813187
6.2,0.27,0.49,1.4,0.05,20.0,74.0,0.9931,3.32,0.44,9.8,6,medium,white,77.322,0.08018416492072114,27.027027027027028,158.06451612903228,0.7093571428571429,0.018918918918918916
7.1,0.64,0.49,1.8,0.05,17.0,128.0,0.9946,3.31,0.58,10.6,4,low,white,83.634,0.0848937035177081,13.28125,149.29577464788733,0.5525555555555556,0.0140625
6.4,0.18,0.74,11.9,0.046,54.0,168.0,0.9978,3.58,0.68,10.1,5,low,white,79.68900000000001,0.0803122137308788,32.142857142857146,157.81249999999997,0.08384873949579832,0.07083333333333333
7.6,0.31,0.49,13.4,0.062,50.0,191.0,0.9989,3.22,0.53,9.0,4,low,white,71.01,0.10702717927052527,26.17801047120419,118.42105263157896,0.07454477611940298,0.07015706806282723
9.8,0.31,0.49,15.4,0.046,13.0,119.0,1.0004,3.18,0.45,9.5,5,low,white,74.955,0.13074511373490763,10.92436974789916,96.93877551020408,0.06496103896103896,0.12941176470588237
9.0,0.3,0.49,7.2,0.039,32.0,84.0,0.9938,2.94,0.32,11.5,6,medium,white,90.735,0.09918994875185981,38.095238095238095,127.77777777777777,0.13802777777777778,0.08571428571428572
8.4,0.24,0.49,7.4,0.039,46.0,108.0,0.9934,3.03,0.33,11.9,7,medium,white,93.891,0.08946544397226572,42.592592592592595,141.66666666666669,0.13424324324324324,0.06851851851851852
6.4,0.18,0.74,11.9,0.046,54.0,168.0,0.9978,3.58,0.68,10.1,5,low,white,79.68900000000001,0.0803122137308788,32.142857142857146,157.81249999999997,0.08384873949579832,0.07083333333333333
6.4,0.25,0.74,7.8,0.045,52.0,209.0,0.9956,3.21,0.42,9.2,6,medium,white,72.58800000000001,0.0881688433349865,24.880382775119617,143.74999999999997,0.12764102564102564,0.03732057416267943
7.3,0.3,0.74,13.5,0.039,46.0,165.0,0.9982,3.02,0.4,8.7,5,low,white,68.643,0.10634733330419707,27.878787878787882,119.17808219178082,0.07394074074074074,0.08181818181818182
9.3,0.31,0.49,1.3,0.042,34.0,147.0,0.9948,3.11,0.46,9.8,5,low,white,77.322,0.12027624738108171,23.12925170068027,105.3763440860215,0.7652307692307693,0.008843537414965987
6.4,0.25,0.74,7.8,0.045,52.0,209.0,0.9956,3.21,0.42,9.2,6,medium,white,72.58800000000001,0.0881688433349865,24.880382775119617,143.74999999999997,0.12764102564102564,0.03732057416267943
7.3,0.3,0.74,13.5,0.039,46.0,165.0,0.9982,3.02,0.4,8.7,5,low,white,68.643,0.10634733330419707,27.878787878787882,119.17808219178082,0.07394074074074074,0.08181818181818182
7.0,0.27,0.74,1.5,0.036,27.0,122.0,0.9926,3.35,0.48,11.2,6,medium,white,88.36800000000001,0.07921419518377693,22.131147540983605,160.0,0.6617333333333334,0.012295081967213115
7.9,0.14,0.74,1.2,0.028,30.0,165.0,0.991,3.08,0.82,12.3,6,medium,white,97.04700000000001,0.08140385586365369,18.181818181818183,155.69620253164558,0.8258333333333333,0.007272727272727273
6.4,0.12,0.49,6.4,0.042,49.0,161.0,0.9945,3.34,0.44,10.4,6,medium,white,82.056,0.07799551525787268,30.434782608695656,162.5,0.155390625,0.03975155279503106
6.8,0.21,0.74,1.2,0.047,25.0,111.0,0.9916,3.13,0.41,10.7,6,medium,white,84.423,0.08054677042985915,22.52252252252252,157.35294117647058,0.8263333333333334,0.01081081081081081
8.6,0.16,0.49,7.3,0.043,9.0,63.0,0.9953,3.13,0.59,10.5,6,medium,white,82.845,0.10380831673607338,14.285714285714285,122.09302325581395,0.13634246575342465,0.11587301587301586
7.0,0.29,0.49,3.8,0.047,37.0,136.0,0.9938,2.95,0.4,9.4,6,medium,white,74.166,0.09438287085726614,27.205882352941174,134.2857142857143,0.2615263157894737,0.027941176470588233
6.4,0.27,0.49,7.3,0.046,53.0,206.0,0.9956,3.24,0.43,9.2,6,medium,white,72.58800000000001,0.0881688433349865,25.728155339805824,143.74999999999997,0.13638356164383564,0.0354368932038835
6.6,0.55,0.01,2.7,0.034,56.0,122.0,0.9906,3.15,0.3,11.9,5,low,white,93.891,0.0702942774067802,45.90163934426229,180.3030303030303,0.3668888888888889,0.02213114754098361
6.4,0.27,0.49,7.3,0.046,53.0,206.0,0.9956,3.24,0.43,9.2,6,medium,white,72.58800000000001,0.0881688433349865,25.728155339805824,143.74999999999997,0.13638356164383564,0.0354368932038835
6.3,0.24,0.74,1.4,0.172,24.0,108.0,0.9932,3.27,0.39,9.9,6,medium,white,78.111,0.08065445327802742,22.22222222222222,157.14285714285717,0.7094285714285714,0.012962962962962963
6.7,0.33,0.49,1.6,0.167,20.0,94.0,0.9914,3.11,0.5,11.4,6,medium,white,89.946,0.07448913792720077,21.27659574468085,170.1492537313433,0.619625,0.01702127659574468
7.0,0.29,0.49,3.8,0.047,37.0,136.0,0.9938,2.95,0.4,9.4,6,medium,white,74.166,0.09438287085726614,27.205882352941174,134.2857142857143,0.2615263157894737,0.027941176470588233
8.2,0.34,0.49,8.0,0.046,55.0,223.0,0.996,3.08,0.52,10.7,6,medium,white,84.423,0.09712992904777133,24.663677130044842,130.4878048780488,0.1245,0.03587443946188341
5.6,0.39,0.24,4.7,0.034,27.0,77.0,0.9906,3.28,0.36,12.7,5,low,white,100.203,0.05588655030288514,35.064935064935064,226.78571428571428,0.2107659574468085,0.06103896103896104
5.6,0.41,0.24,1.9,0.034,10.0,53.0,0.98815,3.32,0.5,13.5,7,medium,white,106.515,0.052574754729380835,18.867924528301888,241.0714285714286,0.5200789473684211,0.035849056603773584
6.7,0.41,0.01,2.8,0.048,39.0,137.0,0.9942,3.24,0.35,9.5,5,low,white,74.955,0.08938696551264093,28.467153284671532,141.79104477611938,0.3550714285714286,0.020437956204379562
7.1,0.26,0.49,2.2,0.032,31.0,113.0,0.9903,3.37,0.42,12.9,9,high,white,101.781,0.0697576168440082,27.43362831858407,181.69014084507046,0.45013636363636356,0.01946902654867257
7.5,0.32,0.49,1.7,0.031,44.0,109.0,0.9906,3.07,0.46,12.5,6,medium,white,98.625,0.07604562737642585,40.36697247706422,166.66666666666669,0.5827058823529412,0.015596330275229357
5.8,0.19,0.49,4.9,0.04,44.0,118.0,0.9935,3.34,0.38,9.5,7,medium,white,74.955,0.07737976119004736,37.28813559322034,163.79310344827587,0.20275510204081632,0.041525423728813564
6.9,0.27,0.49,23.5,0.057,59.0,235.0,1.0024,2.98,0.47,8.6,5,low,white,67.854,0.10168892032894156,25.106382978723403,124.63768115942028,0.042655319148936166,0.1
8.1,0.2,0.49,11.8,0.048,46.0,212.0,0.9968,3.09,0.46,10.0,7,medium,white,78.9,0.1026615969581749,21.69811320754717,123.45679012345681,0.08447457627118644,0.05566037735849057
7.5,0.32,0.49,1.7,0.031,44.0,109.0,0.9906,3.07,0.46,12.5,6,medium,white,98.625,0.07604562737642585,40.36697247706422,166.66666666666669,0.5827058823529412,0.015596330275229357
8.2,0.26,0.49,5.2,0.04,19.0,100.0,0.9941,3.12,0.34,10.1,6,medium,white,79.68900000000001,0.10290002384268844,19.0,123.17073170731707,0.19117307692307692,0.052000000000000005
7.8,0.26,0.49,3.2,0.027,28.0,87.0,0.9919,3.03,0.32,11.3,7,medium,white,89.15700000000001,0.08748611999057841,32.18390804597701,144.8717948717949,0.30996874999999996,0.0367816091954023
8.0,0.14,0.49,1.5,0.035,42.0,120.0,0.9928,3.26,0.4,10.6,7,medium,white,83.634,0.0956548772030514,35.0,132.5,0.6618666666666667,0.0125
8.0,0.29,0.49,11.7,0.035,40.0,131.0,0.9958,3.14,0.34,10.8,5,low,white,85.212,0.09388349058818006,30.53435114503817,135.0,0.08511111111111112,0.08931297709923663
7.5,0.19,0.49,1.6,0.047,42.0,140.0,0.9932,3.4,0.47,10.7,6,medium,white,84.423,0.08883834973881526,30.0,142.66666666666666,0.6207499999999999,0.011428571428571429
6.9,0.34,0.49,7.3,0.045,61.0,206.0,0.9957,3.09,0.4,9.0,6,medium,white,71.01,0.09716941275876637,29.61165048543689,130.43478260869566,0.13639726027397261,0.0354368932038835
6.2,0.2,0.49,1.6,0.065,17.0,143.0,0.9937,3.22,0.52,9.2,6,medium,white,72.58800000000001,0.08541356698076816,11.888111888111888,148.38709677419354,0.6210625,0.011188811188811189
6.4,0.37,0.49,13.3,0.045,53.0,243.0,0.9982,3.14,0.48,8.5,6,medium,white,67.065,0.09542980690375011,21.810699588477366,132.8125,0.07505263157894736,0.05473251028806585
6.2,0.22,0.49,6.0,0.029,31.0,128.0,0.9928,3.41,0.36,11.3,8,high,white,89.15700000000001,0.06954024922328027,24.21875,182.25806451612905,0.16546666666666668,0.046875
7.8,0.26,0.49,3.2,0.027,28.0,87.0,0.9919,3.03,0.32,11.3,7,medium,white,89.15700000000001,0.08748611999057841,32.18390804597701,144.8717948717949,0.30996874999999996,0.0367816091954023
8.9,0.32,0.49,1.6,0.05,17.0,131.0,0.9956,3.13,0.34,9.4,5,low,white,74.166,0.12000107866138124,12.977099236641221,105.61797752808988,0.62225,0.012213740458015267
6.5,0.44,0.49,7.7,0.045,16.0,169.0,0.9957,3.11,0.37,8.7,6,medium,white,68.643,0.09469283102428507,9.467455621301776,133.84615384615384,0.12931168831168832,0.045562130177514794
7.0,0.14,0.49,5.9,0.053,22.0,118.0,0.9954,3.36,0.36,9.4,6,medium,white,74.166,0.09438287085726614,18.64406779661017,134.2857142857143,0.16871186440677965,0.05
9.0,0.17,0.49,1.0,0.039,46.0,131.0,0.993,3.09,0.51,10.5,7,medium,white,82.845,0.10863661053775123,35.11450381679389,116.66666666666667,0.993,0.007633587786259542
6.4,0.26,0.49,6.4,0.037,37.0,161.0,0.9954,3.38,0.53,9.7,6,medium,white,76.533,0.08362405759606967,22.981366459627328,151.56249999999997,0.15553124999999998,0.03975155279503106
9.0,0.22,0.49,10.4,0.048,52.0,195.0,0.9987,3.31,0.44,10.2,6,medium,white,80.47800000000001,0.11183180496533213,26.666666666666668,113.33333333333333,0.09602884615384616,0.05333333333333334
8.9,0.32,0.49,1.6,0.05,17.0,131.0,0.9956,3.13,0.34,9.4,5,low,white,74.166,0.12000107866138124,12.977099236641221,105.61797752808988,0.62225,0.012213740458015267
8.2,0.2,0.49,3.5,0.057,14.0,108.0,0.9928,3.19,0.35,11.5,6,medium,white,90.735,0.09037306441836115,12.962962962962962,140.2439024390244,0.2836571428571429,0.032407407407407406
7.8,0.15,0.24,7.7,0.047,21.0,98.0,0.9951,2.94,0.31,9.6,6,medium,white,75.744,0.10297845373891001,21.428571428571427,123.07692307692308,0.12923376623376623,0.07857142857142857
6.9,0.25,0.24,1.8,0.053,6.0,121.0,0.993,3.23,0.7,11.4,5,low,white,89.946,0.07671269428323661,4.958677685950414,165.2173913043478,0.5516666666666666,0.01487603305785124
8.2,0.2,0.49,3.5,0.057,14.0,108.0,0.9928,3.19,0.35,11.5,6,medium,white,90.735,0.09037306441836115,12.962962962962962,140.2439024390244,0.2836571428571429,0.032407407407407406
7.1,0.28,0.49,6.5,0.041,28.0,111.0,0.9926,3.41,0.58,12.2,8,high,white,96.25800000000001,0.07376010305636933,25.225225225225223,171.83098591549296,0.15270769230769232,0.05855855855855856
7.4,0.19,0.49,6.7,0.037,15.0,110.0,0.9938,3.2,0.38,11.0,7,medium,white,86.79,0.08526327917962899,13.636363636363635,148.64864864864865,0.14832835820895524,0.06090909090909091
8.3,0.25,0.49,16.8,0.048,50.0,228.0,1.0001,3.03,0.52,9.2,6,medium,white,72.58800000000001,0.11434396870006061,21.929824561403507,110.84337349397589,0.059529761904761905,0.0736842105263158
7.5,0.14,0.74,1.6,0.035,21.0,126.0,0.9933,3.26,0.45,10.2,6,medium,white,80.47800000000001,0.09319317080444343,16.666666666666664,136.0,0.6208125,0.012698412698412698
7.8,0.49,0.49,7.0,0.043,29.0,149.0,0.9952,3.21,0.33,10.0,5,low,white,78.9,0.0988593155893536,19.463087248322147,128.2051282051282,0.14217142857142856,0.04697986577181208
8.1,0.12,0.49,1.2,0.042,43.0,160.0,0.9934,3.13,0.48,9.7,6,medium,white,76.533,0.10583669789502567,26.875,119.75308641975309,0.8278333333333333,0.0075
7.6,0.47,0.49,13.0,0.239,42.0,220.0,0.9988,2.96,0.51,9.2,5,low,white,72.58800000000001,0.10470050146029646,19.090909090909093,121.05263157894737,0.07683076923076923,0.05909090909090909
7.9,0.22,0.49,3.8,0.042,26.0,105.0,0.993,3.1,0.39,10.5,5,low,white,82.845,0.09535880258313718,24.761904761904763,132.91139240506328,0.2613157894736842,0.03619047619047619
7.8,0.49,0.49,7.0,0.043,29.0,149.0,0.9952,3.21,0.33,10.0,5,low,white,78.9,0.0988593155893536,19.463087248322147,128.2051282051282,0.14217142857142856,0.04697986577181208
6.4,0.22,0.49,7.5,0.054,42.0,151.0,0.9948,3.27,0.52,10.1,6,medium,white,79.68900000000001,0.0803122137308788,27.81456953642384,157.81249999999997,0.13264,0.04966887417218543
7.3,0.19,0.49,15.55,0.058,50.0,134.0,0.9998,3.42,0.36,9.1,7,medium,white,71.799,0.10167272524686972,37.3134328358209,124.65753424657532,0.06429581993569132,0.11604477611940299
8.1,0.3,0.49,12.3,0.049,50.0,144.0,0.9971,3.09,0.57,10.2,7,medium,white,80.47800000000001,0.10064862446879891,34.72222222222222,125.92592592592592,0.0810650406504065,0.08541666666666667
7.3,0.19,0.49,15.55,0.058,50.0,134.0,0.9998,3.42,0.36,9.1,7,medium,white,71.799,0.10167272524686972,37.3134328358209,124.65753424657532,0.06429581993569132,0.11604477611940299
7.5,0.24,0.49,9.4,0.048,50.0,149.0,0.9962,3.17,0.59,10.5,7,medium,white,82.845,0.09053050878145935,33.557046979865774,140.0,0.1059787234042553,0.06308724832214765
6.4,0.22,0.49,7.5,0.054,42.0,151.0,0.9948,3.27,0.52,10.1,6,medium,white,79.68900000000001,0.0803122137308788,27.81456953642384,157.81249999999997,0.13264,0.04966887417218543
7.8,0.21,0.49,1.2,0.036,20.0,99.0,0.99,3.05,0.28,12.1,7,medium,white,95.46900000000001,0.08170191371020959,20.2020202020202,155.12820512820514,0.8250000000000001,0.012121212121212121
7.1,0.3,0.49,1.6,0.045,31.0,100.0,0.9942,3.4,0.59,10.2,5,low,white,80.47800000000001,0.08822286836153978,31.0,143.6619718309859,0.6213749999999999,0.016
6.9,0.26,0.49,1.6,0.058,39.0,166.0,0.9965,3.65,0.52,9.4,4,low,white,74.166,0.09303454413073377,23.49397590361446,136.23188405797103,0.6228125,0.00963855421686747
7.6,0.31,0.49,3.95,0.044,27.0,131.0,0.9912,3.08,0.67,12.8,7,medium,white,100.992,0.07525348542458808,20.610687022900763,168.42105263157896,0.25093670886075947,0.030152671755725193
6.4,0.42,0.74,12.8,0.076,48.0,209.0,0.9978,3.12,0.58,9.0,6,medium,white,71.01,0.09012815096465286,22.966507177033492,140.625,0.077953125,0.06124401913875598
8.2,0.29,0.49,1.0,0.044,29.0,118.0,0.9928,3.24,0.36,10.9,4,low,white,86.001,0.0953477285147847,24.576271186440678,132.9268292682927,0.9928,0.00847457627118644
7.9,0.33,0.28,31.6,0.053,35.0,176.0,1.0103,3.15,0.38,8.8,6,medium,white,69.432,0.1137803894457887,19.886363636363637,111.39240506329114,0.03197151898734177,0.17954545454545456
6.6,0.46,0.49,7.4,0.052,19.0,184.0,0.9956,3.11,0.38,9.0,5,low,white,71.01,0.09294465568229826,10.326086956521738,136.36363636363637,0.13454054054054054,0.04021739130434783
7.8,0.28,0.49,1.3,0.046,27.0,142.0,0.9936,3.09,0.59,10.2,5,low,white,80.47800000000001,0.09692089763662118,19.014084507042252,130.76923076923077,0.7643076923076924,0.009154929577464789
5.8,0.15,0.49,1.1,0.048,21.0,98.0,0.9929,3.19,0.48,9.2,5,low,white,72.58800000000001,0.0799030142723315,21.428571428571427,158.62068965517238,0.9026363636363636,0.011224489795918368
7.8,0.4,0.49,7.8,0.06,34.0,162.0,0.9966,3.26,0.58,11.3,6,medium,white,89.15700000000001,0.08748611999057841,20.98765432098765,144.8717948717949,0.12776923076923077,0.04814814814814815
6.6,0.31,0.49,7.7,0.05,52.0,220.0,0.9964,3.12,0.45,8.8,5,low,white,69.432,0.09505703422053231,23.636363636363637,133.33333333333334,0.12940259740259738,0.035
6.6,0.325,0.49,7.7,0.049,53.0,217.0,0.996,3.16,0.4,9.3,5,low,white,73.37700000000001,0.08994644098286927,24.42396313364055,140.9090909090909,0.12935064935064935,0.035483870967741936
6.6,0.27,0.49,7.8,0.049,62.0,217.0,0.9959,3.17,0.45,9.4,6,medium,white,74.166,0.08898956395113664,28.57142857142857,142.42424242424244,0.12767948717948718,0.035944700460829496
6.7,0.26,0.49,8.3,0.047,54.0,191.0,0.9954,3.23,0.4,10.3,6,medium,white,81.26700000000001,0.08244428857962026,28.272251308900525,153.73134328358208,0.11992771084337348,0.043455497382198956
6.7,0.21,0.49,1.4,0.047,30.0,114.0,0.9914,2.92,0.42,10.8,7,medium,white,85.212,0.07862742336760081,26.31578947368421,161.19402985074626,0.7081428571428572,0.012280701754385965
7.9,0.33,0.28,31.6,0.053,35.0,176.0,1.0103,3.15,0.38,8.8,6,medium,white,69.432,0.1137803894457887,19.886363636363637,111.39240506329114,0.03197151898734177,0.17954545454545456
8.1,0.28,0.46,15.4,0.059,32.0,177.0,1.0004,3.27,0.58,9.0,4,low,white,71.01,0.11406844106463877,18.07909604519774,111.11111111111111,0.06496103896103896,0.08700564971751412
6.5,0.13,0.37,1.0,0.036,48.0,114.0,0.9911,3.41,0.51,11.5,8,high,white,90.735,0.07163718520967653,42.10526315789473,176.9230769230769,0.9911,0.008771929824561403
7.8,0.445,0.56,1.0,0.04,8.0,84.0,0.9938,3.25,0.43,10.8,5,low,white,85.212,0.09153640332347557,9.523809523809524,138.46153846153848,0.9938,0.011904761904761904
8.8,0.39,0.34,5.9,0.055,33.0,128.0,0.9927,2.95,0.51,11.8,6,medium,white,93.102,0.09451998882945586,25.78125,134.0909090909091,0.1682542372881356,0.04609375
7.9,0.18,0.33,1.2,0.033,20.0,72.0,0.9922,3.12,0.38,10.5,7,medium,white,82.845,0.09535880258313718,27.77777777777778,132.91139240506328,0.8268333333333333,0.016666666666666666
7.1,0.31,0.38,1.2,0.036,10.0,124.0,0.9924,3.14,0.44,9.9,6,medium,white,78.111,0.09089628861491979,8.064516129032258,139.43661971830988,0.827,0.00967741935483871
7.8,0.24,0.18,6.7,0.046,33.0,160.0,0.9963,3.2,0.56,9.8,6,medium,white,77.322,0.10087685264219756,20.625,125.64102564102566,0.14870149253731343,0.041875
7.0,0.35,0.3,6.5,0.028,27.0,87.0,0.9936,3.4,0.42,11.4,7,medium,white,89.946,0.07782447246125453,31.03448275862069,162.85714285714286,0.15286153846153847,0.07471264367816093
6.6,0.26,0.31,4.8,0.138,41.0,168.0,0.9951,3.2,0.38,9.3,5,low,white,73.37700000000001,0.08994644098286927,24.404761904761905,140.9090909090909,0.2073125,0.02857142857142857
6.6,0.27,0.31,5.3,0.137,35.0,163.0,0.9951,3.2,0.38,9.3,5,low,white,73.37700000000001,0.08994644098286927,21.472392638036812,140.9090909090909,0.18775471698113208,0.03251533742331288
6.8,0.22,0.29,8.9,0.046,82.0,188.0,0.9955,3.3,0.44,10.3,6,medium,white,81.26700000000001,0.08367480034946533,43.61702127659575,151.47058823529414,0.11185393258426966,0.04734042553191489
6.2,0.27,0.32,8.8,0.047,65.0,224.0,0.9961,3.17,0.47,8.9,5,low,white,70.221,0.0882926759801199,29.017857142857146,143.5483870967742,0.1131931818181818,0.03928571428571429
7.0,0.35,0.3,6.5,0.028,27.0,87.0,0.9936,3.4,0.42,11.4,7,medium,white,89.946,0.07782447246125453,31.03448275862069,162.85714285714286,0.15286153846153847,0.07471264367816093
7.3,0.23,0.37,1.8,0.032,60.0,156.0,0.992,3.11,0.35,11.1,6,medium,white,87.57900000000001,0.08335331529247877,38.46153846153847,152.05479452054794,0.5511111111111111,0.011538461538461539
6.2,0.3,0.2,6.6,0.045,42.0,170.0,0.9944,3.36,0.45,10.4,6,medium,white,82.056,0.07555815540606416,24.705882352941178,167.74193548387098,0.15066666666666667,0.0388235294117647
6.4,0.35,0.2,5.7,0.034,18.0,117.0,0.9944,3.33,0.43,10.1,5,low,white,79.68900000000001,0.0803122137308788,15.384615384615385,157.81249999999997,0.17445614035087717,0.04871794871794872
7.6,0.32,0.34,18.35,0.054,44.0,197.0,1.0008,3.22,0.55,9.0,5,low,white,71.01,0.10702717927052527,22.33502538071066,118.42105263157896,0.054539509536784735,0.09314720812182742
6.3,0.31,0.3,10.0,0.046,49.0,212.0,0.9962,3.74,0.55,11.9,6,medium,white,93.891,0.06709908297919928,23.11320754716981,188.8888888888889,0.09962,0.04716981132075472
7.2,0.25,0.28,14.4,0.055,55.0,205.0,0.9986,3.12,0.38,9.0,7,medium,white,71.01,0.10139416983523447,26.82926829268293,125.0,0.06934722222222223,0.0702439024390244
7.2,0.25,0.28,14.4,0.055,55.0,205.0,0.9986,3.12,0.38,9.0,7,medium,white,71.01,0.10139416983523447,26.82926829268293,125.0,0.06934722222222223,0.0702439024390244
7.3,0.26,0.33,17.85,0.049,41.5,195.0,1.0,3.06,0.44,9.1,7,medium,white,71.799,0.10167272524686972,21.28205128205128,124.65753424657532,0.05602240896358543,0.09153846153846154
7.2,0.25,0.28,14.4,0.055,55.0,205.0,0.9986,3.12,0.38,9.0,7,medium,white,71.01,0.10139416983523447,26.82926829268293,125.0,0.06934722222222223,0.0702439024390244
7.4,0.26,0.37,9.4,0.047,42.0,147.0,0.9982,3.46,0.72,10.0,5,low,white,78.9,0.09378960709759189,28.57142857142857,135.13513513513513,0.10619148936170213,0.06394557823129252
7.3,0.26,0.33,17.85,0.049,41.5,195.0,1.0,3.06,0.44,9.1,7,medium,white,71.799,0.10167272524686972,21.28205128205128,124.65753424657532,0.05602240896358543,0.09153846153846154
6.7,0.25,0.26,1.55,0.041,118.5,216.0,0.9949,3.55,0.63,9.4,3,low,white,74.166,0.09033789067766902,54.861111111111114,140.2985074626866,0.6418709677419354,0.007175925925925926
7.1,0.16,0.25,1.3,0.034,28.0,123.0,0.9915,3.27,0.55,11.4,6,medium,white,89.946,0.07893625063927245,22.76422764227642,160.56338028169014,0.7626923076923077,0.01056910569105691
9.0,0.43,0.3,1.5,0.05,7.0,175.0,0.9951,3.11,0.45,9.7,4,low,white,76.533,0.11759633099447298,4.0,107.77777777777777,0.6634,0.008571428571428572
7.2,0.25,0.28,14.4,0.055,55.0,205.0,0.9986,3.12,0.38,9.0,7,medium,white,71.01,0.10139416983523447,26.82926829268293,125.0,0.06934722222222223,0.0702439024390244
7.0,0.24,0.3,4.2,0.04,41.0,213.0,0.9927,3.28,0.49,11.8,6,medium,white,93.102,0.07518635475070352,19.248826291079812,168.57142857142858,0.23635714285714285,0.01971830985915493
6.7,0.265,0.22,8.6,0.048,54.0,198.0,0.9955,3.25,0.41,10.2,5,low,white,80.47800000000001,0.08325256591863614,27.27272727272727,152.23880597014926,0.11575581395348838,0.04343434343434343
7.7,0.12,0.32,1.4,0.06,47.0,150.0,0.9952,3.37,0.42,9.2,6,medium,white,72.58800000000001,0.10607813963740562,31.333333333333336,119.48051948051948,0.7108571428571429,0.009333333333333332
7.2,0.21,0.33,3.0,0.036,35.0,132.0,0.9928,3.25,0.4,11.0,6,medium,white,86.79,0.0829588662288282,26.515151515151516,152.77777777777777,0.33093333333333336,0.022727272727272728
8.5,0.32,0.36,14.9,0.041,47.0,190.0,0.9982,3.08,0.31,10.0,6,medium,white,78.9,0.10773130544993662,24.736842105263158,117.64705882352942,0.06699328859060402,0.07842105263157895
6.9,0.18,0.3,2.0,0.038,39.0,190.0,0.9914,3.32,0.37,12.2,6,medium,white,96.25800000000001,0.07168235367449978,20.526315789473685,176.81159420289853,0.4957,0.010526315789473684
7.0,0.24,0.3,4.2,0.04,41.0,213.0,0.9927,3.28,0.49,11.8,6,medium,white,93.102,0.07518635475070352,19.248826291079812,168.57142857142858,0.23635714285714285,0.01971830985915493
6.3,0.26,0.29,2.2,0.043,35.0,175.0,0.9918,3.38,0.43,11.6,6,medium,white,91.524,0.0688344040907303,20.0,184.12698412698413,0.4508181818181818,0.012571428571428572
6.7,0.26,0.3,1.8,0.043,25.0,121.0,0.9944,3.44,0.61,10.2,6,medium,white,80.47800000000001,0.08325256591863614,20.66115702479339,152.23880597014926,0.5524444444444444,0.01487603305785124
7.9,0.29,0.36,11.1,0.033,43.0,208.0,0.9969,3.14,0.46,10.3,5,low,white,81.26700000000001,0.0972104298177612,20.673076923076923,130.37974683544306,0.08981081081081081,0.05336538461538461
6.5,0.27,0.19,4.2,0.046,6.0,114.0,0.9955,3.25,0.35,8.6,4,low,white,67.854,0.09579391045480001,5.263157894736842,132.3076923076923,0.23702380952380953,0.0368421052631579
6.7,0.33,0.42,6.4,0.058,27.0,151.0,0.9954,3.16,0.44,9.6,5,low,white,75.744,0.08845585128855091,17.880794701986755,143.28358208955223,0.15553124999999998,0.0423841059602649
6.7,0.31,0.42,6.4,0.057,25.0,148.0,0.9955,3.16,0.45,9.6,5,low,white,75.744,0.08845585128855091,16.89189189189189,143.28358208955223,0.155546875,0.043243243243243246
6.6,0.25,0.31,1.5,0.035,32.0,127.0,0.9921,3.41,0.47,11.3,6,medium,white,89.15700000000001,0.0740267169151048,25.196850393700785,171.21212121212125,0.6614,0.011811023622047244
6.4,0.24,0.22,1.5,0.038,38.0,157.0,0.9934,3.41,0.55,9.9,6,medium,white,78.111,0.08193468269513897,24.203821656050955,154.6875,0.6622666666666667,0.009554140127388535
6.8,0.26,0.29,16.95,0.056,48.0,179.0,0.9998,3.45,0.4,9.6,5,low,white,75.744,0.08977608787494719,26.81564245810056,141.1764705882353,0.05898525073746313,0.0946927374301676
7.0,0.61,0.26,1.7,0.051,25.0,161.0,0.9946,3.36,0.6,10.6,4,low,white,83.634,0.08369801755266996,15.527950310559005,151.42857142857142,0.5850588235294119,0.010559006211180125
6.8,0.22,0.3,13.6,0.055,50.0,180.0,0.9984,3.44,0.39,9.8,5,low,white,77.322,0.08794392281627479,27.77777777777778,144.11764705882354,0.07341176470588236,0.07555555555555556
8.1,0.31,0.24,1.6,0.032,10.0,67.0,0.9924,3.08,0.47,10.5,5,low,white,82.845,0.0977729494839761,14.925373134328357,129.62962962962962,0.62025,0.023880597014925373
7.0,0.2,0.3,6.1,0.037,31.0,120.0,0.9939,3.24,0.51,10.8,5,low,white,85.212,0.08214805426465756,25.833333333333336,154.2857142857143,0.1629344262295082,0.05083333333333333
7.9,0.18,0.37,3.0,0.061,25.0,178.0,0.995,3.22,0.51,10.0,6,medium,white,78.9,0.10012674271229403,14.04494382022472,126.58227848101265,0.33166666666666667,0.016853932584269662
6.6,0.34,0.27,6.2,0.059,23.0,136.0,0.9957,3.3,0.49,10.1,6,medium,white,79.68900000000001,0.08282197040996875,16.911764705882355,153.03030303030303,0.1605967741935484,0.04558823529411765
6.8,0.3,0.24,6.6,0.123,35.0,116.0,0.9953,3.07,0.48,9.4,5,low,white,74.166,0.09168621740420138,30.17241379310345,138.23529411764707,0.1508030303030303,0.05689655172413793
6.5,0.18,0.34,1.6,0.04,43.0,148.0,0.9912,3.32,0.59,11.5,8,high,white,90.735,0.07163718520967653,29.054054054054053,176.9230769230769,0.6194999999999999,0.010810810810810811
7.0,0.21,0.31,6.0,0.046,29.0,108.0,0.9939,3.26,0.5,10.8,6,medium,white,85.212,0.08214805426465756,26.851851851851855,154.2857142857143,0.16565,0.05555555555555555
6.8,0.27,0.32,1.5,0.044,19.0,142.0,0.9921,3.1,0.43,9.9,6,medium,white,78.111,0.08705560036358514,13.380281690140844,145.58823529411765,0.6614,0.01056338028169014
9.3,0.2,0.33,1.7,0.05,28.0,178.0,0.9954,3.16,0.43,9.0,4,low,white,71.01,0.1309674693705112,15.730337078651685,96.77419354838709,0.5855294117647059,0.009550561797752809
5.8,0.23,0.27,1.8,0.043,24.0,69.0,0.9933,3.38,0.31,9.4,6,medium,white,74.166,0.07820295013887765,34.78260869565217,162.0689655172414,0.5518333333333333,0.026086956521739132
7.6,0.2,0.39,2.6,0.044,30.0,180.0,0.9941,3.46,0.44,10.8,7,medium,white,85.212,0.08918931605877106,16.666666666666664,142.10526315789477,0.38234615384615384,0.014444444444444446
8.2,0.15,0.48,2.7,0.052,24.0,190.0,0.995,3.5,0.45,10.9,7,medium,white,86.001,0.0953477285147847,12.631578947368421,132.9268292682927,0.36851851851851847,0.014210526315789474
7.5,0.4,1.0,19.5,0.041,33.0,148.0,0.9977,3.24,0.38,12.0,6,medium,white,94.68,0.07921419518377693,22.2972972972973,160.0,0.051164102564102566,0.13175675675675674
6.5,0.18,0.34,1.6,0.04,43.0,148.0,0.9912,3.32,0.59,11.5,8,high,white,90.735,0.07163718520967653,29.054054054054053,176.9230769230769,0.6194999999999999,0.010810810810810811
7.0,0.13,0.3,5.0,0.056,31.0,122.0,0.9945,3.47,0.42,10.5,6,medium,white,82.845,0.08449514152936206,25.40983606557377,150.0,0.19890000000000002,0.040983606557377046
6.9,0.17,0.22,4.6,0.064,55.0,152.0,0.9952,3.29,0.37,9.3,6,medium,white,73.37700000000001,0.0940349155729997,36.18421052631579,134.7826086956522,0.21634782608695655,0.03026315789473684
7.0,0.3,0.32,6.4,0.034,28.0,97.0,0.9924,3.23,0.44,11.8,6,medium,white,93.102,0.07518635475070352,28.865979381443296,168.57142857142858,0.1550625,0.06597938144329897
7.6,0.445,0.44,14.5,0.045,68.0,212.0,0.9986,3.48,0.36,10.0,6,medium,white,78.9,0.09632446134347274,32.075471698113205,131.57894736842107,0.06886896551724138,0.06839622641509434
6.8,0.3,0.24,6.6,0.123,35.0,116.0,0.9953,3.07,0.48,9.4,5,low,white,74.166,0.09168621740420138,30.17241379310345,138.23529411764707,0.1508030303030303,0.05689655172413793
7.5,0.22,0.33,6.7,0.036,45.0,138.0,0.9939,3.2,0.68,11.4,6,medium,white,89.946,0.08338336335134414,32.608695652173914,152.0,0.14834328358208954,0.04855072463768116
9.2,0.23,0.3,1.1,0.031,40.0,99.0,0.9929,2.94,0.3,10.4,6,medium,white,82.056,0.11211855318319196,40.4040404040404,113.04347826086958,0.9026363636363636,0.011111111111111112
8.7,0.34,0.46,13.8,0.055,68.0,198.0,0.9988,3.36,0.37,9.5,6,medium,white,74.955,0.11606964178507104,34.34343434343434,109.19540229885058,0.0723768115942029,0.0696969696969697
6.6,0.545,0.04,2.5,0.031,48.0,111.0,0.9906,3.14,0.32,11.9,5,low,white,93.891,0.0702942774067802,43.24324324324324,180.3030303030303,0.39624000000000004,0.02252252252252252
8.1,0.3,0.31,1.1,0.041,49.0,123.0,0.9914,2.99,0.45,11.1,6,medium,white,87.57900000000001,0.09248792518754495,39.83739837398374,137.03703703703704,0.9012727272727271,0.00894308943089431
6.9,0.16,0.3,9.6,0.057,50.0,185.0,0.9978,3.39,0.38,9.6,6,medium,white,75.744,0.09109632446134348,27.027027027027028,139.1304347826087,0.1039375,0.05189189189189189
8.0,0.32,0.36,4.6,0.042,56.0,178.0,0.9928,3.29,0.47,12.0,6,medium,white,94.68,0.08449514152936205,31.46067415730337,150.0,0.21582608695652175,0.025842696629213482
6.1,0.22,0.23,3.1,0.052,15.0,104.0,0.9948,3.14,0.42,8.7,5,low,white,68.643,0.08886557988432905,14.423076923076922,142.62295081967213,0.3209032258064516,0.02980769230769231
6.9,0.16,0.3,9.6,0.057,50.0,185.0,0.9978,3.39,0.38,9.6,6,medium,white,75.744,0.09109632446134348,27.027027027027028,139.1304347826087,0.1039375,0.05189189189189189
7.5,0.15,0.38,1.8,0.054,19.0,101.0,0.9946,3.24,0.44,10.0,5,low,white,78.9,0.09505703422053231,18.81188118811881,133.33333333333331,0.5525555555555556,0.017821782178217824
8.4,0.29,0.29,1.05,0.032,4.0,55.0,0.9908,2.91,0.32,11.4,4,low,white,89.946,0.09338936695350544,7.2727272727272725,135.71428571428572,0.9436190476190476,0.019090909090909092
6.6,0.37,0.47,6.5,0.061,23.0,150.0,0.9954,3.14,0.45,9.6,6,medium,white,75.744,0.08713561470215463,15.333333333333332,145.45454545454547,0.15313846153846153,0.043333333333333335
7.7,0.38,0.4,2.0,0.038,28.0,152.0,0.9906,3.18,0.32,12.9,6,medium,white,101.781,0.07565262671814975,18.421052631578945,167.53246753246754,0.4953,0.013157894736842105
6.3,0.25,0.23,14.9,0.039,47.0,142.0,0.99705,3.14,0.35,9.7,6,medium,white,76.533,0.08231743169613108,33.098591549295776,153.96825396825395,0.06691610738255033,0.10492957746478873
8.3,0.3,0.36,10.0,0.042,33.0,169.0,0.9982,3.23,0.51,9.3,6,medium,white,73.37700000000001,0.11311446366027501,19.526627218934912,112.04819277108433,0.09981999999999999,0.05917159763313609
6.6,0.22,0.58,1.1,0.133,52.0,136.0,0.9932,3.1,0.3,9.1,5,low,white,71.799,0.09192328583963563,38.23529411764706,137.87878787878788,0.9029090909090908,0.008088235294117648
6.1,0.34,0.31,12.0,0.053,46.0,238.0,0.9977,3.16,0.48,8.6,5,low,white,67.854,0.08989890058065847,19.327731092436977,140.98360655737704,0.08314166666666667,0.05042016806722689
7.5,0.22,0.29,4.8,0.05,33.0,87.0,0.994,3.14,0.42,9.9,5,low,white,78.111,0.09601720628336598,37.93103448275862,132.0,0.20708333333333334,0.05517241379310345
8.3,0.3,0.36,10.0,0.042,33.0,169.0,0.9982,3.23,0.51,9.3,6,medium,white,73.37700000000001,0.11311446366027501,19.526627218934912,112.04819277108433,0.09981999999999999,0.05917159763313609
8.0,0.27,0.24,1.2,0.044,20.0,102.0,0.9929,3.28,0.42,10.9,5,low,white,86.001,0.09302217416076557,19.607843137254903,136.25,0.8274166666666667,0.011764705882352941
6.1,0.17,0.27,1.5,0.056,45.0,135.0,0.9924,3.2,0.43,10.2,6,medium,white,80.47800000000001,0.07579711225428067,33.33333333333333,167.21311475409837,0.6616,0.011111111111111112
7.4,0.18,0.3,10.4,0.045,44.0,174.0,0.9966,3.11,0.57,9.7,6,medium,white,76.533,0.09669031659545556,25.287356321839084,131.08108108108107,0.09582692307692307,0.059770114942528735
6.7,0.16,0.28,2.5,0.046,40.0,153.0,0.9921,3.38,0.51,11.4,7,medium,white,89.946,0.07448913792720077,26.143790849673206,170.1492537313433,0.39683999999999997,0.016339869281045753
6.1,0.255,0.44,12.3,0.045,53.0,197.0,0.9967,3.24,0.54,9.5,6,medium,white,74.955,0.08138216263091187,26.903553299492383,155.73770491803282,0.08103252032520325,0.062436548223350256
7.4,0.23,0.25,1.4,0.049,43.0,141.0,0.9934,3.42,0.54,10.2,7,medium,white,80.47800000000001,0.09195059519371754,30.49645390070922,137.83783783783784,0.7095714285714286,0.009929078014184396
6.4,0.16,0.28,2.2,0.042,33.0,93.0,0.9914,3.31,0.43,11.1,6,medium,white,87.57900000000001,0.07307687916052935,35.483870967741936,173.43749999999997,0.45063636363636356,0.023655913978494626
6.3,0.25,0.23,14.9,0.039,47.0,142.0,0.99705,3.14,0.35,9.7,6,medium,white,76.533,0.08231743169613108,33.098591549295776,153.96825396825395,0.06691610738255033,0.10492957746478873
6.7,0.27,0.25,8.0,0.053,54.0,202.0,0.9961,3.22,0.43,9.3,5,low,white,73.37700000000001,0.09130926584624609,26.732673267326735,138.80597014925374,0.1245125,0.039603960396039604
6.9,0.29,0.23,8.6,0.056,56.0,215.0,0.9967,3.17,0.44,8.8,5,low,white,69.432,0.09937780850328379,26.046511627906977,127.53623188405798,0.11589534883720931,0.04
9.6,0.21,0.28,1.2,0.038,12.0,53.0,0.9926,2.8,0.46,10.6,5,low,white,83.634,0.11478585264366166,22.641509433962266,110.41666666666667,0.8271666666666667,0.022641509433962263
6.6,0.62,0.2,8.7,0.046,81.0,224.0,0.99605,3.17,0.44,9.3,5,low,white,73.37700000000001,0.08994644098286927,36.160714285714285,140.9090909090909,0.11448850574712645,0.03883928571428571
6.4,0.28,0.19,5.4,0.042,67.0,181.0,0.99435,3.31,0.35,10.2,6,medium,white,80.47800000000001,0.07952483908645841,37.01657458563536,159.37499999999997,0.18413888888888888,0.029834254143646412
8.0,0.3,0.28,5.7,0.044,31.0,124.0,0.9948,3.16,0.51,10.2,6,medium,white,80.47800000000001,0.099406048858073,25.0,127.49999999999999,0.17452631578947367,0.04596774193548387
6.4,0.17,0.27,1.5,0.037,20.0,98.0,0.9916,3.46,0.42,11.0,7,medium,white,86.79,0.07374121442562508,20.408163265306122,171.875,0.6610666666666667,0.015306122448979591
7.3,0.21,0.3,10.9,0.037,18.0,112.0,0.997,3.4,0.5,9.6,6,medium,white,75.744,0.0963772708069286,16.071428571428573,131.50684931506848,0.09146788990825688,0.09732142857142857
6.7,0.27,0.25,8.0,0.053,54.0,202.0,0.9961,3.22,0.43,9.3,5,low,white,73.37700000000001,0.09130926584624609,26.732673267326735,138.80597014925374,0.1245125,0.039603960396039604
6.9,0.29,0.23,8.6,0.056,56.0,215.0,0.9967,3.17,0.44,8.8,5,low,white,69.432,0.09937780850328379,26.046511627906977,127.53623188405798,0.11589534883720931,0.04
6.6,0.32,0.26,7.7,0.054,56.0,209.0,0.9961,3.17,0.45,8.8,5,low,white,69.432,0.09505703422053231,26.794258373205743,133.33333333333334,0.12936363636363635,0.0368421052631579
7.4,0.32,0.22,1.7,0.051,50.0,179.0,0.9955,3.28,0.69,8.9,5,low,white,70.221,0.1053815810085302,27.932960893854748,120.27027027027026,0.5855882352941177,0.009497206703910615
6.6,0.37,0.07,1.4,0.048,58.0,144.0,0.9922,3.17,0.38,10.0,5,low,white,78.9,0.08365019011406843,40.27777777777778,151.5151515151515,0.7087142857142857,0.009722222222222222
7.7,0.43,0.28,4.5,0.046,33.0,102.0,0.9918,3.16,0.56,12.2,7,medium,white,96.25800000000001,0.07999335120197801,32.35294117647059,158.4415584415584,0.2204,0.04411764705882353
7.8,0.39,0.26,9.9,0.059,33.0,181.0,0.9955,3.04,0.42,10.9,6,medium,white,86.001,0.09069661980674643,18.23204419889503,139.74358974358975,0.10055555555555555,0.054696132596685085
6.5,0.18,0.26,1.4,0.041,40.0,141.0,0.9941,3.34,0.72,9.5,6,medium,white,74.955,0.0867186978853979,28.368794326241137,146.15384615384613,0.7100714285714286,0.009929078014184396
7.8,0.4,0.26,9.5,0.059,32.0,178.0,0.9955,3.04,0.43,10.9,6,medium,white,86.001,0.09069661980674643,17.97752808988764,139.74358974358975,0.10478947368421053,0.05337078651685393
7.8,0.39,0.26,9.9,0.059,33.0,181.0,0.9955,3.04,0.42,10.9,6,medium,white,86.001,0.09069661980674643,18.23204419889503,139.74358974358975,0.10055555555555555,0.054696132596685085
6.9,0.19,0.28,3.0,0.054,33.0,99.0,0.9924,3.16,0.4,10.8,6,medium,white,85.212,0.0809745106323053,33.33333333333333,156.52173913043478,0.3308,0.030303030303030304
7.7,0.49,1.0,19.6,0.03,28.0,135.0,0.9973,3.24,0.4,12.0,6,medium,white,94.68,0.08132657372201098,20.74074074074074,155.84415584415586,0.050882653061224484,0.1451851851851852
6.6,0.25,0.35,14.0,0.069,42.0,163.0,0.999,3.56,0.47,9.8,5,low,white,77.322,0.08535733685109023,25.766871165644172,148.4848484848485,0.07135714285714286,0.08588957055214724
6.5,0.18,0.26,1.4,0.041,40.0,141.0,0.9941,3.34,0.72,9.5,6,medium,white,74.955,0.0867186978853979,28.368794326241137,146.15384615384613,0.7100714285714286,0.009929078014184396
6.4,0.15,0.36,1.8,0.034,43.0,150.0,0.9922,3.42,0.69,11.0,8,high,white,86.79,0.07374121442562508,28.666666666666668,171.875,0.5512222222222222,0.012
6.4,0.15,0.36,1.8,0.034,43.0,150.0,0.9922,3.42,0.69,11.0,8,high,white,86.79,0.07374121442562508,28.666666666666668,171.875,0.5512222222222222,0.012
8.4,0.17,0.31,5.4,0.052,47.0,150.0,0.9953,3.24,0.38,9.8,5,low,white,77.322,0.10863661053775123,31.333333333333336,116.66666666666667,0.1843148148148148,0.036000000000000004
6.1,0.32,0.37,1.8,0.051,13.0,200.0,0.9945,3.49,0.44,10.5,4,low,white,82.845,0.07363148047558693,6.5,172.13114754098362,0.5525,0.009000000000000001
8.5,0.21,0.26,9.25,0.034,73.0,142.0,0.9945,3.05,0.37,11.4,6,medium,white,89.946,0.09450114513152336,51.40845070422535,134.11764705882354,0.10751351351351351,0.06514084507042253
8.7,0.45,0.4,1.5,0.067,17.0,100.0,0.9957,3.27,0.57,10.1,6,medium,white,79.68900000000001,0.10917441554041334,17.0,116.0919540229885,0.6638000000000001,0.015
6.7,0.24,0.29,6.8,0.038,54.0,127.0,0.9932,3.33,0.46,11.6,7,medium,white,91.524,0.0732048424456973,42.51968503937008,173.13432835820893,0.14605882352941177,0.05354330708661417
8.5,0.21,0.26,9.25,0.034,73.0,142.0,0.9945,3.05,0.37,11.4,6,medium,white,89.946,0.09450114513152336,51.40845070422535,134.11764705882354,0.10751351351351351,0.06514084507042253
7.4,0.33,0.26,2.6,0.04,29.0,115.0,0.9913,3.07,0.52,11.8,7,medium,white,93.102,0.07948271787931516,25.217391304347824,159.45945945945945,0.38126923076923075,0.022608695652173914
7.2,0.26,0.3,2.1,0.033,50.0,158.0,0.9909,3.33,0.43,12.1,7,medium,white,95.46900000000001,0.07541715111711654,31.645569620253166,168.05555555555554,0.47185714285714286,0.013291139240506329
8.2,0.36,0.29,7.6,0.035,37.0,122.0,0.9939,3.16,0.34,12.0,5,low,white,94.68,0.0866075200675961,30.327868852459016,146.34146341463418,0.13077631578947368,0.06229508196721311
7.8,0.2,0.24,1.6,0.026,26.0,189.0,0.991,3.08,0.74,12.1,7,medium,white,95.46900000000001,0.08170191371020959,13.756613756613756,155.12820512820514,0.619375,0.008465608465608466
9.4,0.16,0.3,1.4,0.042,26.0,176.0,0.9954,3.15,0.46,9.1,5,low,white,71.799,0.13092104346857197,14.772727272727273,96.80851063829786,0.711,0.007954545454545454
6.4,0.33,0.24,1.6,0.054,25.0,117.0,0.9943,3.36,0.5,9.3,5,low,white,73.37700000000001,0.08722079125611568,21.367521367521366,145.3125,0.6214375,0.013675213675213675
7.8,0.22,0.36,1.4,0.056,21.0,153.0,0.993,3.2,0.53,10.4,6,medium,white,82.056,0.09505703422053233,13.725490196078432,133.33333333333334,0.7092857142857143,0.00915032679738562
7.4,0.35,0.31,17.95,0.062,42.0,187.0,1.0002,3.27,0.64,9.1,5,low,white,71.799,0.10306550230504603,22.459893048128343,122.97297297297295,0.055721448467966575,0.09598930481283421
6.6,0.37,0.24,2.0,0.064,23.0,120.0,0.9946,3.32,0.54,9.4,5,low,white,74.166,0.08898956395113664,19.166666666666668,142.42424242424244,0.4973,0.016666666666666666
6.7,0.37,0.41,6.3,0.061,22.0,149.0,0.9953,3.16,0.47,9.6,6,medium,white,75.744,0.08845585128855091,14.76510067114094,143.28358208955223,0.15798412698412698,0.04228187919463087
7.1,0.37,0.32,1.4,0.037,27.0,126.0,0.9918,3.19,0.62,12.0,5,low,white,94.68,0.07498943810730882,21.428571428571427,169.01408450704227,0.7084285714285715,0.01111111111111111
6.9,0.25,0.27,9.05,0.039,37.0,128.0,0.9936,3.27,0.34,11.3,8,high,white,89.15700000000001,0.0773915676839732,28.90625,163.76811594202897,0.10979005524861878,0.070703125
6.8,0.23,0.29,15.4,0.073,56.0,173.0,0.9984,3.06,0.41,8.7,6,medium,white,68.643,0.09906326937925207,32.369942196531795,127.94117647058823,0.06483116883116882,0.08901734104046242
6.4,0.26,0.21,7.1,0.04,35.0,162.0,0.9956,3.39,0.58,9.9,6,medium,white,78.111,0.08193468269513897,21.604938271604937,154.6875,0.14022535211267606,0.04382716049382716
7.6,0.3,0.22,10.2,0.049,57.0,191.0,0.9966,3.08,0.4,9.3,6,medium,white,73.37700000000001,0.10357468961663735,29.84293193717277,122.36842105263159,0.09770588235294118,0.05340314136125654
9.4,0.16,0.23,1.6,0.042,14.0,67.0,0.9942,3.07,0.32,9.5,5,low,white,74.955,0.12540857848042158,20.8955223880597,101.06382978723406,0.6213749999999999,0.023880597014925373
6.8,0.23,0.29,15.4,0.073,56.0,173.0,0.9984,3.06,0.41,8.7,6,medium,white,68.643,0.09906326937925207,32.369942196531795,127.94117647058823,0.06483116883116882,0.08901734104046242
6.4,0.26,0.21,7.1,0.04,35.0,162.0,0.9956,3.39,0.58,9.9,6,medium,white,78.111,0.08193468269513897,21.604938271604937,154.6875,0.14022535211267606,0.04382716049382716
7.6,0.3,0.22,10.2,0.049,57.0,191.0,0.9966,3.08,0.4,9.3,6,medium,white,73.37700000000001,0.10357468961663735,29.84293193717277,122.36842105263159,0.09770588235294118,0.05340314136125654
7.5,0.33,0.39,12.4,0.065,29.0,119.0,0.9974,3.16,0.39,9.4,5,low,white,74.166,0.101124504489928,24.369747899159663,125.33333333333334,0.08043548387096773,0.10420168067226891
7.6,0.38,0.2,3.4,0.046,9.0,116.0,0.9944,3.15,0.41,9.4,5,low,white,74.166,0.10247283121646038,7.758620689655173,123.6842105263158,0.2924705882352941,0.029310344827586206
8.8,0.2,0.43,15.0,0.053,60.0,184.0,1.0008,3.28,0.79,8.8,6,medium,white,69.432,0.1267427122940431,32.608695652173914,100.0,0.06671999999999999,0.08152173913043478
7.5,0.33,0.39,12.4,0.065,29.0,119.0,0.9974,3.16,0.39,9.4,5,low,white,74.166,0.101124504489928,24.369747899159663,125.33333333333334,0.08043548387096773,0.10420168067226891
8.8,0.2,0.43,15.0,0.053,60.0,184.0,1.0008,3.28,0.79,8.8,6,medium,white,69.432,0.1267427122940431,32.608695652173914,100.0,0.06671999999999999,0.08152173913043478
6.6,0.36,0.21,1.5,0.049,39.0,184.0,0.9928,3.18,0.41,9.9,6,medium,white,78.111,0.08449514152936205,21.195652173913043,150.00000000000003,0.6618666666666667,0.008152173913043478
7.6,0.38,0.2,3.4,0.046,9.0,116.0,0.9944,3.15,0.41,9.4,5,low,white,74.166,0.10247283121646038,7.758620689655173,123.6842105263158,0.2924705882352941,0.029310344827586206
5.6,0.46,0.24,4.8,0.042,24.0,72.0,0.9908,3.29,0.37,12.6,6,medium,white,99.414,0.05633009435290803,33.33333333333333,225.0,0.20641666666666666,0.06666666666666667
7.2,0.15,0.38,1.2,0.038,18.0,110.0,0.9917,3.19,0.43,11.1,6,medium,white,87.57900000000001,0.08221148905559551,16.363636363636363,154.16666666666666,0.8264166666666667,0.010909090909090908
8.2,0.42,0.29,4.1,0.03,31.0,100.0,0.9911,3.0,0.32,12.8,7,medium,white,100.992,0.08119455006337134,31.0,156.09756097560978,0.2417317073170732,0.040999999999999995
6.8,0.3,0.35,2.8,0.038,10.0,164.0,0.9912,3.09,0.53,12.0,6,medium,white,94.68,0.07182087029995775,6.097560975609756,176.47058823529412,0.35400000000000004,0.017073170731707315
6.7,0.27,0.3,13.9,0.029,34.0,131.0,0.9953,3.36,0.5,12.0,7,medium,white,94.68,0.07076468103084073,25.954198473282442,179.1044776119403,0.07160431654676258,0.10610687022900764
7.2,0.5,0.0,0.8,0.034,46.0,114.0,0.9932,3.19,0.34,9.2,4,low,white,72.58800000000001,0.0991899487518598,40.35087719298245,127.77777777777777,1.2414999999999998,0.007017543859649123
6.0,0.26,0.29,1.0,0.032,27.0,96.0,0.9896,3.38,0.44,12.3,6,medium,white,97.04700000000001,0.061825713314167356,28.125,205.00000000000003,0.9896,0.010416666666666666
6.8,0.33,0.28,1.2,0.032,38.0,131.0,0.9889,3.19,0.41,13.0,6,medium,white,102.57000000000001,0.06629618796919176,29.00763358778626,191.1764705882353,0.8240833333333334,0.00916030534351145
6.8,0.3,0.35,2.8,0.038,10.0,164.0,0.9912,3.09,0.53,12.0,6,medium,white,94.68,0.07182087029995775,6.097560975609756,176.47058823529412,0.35400000000000004,0.017073170731707315
7.4,0.29,0.31,1.7,0.035,23.0,110.0,0.9926,3.07,0.38,10.9,5,low,white,86.001,0.08604551109870816,20.909090909090907,147.2972972972973,0.5838823529411765,0.015454545454545453
8.2,0.42,0.29,4.1,0.03,31.0,100.0,0.9911,3.0,0.32,12.8,7,medium,white,100.992,0.08119455006337134,31.0,156.09756097560978,0.2417317073170732,0.040999999999999995
7.3,0.19,0.24,6.3,0.054,34.0,231.0,0.9964,3.36,0.54,10.0,6,medium,white,78.9,0.09252217997465145,14.71861471861472,136.986301369863,0.15815873015873017,0.02727272727272727
6.5,0.32,0.12,11.5,0.033,35.0,165.0,0.9974,3.22,0.32,9.0,5,low,white,71.01,0.09153640332347555,21.21212121212121,138.46153846153845,0.0867304347826087,0.0696969696969697
7.1,0.32,0.4,1.5,0.034,13.0,84.0,0.9944,3.42,0.6,10.4,5,low,white,82.056,0.08652627473920249,15.476190476190476,146.47887323943664,0.6629333333333333,0.017857142857142856
6.5,0.32,0.12,11.5,0.033,35.0,165.0,0.9974,3.22,0.32,9.0,5,low,white,71.01,0.09153640332347555,21.21212121212121,138.46153846153845,0.0867304347826087,0.0696969696969697
7.3,0.19,0.24,6.3,0.054,34.0,231.0,0.9964,3.36,0.54,10.0,6,medium,white,78.9,0.09252217997465145,14.71861471861472,136.986301369863,0.15815873015873017,0.02727272727272727
7.3,0.17,0.23,6.3,0.051,35.0,240.0,0.9963,3.36,0.54,10.0,6,medium,white,78.9,0.09252217997465145,14.583333333333334,136.986301369863,0.15814285714285714,0.02625
7.7,0.44,0.24,11.2,0.031,41.0,167.0,0.9948,3.12,0.43,11.3,7,medium,white,89.15700000000001,0.08636450306762228,24.550898203592812,146.75324675324677,0.08882142857142858,0.06706586826347305
7.7,0.44,0.24,11.2,0.031,41.0,167.0,0.9948,3.12,0.43,11.3,7,medium,white,89.15700000000001,0.08636450306762228,24.550898203592812,146.75324675324677,0.08882142857142858,0.06706586826347305
7.4,0.49,0.24,15.1,0.03,34.0,153.0,0.9953,3.13,0.51,12.0,7,medium,white,94.68,0.0781580059146599,22.22222222222222,162.16216216216216,0.06591390728476822,0.09869281045751634
7.7,0.44,0.24,11.2,0.031,41.0,167.0,0.9948,3.12,0.43,11.3,7,medium,white,89.15700000000001,0.08636450306762228,24.550898203592812,146.75324675324677,0.08882142857142858,0.06706586826347305
7.4,0.49,0.24,15.1,0.03,34.0,153.0,0.9953,3.13,0.51,12.0,7,medium,white,94.68,0.0781580059146599,22.22222222222222,162.16216216216216,0.06591390728476822,0.09869281045751634
6.4,0.21,0.3,5.6,0.044,43.0,160.0,0.9949,3.6,0.41,10.6,6,medium,white,83.634,0.07652390176244112,26.875,165.62499999999997,0.1776607142857143,0.034999999999999996
8.0,0.55,0.42,12.6,0.211,37.0,213.0,0.9988,2.99,0.56,9.3,5,low,white,73.37700000000001,0.10902598907014459,17.370892018779344,116.25000000000001,0.07926984126984127,0.059154929577464786
7.0,0.19,0.23,5.7,0.123,27.0,104.0,0.9954,3.04,0.54,9.4,6,medium,white,74.166,0.09438287085726614,25.961538461538463,134.2857142857143,0.17463157894736842,0.05480769230769231
7.2,0.24,0.29,2.2,0.037,37.0,102.0,0.992,3.27,0.64,11.0,7,medium,white,86.79,0.0829588662288282,36.27450980392157,152.77777777777777,0.45090909090909087,0.021568627450980395
6.5,0.34,0.36,11.0,0.052,53.0,247.0,0.9984,3.44,0.55,9.3,6,medium,white,73.37700000000001,0.08858361611949248,21.45748987854251,143.07692307692307,0.09076363636363637,0.044534412955465584
7.0,0.19,0.23,5.7,0.123,27.0,104.0,0.9954,3.04,0.54,9.4,6,medium,white,74.166,0.09438287085726614,25.961538461538463,134.2857142857143,0.17463157894736842,0.05480769230769231
6.9,0.18,0.33,1.0,0.054,24.0,164.0,0.9926,3.42,0.51,10.5,5,low,white,82.845,0.08328806807894261,14.634146341463413,152.17391304347825,0.9926,0.006097560975609756
7.2,0.24,0.29,2.2,0.037,37.0,102.0,0.992,3.27,0.64,11.0,7,medium,white,86.79,0.0829588662288282,36.27450980392157,152.77777777777777,0.45090909090909087,0.021568627450980395
8.2,0.18,0.31,11.8,0.039,96.0,249.0,0.9976,3.07,0.52,9.5,6,medium,white,74.955,0.1093989727169635,38.55421686746988,115.85365853658539,0.08454237288135594,0.04738955823293173
8.3,0.28,0.45,7.8,0.059,32.0,139.0,0.9972,3.33,0.77,11.2,6,medium,white,88.36800000000001,0.09392540286076408,23.021582733812952,134.93975903614458,0.12784615384615386,0.05611510791366906
6.1,0.34,0.46,4.7,0.029,21.0,94.0,0.991,3.29,0.62,12.3,6,medium,white,97.04700000000001,0.06285614186940347,22.340425531914892,201.6393442622951,0.21085106382978722,0.05
7.4,0.44,0.2,11.5,0.049,44.0,157.0,0.998,3.27,0.44,9.0,5,low,white,71.01,0.10421067455287987,28.02547770700637,121.62162162162163,0.08678260869565217,0.0732484076433121
7.6,0.26,0.58,7.9,0.041,62.0,180.0,0.9966,3.07,0.38,9.0,5,low,white,71.01,0.10702717927052527,34.44444444444444,118.42105263157896,0.1261518987341772,0.043888888888888894
7.4,0.44,0.2,11.5,0.049,44.0,157.0,0.998,3.27,0.44,9.0,5,low,white,71.01,0.10421067455287987,28.02547770700637,121.62162162162163,0.08678260869565217,0.0732484076433121
8.7,0.49,0.57,17.8,0.052,34.0,243.0,1.0007,2.98,0.82,9.0,5,low,white,71.01,0.12251795521757497,13.991769547325102,103.44827586206897,0.0562191011235955,0.07325102880658436
7.0,0.24,0.25,1.7,0.042,48.0,189.0,0.992,3.25,0.42,11.4,6,medium,white,89.946,0.07782447246125453,25.396825396825395,162.85714285714286,0.5835294117647059,0.008994708994708995
7.1,0.25,0.25,1.6,0.046,50.0,181.0,0.9925,3.2,0.42,11.0,7,medium,white,86.79,0.08180665975342781,27.624309392265197,154.92957746478874,0.6203125,0.008839779005524863
6.1,0.34,0.46,4.7,0.029,21.0,94.0,0.991,3.29,0.62,12.3,6,medium,white,97.04700000000001,0.06285614186940347,22.340425531914892,201.6393442622951,0.21085106382978722,0.05
6.4,0.18,0.31,1.6,0.049,36.0,127.0,0.9934,3.6,0.67,10.4,7,medium,white,82.056,0.07799551525787268,28.346456692913385,162.5,0.620875,0.012598425196850395
8.3,0.27,0.39,2.4,0.058,16.0,107.0,0.9955,3.28,0.59,10.3,5,low,white,81.26700000000001,0.10213247689714151,14.953271028037381,124.09638554216866,0.4147916666666667,0.022429906542056073
6.8,0.24,0.35,6.4,0.048,44.0,172.0,0.9944,3.29,0.55,10.5,7,medium,white,82.845,0.08208099462852314,25.581395348837212,154.41176470588235,0.15537499999999999,0.037209302325581395
8.0,0.22,0.28,14.0,0.053,83.0,197.0,0.9981,3.14,0.45,9.8,6,medium,white,77.322,0.10346343860738211,42.13197969543147,122.50000000000001,0.07129285714285714,0.07106598984771574
10.0,0.91,0.42,1.6,0.056,34.0,181.0,0.9968,3.11,0.46,10.0,4,low,white,78.9,0.12674271229404308,18.784530386740332,100.0,0.623,0.008839779005524863
8.9,0.34,0.34,1.6,0.056,13.0,176.0,0.9946,3.14,0.47,9.7,5,low,white,76.533,0.11628970509453439,7.386363636363637,108.98876404494379,0.621625,0.009090909090909092
8.9,0.33,0.34,1.4,0.056,14.0,171.0,0.9946,3.13,0.47,9.7,5,low,white,76.533,0.11628970509453439,8.187134502923977,108.98876404494379,0.7104285714285715,0.008187134502923975
8.0,0.22,0.28,14.0,0.053,83.0,197.0,0.9981,3.14,0.45,9.8,6,medium,white,77.322,0.10346343860738211,42.13197969543147,122.50000000000001,0.07129285714285714,0.07106598984771574
6.7,0.18,0.19,4.7,0.046,57.0,161.0,0.9946,3.32,0.66,10.5,6,medium,white,82.845,0.08087392117810369,35.40372670807454,156.71641791044775,0.21161702127659573,0.029192546583850933
7.8,0.2,0.28,10.2,0.054,78.0,186.0,0.997,3.14,0.46,10.0,6,medium,white,78.9,0.0988593155893536,41.935483870967744,128.2051282051282,0.09774509803921569,0.05483870967741935
7.3,0.13,0.31,2.3,0.054,22.0,104.0,0.9924,3.24,0.92,11.5,7,medium,white,90.735,0.08045406954317517,21.153846153846153,157.53424657534248,0.43147826086956526,0.022115384615384613
6.6,0.28,0.3,7.8,0.049,57.0,202.0,0.9958,3.24,0.39,9.5,5,low,white,74.955,0.08805283169901941,28.217821782178216,143.93939393939394,0.12766666666666668,0.03861386138613861
7.1,0.25,0.3,2.4,0.042,25.0,122.0,0.994,3.43,0.61,10.5,6,medium,white,82.845,0.08570221497978152,20.491803278688526,147.88732394366198,0.4141666666666667,0.019672131147540982
7.6,0.36,0.44,8.3,0.255,28.0,142.0,0.9958,3.12,0.43,10.2,6,medium,white,80.47800000000001,0.09443574641516934,19.718309859154928,134.21052631578948,0.11997590361445783,0.05845070422535212
7.6,0.27,0.25,13.9,0.05,45.0,199.0,0.9984,3.34,0.5,9.8,6,medium,white,77.322,0.098290266677013,22.613065326633166,128.94736842105266,0.0718273381294964,0.06984924623115578
6.9,0.37,0.28,13.8,0.031,34.0,137.0,0.9948,3.1,0.37,11.6,6,medium,white,91.524,0.0753900616231808,24.817518248175183,168.1159420289855,0.07208695652173913,0.10072992700729927
7.4,0.21,0.27,7.3,0.031,41.0,144.0,0.9932,3.15,0.38,11.8,7,medium,white,93.102,0.07948271787931516,28.47222222222222,159.45945945945945,0.13605479452054794,0.050694444444444445
8.2,0.18,0.28,8.5,0.035,41.0,140.0,0.9952,3.04,0.37,10.1,7,medium,white,79.68900000000001,0.10290002384268844,29.28571428571429,123.17073170731707,0.11708235294117647,0.060714285714285714
6.3,0.19,0.21,1.8,0.049,35.0,163.0,0.9924,3.31,0.5,10.3,6,medium,white,81.26700000000001,0.07752224150023994,21.472392638036812,163.49206349206352,0.5513333333333333,0.011042944785276074
7.0,0.21,0.22,5.1,0.048,38.0,168.0,0.9945,3.34,0.49,10.4,6,medium,white,82.056,0.08530759481329823,22.61904761904762,148.57142857142858,0.19500000000000003,0.030357142857142853
5.8,0.33,0.2,16.05,0.047,26.0,166.0,0.9976,3.09,0.46,8.9,5,low,white,70.221,0.08259637430398313,15.66265060240964,153.44827586206898,0.062155763239875386,0.09668674698795181
5.8,0.33,0.2,16.05,0.047,26.0,166.0,0.9976,3.09,0.46,8.9,5,low,white,70.221,0.08259637430398313,15.66265060240964,153.44827586206898,0.062155763239875386,0.09668674698795181
7.9,0.29,0.31,7.35,0.034,37.0,154.0,0.9938,3.06,0.31,10.8,5,low,white,85.212,0.09270994695582782,24.025974025974026,136.70886075949366,0.1352108843537415,0.04772727272727272
6.6,0.31,0.38,16.05,0.058,16.0,165.0,0.9997,3.38,0.6,9.2,5,low,white,72.58800000000001,0.09092411968920482,9.696969696969697,139.39393939393938,0.062286604361370713,0.09727272727272727
8.0,0.19,0.3,2.0,0.053,48.0,140.0,0.994,3.18,0.49,9.6,6,medium,white,75.744,0.10561892691170258,34.285714285714285,120.0,0.497,0.014285714285714285
8.0,0.2,0.36,1.2,0.032,21.0,78.0,0.9921,3.08,0.37,10.4,6,medium,white,82.056,0.09749439407234084,26.923076923076923,130.0,0.82675,0.015384615384615384
8.0,0.25,0.26,14.0,0.043,41.0,248.0,0.9986,3.03,0.57,8.7,6,medium,white,68.643,0.11654502279912009,16.532258064516128,108.74999999999999,0.07132857142857144,0.056451612903225805
7.2,0.2,0.61,16.2,0.043,14.0,103.0,0.9987,3.06,0.36,9.2,6,medium,white,72.58800000000001,0.0991899487518598,13.592233009708737,127.77777777777777,0.06164814814814815,0.15728155339805824
7.7,0.3,0.42,14.3,0.045,45.0,213.0,0.9991,3.18,0.63,9.2,5,low,white,72.58800000000001,0.10607813963740562,21.12676056338028,119.48051948051948,0.06986713286713286,0.06713615023474179
7.2,0.2,0.61,16.2,0.043,14.0,103.0,0.9987,3.06,0.36,9.2,6,medium,white,72.58800000000001,0.0991899487518598,13.592233009708737,127.77777777777777,0.06164814814814815,0.15728155339805824
7.7,0.3,0.42,14.3,0.045,45.0,213.0,0.9991,3.18,0.63,9.2,5,low,white,72.58800000000001,0.10607813963740562,21.12676056338028,119.48051948051948,0.06986713286713286,0.06713615023474179
7.7,0.3,0.42,14.3,0.045,45.0,213.0,0.9991,3.18,0.63,9.2,5,low,white,72.58800000000001,0.10607813963740562,21.12676056338028,119.48051948051948,0.06986713286713286,0.06713615023474179
6.4,0.22,0.32,7.9,0.029,34.0,124.0,0.9948,3.4,0.39,10.2,5,low,white,80.47800000000001,0.07952483908645841,27.419354838709676,159.37499999999997,0.1259240506329114,0.06370967741935483
7.2,0.2,0.61,16.2,0.043,14.0,103.0,0.9987,3.06,0.36,9.2,6,medium,white,72.58800000000001,0.0991899487518598,13.592233009708737,127.77777777777777,0.06164814814814815,0.15728155339805824
7.0,0.53,0.02,1.0,0.036,39.0,107.0,0.993,3.2,0.32,9.0,5,low,white,71.01,0.09857766511758906,36.44859813084112,128.57142857142858,0.993,0.009345794392523364
7.3,0.24,0.41,13.6,0.05,41.0,178.0,0.9988,3.37,0.43,9.7,5,low,white,76.533,0.09538369069551696,23.03370786516854,132.87671232876713,0.07344117647058823,0.07640449438202247
7.2,0.24,0.4,17.85,0.049,50.0,185.0,1.0,3.34,0.42,9.6,5,low,white,75.744,0.09505703422053233,27.027027027027028,133.33333333333331,0.05602240896358543,0.0964864864864865
7.6,0.15,0.4,1.3,0.036,24.0,112.0,0.9932,3.14,0.76,10.0,5,low,white,78.9,0.09632446134347274,21.428571428571427,131.57894736842107,0.7639999999999999,0.011607142857142858
7.7,0.3,0.42,14.3,0.045,45.0,213.0,0.9991,3.18,0.63,9.2,5,low,white,72.58800000000001,0.10607813963740562,21.12676056338028,119.48051948051948,0.06986713286713286,0.06713615023474179
7.6,0.33,0.41,13.7,0.045,44.0,197.0,0.9989,3.18,0.64,9.1,5,low,white,71.799,0.10585105642139861,22.33502538071066,119.73684210526316,0.0729124087591241,0.06954314720812182
6.8,0.24,0.31,18.3,0.046,40.0,142.0,1.0,3.3,0.41,8.7,5,low,white,68.643,0.09906326937925207,28.169014084507044,127.94117647058823,0.0546448087431694,0.1288732394366197
6.8,0.24,0.31,18.3,0.046,40.0,142.0,1.0,3.3,0.41,8.7,5,low,white,68.643,0.09906326937925207,28.169014084507044,127.94117647058823,0.0546448087431694,0.1288732394366197
6.8,0.35,0.44,6.5,0.056,31.0,161.0,0.9952,3.14,0.44,9.5,5,low,white,74.955,0.09072109932626242,19.25465838509317,139.7058823529412,0.1531076923076923,0.040372670807453416
7.9,0.26,0.33,10.3,0.039,73.0,212.0,0.9969,2.93,0.49,9.5,6,medium,white,74.955,0.105396571276099,34.43396226415094,120.25316455696202,0.09678640776699028,0.04858490566037736
7.5,0.29,0.67,8.1,0.037,53.0,166.0,0.9966,2.9,0.41,8.9,6,medium,white,70.221,0.1068056564275644,31.92771084337349,118.66666666666667,0.12303703703703704,0.04879518072289157
7.5,0.29,0.67,8.1,0.037,53.0,166.0,0.9966,2.9,0.41,8.9,6,medium,white,70.221,0.1068056564275644,31.92771084337349,118.66666666666667,0.12303703703703704,0.04879518072289157
7.2,0.31,0.41,8.6,0.053,15.0,89.0,0.9976,3.29,0.64,9.9,6,medium,white,78.111,0.09217651803203133,16.853932584269664,137.5,0.116,0.09662921348314607
6.7,0.44,0.31,1.9,0.03,41.0,104.0,0.99,3.29,0.62,12.6,7,medium,white,99.414,0.0673949343150864,39.42307692307692,188.0597014925373,0.5210526315789474,0.018269230769230767
10.0,0.23,0.27,14.1,0.033,45.0,166.0,0.9988,2.72,0.43,9.7,6,medium,white,76.533,0.13066258999385885,27.10843373493976,97.0,0.07083687943262412,0.08493975903614458
7.4,0.21,0.3,7.9,0.039,14.0,118.0,0.9942,2.96,0.34,10.4,5,low,white,82.056,0.09018231451691529,11.864406779661017,140.54054054054055,0.12584810126582277,0.06694915254237288
8.8,0.23,0.35,10.7,0.04,26.0,183.0,0.9984,2.93,0.49,9.1,6,medium,white,71.799,0.1225643811195142,14.207650273224044,103.40909090909089,0.09330841121495327,0.058469945355191254
7.8,0.34,0.27,1.2,0.04,25.0,106.0,0.9932,3.01,0.55,10.4,5,low,white,82.056,0.09505703422053233,23.58490566037736,133.33333333333334,0.8276666666666667,0.011320754716981131
7.9,0.26,0.33,10.3,0.039,73.0,212.0,0.9969,2.93,0.49,9.5,6,medium,white,74.955,0.105396571276099,34.43396226415094,120.25316455696202,0.09678640776699028,0.04858490566037736
7.5,0.29,0.67,8.1,0.037,53.0,166.0,0.9966,2.9,0.41,8.9,6,medium,white,70.221,0.1068056564275644,31.92771084337349,118.66666666666667,0.12303703703703704,0.04879518072289157
6.0,0.28,0.35,1.9,0.037,16.0,120.0,0.9933,3.16,0.69,10.6,5,low,white,83.634,0.07174115790228855,13.333333333333334,176.66666666666666,0.5227894736842106,0.01583333333333333
7.9,0.37,0.3,2.7,0.029,64.0,158.0,0.9916,3.12,0.59,12.0,7,medium,white,94.68,0.08343895226024503,40.50632911392405,151.89873417721518,0.36725925925925923,0.01708860759493671
7.2,0.36,0.36,5.7,0.038,26.0,98.0,0.9914,2.93,0.59,12.5,7,medium,white,98.625,0.07300380228136882,26.53061224489796,173.61111111111111,0.1739298245614035,0.05816326530612245
7.6,0.13,0.34,9.3,0.062,40.0,126.0,0.9966,3.21,0.39,9.6,5,low,white,75.744,0.10033798056611744,31.746031746031743,126.3157894736842,0.10716129032258064,0.07380952380952381
6.6,0.25,0.36,8.1,0.045,54.0,180.0,0.9958,3.08,0.42,9.2,5,low,white,72.58800000000001,0.09092411968920482,30.0,139.39393939393938,0.12293827160493828,0.045
7.1,0.18,0.26,1.3,0.041,20.0,71.0,0.9926,3.04,0.74,9.9,6,medium,white,78.111,0.09089628861491979,28.169014084507044,139.43661971830988,0.7635384615384615,0.018309859154929577
7.9,0.3,0.27,8.5,0.036,20.0,112.0,0.9939,2.96,0.46,11.7,6,medium,white,92.313,0.0855784125746103,17.857142857142858,148.1012658227848,0.11692941176470588,0.07589285714285714
8.3,0.23,0.3,2.1,0.049,21.0,153.0,0.9953,3.09,0.5,9.6,6,medium,white,75.744,0.10957963667089143,13.725490196078432,115.66265060240963,0.4739523809523809,0.013725490196078431
6.8,0.43,0.3,3.5,0.033,27.0,135.0,0.9906,3.0,0.37,12.0,6,medium,white,94.68,0.07182087029995775,20.0,176.47058823529412,0.28302857142857146,0.025925925925925925
7.2,0.36,0.36,5.7,0.038,26.0,98.0,0.9914,2.93,0.59,12.5,7,medium,white,98.625,0.07300380228136882,26.53061224489796,173.61111111111111,0.1739298245614035,0.05816326530612245
6.6,0.25,0.36,8.1,0.045,54.0,180.0,0.9958,3.08,0.42,9.2,5,low,white,72.58800000000001,0.09092411968920482,30.0,139.39393939393938,0.12293827160493828,0.045
7.1,0.18,0.26,1.3,0.041,20.0,71.0,0.9926,3.04,0.74,9.9,6,medium,white,78.111,0.09089628861491979,28.169014084507044,139.43661971830988,0.7635384615384615,0.018309859154929577
6.6,0.35,0.29,14.4,0.044,54.0,177.0,0.9991,3.17,0.58,8.9,6,medium,white,70.221,0.09398897765625666,30.508474576271187,134.84848484848487,0.06938194444444444,0.08135593220338984
7.3,0.22,0.5,13.7,0.049,56.0,189.0,0.9994,3.24,0.66,9.0,6,medium,white,71.01,0.10280242219405716,29.629629629629626,123.28767123287672,0.07294890510948905,0.07248677248677249
8.1,0.26,0.33,11.1,0.052,52.5,158.0,0.9976,3.03,0.49,10.2,7,medium,white,80.47800000000001,0.10064862446879891,33.22784810126582,125.92592592592592,0.08987387387387388,0.07025316455696203
7.6,0.13,0.34,9.3,0.062,40.0,126.0,0.9966,3.21,0.39,9.6,5,low,white,75.744,0.10033798056611744,31.746031746031743,126.3157894736842,0.10716129032258064,0.07380952380952381
7.0,0.12,0.19,4.9,0.055,27.0,127.0,0.9953,3.29,0.41,9.4,5,low,white,74.166,0.09438287085726614,21.25984251968504,134.2857142857143,0.2031224489795918,0.03858267716535433
8.2,0.37,0.27,1.7,0.028,10.0,59.0,0.9923,2.97,0.48,10.4,5,low,white,82.056,0.09993175392414935,16.94915254237288,126.82926829268295,0.5837058823529412,0.0288135593220339
7.6,0.26,0.36,1.6,0.032,6.0,106.0,0.993,3.15,0.4,10.4,4,low,white,82.056,0.0926196743687238,5.660377358490567,136.8421052631579,0.620625,0.01509433962264151
6.3,0.2,0.58,1.4,0.204,15.0,97.0,0.9931,3.16,0.43,10.0,6,medium,white,78.9,0.07984790874524714,15.463917525773196,158.73015873015873,0.7093571428571429,0.014432989690721649
6.3,0.22,0.57,1.4,0.208,14.0,96.0,0.9932,3.16,0.43,10.0,6,medium,white,78.9,0.07984790874524714,14.583333333333334,158.73015873015873,0.7094285714285714,0.014583333333333332
7.1,0.25,0.28,1.6,0.052,46.0,169.0,0.9926,3.05,0.41,10.5,5,low,white,82.845,0.08570221497978152,27.218934911242602,147.88732394366198,0.620375,0.009467455621301775
7.0,0.27,0.32,6.8,0.047,47.0,193.0,0.9938,3.23,0.39,11.4,6,medium,white,89.946,0.07782447246125453,24.352331606217618,162.85714285714286,0.1461470588235294,0.035233160621761656
8.8,0.34,0.33,9.7,0.036,46.0,172.0,0.9966,3.08,0.4,10.2,5,low,white,80.47800000000001,0.1093466537438803,26.744186046511626,115.90909090909089,0.10274226804123712,0.0563953488372093
9.2,0.27,0.34,10.5,0.043,49.0,228.0,0.9974,3.04,0.41,10.4,6,medium,white,82.056,0.11211855318319196,21.49122807017544,113.04347826086958,0.09499047619047618,0.046052631578947366
7.1,0.49,0.22,2.0,0.047,146.5,307.5,0.9924,3.24,0.37,11.0,3,low,white,86.79,0.08180665975342781,47.642276422764226,154.92957746478874,0.4962,0.0065040650406504065
9.2,0.71,0.23,6.2,0.042,15.0,93.0,0.9948,2.89,0.34,10.1,6,medium,white,79.68900000000001,0.11544880723813825,16.129032258064516,109.78260869565217,0.1604516129032258,0.06666666666666667
7.2,0.47,0.65,8.3,0.083,27.0,182.0,0.9964,3.0,0.35,9.2,5,low,white,72.58800000000001,0.0991899487518598,14.835164835164836,127.77777777777777,0.12004819277108432,0.04560439560439561
6.8,0.28,0.36,1.6,0.04,25.0,87.0,0.9924,3.23,0.66,10.3,6,medium,white,81.26700000000001,0.08367480034946533,28.735632183908045,151.47058823529414,0.62025,0.01839080459770115
8.8,0.34,0.33,9.7,0.036,46.0,172.0,0.9966,3.08,0.4,10.2,5,low,white,80.47800000000001,0.1093466537438803,26.744186046511626,115.90909090909089,0.10274226804123712,0.0563953488372093
9.2,0.27,0.34,10.5,0.043,49.0,228.0,0.9974,3.04,0.41,10.4,6,medium,white,82.056,0.11211855318319196,21.49122807017544,113.04347826086958,0.09499047619047618,0.046052631578947366
7.3,0.13,0.27,4.6,0.08,34.0,172.0,0.9938,3.23,0.39,11.1,7,medium,white,87.57900000000001,0.08335331529247877,19.767441860465116,152.05479452054794,0.2160434782608696,0.026744186046511628
7.2,0.16,0.35,1.2,0.031,27.0,84.0,0.9928,3.33,0.34,9.9,5,low,white,78.111,0.09217651803203133,32.142857142857146,137.5,0.8273333333333334,0.014285714285714285
6.8,0.31,0.32,7.6,0.052,35.0,143.0,0.9959,3.14,0.38,9.0,5,low,white,71.01,0.09576116039994366,24.475524475524477,132.35294117647058,0.13103947368421054,0.05314685314685314
8.3,0.36,0.57,15.0,0.052,35.0,256.0,1.0001,2.93,0.64,8.6,5,low,white,67.854,0.12232145488843695,13.671875,103.61445783132528,0.06667333333333333,0.05859375
6.8,0.31,0.32,7.6,0.052,35.0,143.0,0.9959,3.14,0.38,9.0,5,low,white,71.01,0.09576116039994366,24.475524475524477,132.35294117647058,0.13103947368421054,0.05314685314685314
8.3,0.36,0.57,15.0,0.052,35.0,256.0,1.0001,2.93,0.64,8.6,5,low,white,67.854,0.12232145488843695,13.671875,103.61445783132528,0.06667333333333333,0.05859375
6.3,0.25,0.44,11.6,0.041,48.0,195.0,0.9968,3.18,0.52,9.5,5,low,white,74.955,0.0840504302581549,24.615384615384617,150.79365079365078,0.08593103448275863,0.059487179487179485
6.0,0.45,0.42,1.1,0.051,61.0,197.0,0.9932,3.02,0.4,9.0,5,low,white,71.01,0.08449514152936205,30.96446700507614,150.0,0.9029090909090908,0.005583756345177666
8.1,0.26,0.3,7.8,0.049,39.0,152.0,0.9954,2.99,0.58,10.0,6,medium,white,78.9,0.1026615969581749,25.657894736842106,123.45679012345681,0.1276153846153846,0.05131578947368421
6.4,0.22,0.32,12.0,0.066,57.0,158.0,0.9992,3.6,0.43,9.0,6,medium,white,71.01,0.09012815096465286,36.075949367088604,140.625,0.08326666666666667,0.0759493670886076
5.7,0.45,0.42,1.1,0.051,61.0,197.0,0.9932,3.02,0.4,9.0,5,low,white,71.01,0.08027038445289396,30.96446700507614,157.89473684210526,0.9029090909090908,0.005583756345177666
7.2,0.19,0.31,1.4,0.046,37.0,135.0,0.9939,3.34,0.57,10.2,7,medium,white,80.47800000000001,0.0894654439722657,27.40740740740741,141.66666666666666,0.7099285714285715,0.01037037037037037
6.7,0.31,0.44,6.7,0.054,29.0,160.0,0.9952,3.04,0.44,9.6,5,low,white,75.744,0.08845585128855091,18.125,143.28358208955223,0.1485373134328358,0.041875
8.0,0.25,0.13,17.2,0.036,49.0,219.0,0.9996,2.96,0.46,9.7,5,low,white,76.533,0.10453007199508708,22.37442922374429,121.24999999999999,0.05811627906976745,0.07853881278538813
9.9,1.005,0.46,1.4,0.046,34.0,185.0,0.9966,3.02,0.49,10.2,4,low,white,80.47800000000001,0.12301498546186534,18.37837837837838,103.03030303030303,0.711857142857143,0.0075675675675675675
8.1,0.31,0.36,8.2,0.028,29.0,142.0,0.9925,3.01,0.34,13.0,7,medium,white,102.57000000000001,0.07897045919859608,20.422535211267608,160.49382716049382,0.12103658536585367,0.05774647887323943
8.1,0.24,0.38,4.3,0.044,49.0,172.0,0.996,3.37,0.74,10.8,6,medium,white,85.212,0.09505703422053231,28.488372093023255,133.33333333333334,0.2316279069767442,0.024999999999999998
8.0,0.25,0.13,17.2,0.036,49.0,219.0,0.9996,2.96,0.46,9.7,5,low,white,76.533,0.10453007199508708,22.37442922374429,121.24999999999999,0.05811627906976745,0.07853881278538813
6.4,0.29,0.28,11.1,0.063,66.0,169.0,0.9973,2.89,0.57,9.0,5,low,white,71.01,0.09012815096465286,39.053254437869825,140.625,0.08984684684684685,0.06568047337278106
7.2,0.15,0.33,1.1,0.027,16.0,63.0,0.9937,3.37,0.4,9.9,5,low,white,78.111,0.09217651803203133,25.396825396825395,137.5,0.9033636363636364,0.01746031746031746
7.0,0.12,0.32,7.2,0.058,22.0,89.0,0.9966,3.29,0.38,9.2,6,medium,white,72.58800000000001,0.09643467239764147,24.719101123595504,131.42857142857142,0.13841666666666666,0.08089887640449439
7.4,0.32,0.55,16.6,0.056,53.0,238.0,1.0017,2.96,0.58,8.7,6,medium,white,68.643,0.10780414608918608,22.268907563025213,117.56756756756755,0.0603433734939759,0.06974789915966387
8.5,0.17,0.31,1.0,0.024,13.0,91.0,0.993,2.79,0.37,10.1,5,low,white,79.68900000000001,0.10666465886132338,14.285714285714285,118.82352941176471,0.993,0.01098901098901099
8.5,0.17,0.31,1.0,0.024,13.0,91.0,0.993,2.79,0.37,10.1,5,low,white,79.68900000000001,0.10666465886132338,14.285714285714285,118.82352941176471,0.993,0.01098901098901099
9.5,0.21,0.47,1.3,0.039,21.0,123.0,0.9959,2.9,0.64,9.5,5,low,white,74.955,0.1267427122940431,17.073170731707318,100.0,0.7660769230769231,0.01056910569105691
8.2,0.21,0.48,1.4,0.041,11.0,99.0,0.9958,3.17,0.57,9.9,5,low,white,78.111,0.1049788122031468,11.11111111111111,120.73170731707319,0.7112857142857143,0.01414141414141414
7.4,0.32,0.55,16.6,0.056,53.0,238.0,1.0017,2.96,0.58,8.7,6,medium,white,68.643,0.10780414608918608,22.268907563025213,117.56756756756755,0.0603433734939759,0.06974789915966387
6.8,0.31,0.42,6.9,0.046,50.0,173.0,0.9958,3.19,0.46,9.0,5,low,white,71.01,0.09576116039994366,28.901734104046245,132.35294117647058,0.14431884057971014,0.039884393063583816
6.8,0.27,0.28,13.3,0.076,50.0,163.0,0.9979,3.03,0.38,8.6,6,medium,white,67.854,0.10021516786040617,30.67484662576687,126.47058823529412,0.07503007518796992,0.08159509202453988
7.4,0.21,0.3,8.1,0.047,13.0,114.0,0.9941,3.12,0.35,10.5,6,medium,white,82.845,0.0893234353310399,11.403508771929824,141.89189189189187,0.1227283950617284,0.07105263157894737
8.0,0.23,0.35,9.2,0.044,53.0,186.0,0.997,3.09,0.56,9.5,7,medium,white,74.955,0.1067307050897205,28.49462365591398,118.75,0.10836956521739131,0.04946236559139785
7.6,0.2,0.31,1.4,0.047,41.0,142.0,0.9934,3.43,0.53,10.1,6,medium,white,79.68900000000001,0.09537075380541855,28.87323943661972,132.89473684210526,0.7095714285714286,0.009859154929577464
6.3,0.41,0.3,3.2,0.03,49.0,164.0,0.9927,3.53,0.79,11.7,7,medium,white,92.313,0.06824607585063859,29.878048780487802,185.7142857142857,0.31021875,0.01951219512195122
8.3,0.49,0.43,2.5,0.036,32.0,116.0,0.9944,3.23,0.47,10.7,6,medium,white,84.423,0.09831444037762221,27.586206896551722,128.9156626506024,0.39776,0.021551724137931036
6.3,0.41,0.3,3.2,0.03,49.0,164.0,0.9927,3.53,0.79,11.7,7,medium,white,92.313,0.06824607585063859,29.878048780487802,185.7142857142857,0.31021875,0.01951219512195122
7.6,0.2,0.26,4.5,0.086,37.0,133.0,0.9963,3.15,0.42,9.2,5,low,white,72.58800000000001,0.10470050146029646,27.819548872180448,121.05263157894737,0.22139999999999999,0.03383458646616541
7.5,0.26,0.26,18.35,0.084,33.0,139.0,1.0011,3.17,0.39,8.8,5,low,white,69.432,0.10801935706878672,23.741007194244602,117.33333333333333,0.054555858310626704,0.13201438848920866
7.5,0.26,0.26,18.35,0.084,33.0,139.0,1.0011,3.17,0.39,8.8,5,low,white,69.432,0.10801935706878672,23.741007194244602,117.33333333333333,0.054555858310626704,0.13201438848920866
6.8,0.27,0.35,7.8,0.048,76.0,197.0,0.9959,3.24,0.43,9.5,6,medium,white,74.955,0.09072109932626242,38.578680203045685,139.7058823529412,0.12767948717948718,0.03959390862944162
6.8,0.28,0.37,7.0,0.057,35.0,208.0,0.9973,3.57,0.55,10.2,5,low,white,80.47800000000001,0.08449514152936205,16.826923076923077,150.0,0.14247142857142855,0.03365384615384615
8.4,0.2,0.27,6.3,0.048,30.0,143.0,0.9966,3.25,0.5,9.1,6,medium,white,71.799,0.116993272886809,20.97902097902098,108.33333333333333,0.15819047619047621,0.044055944055944055
7.9,0.33,0.26,1.2,0.044,23.0,103.0,0.9932,3.19,0.54,10.5,6,medium,white,82.845,0.09535880258313718,22.330097087378643,132.91139240506328,0.8276666666666667,0.011650485436893204
7.5,0.38,0.5,12.8,0.042,57.0,184.0,0.9984,3.09,0.46,9.0,6,medium,white,71.01,0.10561892691170258,30.978260869565215,120.0,0.07799999999999999,0.06956521739130435
7.6,0.2,0.3,14.2,0.056,53.0,212.5,0.999,3.14,0.46,8.9,8,high,white,70.221,0.10822973184659858,24.941176470588236,117.10526315789475,0.07035211267605634,0.0668235294117647
7.6,0.2,0.3,14.2,0.056,53.0,212.5,0.999,3.14,0.46,8.9,8,high,white,70.221,0.10822973184659858,24.941176470588236,117.10526315789475,0.07035211267605634,0.0668235294117647
7.6,0.2,0.3,14.2,0.056,53.0,212.5,0.999,3.14,0.46,8.9,8,high,white,70.221,0.10822973184659858,24.941176470588236,117.10526315789475,0.07035211267605634,0.0668235294117647
7.6,0.2,0.3,14.2,0.056,53.0,212.5,0.999,3.14,0.46,8.9,8,high,white,70.221,0.10822973184659858,24.941176470588236,117.10526315789475,0.07035211267605634,0.0668235294117647
7.6,0.2,0.3,14.2,0.056,53.0,212.5,0.999,3.14,0.46,8.9,8,high,white,70.221,0.10822973184659858,24.941176470588236,117.10526315789475,0.07035211267605634,0.0668235294117647
8.1,0.19,0.58,16.65,0.049,48.0,181.0,1.0006,3.2,0.62,9.1,6,medium,white,71.799,0.1128149417122801,26.519337016574585,112.34567901234568,0.0600960960960961,0.09198895027624308
7.6,0.16,0.41,1.9,0.047,27.0,151.0,0.9937,3.2,0.53,10.1,6,medium,white,79.68900000000001,0.09537075380541855,17.880794701986755,132.89473684210526,0.523,0.012582781456953641
8.1,0.22,0.28,7.7,0.043,57.0,176.0,0.9954,3.12,0.55,10.0,5,low,white,78.9,0.1026615969581749,32.38636363636363,123.45679012345681,0.12927272727272726,0.043750000000000004
8.0,0.22,0.32,10.4,0.043,63.0,201.0,0.997,3.11,0.53,9.5,6,medium,white,74.955,0.1067307050897205,31.343283582089555,118.75,0.09586538461538462,0.05174129353233831
7.1,0.33,0.3,3.3,0.034,30.0,102.0,0.9912,3.08,0.31,12.3,7,medium,white,97.04700000000001,0.0731604274217647,29.411764705882355,173.23943661971833,0.3003636363636364,0.032352941176470584
6.4,0.43,0.27,1.1,0.054,5.0,110.0,0.9939,3.24,0.52,9.1,4,low,white,71.799,0.08913773172328306,4.545454545454546,142.18749999999997,0.9035454545454544,0.01
7.6,0.2,0.3,14.2,0.056,53.0,212.5,0.999,3.14,0.46,8.9,8,high,white,70.221,0.10822973184659858,24.941176470588236,117.10526315789475,0.07035211267605634,0.0668235294117647
7.0,0.12,0.28,6.3,0.057,17.0,103.0,0.9957,3.5,0.44,9.6,5,low,white,75.744,0.09241656104773975,16.50485436893204,137.14285714285714,0.15804761904761905,0.061165048543689315
7.4,0.3,0.22,5.25,0.053,33.0,180.0,0.9926,3.13,0.45,11.6,6,medium,white,91.524,0.08085310956688956,18.333333333333332,156.75675675675674,0.18906666666666666,0.029166666666666667
7.0,0.28,0.33,14.6,0.043,47.0,168.0,0.9994,3.34,0.67,8.8,6,medium,white,69.432,0.10081806659753427,27.976190476190478,125.71428571428574,0.06845205479452054,0.0869047619047619
8.4,0.2,0.38,11.8,0.055,51.0,170.0,1.0004,3.34,0.82,8.9,6,medium,white,70.221,0.11962233519887214,30.0,105.95238095238095,0.08477966101694914,0.06941176470588235
7.0,0.28,0.33,14.6,0.043,47.0,168.0,0.9994,3.34,0.67,8.8,6,medium,white,69.432,0.10081806659753427,27.976190476190478,125.71428571428574,0.06845205479452054,0.0869047619047619
8.4,0.2,0.38,11.8,0.055,51.0,170.0,1.0004,3.34,0.82,8.9,6,medium,white,70.221,0.11962233519887214,30.0,105.95238095238095,0.08477966101694914,0.06941176470588235
8.4,0.2,0.38,11.8,0.055,51.0,170.0,1.0004,3.34,0.82,8.9,6,medium,white,70.221,0.11962233519887214,30.0,105.95238095238095,0.08477966101694914,0.06941176470588235
7.3,0.18,0.31,17.3,0.055,32.0,197.0,1.0002,3.13,0.46,9.0,6,medium,white,71.01,0.10280242219405716,16.243654822335024,123.28767123287672,0.0578150289017341,0.08781725888324873
6.8,0.31,0.09,1.4,0.04,56.0,145.0,0.9922,3.19,0.46,10.0,5,low,white,78.9,0.0861850443599493,38.62068965517241,147.05882352941177,0.7087142857142857,0.009655172413793102
6.7,0.31,0.08,1.3,0.038,58.0,147.0,0.9922,3.18,0.46,10.0,5,low,white,78.9,0.08491761723700887,39.455782312925166,149.25373134328356,0.7632307692307692,0.008843537414965987
7.6,0.17,0.35,1.6,0.047,43.0,154.0,0.9934,3.36,0.69,11.1,6,medium,white,87.57900000000001,0.08677879400312859,27.92207792207792,146.05263157894737,0.620875,0.01038961038961039
7.4,0.3,0.22,5.25,0.053,33.0,180.0,0.9926,3.13,0.45,11.6,6,medium,white,91.524,0.08085310956688956,18.333333333333332,156.75675675675674,0.18906666666666666,0.029166666666666667
7.4,0.26,0.31,2.4,0.043,58.0,178.0,0.9941,3.42,0.68,10.6,6,medium,white,83.634,0.08848076141282255,32.58426966292135,143.24324324324323,0.41420833333333335,0.01348314606741573
7.0,0.28,0.33,14.6,0.043,47.0,168.0,0.9994,3.34,0.67,8.8,6,medium,white,69.432,0.10081806659753427,27.976190476190478,125.71428571428574,0.06845205479452054,0.0869047619047619
8.4,0.2,0.38,11.8,0.055,51.0,170.0,1.0004,3.34,0.82,8.9,6,medium,white,70.221,0.11962233519887214,30.0,105.95238095238095,0.08477966101694914,0.06941176470588235
5.6,0.18,0.31,1.5,0.038,16.0,84.0,0.9924,3.34,0.58,10.1,6,medium,white,79.68900000000001,0.07027318701451893,19.047619047619047,180.35714285714286,0.6616,0.017857142857142856
7.2,0.15,0.39,1.8,0.043,21.0,159.0,0.9948,3.52,0.47,10.0,5,low,white,78.9,0.09125475285171102,13.20754716981132,138.88888888888889,0.5526666666666666,0.011320754716981133
8.0,0.4,0.33,7.7,0.034,27.0,98.0,0.9935,3.18,0.41,12.2,7,medium,white,96.25800000000001,0.08310997527478235,27.55102040816326,152.5,0.12902597402597402,0.07857142857142857
7.0,0.25,0.56,2.0,0.035,20.0,95.0,0.9918,3.23,0.53,11.0,6,medium,white,86.79,0.08065445327802742,21.052631578947366,157.14285714285714,0.4959,0.021052631578947368
7.2,0.15,0.39,1.8,0.043,21.0,159.0,0.9948,3.52,0.47,10.0,5,low,white,78.9,0.09125475285171102,13.20754716981132,138.88888888888889,0.5526666666666666,0.011320754716981133
6.8,0.18,0.46,1.4,0.064,37.0,160.0,0.9924,3.37,0.45,11.1,5,low,white,87.57900000000001,0.07764418410806243,23.125,163.23529411764704,0.7088571428571429,0.008749999999999999
6.6,0.32,0.22,16.7,0.046,38.0,133.0,0.9979,3.22,0.67,10.4,6,medium,white,82.056,0.0804328751096812,28.57142857142857,157.5757575757576,0.059754491017964075,0.12556390977443607
9.0,0.55,0.3,8.1,0.026,14.0,71.0,0.993,2.94,0.36,11.8,5,low,white,93.102,0.09666817039376167,19.718309859154928,131.11111111111111,0.1225925925925926,0.11408450704225352
6.9,0.19,0.39,8.0,0.028,22.0,84.0,0.994,3.11,0.66,10.8,6,medium,white,85.212,0.0809745106323053,26.190476190476193,156.52173913043478,0.12425,0.09523809523809523
6.3,0.41,0.33,4.7,0.023,28.0,110.0,0.991,3.3,0.38,12.5,7,medium,white,98.625,0.06387832699619772,25.454545454545453,198.41269841269843,0.21085106382978722,0.04272727272727273
9.0,0.55,0.3,8.1,0.026,14.0,71.0,0.993,2.94,0.36,11.8,5,low,white,93.102,0.09666817039376167,19.718309859154928,131.11111111111111,0.1225925925925926,0.11408450704225352
7.0,0.2,0.34,2.1,0.049,12.0,136.0,0.9922,3.25,0.46,11.6,7,medium,white,91.524,0.07648267121192255,8.823529411764707,165.7142857142857,0.47247619047619044,0.015441176470588236
6.6,0.32,0.22,16.7,0.046,38.0,133.0,0.9979,3.22,0.67,10.4,6,medium,white,82.056,0.0804328751096812,28.57142857142857,157.5757575757576,0.059754491017964075,0.12556390977443607
7.7,0.26,0.34,6.4,0.05,36.0,163.0,0.9937,3.19,0.7,11.5,6,medium,white,90.735,0.08486251170992451,22.085889570552148,149.35064935064935,0.155265625,0.0392638036809816
6.3,0.21,0.28,1.5,0.051,46.0,142.0,0.9928,3.23,0.42,10.1,6,medium,white,79.68900000000001,0.0790573353913338,32.3943661971831,160.31746031746033,0.6618666666666667,0.01056338028169014
7.6,0.34,0.39,7.6,0.04,45.0,215.0,0.9965,3.11,0.53,9.2,6,medium,white,72.58800000000001,0.10470050146029646,20.930232558139537,121.05263157894737,0.13111842105263158,0.035348837209302326
6.3,0.21,0.28,1.5,0.051,46.0,142.0,0.9928,3.23,0.42,10.1,6,medium,white,79.68900000000001,0.0790573353913338,32.3943661971831,160.31746031746033,0.6618666666666667,0.01056338028169014
8.0,0.43,0.4,12.4,0.168,29.0,190.0,0.9991,3.07,0.64,9.2,5,low,white,72.58800000000001,0.11021105416873311,15.263157894736842,114.99999999999999,0.08057258064516129,0.06526315789473684
7.5,0.3,0.71,1.3,0.16,44.0,149.0,0.9948,3.08,0.42,8.9,5,low,white,70.221,0.1068056564275644,29.53020134228188,118.66666666666667,0.7652307692307693,0.008724832214765102
6.4,0.26,0.4,1.7,0.179,5.0,60.0,0.9925,3.09,0.54,10.1,5,low,white,79.68900000000001,0.0803122137308788,8.333333333333332,157.81249999999997,0.5838235294117647,0.028333333333333332
6.9,0.32,0.15,8.1,0.046,51.0,180.0,0.9958,3.13,0.45,8.9,5,low,white,70.221,0.09826120391335925,28.333333333333332,128.9855072463768,0.12293827160493828,0.045
8.9,0.21,0.34,7.1,0.037,33.0,150.0,0.9962,3.1,0.45,9.7,6,medium,white,76.533,0.11628970509453439,22.0,108.98876404494379,0.14030985915492958,0.04733333333333333
7.6,0.34,0.39,7.6,0.04,45.0,215.0,0.9965,3.11,0.53,9.2,6,medium,white,72.58800000000001,0.10470050146029646,20.930232558139537,121.05263157894737,0.13111842105263158,0.035348837209302326
9.5,0.42,0.41,2.3,0.034,22.0,145.0,0.9951,3.06,0.52,11.0,6,medium,white,86.79,0.1094596151630372,15.172413793103448,115.78947368421053,0.4326521739130435,0.01586206896551724
7.6,0.29,0.26,6.5,0.042,32.0,160.0,0.9944,3.14,0.47,10.7,5,low,white,84.423,0.09002286106866611,20.0,140.78947368421052,0.15298461538461539,0.040625
6.5,0.25,0.2,1.4,0.024,29.0,101.0,0.9916,3.24,0.54,10.8,6,medium,white,85.212,0.0762803361028963,28.71287128712871,166.15384615384616,0.7082857142857144,0.01386138613861386
7.2,0.23,0.33,12.7,0.049,50.0,183.0,0.9987,3.41,0.4,9.8,5,low,white,77.322,0.0931170947466439,27.322404371584703,136.11111111111111,0.07863779527559056,0.06939890710382514
7.9,0.35,0.36,1.6,0.038,11.0,124.0,0.9928,3.25,0.48,11.0,5,low,white,86.79,0.09102431155663095,8.870967741935484,139.2405063291139,0.6204999999999999,0.012903225806451613
8.8,0.2,0.28,1.1,0.018,18.0,72.0,0.9926,2.97,0.35,10.4,5,low,white,82.056,0.10724383347957493,25.0,118.18181818181816,0.9023636363636364,0.015277777777777779
5.7,0.27,0.32,1.2,0.046,20.0,155.0,0.9934,3.8,0.41,10.2,6,medium,white,80.47800000000001,0.07082680981137701,12.903225806451612,178.9473684210526,0.8278333333333333,0.007741935483870968
7.6,0.29,0.26,6.5,0.042,32.0,160.0,0.9944,3.14,0.47,10.7,5,low,white,84.423,0.09002286106866611,20.0,140.78947368421052,0.15298461538461539,0.040625
5.5,0.14,0.27,4.6,0.029,22.0,104.0,0.9949,3.34,0.44,9.0,5,low,white,71.01,0.07745387973524855,21.153846153846153,163.63636363636365,0.2162826086956522,0.044230769230769226
8.7,0.24,0.35,0.6,0.042,11.0,71.0,0.9926,3.08,0.38,10.6,5,low,white,83.634,0.10402467895831838,15.492957746478872,121.83908045977012,1.6543333333333334,0.008450704225352112
6.7,0.3,0.45,10.6,0.032,56.0,212.0,0.997,3.22,0.59,9.5,6,medium,white,74.955,0.08938696551264093,26.41509433962264,141.79104477611938,0.09405660377358491,0.049999999999999996
5.5,0.14,0.27,4.6,0.029,22.0,104.0,0.9949,3.34,0.44,9.0,5,low,white,71.01,0.07745387973524855,21.153846153846153,163.63636363636365,0.2162826086956522,0.044230769230769226
5.6,0.13,0.27,4.8,0.028,22.0,104.0,0.9948,3.34,0.45,9.2,6,medium,white,72.58800000000001,0.07714773791811318,21.153846153846153,164.28571428571428,0.20725000000000002,0.04615384615384615
7.4,0.18,0.34,2.7,0.03,30.0,107.0,0.992,2.97,0.53,11.0,6,medium,white,86.79,0.08526327917962899,28.037383177570092,148.64864864864865,0.3674074074074074,0.025233644859813085
5.7,0.385,0.04,12.6,0.034,22.0,115.0,0.9964,3.28,0.63,9.9,6,medium,white,78.111,0.07297307677535814,19.130434782608695,173.6842105263158,0.07907936507936508,0.10956521739130434
8.7,0.24,0.35,0.6,0.042,11.0,71.0,0.9926,3.08,0.38,10.6,5,low,white,83.634,0.10402467895831838,15.492957746478872,121.83908045977012,1.6543333333333334,0.008450704225352112
8.3,0.33,0.43,9.2,0.046,22.0,126.0,0.9982,3.38,0.47,9.3,5,low,white,73.37700000000001,0.11311446366027501,17.46031746031746,112.04819277108433,0.1085,0.073015873015873
6.8,0.34,0.44,6.6,0.052,28.0,156.0,0.9955,3.14,0.41,9.6,5,low,white,75.744,0.08977608787494719,17.94871794871795,141.1764705882353,0.15083333333333335,0.0423076923076923
6.8,0.33,0.44,7.0,0.05,29.0,155.0,0.9955,3.14,0.42,9.5,5,low,white,74.955,0.09072109932626242,18.70967741935484,139.7058823529412,0.1422142857142857,0.04516129032258064
6.3,0.28,0.24,8.45,0.031,32.0,172.0,0.9958,3.39,0.57,9.7,7,medium,white,76.533,0.08231743169613108,18.6046511627907,153.96825396825395,0.11784615384615386,0.049127906976744184
11.8,0.23,0.38,11.1,0.034,15.0,123.0,0.9997,2.93,0.55,9.7,3,low,white,76.533,0.15418185619275346,12.195121951219512,82.20338983050847,0.09006306306306307,0.09024390243902439
6.8,0.21,0.27,18.15,0.042,41.0,146.0,1.0001,3.3,0.36,8.7,5,low,white,68.643,0.09906326937925207,28.08219178082192,127.94117647058823,0.05510192837465565,0.12431506849315067
6.8,0.21,0.27,18.15,0.042,41.0,146.0,1.0001,3.3,0.36,8.7,5,low,white,68.643,0.09906326937925207,28.08219178082192,127.94117647058823,0.05510192837465565,0.12431506849315067
8.6,0.485,0.29,4.1,0.026,19.0,101.0,0.9918,3.01,0.38,12.4,5,low,white,97.836,0.08790220368780408,18.81188118811881,144.18604651162792,0.24190243902439026,0.04059405940594059
8.6,0.485,0.29,4.1,0.026,19.0,101.0,0.9918,3.01,0.38,12.4,5,low,white,97.836,0.08790220368780408,18.81188118811881,144.18604651162792,0.24190243902439026,0.04059405940594059
7.3,0.29,0.29,4.6,0.029,27.0,155.0,0.9931,3.07,0.26,10.6,6,medium,white,83.634,0.0872850754477844,17.419354838709676,145.2054794520548,0.2158913043478261,0.029677419354838707
6.8,0.21,0.27,18.15,0.042,41.0,146.0,1.0001,3.3,0.36,8.7,5,low,white,68.643,0.09906326937925207,28.08219178082192,127.94117647058823,0.05510192837465565,0.12431506849315067
6.7,0.31,0.31,4.9,0.031,20.0,151.0,0.9926,3.36,0.82,12.0,7,medium,white,94.68,0.07076468103084073,13.245033112582782,179.1044776119403,0.20257142857142857,0.03245033112582782
7.3,0.29,0.37,8.3,0.044,45.0,227.0,0.9966,3.12,0.47,9.0,5,low,white,71.01,0.10280242219405716,19.823788546255507,123.28767123287672,0.1200722891566265,0.03656387665198238
5.7,0.46,0.46,1.4,0.04,31.0,169.0,0.9932,3.13,0.47,8.8,5,low,white,69.432,0.08209471137227792,18.34319526627219,154.3859649122807,0.7094285714285714,0.008284023668639054
6.8,0.28,0.44,11.5,0.04,58.0,223.0,0.9969,3.22,0.56,9.5,5,low,white,74.955,0.09072109932626242,26.00896860986547,139.7058823529412,0.08668695652173913,0.0515695067264574
6.7,0.23,0.33,1.8,0.036,23.0,96.0,0.9925,3.32,0.4,10.8,6,medium,white,85.212,0.07862742336760081,23.958333333333336,161.19402985074626,0.5513888888888889,0.01875
6.9,0.17,0.25,1.6,0.047,34.0,132.0,0.9914,3.16,0.48,11.4,5,low,white,89.946,0.07671269428323661,25.757575757575758,165.2173913043478,0.619625,0.012121212121212121
7.6,0.18,0.36,2.4,0.049,38.0,123.0,0.996,3.6,0.46,10.3,5,low,white,81.26700000000001,0.09351889450822595,30.89430894308943,135.5263157894737,0.41500000000000004,0.01951219512195122
6.6,0.22,0.28,4.9,0.042,51.0,180.0,0.9952,3.3,0.75,9.5,6,medium,white,74.955,0.08805283169901941,28.333333333333332,143.93939393939394,0.20310204081632652,0.027222222222222224
7.8,0.27,0.28,1.8,0.05,21.0,127.0,0.9934,3.15,0.44,9.9,5,low,white,78.111,0.0998578945347006,16.535433070866144,126.92307692307693,0.5518888888888889,0.014173228346456693
7.7,0.28,0.29,4.3,0.051,25.0,142.0,0.9939,3.16,0.39,10.2,5,low,white,80.47800000000001,0.09567832202589527,17.6056338028169,132.46753246753244,0.23113953488372094,0.030281690140845068
7.6,0.29,0.29,4.4,0.051,26.0,146.0,0.9939,3.16,0.39,10.2,5,low,white,80.47800000000001,0.09443574641516934,17.80821917808219,134.21052631578948,0.2258863636363636,0.030136986301369864
5.7,0.32,0.18,1.4,0.029,26.0,104.0,0.9906,3.44,0.37,11.0,6,medium,white,86.79,0.06567576909782233,25.0,192.98245614035088,0.7075714285714286,0.01346153846153846
7.1,0.33,0.25,1.6,0.03,25.0,126.0,0.9901,3.22,0.34,12.1,7,medium,white,95.46900000000001,0.07436969068493436,19.841269841269842,170.4225352112676,0.6188125,0.012698412698412698
7.3,0.34,0.3,1.3,0.057,25.0,173.0,0.9948,3.26,0.51,9.1,6,medium,white,71.799,0.10167272524686972,14.450867052023122,124.65753424657532,0.7652307692307693,0.007514450867052024
6.5,0.19,0.26,5.2,0.04,31.0,140.0,0.995,3.26,0.68,9.5,6,medium,white,74.955,0.0867186978853979,22.142857142857142,146.15384615384613,0.19134615384615383,0.037142857142857144
6.6,0.23,0.27,5.6,0.043,43.0,164.0,0.9953,3.27,0.76,9.5,5,low,white,74.955,0.08805283169901941,26.21951219512195,143.93939393939394,0.17773214285714287,0.03414634146341463
6.6,0.27,0.29,5.3,0.045,57.0,189.0,0.9953,3.31,0.79,9.8,5,low,white,77.322,0.08535733685109023,30.158730158730158,148.4848484848485,0.18779245283018867,0.028042328042328042
6.6,0.22,0.28,4.9,0.042,51.0,180.0,0.9952,3.3,0.75,9.5,6,medium,white,74.955,0.08805283169901941,28.333333333333332,143.93939393939394,0.20310204081632652,0.027222222222222224
7.6,0.18,0.36,2.4,0.049,38.0,123.0,0.996,3.6,0.46,10.3,5,low,white,81.26700000000001,0.09351889450822595,30.89430894308943,135.5263157894737,0.41500000000000004,0.01951219512195122
6.8,0.36,0.32,1.6,0.039,10.0,124.0,0.9948,3.3,0.67,9.6,5,low,white,75.744,0.08977608787494719,8.064516129032258,141.1764705882353,0.62175,0.012903225806451613
7.0,0.22,0.39,2.1,0.055,39.0,198.0,0.9951,3.52,0.54,10.2,6,medium,white,80.47800000000001,0.08698029275081388,19.696969696969695,145.7142857142857,0.4738571428571428,0.010606060606060607
5.9,0.17,0.3,1.4,0.042,25.0,119.0,0.9931,3.68,0.72,10.5,6,medium,white,82.845,0.07121733357474803,21.008403361344538,177.96610169491524,0.7093571428571429,0.011764705882352941
7.4,0.45,0.32,7.1,0.044,17.0,117.0,0.9962,3.32,0.41,10.4,4,low,white,82.056,0.09018231451691529,14.529914529914532,140.54054054054055,0.14030985915492958,0.06068376068376068
6.8,0.36,0.32,1.6,0.039,10.0,124.0,0.9948,3.3,0.67,9.6,5,low,white,75.744,0.08977608787494719,8.064516129032258,141.1764705882353,0.62175,0.012903225806451613
7.5,0.42,0.14,10.7,0.046,18.0,95.0,0.9959,3.22,0.33,10.7,5,low,white,84.423,0.08883834973881526,18.947368421052634,142.66666666666666,0.0930747663551402,0.11263157894736842
7.5,0.33,0.32,11.1,0.036,25.0,119.0,0.9962,3.15,0.34,10.5,6,medium,white,82.845,0.09053050878145935,21.008403361344538,140.0,0.08974774774774774,0.09327731092436975
9.4,0.3,0.32,10.7,0.029,14.0,111.0,0.9958,2.85,0.42,10.6,5,low,white,83.634,0.11239448071358539,12.612612612612612,112.7659574468085,0.09306542056074767,0.09639639639639638
7.9,0.17,0.32,1.6,0.053,47.0,150.0,0.9948,3.29,0.76,9.6,6,medium,white,75.744,0.1042986903253063,31.333333333333336,121.51898734177213,0.62175,0.010666666666666668
7.9,0.17,0.32,1.6,0.053,47.0,150.0,0.9948,3.29,0.76,9.6,6,medium,white,75.744,0.1042986903253063,31.333333333333336,121.51898734177213,0.62175,0.010666666666666668
8.2,0.17,0.32,1.5,0.05,17.0,101.0,0.994,3.14,0.58,9.5,5,low,white,74.955,0.1093989727169635,16.831683168316832,115.85365853658539,0.6626666666666666,0.01485148514851485
8.3,0.17,0.31,1.5,0.049,48.0,153.0,0.9942,3.12,0.58,9.4,6,medium,white,74.166,0.111911118302187,31.372549019607842,113.25301204819276,0.6628,0.00980392156862745
8.7,0.15,0.3,1.6,0.046,29.0,130.0,0.9942,3.22,0.38,9.8,6,medium,white,77.322,0.11251648948552803,22.30769230769231,112.64367816091956,0.6213749999999999,0.012307692307692308
7.9,0.17,0.32,1.6,0.053,47.0,150.0,0.9948,3.29,0.76,9.6,6,medium,white,75.744,0.1042986903253063,31.333333333333336,121.51898734177213,0.62175,0.010666666666666668
7.2,0.25,0.19,8.0,0.044,51.0,172.0,0.9964,3.16,0.44,9.2,5,low,white,72.58800000000001,0.0991899487518598,29.651162790697676,127.77777777777777,0.12455,0.046511627906976744
7.2,0.24,0.19,7.7,0.045,53.0,176.0,0.9958,3.17,0.38,9.5,5,low,white,74.955,0.09605763458074845,30.113636363636363,131.94444444444443,0.12932467532467531,0.043750000000000004
5.3,0.76,0.03,2.7,0.043,27.0,93.0,0.9932,3.34,0.38,9.2,5,low,white,72.58800000000001,0.07301482338678568,29.03225806451613,173.58490566037733,0.3678518518518518,0.02903225806451613
6.6,0.22,0.53,15.1,0.052,22.0,136.0,0.9986,2.94,0.35,9.4,5,low,white,74.166,0.08898956395113664,16.176470588235293,142.42424242424244,0.06613245033112583,0.11102941176470588
6.6,0.22,0.53,15.1,0.052,22.0,136.0,0.9986,2.94,0.35,9.4,5,low,white,74.166,0.08898956395113664,16.176470588235293,142.42424242424244,0.06613245033112583,0.11102941176470588
8.4,0.28,0.4,8.9,0.048,33.0,146.0,0.9988,3.4,0.46,9.3,5,low,white,73.37700000000001,0.11447728852365181,22.602739726027394,110.71428571428572,0.1122247191011236,0.06095890410958904
6.8,0.32,0.34,6.0,0.05,5.0,129.0,0.9953,3.19,0.4,9.1,5,low,white,71.799,0.09470883995598824,3.875968992248062,133.8235294117647,0.16588333333333333,0.046511627906976744
6.7,0.24,0.33,12.3,0.046,31.0,145.0,0.9983,3.36,0.4,9.5,5,low,white,74.955,0.08938696551264093,21.379310344827587,141.79104477611938,0.08116260162601625,0.08482758620689655
7.4,0.18,0.36,13.1,0.056,72.0,163.0,1.0,3.42,0.35,9.1,6,medium,white,71.799,0.10306550230504603,44.171779141104295,122.97297297297295,0.07633587786259542,0.0803680981595092
6.0,0.16,0.3,6.7,0.043,43.0,153.0,0.9951,3.63,0.46,10.6,5,low,white,83.634,0.07174115790228855,28.104575163398692,176.66666666666666,0.1485223880597015,0.04379084967320262
6.7,0.24,0.33,12.3,0.046,31.0,145.0,0.9983,3.36,0.4,9.5,5,low,white,74.955,0.08938696551264093,21.379310344827587,141.79104477611938,0.08116260162601625,0.08482758620689655
6.8,0.28,0.35,2.3,0.042,16.0,85.0,0.9906,3.19,0.56,12.4,6,medium,white,97.836,0.06950406803221718,18.823529411764707,182.3529411764706,0.4306956521739131,0.027058823529411764
6.2,0.34,0.3,11.1,0.047,28.0,237.0,0.9981,3.18,0.49,8.7,5,low,white,68.643,0.09032239266931807,11.814345991561181,140.32258064516128,0.08991891891891893,0.04683544303797468
6.0,0.27,0.15,1.5,0.056,35.0,128.0,0.9936,3.12,0.45,8.8,5,low,white,69.432,0.08641548565502938,27.34375,146.66666666666669,0.6624,0.01171875
6.0,0.16,0.3,6.7,0.043,43.0,153.0,0.9951,3.63,0.46,10.6,5,low,white,83.634,0.07174115790228855,28.104575163398692,176.66666666666666,0.1485223880597015,0.04379084967320262
6.8,0.32,0.34,6.0,0.05,5.0,129.0,0.9953,3.19,0.4,9.1,5,low,white,71.799,0.09470883995598824,3.875968992248062,133.8235294117647,0.16588333333333333,0.046511627906976744
8.5,0.24,0.47,15.2,0.057,40.0,234.0,1.0005,3.02,0.66,9.0,5,low,white,71.01,0.11970145049992958,17.094017094017094,105.88235294117648,0.06582236842105263,0.06495726495726495
8.1,0.24,0.33,10.2,0.048,46.0,141.0,0.9972,3.16,0.48,10.3,6,medium,white,81.26700000000001,0.09967145335745135,32.62411347517731,127.16049382716051,0.09776470588235295,0.07234042553191489
7.4,0.18,0.36,13.1,0.056,72.0,163.0,1.0,3.42,0.35,9.1,6,medium,white,71.799,0.10306550230504603,44.171779141104295,122.97297297297295,0.07633587786259542,0.0803680981595092
7.7,0.23,0.31,10.7,0.038,59.0,186.0,0.9969,3.12,0.55,9.5,6,medium,white,74.955,0.10272830364885599,31.72043010752688,123.37662337662339,0.09316822429906543,0.057526881720430106
6.5,0.22,0.25,17.1,0.05,44.0,138.0,1.0001,3.3,0.37,8.8,5,low,white,69.432,0.09361677612628183,31.88405797101449,135.3846153846154,0.05848538011695906,0.12391304347826088
6.5,0.22,0.25,17.1,0.05,44.0,138.0,1.0001,3.3,0.37,8.8,5,low,white,69.432,0.09361677612628183,31.88405797101449,135.3846153846154,0.05848538011695906,0.12391304347826088
6.5,0.22,0.25,17.1,0.05,44.0,138.0,1.0001,3.3,0.37,8.8,5,low,white,69.432,0.09361677612628183,31.88405797101449,135.3846153846154,0.05848538011695906,0.12391304347826088
5.7,0.33,0.15,1.9,0.05,20.0,93.0,0.9934,3.38,0.62,9.9,5,low,white,78.111,0.07297307677535814,21.50537634408602,173.6842105263158,0.5228421052631579,0.020430107526881718
7.7,0.23,0.31,10.7,0.038,59.0,186.0,0.9969,3.12,0.55,9.5,6,medium,white,74.955,0.10272830364885599,31.72043010752688,123.37662337662339,0.09316822429906543,0.057526881720430106
6.5,0.22,0.25,17.1,0.05,44.0,138.0,1.0001,3.3,0.37,8.8,5,low,white,69.432,0.09361677612628183,31.88405797101449,135.3846153846154,0.05848538011695906,0.12391304347826088
6.8,0.2,0.27,1.2,0.034,19.0,68.0,0.9902,3.14,0.37,11.7,4,low,white,92.313,0.07366243107687974,27.941176470588236,172.05882352941174,0.8251666666666667,0.01764705882352941
7.7,0.26,0.32,1.2,0.04,26.0,117.0,0.993,3.21,0.56,10.8,5,low,white,85.212,0.09036285969112332,22.22222222222222,140.25974025974025,0.8275,0.010256410256410256
6.4,0.2,0.32,3.1,0.041,18.0,126.0,0.9914,3.43,0.42,12.0,6,medium,white,94.68,0.06759611322348964,14.285714285714285,187.5,0.3198064516129032,0.024603174603174603
8.0,0.16,0.36,1.5,0.033,14.0,122.0,0.9941,3.2,0.39,10.3,4,low,white,81.26700000000001,0.09844094158760627,11.475409836065573,128.75,0.6627333333333333,0.012295081967213115
6.8,0.25,0.27,10.7,0.076,47.0,154.0,0.9967,3.05,0.38,9.0,5,low,white,71.01,0.09576116039994366,30.519480519480517,132.35294117647058,0.09314953271028038,0.06948051948051948
7.7,0.39,0.28,4.9,0.035,36.0,109.0,0.9918,3.19,0.58,12.2,7,medium,white,96.25800000000001,0.07999335120197801,33.02752293577982,158.4415584415584,0.2024081632653061,0.044954128440366975
6.9,0.26,0.33,12.6,0.051,59.0,173.0,0.998,3.39,0.38,9.9,5,low,white,78.111,0.0883358297806967,34.104046242774565,143.47826086956522,0.07920634920634921,0.07283236994219652
6.8,0.25,0.27,10.7,0.076,47.0,154.0,0.9967,3.05,0.38,9.0,5,low,white,71.01,0.09576116039994366,30.519480519480517,132.35294117647058,0.09314953271028038,0.06948051948051948
7.7,0.39,0.28,4.9,0.035,36.0,109.0,0.9918,3.19,0.58,12.2,7,medium,white,96.25800000000001,0.07999335120197801,33.02752293577982,158.4415584415584,0.2024081632653061,0.044954128440366975
6.0,0.28,0.22,12.15,0.048,42.0,163.0,0.9957,3.2,0.46,10.1,5,low,white,79.68900000000001,0.07529270037269886,25.766871165644172,168.33333333333334,0.08195061728395062,0.0745398773006135
6.5,0.43,0.28,12.0,0.056,23.0,174.0,0.9986,3.31,0.55,9.3,5,low,white,73.37700000000001,0.08858361611949248,13.218390804597702,143.07692307692307,0.08321666666666667,0.06896551724137931
9.1,0.33,0.38,1.7,0.062,50.5,344.0,0.9958,3.1,0.7,9.5,5,low,white,74.955,0.12140617703955707,14.680232558139537,104.39560439560441,0.585764705882353,0.004941860465116279
5.9,0.5,0.05,2.6,0.054,36.0,146.0,0.9948,3.43,0.5,9.2,6,medium,white,72.58800000000001,0.08128065244944067,24.65753424657534,155.9322033898305,0.38261538461538463,0.01780821917808219
6.8,0.28,0.39,1.4,0.036,15.0,115.0,0.9918,3.27,0.72,11.7,5,low,white,92.313,0.07366243107687974,13.043478260869565,172.05882352941174,0.7084285714285715,0.01217391304347826
7.0,0.35,0.24,1.9,0.04,21.0,144.0,0.9923,3.35,0.38,11.0,5,low,white,86.79,0.08065445327802742,14.583333333333334,157.14285714285714,0.5222631578947369,0.013194444444444444
7.1,0.22,0.32,16.9,0.056,49.0,158.0,0.9998,3.37,0.38,9.6,6,medium,white,75.744,0.09373679763413603,31.0126582278481,135.2112676056338,0.059159763313609476,0.10696202531645568
7.1,0.22,0.32,16.9,0.056,49.0,158.0,0.9998,3.37,0.38,9.6,6,medium,white,75.744,0.09373679763413603,31.0126582278481,135.2112676056338,0.059159763313609476,0.10696202531645568
8.3,0.24,0.27,2.1,0.03,22.0,162.0,0.9914,2.99,0.68,11.9,6,medium,white,93.891,0.08840037916307207,13.580246913580247,143.37349397590359,0.47209523809523807,0.012962962962962964
6.8,0.26,0.32,7.0,0.041,38.0,118.0,0.9939,3.25,0.52,10.8,6,medium,white,85.212,0.07980096699995305,32.20338983050847,158.82352941176472,0.1419857142857143,0.059322033898305086
7.2,0.16,0.26,7.1,0.054,41.0,224.0,0.9966,3.38,0.55,10.1,5,low,white,79.68900000000001,0.09035124044723863,18.303571428571427,140.27777777777777,0.14036619718309862,0.03169642857142857
7.9,0.18,0.36,5.9,0.058,31.0,132.0,0.995,3.25,0.52,10.9,6,medium,white,86.001,0.091859396983756,23.484848484848484,137.9746835443038,0.16864406779661015,0.0446969696969697
7.2,0.16,0.26,7.1,0.054,41.0,224.0,0.9966,3.38,0.55,10.1,5,low,white,79.68900000000001,0.09035124044723863,18.303571428571427,140.27777777777777,0.14036619718309862,0.03169642857142857
5.5,0.24,0.32,8.7,0.06,19.0,102.0,0.994,3.27,0.31,10.4,5,low,white,82.056,0.06702739592473433,18.627450980392158,189.0909090909091,0.1142528735632184,0.08529411764705881
7.1,0.33,0.64,13.2,0.056,12.0,105.0,0.9972,3.05,0.39,9.2,5,low,white,72.58800000000001,0.09781231057475064,11.428571428571429,129.5774647887324,0.07554545454545455,0.1257142857142857
7.7,0.28,0.35,15.3,0.056,31.0,117.0,0.9998,3.27,0.5,9.6,5,low,white,75.744,0.10165821715251373,26.495726495726498,124.67532467532467,0.06534640522875816,0.13076923076923078
7.7,0.28,0.35,15.3,0.056,31.0,117.0,0.9998,3.27,0.5,9.6,5,low,white,75.744,0.10165821715251373,26.495726495726498,124.67532467532467,0.06534640522875816,0.13076923076923078
7.5,0.26,0.52,13.2,0.047,64.0,179.0,0.9982,3.1,0.46,9.0,5,low,white,71.01,0.10561892691170258,35.754189944134076,120.0,0.07562121212121212,0.07374301675977653
6.5,0.14,0.32,2.7,0.037,18.0,89.0,0.9924,3.4,0.74,11.5,7,medium,white,90.735,0.07163718520967653,20.224719101123593,176.9230769230769,0.3675555555555555,0.030337078651685397
8.2,0.21,0.32,10.65,0.053,53.0,145.0,0.9972,3.17,0.48,10.2,6,medium,white,80.47800000000001,0.10189120007952482,36.55172413793103,124.39024390243902,0.09363380281690141,0.07344827586206897
7.2,0.2,0.31,10.0,0.054,49.0,165.0,0.997,3.4,0.42,9.9,6,medium,white,78.111,0.09217651803203133,29.6969696969697,137.5,0.0997,0.06060606060606061
7.2,0.115,0.3,6.8,0.056,26.0,105.0,0.9954,3.44,0.4,9.6,6,medium,white,75.744,0.09505703422053233,24.761904761904763,133.33333333333331,0.14638235294117646,0.06476190476190476
6.4,0.29,0.2,15.6,0.04,20.0,142.0,0.9962,3.1,0.54,10.6,5,low,white,83.634,0.07652390176244112,14.084507042253522,165.62499999999997,0.06385897435897436,0.10985915492957746
7.1,0.33,0.64,13.2,0.056,12.0,105.0,0.9972,3.05,0.39,9.2,5,low,white,72.58800000000001,0.09781231057475064,11.428571428571429,129.5774647887324,0.07554545454545455,0.1257142857142857
6.8,0.24,0.34,5.1,0.038,31.0,99.0,0.9921,3.24,0.46,11.8,6,medium,white,93.102,0.07303817318639771,31.313131313131315,173.52941176470588,0.1945294117647059,0.051515151515151514
7.0,0.24,0.34,3.0,0.035,36.0,102.0,0.9905,3.18,0.43,12.2,6,medium,white,96.25800000000001,0.07272122836543456,35.294117647058826,174.28571428571428,0.33016666666666666,0.029411764705882353
7.7,0.28,0.35,15.3,0.056,31.0,117.0,0.9998,3.27,0.5,9.6,5,low,white,75.744,0.10165821715251373,26.495726495726498,124.67532467532467,0.06534640522875816,0.13076923076923078
7.0,0.22,0.33,2.1,0.052,15.0,76.0,0.993,3.2,0.41,10.6,6,medium,white,83.634,0.08369801755266996,19.736842105263158,151.42857142857142,0.4728571428571428,0.027631578947368424
7.5,0.18,0.39,1.9,0.054,23.0,91.0,0.9941,3.27,0.45,10.3,6,medium,white,81.26700000000001,0.09228838273838089,25.274725274725274,137.33333333333334,0.5232105263157895,0.020879120879120878
9.8,0.93,0.45,8.6,0.052,34.0,187.0,0.9994,3.12,0.59,10.2,4,low,white,80.47800000000001,0.12177240985113943,18.181818181818183,104.0816326530612,0.1162093023255814,0.045989304812834225
7.8,0.29,0.33,8.75,0.035,33.0,181.0,0.9962,3.11,0.46,10.7,5,low,white,84.423,0.09239188372836786,18.23204419889503,137.17948717948718,0.11385142857142856,0.04834254143646409
7.9,0.28,0.32,3.6,0.038,9.0,76.0,0.992,3.05,0.31,11.7,4,low,white,92.313,0.0855784125746103,11.842105263157894,148.1012658227848,0.27555555555555555,0.04736842105263158
8.5,0.25,0.27,4.7,0.031,31.0,92.0,0.9922,3.01,0.33,12.0,6,medium,white,94.68,0.08977608787494719,33.69565217391305,141.1764705882353,0.2111063829787234,0.051086956521739134
7.4,0.18,0.27,1.3,0.048,26.0,105.0,0.994,3.52,0.66,10.6,6,medium,white,83.634,0.08848076141282255,24.761904761904763,143.24324324324323,0.7646153846153846,0.012380952380952381
6.3,0.24,0.37,1.8,0.031,6.0,61.0,0.9897,3.3,0.34,12.2,4,low,white,96.25800000000001,0.06544910552889109,9.836065573770492,193.65079365079364,0.5498333333333333,0.029508196721311476
6.0,0.33,0.38,9.7,0.04,29.0,124.0,0.9954,3.47,0.48,11.0,6,medium,white,86.79,0.0691323885240235,23.387096774193548,183.33333333333331,0.10261855670103093,0.0782258064516129
6.8,0.37,0.28,4.0,0.03,29.0,79.0,0.99,3.23,0.46,12.4,7,medium,white,97.836,0.06950406803221718,36.708860759493675,182.3529411764706,0.2475,0.05063291139240506
9.9,0.49,0.23,2.4,0.087,19.0,115.0,0.9948,2.77,0.44,9.4,6,medium,white,74.166,0.13348434592670497,16.52173913043478,94.94949494949495,0.41450000000000004,0.020869565217391303
8.5,0.25,0.27,4.7,0.031,31.0,92.0,0.9922,3.01,0.33,12.0,6,medium,white,94.68,0.08977608787494719,33.69565217391305,141.1764705882353,0.2111063829787234,0.051086956521739134
8.4,0.22,0.28,18.8,0.028,55.0,130.0,0.998,2.96,0.35,11.6,5,low,white,91.524,0.09177920545430707,42.30769230769231,138.0952380952381,0.05308510638297872,0.14461538461538462
7.0,0.35,0.31,1.8,0.069,15.0,162.0,0.9944,3.18,0.47,9.4,5,low,white,74.166,0.09438287085726614,9.25925925925926,134.2857142857143,0.5524444444444444,0.011111111111111112
7.0,0.35,0.31,1.8,0.069,15.0,162.0,0.9944,3.18,0.47,9.4,5,low,white,74.166,0.09438287085726614,9.25925925925926,134.2857142857143,0.5524444444444444,0.011111111111111112
7.4,0.19,0.3,12.8,0.053,48.5,229.0,0.9986,3.14,0.49,9.1,7,medium,white,71.799,0.10306550230504603,21.17903930131004,122.97297297297295,0.078015625,0.05589519650655022
7.4,0.19,0.3,12.8,0.053,48.5,229.0,0.9986,3.14,0.49,9.1,7,medium,white,71.799,0.10306550230504603,21.17903930131004,122.97297297297295,0.078015625,0.05589519650655022
7.4,0.19,0.3,12.8,0.053,48.5,229.0,0.9986,3.14,0.49,9.1,7,medium,white,71.799,0.10306550230504603,21.17903930131004,122.97297297297295,0.078015625,0.05589519650655022
7.4,0.19,0.3,12.8,0.053,48.5,229.0,0.9986,3.14,0.49,9.1,7,medium,white,71.799,0.10306550230504603,21.17903930131004,122.97297297297295,0.078015625,0.05589519650655022
7.4,0.19,0.3,12.8,0.053,48.5,229.0,0.9986,3.14,0.49,9.1,7,medium,white,71.799,0.10306550230504603,21.17903930131004,122.97297297297295,0.078015625,0.05589519650655022
6.9,0.32,0.13,7.8,0.042,11.0,117.0,0.996,3.23,0.37,9.2,5,low,white,72.58800000000001,0.09505703422053231,9.401709401709402,133.33333333333331,0.1276923076923077,0.06666666666666667
7.6,0.32,0.58,16.75,0.05,43.0,163.0,0.9999,3.15,0.54,9.2,5,low,white,72.58800000000001,0.10470050146029646,26.380368098159508,121.05263157894737,0.0596955223880597,0.10276073619631902
7.4,0.19,0.3,12.8,0.053,48.5,229.0,0.9986,3.14,0.49,9.1,7,medium,white,71.799,0.10306550230504603,21.17903930131004,122.97297297297295,0.078015625,0.05589519650655022
7.4,0.19,0.3,12.8,0.053,48.5,212.0,0.9986,3.14,0.49,9.1,7,medium,white,71.799,0.10306550230504603,22.87735849056604,122.97297297297295,0.078015625,0.06037735849056604
6.9,0.32,0.13,7.8,0.042,11.0,117.0,0.996,3.23,0.37,9.2,5,low,white,72.58800000000001,0.09505703422053231,9.401709401709402,133.33333333333331,0.1276923076923077,0.06666666666666667
6.0,0.34,0.24,5.4,0.06,23.0,126.0,0.9951,3.25,0.44,9.0,7,medium,white,71.01,0.08449514152936205,18.253968253968253,150.0,0.18427777777777776,0.04285714285714286
7.6,0.32,0.58,16.75,0.05,43.0,163.0,0.9999,3.15,0.54,9.2,5,low,white,72.58800000000001,0.10470050146029646,26.380368098159508,121.05263157894737,0.0596955223880597,0.10276073619631902
7.7,0.24,0.31,1.3,0.047,33.0,106.0,0.993,3.22,0.55,10.8,6,medium,white,85.212,0.09036285969112332,31.132075471698112,140.25974025974025,0.7638461538461538,0.012264150943396227
8.0,0.36,0.43,10.1,0.053,29.0,146.0,0.9982,3.4,0.46,9.5,6,medium,white,74.955,0.1067307050897205,19.863013698630137,118.75,0.09883168316831684,0.06917808219178082
7.4,0.29,0.25,3.8,0.044,30.0,114.0,0.992,3.11,0.4,11.0,6,medium,white,86.79,0.08526327917962899,26.31578947368421,148.64864864864865,0.26105263157894737,0.03333333333333333
6.6,0.32,0.27,10.9,0.041,37.0,146.0,0.9963,3.24,0.47,10.0,5,low,white,78.9,0.08365019011406843,25.34246575342466,151.5151515151515,0.09140366972477064,0.07465753424657534
6.3,0.3,0.24,6.6,0.04,38.0,141.0,0.995,3.22,0.47,9.5,5,low,white,74.955,0.0840504302581549,26.95035460992908,150.79365079365078,0.15075757575757576,0.04680851063829787
6.4,0.33,0.24,9.8,0.041,29.0,109.0,0.9956,3.29,0.47,10.1,6,medium,white,79.68900000000001,0.0803122137308788,26.605504587155966,157.81249999999997,0.10159183673469388,0.08990825688073395
7.5,0.18,0.31,11.7,0.051,24.0,94.0,0.997,3.19,0.44,9.5,7,medium,white,74.955,0.10006003602161297,25.53191489361702,126.66666666666666,0.08521367521367522,0.12446808510638298
6.5,0.39,0.81,1.2,0.217,14.0,74.0,0.9936,3.08,0.53,9.5,5,low,white,74.955,0.0867186978853979,18.91891891891892,146.15384615384613,0.8280000000000001,0.016216216216216217
6.8,0.25,0.18,1.4,0.056,13.0,137.0,0.9935,3.11,0.42,9.5,5,low,white,74.955,0.09072109932626242,9.48905109489051,139.7058823529412,0.7096428571428572,0.010218978102189781
6.4,0.18,0.32,9.6,0.052,24.0,90.0,0.9963,3.35,0.49,9.4,6,medium,white,74.166,0.0862929104980719,26.666666666666668,146.875,0.10378125,0.10666666666666666
7.1,0.18,0.32,12.2,0.048,36.0,125.0,0.9967,2.92,0.54,9.4,6,medium,white,74.166,0.0957311975837985,28.799999999999997,132.3943661971831,0.08169672131147541,0.09759999999999999
7.6,0.27,0.42,2.6,0.044,29.0,110.0,0.9912,3.31,0.51,12.7,6,medium,white,100.203,0.07584603255391555,26.36363636363636,167.10526315789474,0.3812307692307692,0.023636363636363636
9.2,0.23,0.35,10.7,0.037,34.0,145.0,0.9981,3.09,0.32,9.7,5,low,white,76.533,0.12020958279435014,23.448275862068964,105.43478260869566,0.0932803738317757,0.07379310344827586
7.9,0.28,0.41,4.9,0.058,31.0,153.0,0.9966,3.27,0.51,9.7,6,medium,white,76.533,0.1032234460951485,20.26143790849673,122.78481012658227,0.20338775510204082,0.03202614379084968
7.1,0.18,0.32,12.2,0.048,36.0,125.0,0.9967,2.92,0.54,9.4,6,medium,white,74.166,0.0957311975837985,28.799999999999997,132.3943661971831,0.08169672131147541,0.09759999999999999
6.4,0.18,0.32,9.6,0.052,24.0,90.0,0.9963,3.35,0.49,9.4,6,medium,white,74.166,0.0862929104980719,26.666666666666668,146.875,0.10378125,0.10666666666666666
6.8,0.25,0.18,1.4,0.056,13.0,137.0,0.9935,3.11,0.42,9.5,5,low,white,74.955,0.09072109932626242,9.48905109489051,139.7058823529412,0.7096428571428572,0.010218978102189781
7.0,0.22,0.26,1.1,0.037,20.0,71.0,0.9902,3.1,0.38,11.7,6,medium,white,92.313,0.0758289731673762,28.169014084507044,167.14285714285714,0.9001818181818181,0.015492957746478875
7.3,0.18,0.29,1.0,0.036,26.0,101.0,0.99,3.09,0.37,11.7,6,medium,white,92.313,0.0790787863031209,25.742574257425744,160.27397260273972,0.99,0.009900990099009901
7.1,0.26,0.19,8.2,0.051,53.0,187.0,0.996,3.16,0.52,9.7,5,low,white,76.533,0.09277043889563978,28.342245989304814,136.61971830985914,0.12146341463414635,0.04385026737967914
6.6,0.25,0.42,11.3,0.049,77.0,231.0,0.9966,3.24,0.52,9.5,6,medium,white,74.955,0.08805283169901941,33.33333333333333,143.93939393939394,0.08819469026548672,0.04891774891774892
6.4,0.24,0.23,7.3,0.069,31.0,157.0,0.9962,3.25,0.53,9.1,5,low,white,71.799,0.08913773172328306,19.745222929936308,142.18749999999997,0.13646575342465753,0.0464968152866242
6.0,0.28,0.27,2.3,0.051,23.0,147.0,0.994,3.23,0.67,10.3,6,medium,white,81.26700000000001,0.0738307061907047,15.646258503401361,171.66666666666669,0.4321739130434783,0.01564625850340136
7.1,0.26,0.19,8.2,0.051,53.0,187.0,0.996,3.16,0.52,9.7,5,low,white,76.533,0.09277043889563978,28.342245989304814,136.61971830985914,0.12146341463414635,0.04385026737967914
7.8,0.24,0.38,2.1,0.058,14.0,167.0,0.994,3.21,0.55,9.9,5,low,white,78.111,0.0998578945347006,8.383233532934131,126.92307692307693,0.47333333333333333,0.012574850299401199
7.6,0.27,0.33,2.0,0.059,19.0,175.0,0.9944,3.22,0.56,9.9,5,low,white,78.111,0.09729743570047751,10.857142857142858,130.26315789473685,0.4972,0.011428571428571429
7.7,0.39,0.34,10.0,0.056,35.0,178.0,0.9974,3.26,0.6,10.2,5,low,white,80.47800000000001,0.09567832202589527,19.662921348314608,132.46753246753244,0.09974,0.056179775280898875
8.9,0.24,0.33,15.75,0.035,16.0,132.0,0.996,3.0,0.37,12.1,6,medium,white,95.46900000000001,0.09322397846421351,12.121212121212121,135.95505617977528,0.06323809523809523,0.11931818181818182
6.6,0.23,0.24,3.9,0.045,36.0,138.0,0.9922,3.15,0.64,11.3,7,medium,white,89.15700000000001,0.0740267169151048,26.08695652173913,171.21212121212125,0.2544102564102564,0.02826086956521739
7.1,0.26,0.3,2.0,0.031,13.0,128.0,0.9917,3.19,0.49,11.4,5,low,white,89.946,0.07893625063927245,10.15625,160.56338028169014,0.49585,0.015625
7.0,0.32,0.35,1.5,0.039,24.0,125.0,0.9918,3.17,0.64,12.2,6,medium,white,96.25800000000001,0.07272122836543456,19.2,174.28571428571428,0.6612,0.012
7.4,0.24,0.26,1.6,0.058,53.0,150.0,0.9936,3.18,0.5,9.9,7,medium,white,78.111,0.09473697686625443,35.333333333333336,133.78378378378378,0.621,0.010666666666666668
6.9,0.21,0.33,1.4,0.056,35.0,136.0,0.9938,3.63,0.78,10.3,6,medium,white,81.26700000000001,0.08490531211931042,25.735294117647058,149.27536231884056,0.709857142857143,0.010294117647058823
7.0,0.32,0.35,1.5,0.039,24.0,125.0,0.9918,3.17,0.64,12.2,6,medium,white,96.25800000000001,0.07272122836543456,19.2,174.28571428571428,0.6612,0.012
7.4,0.17,0.29,1.4,0.047,23.0,107.0,0.9939,3.52,0.65,10.4,6,medium,white,82.056,0.09018231451691529,21.49532710280374,140.54054054054055,0.7099285714285715,0.01308411214953271
7.1,0.26,0.3,2.0,0.031,13.0,128.0,0.9917,3.19,0.49,11.4,5,low,white,89.946,0.07893625063927245,10.15625,160.56338028169014,0.49585,0.015625
8.5,0.28,0.34,13.8,0.041,32.0,161.0,0.9981,3.13,0.4,9.9,6,medium,white,78.111,0.10881950045448144,19.875776397515526,116.47058823529413,0.07232608695652173,0.08571428571428572
7.8,0.3,0.37,1.3,0.051,16.0,96.0,0.9941,3.32,0.62,10.0,5,low,white,78.9,0.0988593155893536,16.666666666666664,128.2051282051282,0.7646923076923077,0.013541666666666667
8.1,0.25,0.38,3.8,0.051,18.0,129.0,0.9928,3.21,0.38,11.5,6,medium,white,90.735,0.08927095387667383,13.953488372093023,141.97530864197532,0.26126315789473686,0.02945736434108527
7.7,0.28,0.29,6.9,0.041,29.0,163.0,0.9952,3.44,0.6,10.5,6,medium,white,82.845,0.09294465568229827,17.791411042944784,136.36363636363635,0.144231884057971,0.04233128834355829
6.5,0.24,0.36,2.2,0.027,36.0,134.0,0.9898,3.28,0.36,12.5,7,medium,white,98.625,0.06590621039290241,26.865671641791046,192.30769230769232,0.44990909090909087,0.016417910447761197
7.0,0.22,0.32,1.6,0.045,40.0,120.0,0.9914,2.98,0.44,10.5,6,medium,white,82.845,0.08449514152936206,33.33333333333333,150.0,0.619625,0.013333333333333334
8.5,0.28,0.34,13.8,0.041,32.0,161.0,0.9981,3.13,0.4,9.9,6,medium,white,78.111,0.10881950045448144,19.875776397515526,116.47058823529413,0.07232608695652173,0.08571428571428572
8.0,0.45,0.28,10.8,0.051,25.0,157.0,0.9957,3.06,0.47,11.4,7,medium,white,89.946,0.08894225424143375,15.92356687898089,142.5,0.09219444444444444,0.06878980891719745
6.9,0.23,0.33,12.8,0.056,44.0,169.0,0.998,3.42,0.42,9.8,6,medium,white,77.322,0.08923721579886708,26.035502958579883,142.02898550724638,0.07796874999999999,0.0757396449704142
8.0,0.45,0.28,10.8,0.051,25.0,157.0,0.9957,3.06,0.47,11.4,7,medium,white,89.946,0.08894225424143375,15.92356687898089,142.5,0.09219444444444444,0.06878980891719745
7.6,0.23,0.26,15.3,0.067,32.0,166.0,0.9986,3.03,0.44,9.2,4,low,white,72.58800000000001,0.10470050146029646,19.27710843373494,121.05263157894737,0.06526797385620915,0.09216867469879518
7.7,0.28,0.58,12.1,0.046,60.0,177.0,0.9983,3.08,0.46,8.9,5,low,white,70.221,0.10965380726563279,33.89830508474576,115.5844155844156,0.08250413223140496,0.06836158192090395
7.7,0.27,0.61,12.0,0.046,64.0,179.0,0.9982,3.07,0.46,8.9,5,low,white,70.221,0.10965380726563279,35.754189944134076,115.5844155844156,0.08318333333333333,0.0670391061452514
7.1,0.2,0.36,11.6,0.042,45.0,124.0,0.997,2.92,0.59,9.5,7,medium,white,74.955,0.09472350076712693,36.29032258064516,133.80281690140845,0.08594827586206896,0.0935483870967742
6.9,0.25,0.35,9.2,0.034,42.0,150.0,0.9947,3.21,0.36,11.5,6,medium,white,90.735,0.07604562737642585,28.000000000000004,166.66666666666666,0.10811956521739131,0.06133333333333333
7.1,0.2,0.36,11.6,0.042,45.0,124.0,0.997,2.92,0.59,9.5,7,medium,white,74.955,0.09472350076712693,36.29032258064516,133.80281690140845,0.08594827586206896,0.0935483870967742
6.9,0.25,0.35,9.2,0.034,42.0,150.0,0.9947,3.21,0.36,11.5,6,medium,white,90.735,0.07604562737642585,28.000000000000004,166.66666666666666,0.10811956521739131,0.06133333333333333
8.4,0.2,0.31,2.8,0.054,16.0,89.0,0.99416,2.96,0.45,9.5,6,medium,white,74.955,0.11206724034420654,17.97752808988764,113.09523809523809,0.3550571428571429,0.031460674157303366
6.5,0.39,0.35,1.6,0.049,10.0,164.0,0.99516,3.35,0.51,9.7,5,low,white,76.533,0.08493068349600826,6.097560975609756,149.2307692307692,0.621975,0.00975609756097561
7.2,0.23,0.38,6.1,0.067,20.0,90.0,0.99496,3.17,0.79,9.7,5,low,white,76.533,0.09407706479557838,22.22222222222222,134.7222222222222,0.16310819672131147,0.06777777777777777
6.9,0.44,0.42,8.5,0.048,10.0,147.0,0.9974,3.32,0.46,9.5,6,medium,white,74.955,0.09205523313988394,6.802721088435375,137.68115942028984,0.11734117647058823,0.05782312925170068
7.1,0.28,0.19,7.8,0.04,48.0,184.0,0.99579,3.16,0.5,9.4,5,low,white,74.166,0.0957311975837985,26.08695652173913,132.3943661971831,0.12766538461538463,0.042391304347826085
6.4,0.34,0.2,14.9,0.06,37.0,162.0,0.9983,3.13,0.45,9.0,4,low,white,71.01,0.09012815096465286,22.839506172839506,140.625,0.06699999999999999,0.09197530864197531
6.1,0.15,0.29,6.2,0.046,39.0,151.0,0.99471,3.6,0.44,10.6,6,medium,white,83.634,0.07293684386732668,25.82781456953642,173.7704918032787,0.16043709677419354,0.04105960264900663
6.9,0.44,0.42,8.5,0.048,10.0,147.0,0.9974,3.32,0.46,9.5,6,medium,white,74.955,0.09205523313988394,6.802721088435375,137.68115942028984,0.11734117647058823,0.05782312925170068
7.2,0.29,0.18,8.2,0.042,41.0,180.0,0.99644,3.16,0.49,9.1,5,low,white,71.799,0.10027994818869343,22.77777777777778,126.38888888888889,0.12151707317073172,0.04555555555555555
7.1,0.28,0.19,7.8,0.04,48.0,184.0,0.99579,3.16,0.5,9.4,5,low,white,74.166,0.0957311975837985,26.08695652173913,132.3943661971831,0.12766538461538463,0.042391304347826085
6.1,0.23,0.45,10.6,0.094,49.0,169.0,0.99699,3.05,0.54,8.8,5,low,white,69.432,0.08785574374927986,28.994082840236686,144.26229508196724,0.09405566037735849,0.06272189349112425
6.7,0.23,0.42,11.2,0.047,52.0,171.0,0.99758,3.54,0.74,10.4,5,low,white,82.056,0.08165155503558545,30.409356725146196,155.22388059701493,0.08906964285714286,0.0654970760233918
7.0,0.36,0.14,11.6,0.043,35.0,228.0,0.9977,3.13,0.51,8.9,5,low,white,70.221,0.09968527933239343,15.350877192982457,127.14285714285715,0.08600862068965517,0.05087719298245614
7.5,0.31,0.24,7.1,0.031,28.0,141.0,0.99397,3.16,0.38,10.6,7,medium,white,83.634,0.08967644737786068,19.858156028368796,141.33333333333334,0.13999577464788734,0.05035460992907801
6.4,0.34,0.2,14.9,0.06,37.0,162.0,0.9983,3.13,0.45,9.0,4,low,white,71.01,0.09012815096465286,22.839506172839506,140.625,0.06699999999999999,0.09197530864197531
6.1,0.15,0.29,6.2,0.046,39.0,151.0,0.99471,3.6,0.44,10.6,6,medium,white,83.634,0.07293684386732668,25.82781456953642,173.7704918032787,0.16043709677419354,0.04105960264900663
7.4,0.2,0.29,1.7,0.047,16.0,100.0,0.99243,3.28,0.45,10.6,6,medium,white,83.634,0.08848076141282255,16.0,143.24324324324323,0.5837823529411765,0.017
6.3,0.27,0.18,7.7,0.048,45.0,186.0,0.9962,3.23,0.47,9.0,5,low,white,71.01,0.08871989860583016,24.193548387096776,142.85714285714286,0.12937662337662337,0.04139784946236559
9.2,0.34,0.54,17.3,0.06,46.0,235.0,1.00182,3.08,0.61,8.8,6,medium,white,69.432,0.13250374467104503,19.574468085106382,95.6521739130435,0.05790867052023121,0.07361702127659575
7.4,0.18,0.29,1.4,0.042,34.0,101.0,0.99384,3.54,0.6,10.5,7,medium,white,82.845,0.0893234353310399,33.663366336633665,141.89189189189187,0.7098857142857143,0.01386138613861386
7.2,0.29,0.2,7.7,0.046,51.0,174.0,0.99582,3.16,0.52,9.5,5,low,white,74.955,0.09605763458074845,29.310344827586203,131.94444444444443,0.12932727272727274,0.044252873563218394
6.3,0.27,0.18,7.7,0.048,45.0,186.0,0.9962,3.23,0.47,9.0,5,low,white,71.01,0.08871989860583016,24.193548387096776,142.85714285714286,0.12937662337662337,0.04139784946236559
6.2,0.26,0.19,3.4,0.049,47.0,172.0,0.9924,3.14,0.43,10.4,6,medium,white,82.056,0.07555815540606416,27.325581395348834,167.74193548387098,0.2918823529411765,0.019767441860465116
7.3,0.21,0.21,1.6,0.046,35.0,133.0,0.99466,3.38,0.46,10.0,6,medium,white,78.9,0.09252217997465145,26.31578947368421,136.986301369863,0.6216625,0.012030075187969926
7.1,0.14,0.35,1.4,0.039,24.0,128.0,0.99212,2.97,0.68,10.4,5,low,white,82.056,0.08652627473920249,18.75,146.47887323943664,0.7086571428571429,0.0109375
7.2,0.39,0.54,1.4,0.157,34.0,132.0,0.99449,3.11,0.53,9.0,6,medium,white,71.01,0.10139416983523447,25.757575757575758,125.0,0.71035,0.010606060606060605
7.6,0.48,0.28,10.4,0.049,57.0,205.0,0.99748,3.24,0.45,9.3,5,low,white,73.37700000000001,0.10357468961663735,27.80487804878049,122.36842105263159,0.09591153846153846,0.050731707317073174
7.2,0.39,0.54,1.4,0.157,34.0,132.0,0.99449,3.11,0.53,9.0,6,medium,white,71.01,0.10139416983523447,25.757575757575758,125.0,0.71035,0.010606060606060605
7.6,0.48,0.28,10.4,0.049,57.0,205.0,0.99748,3.24,0.45,9.3,5,low,white,73.37700000000001,0.10357468961663735,27.80487804878049,122.36842105263159,0.09591153846153846,0.050731707317073174
6.5,0.36,0.31,4.1,0.061,20.0,134.0,0.99475,3.18,0.45,9.0,6,medium,white,71.01,0.09153640332347555,14.925373134328357,138.46153846153845,0.24262195121951222,0.03059701492537313
8.5,0.25,0.31,2.8,0.032,11.0,61.0,0.99189,3.06,0.44,11.5,6,medium,white,90.735,0.09367939604342315,18.0327868852459,135.29411764705884,0.35424642857142863,0.04590163934426229
6.9,0.3,0.21,15.7,0.056,49.0,159.0,0.99827,3.11,0.48,9.0,5,low,white,71.01,0.09716941275876637,30.81761006289308,130.43478260869566,0.06358407643312101,0.09874213836477987
6.6,0.19,0.43,10.9,0.045,53.0,154.0,0.99752,3.52,0.77,10.4,6,medium,white,82.056,0.0804328751096812,34.41558441558442,157.5757575757576,0.09151559633027523,0.07077922077922078
6.9,0.3,0.21,15.7,0.056,49.0,159.0,0.99827,3.11,0.48,9.0,5,low,white,71.01,0.09716941275876637,30.81761006289308,130.43478260869566,0.06358407643312101,0.09874213836477987
9.4,0.42,0.32,6.5,0.027,20.0,167.0,0.99479,3.08,0.43,10.6,5,low,white,83.634,0.11239448071358539,11.976047904191617,112.7659574468085,0.1530446153846154,0.038922155688622756
6.6,0.19,0.43,10.9,0.045,53.0,154.0,0.99752,3.52,0.77,10.4,6,medium,white,82.056,0.0804328751096812,34.41558441558442,157.5757575757576,0.09151559633027523,0.07077922077922078
6.3,0.2,0.3,5.9,0.034,35.0,152.0,0.99642,3.47,0.4,8.5,6,medium,white,67.065,0.093938716170879,23.026315789473685,134.92063492063494,0.16888474576271184,0.03881578947368421
8.5,0.19,0.56,17.3,0.055,47.0,169.0,1.00047,3.07,0.67,9.3,6,medium,white,73.37700000000001,0.11584011338702861,27.810650887573964,109.41176470588236,0.057830635838150284,0.10236686390532544
7.3,0.19,0.25,1.4,0.051,41.0,107.0,0.99382,3.53,0.66,10.5,7,medium,white,82.845,0.08811636188062043,38.31775700934579,143.83561643835617,0.7098714285714286,0.01308411214953271
6.7,0.25,0.26,13.5,0.06,50.0,156.0,0.99784,3.39,0.46,9.9,6,medium,white,78.111,0.08577537094647361,32.05128205128205,147.76119402985074,0.07391407407407408,0.08653846153846154
6.2,0.25,0.28,8.5,0.035,28.0,108.0,0.99486,3.4,0.42,10.4,6,medium,white,82.056,0.07555815540606416,25.925925925925924,167.74193548387098,0.11704235294117647,0.0787037037037037
6.1,0.46,0.32,6.2,0.053,10.0,94.0,0.99537,3.35,0.47,10.1,5,low,white,79.68900000000001,0.07654757871224384,10.638297872340425,165.5737704918033,0.16054354838709678,0.06595744680851064
7.3,0.19,0.25,1.4,0.051,41.0,107.0,0.99382,3.53,0.66,10.5,7,medium,white,82.845,0.08811636188062043,38.31775700934579,143.83561643835617,0.7098714285714286,0.01308411214953271
7.5,0.29,0.26,14.95,0.067,47.0,178.0,0.99838,3.04,0.49,9.2,4,low,white,72.58800000000001,0.1033228632831873,26.40449438202247,122.66666666666666,0.06678127090301005,0.08398876404494382
6.7,0.31,0.18,7.7,0.043,57.0,200.0,0.99566,3.17,0.44,9.4,6,medium,white,74.166,0.09033789067766902,28.499999999999996,140.2985074626866,0.1293064935064935,0.0385
7.4,0.14,0.3,1.3,0.033,25.0,91.0,0.99268,3.53,0.39,10.6,6,medium,white,83.634,0.08848076141282255,27.472527472527474,143.24324324324323,0.7636,0.014285714285714287
6.7,0.31,0.18,7.7,0.043,57.0,200.0,0.99566,3.17,0.44,9.4,6,medium,white,74.166,0.09033789067766902,28.499999999999996,140.2985074626866,0.1293064935064935,0.0385
7.1,0.4,0.52,1.3,0.148,45.0,149.0,0.99468,3.08,0.56,8.7,5,low,white,68.643,0.10343370773421907,30.201342281879196,122.53521126760563,0.7651384615384615,0.008724832214765102
6.4,0.16,0.25,1.3,0.047,20.0,77.0,0.9933,3.61,0.54,10.2,6,medium,white,80.47800000000001,0.07952483908645841,25.97402597402597,159.37499999999997,0.764076923076923,0.016883116883116885
6.3,0.16,0.22,1.3,0.046,18.0,66.0,0.99307,3.61,0.55,10.3,6,medium,white,81.26700000000001,0.07752224150023994,27.27272727272727,163.49206349206352,0.7639,0.0196969696969697
7.4,0.33,0.26,15.6,0.049,67.0,210.0,0.99907,3.06,0.68,9.5,5,low,white,74.955,0.09872590220799146,31.9047619047619,128.3783783783784,0.06404294871794872,0.07428571428571429
7.4,0.33,0.26,15.6,0.049,67.0,210.0,0.99907,3.06,0.68,9.5,5,low,white,74.955,0.09872590220799146,31.9047619047619,128.3783783783784,0.06404294871794872,0.07428571428571429
7.4,0.33,0.26,15.6,0.049,67.0,210.0,0.99907,3.06,0.68,9.5,5,low,white,74.955,0.09872590220799146,31.9047619047619,128.3783783783784,0.06404294871794872,0.07428571428571429
7.4,0.33,0.26,15.6,0.049,67.0,210.0,0.99907,3.06,0.68,9.5,5,low,white,74.955,0.09872590220799146,31.9047619047619,128.3783783783784,0.06404294871794872,0.07428571428571429
6.6,0.41,0.24,4.9,0.158,47.0,144.0,0.99471,3.17,0.49,9.4,5,low,white,74.166,0.08898956395113664,32.63888888888889,142.42424242424244,0.2030020408163265,0.03402777777777778
6.7,0.43,0.23,5.0,0.157,49.0,145.0,0.99471,3.17,0.49,9.4,5,low,white,74.166,0.09033789067766902,33.793103448275865,140.2985074626866,0.198942,0.034482758620689655
7.4,0.33,0.26,15.6,0.049,67.0,210.0,0.99907,3.06,0.68,9.5,5,low,white,74.955,0.09872590220799146,31.9047619047619,128.3783783783784,0.06404294871794872,0.07428571428571429
7.3,0.4,0.28,6.5,0.037,26.0,97.0,0.99148,3.16,0.58,12.6,7,medium,white,99.414,0.07343030156718369,26.804123711340207,172.6027397260274,0.15253538461538463,0.06701030927835051
7.4,0.18,0.24,1.4,0.047,21.0,106.0,0.99383,3.52,0.64,10.5,7,medium,white,82.845,0.0893234353310399,19.81132075471698,141.89189189189187,0.7098785714285715,0.01320754716981132
8.6,0.17,0.28,2.7,0.047,38.0,150.0,0.99365,3.1,0.56,10.8,6,medium,white,85.212,0.10092475238229356,25.333333333333336,125.58139534883723,0.3680185185185185,0.018000000000000002
6.5,0.32,0.23,1.2,0.054,39.0,208.0,0.99272,3.18,0.46,9.9,6,medium,white,78.111,0.08321491211225052,18.75,152.30769230769232,0.8272666666666667,0.005769230769230769
7.3,0.4,0.28,6.5,0.037,26.0,97.0,0.99148,3.16,0.58,12.6,7,medium,white,99.414,0.07343030156718369,26.804123711340207,172.6027397260274,0.15253538461538463,0.06701030927835051
7.0,0.32,0.31,6.4,0.031,38.0,115.0,0.99235,3.38,0.58,12.2,7,medium,white,96.25800000000001,0.07272122836543456,33.04347826086956,174.28571428571428,0.15505468749999998,0.05565217391304348
7.5,0.42,0.19,6.9,0.041,62.0,150.0,0.99508,3.23,0.37,10.0,6,medium,white,78.9,0.09505703422053231,41.333333333333336,133.33333333333331,0.14421449275362316,0.046
6.9,0.28,0.31,7.2,0.04,47.0,168.0,0.9946,3.29,0.57,10.6,7,medium,white,83.634,0.08250233158763183,27.976190476190478,153.6231884057971,0.1381388888888889,0.04285714285714286
6.5,0.29,0.42,10.6,0.042,66.0,202.0,0.99674,3.24,0.53,9.5,6,medium,white,74.955,0.0867186978853979,32.67326732673268,146.15384615384613,0.09403207547169812,0.05247524752475247
6.3,0.41,0.18,3.5,0.027,23.0,109.0,0.99018,3.34,0.54,12.8,8,high,white,100.992,0.06238117870722433,21.100917431192663,203.17460317460322,0.2829085714285714,0.03211009174311927
7.0,0.32,0.31,6.4,0.031,38.0,115.0,0.99235,3.38,0.58,12.2,7,medium,white,96.25800000000001,0.07272122836543456,33.04347826086956,174.28571428571428,0.15505468749999998,0.05565217391304348
7.3,0.3,0.33,2.3,0.043,28.0,125.0,0.99084,3.34,0.44,12.6,7,medium,white,99.414,0.07343030156718369,22.400000000000002,172.6027397260274,0.43080000000000007,0.0184
6.6,0.22,0.28,12.05,0.058,25.0,125.0,0.99856,3.45,0.45,9.4,5,low,white,74.166,0.08898956395113664,20.0,142.42424242424244,0.08286804979253111,0.0964
6.0,0.26,0.18,7.0,0.055,50.0,194.0,0.99591,3.21,0.43,9.0,5,low,white,71.01,0.08449514152936205,25.773195876288657,150.0,0.14227285714285715,0.03608247422680412
6.9,0.44,0.18,11.8,0.051,26.0,126.0,0.9975,3.23,0.48,9.1,5,low,white,71.799,0.09610161701416454,20.634920634920633,131.88405797101447,0.08453389830508475,0.09365079365079365
7.5,0.42,0.2,1.4,0.06,15.0,168.0,0.9944,3.06,0.4,9.4,6,medium,white,74.166,0.101124504489928,8.928571428571429,125.33333333333334,0.7102857142857143,0.008333333333333333
7.0,0.36,0.3,5.0,0.04,40.0,143.0,0.99173,3.33,0.42,12.2,7,medium,white,96.25800000000001,0.07272122836543456,27.972027972027973,174.28571428571428,0.198346,0.03496503496503497
5.6,0.295,0.2,2.2,0.049,18.0,134.0,0.99378,3.21,0.68,10.0,5,low,white,78.9,0.07097591888466412,13.432835820895523,178.57142857142858,0.4517181818181818,0.016417910447761197
6.8,0.21,0.55,14.6,0.053,34.0,159.0,0.99805,2.93,0.44,9.2,5,low,white,72.58800000000001,0.09367939604342314,21.38364779874214,135.2941176470588,0.06835958904109589,0.09182389937106918
9.4,0.28,0.3,1.6,0.045,36.0,139.0,0.99534,3.11,0.49,9.3,5,low,white,73.37700000000001,0.1281055371574199,25.899280575539567,98.93617021276596,0.6220875,0.011510791366906475
8.1,0.28,0.34,1.3,0.035,11.0,126.0,0.99232,3.14,0.5,9.8,6,medium,white,77.322,0.10475673158997438,8.73015873015873,120.98765432098766,0.7633230769230769,0.010317460317460317
6.8,0.21,0.55,14.6,0.053,34.0,159.0,0.99805,2.93,0.44,9.2,5,low,white,72.58800000000001,0.09367939604342314,21.38364779874214,135.2941176470588,0.06835958904109589,0.09182389937106918
7.0,0.22,0.26,2.8,0.036,44.0,132.0,0.99078,3.34,0.41,12.0,7,medium,white,94.68,0.0739332488381918,33.33333333333333,171.42857142857142,0.35385,0.02121212121212121
9.4,0.28,0.3,1.6,0.045,36.0,139.0,0.99534,3.11,0.49,9.3,5,low,white,73.37700000000001,0.1281055371574199,25.899280575539567,98.93617021276596,0.6220875,0.011510791366906475
6.8,0.32,0.3,3.3,0.029,15.0,80.0,0.99061,3.33,0.63,12.6,7,medium,white,99.414,0.06840082885710262,18.75,185.29411764705884,0.3001848484848485,0.041249999999999995
7.0,0.19,0.33,6.3,0.032,42.0,127.0,0.99182,3.31,0.38,12.2,6,medium,white,96.25800000000001,0.07272122836543456,33.07086614173229,174.28571428571428,0.15743174603174603,0.049606299212598425
7.7,0.42,0.38,8.1,0.061,49.0,144.0,0.9966,3.4,0.58,11.0,6,medium,white,86.79,0.08871989860583016,34.02777777777778,142.85714285714286,0.12303703703703704,0.056249999999999994
7.4,0.2,0.31,1.6,0.038,34.0,116.0,0.9912,3.25,0.39,12.0,7,medium,white,94.68,0.0781580059146599,29.310344827586203,162.16216216216216,0.6194999999999999,0.013793103448275864
7.5,0.24,0.62,10.6,0.045,51.0,153.0,0.99779,3.16,0.44,8.8,5,low,white,69.432,0.10801935706878672,33.33333333333333,117.33333333333333,0.09413113207547169,0.06928104575163399
7.5,0.26,0.59,11.8,0.046,58.0,164.0,0.99814,3.17,0.46,8.9,4,low,white,70.221,0.1068056564275644,35.36585365853659,118.66666666666667,0.08458813559322034,0.07195121951219513
6.6,0.4,0.32,1.7,0.035,39.0,84.0,0.99096,3.59,0.48,12.7,7,medium,white,100.203,0.06586629142840034,46.42857142857143,192.42424242424244,0.5829176470588235,0.02023809523809524
8.0,0.2,0.3,8.1,0.037,42.0,130.0,0.99379,3.1,0.67,11.8,6,medium,white,93.102,0.0859272625722326,32.30769230769231,147.5,0.12269012345679012,0.06230769230769231
4.6,0.445,0.0,1.4,0.053,11.0,178.0,0.99426,3.79,0.55,10.2,5,low,white,80.47800000000001,0.05715847809339197,6.179775280898876,221.73913043478262,0.7101857142857143,0.007865168539325841
6.1,0.41,0.04,1.3,0.036,23.0,121.0,0.99228,3.24,0.61,9.9,6,medium,white,78.111,0.07809399444380433,19.00826446280992,162.29508196721315,0.7632923076923077,0.010743801652892562
7.6,0.2,0.34,1.8,0.041,42.0,148.0,0.99335,3.35,0.66,11.1,6,medium,white,87.57900000000001,0.08677879400312859,28.37837837837838,146.05263157894737,0.551861111111111,0.012162162162162163
6.9,0.3,0.21,7.2,0.045,54.0,190.0,0.99595,3.22,0.48,9.4,5,low,white,74.166,0.09303454413073377,28.421052631578945,136.23188405797103,0.13832638888888887,0.037894736842105266
7.0,0.35,0.17,1.1,0.049,7.0,119.0,0.99297,3.13,0.36,9.7,6,medium,white,76.533,0.0914638129957012,5.88235294117647,138.57142857142856,0.9027,0.009243697478991597
6.9,0.35,0.55,11.95,0.038,22.0,111.0,0.99687,3.11,0.29,9.7,5,low,white,76.533,0.09015718709576262,19.81981981981982,140.5797101449275,0.08342008368200837,0.10765765765765765
7.0,0.35,0.17,1.1,0.049,7.0,119.0,0.99297,3.13,0.36,9.7,6,medium,white,76.533,0.0914638129957012,5.88235294117647,138.57142857142856,0.9027,0.009243697478991597
6.9,0.35,0.55,11.95,0.038,22.0,111.0,0.99687,3.11,0.29,9.7,5,low,white,76.533,0.09015718709576262,19.81981981981982,140.5797101449275,0.08342008368200837,0.10765765765765765
7.6,0.3,0.4,2.2,0.054,29.0,175.0,0.99445,3.19,0.53,9.8,5,low,white,77.322,0.098290266677013,16.57142857142857,128.94736842105266,0.4520227272727272,0.012571428571428572
7.5,0.38,0.29,12.7,0.05,25.0,209.0,0.9986,3.25,0.59,9.3,6,medium,white,73.37700000000001,0.10221186475326055,11.961722488038278,124.0,0.07862992125984253,0.060765550239234446
7.5,0.3,0.32,1.4,0.032,31.0,161.0,0.99154,2.95,0.42,10.5,5,low,white,82.845,0.09053050878145935,19.25465838509317,140.0,0.7082428571428572,0.008695652173913044
6.3,0.4,0.32,10.6,0.049,38.0,209.0,0.9981,3.47,0.59,9.3,6,medium,white,73.37700000000001,0.08585796639273885,18.181818181818183,147.61904761904762,0.09416037735849057,0.05071770334928229
6.8,0.37,0.28,1.9,0.024,64.0,106.0,0.98993,3.45,0.6,12.6,8,high,white,99.414,0.06840082885710262,60.37735849056604,185.29411764705884,0.5210157894736842,0.017924528301886792
7.5,0.23,0.35,17.8,0.058,128.0,212.0,1.00241,3.44,0.43,8.9,5,low,white,70.221,0.1068056564275644,60.37735849056604,118.66666666666667,0.05631516853932584,0.0839622641509434
8.3,0.27,0.34,10.2,0.048,50.0,118.0,0.99716,3.18,0.51,10.3,5,low,white,81.26700000000001,0.10213247689714151,42.3728813559322,124.09638554216866,0.09776078431372551,0.08644067796610169
6.8,0.26,0.22,4.8,0.041,110.0,198.0,0.99437,3.29,0.67,10.6,5,low,white,83.634,0.08130664562259368,55.55555555555556,155.88235294117646,0.20716041666666668,0.024242424242424242
6.5,0.28,0.35,9.8,0.067,61.0,180.0,0.9972,3.15,0.57,9.0,4,low,white,71.01,0.09153640332347555,33.88888888888889,138.46153846153845,0.10175510204081632,0.05444444444444445
7.2,0.34,0.3,8.4,0.051,40.0,167.0,0.99756,3.48,0.62,9.7,5,low,white,76.533,0.09407706479557838,23.952095808383234,134.7222222222222,0.11875714285714285,0.050299401197604794
7.0,0.23,0.26,7.2,0.041,21.0,90.0,0.99509,3.22,0.55,9.5,6,medium,white,74.955,0.09338936695350544,23.333333333333332,135.71428571428572,0.13820694444444445,0.08
7.7,0.29,0.29,4.8,0.06,27.0,156.0,0.99572,3.49,0.59,10.3,6,medium,white,81.26700000000001,0.09474940627807105,17.307692307692307,133.76623376623377,0.2074416666666667,0.030769230769230767
7.2,0.34,0.3,8.4,0.051,40.0,167.0,0.99756,3.48,0.62,9.7,5,low,white,76.533,0.09407706479557838,23.952095808383234,134.7222222222222,0.11875714285714285,0.050299401197604794
7.7,0.4,0.27,4.5,0.034,27.0,95.0,0.99175,3.21,0.59,12.3,8,high,white,97.04700000000001,0.07934299875318145,28.421052631578945,159.74025974025975,0.22038888888888888,0.04736842105263158
6.7,0.17,0.27,1.4,0.032,39.0,149.0,0.99254,3.4,0.52,10.5,5,low,white,82.845,0.08087392117810369,26.174496644295303,156.71641791044775,0.7089571428571428,0.009395973154362415
7.0,0.23,0.26,7.2,0.041,21.0,90.0,0.99509,3.22,0.55,9.5,6,medium,white,74.955,0.09338936695350544,23.333333333333332,135.71428571428572,0.13820694444444445,0.08
8.1,0.24,0.26,11.0,0.043,41.0,211.0,0.99676,3.11,0.49,10.0,6,medium,white,78.9,0.1026615969581749,19.431279620853083,123.45679012345681,0.09061454545454545,0.052132701421800945
7.7,0.28,0.63,11.1,0.039,58.0,179.0,0.9979,3.08,0.44,8.8,4,low,white,69.432,0.1108998732572877,32.402234636871505,114.2857142857143,0.0899009009009009,0.06201117318435754
7.5,0.23,0.29,2.6,0.031,24.0,98.0,0.99194,3.0,0.54,10.9,6,medium,white,86.001,0.08720828827571772,24.489795918367346,145.33333333333334,0.38151538461538465,0.02653061224489796
8.3,0.26,0.31,2.0,0.029,14.0,141.0,0.99077,2.95,0.77,12.2,6,medium,white,96.25800000000001,0.0862265993475867,9.929078014184398,146.9879518072289,0.495385,0.014184397163120567
7.9,0.46,0.4,10.1,0.168,19.0,184.0,0.99782,3.06,0.62,9.5,5,low,white,74.955,0.105396571276099,10.326086956521738,120.25316455696202,0.0987940594059406,0.05489130434782608
7.9,0.31,0.22,13.3,0.048,46.0,212.0,0.99942,3.47,0.59,10.0,5,low,white,78.9,0.10012674271229403,21.69811320754717,126.58227848101265,0.07514436090225564,0.06273584905660377
7.9,0.25,0.34,11.4,0.04,53.0,202.0,0.99708,3.11,0.57,9.6,6,medium,white,75.744,0.1042986903253063,26.237623762376238,121.51898734177213,0.08746315789473684,0.05643564356435644
6.1,0.28,0.16,1.3,0.06,36.0,126.0,0.99353,3.13,0.46,8.7,6,medium,white,68.643,0.08886557988432905,28.57142857142857,142.62295081967213,0.7642538461538462,0.010317460317460317
7.0,0.18,0.26,1.4,0.044,46.0,89.0,0.99256,3.39,0.48,10.7,7,medium,white,84.423,0.0829157930895609,51.68539325842697,152.85714285714283,0.7089714285714286,0.015730337078651683
6.5,0.21,0.28,1.4,0.046,26.0,66.0,0.99199,3.43,0.48,11.1,6,medium,white,87.57900000000001,0.07421870539741261,39.39393939393939,170.76923076923077,0.7085642857142858,0.02121212121212121
7.6,0.48,0.33,7.0,0.024,14.0,130.0,0.9918,3.25,0.45,12.5,7,medium,white,98.625,0.07705956907477819,10.76923076923077,164.47368421052633,0.14168571428571428,0.05384615384615385
7.1,0.34,0.32,2.0,0.051,29.0,130.0,0.99354,3.3,0.5,10.4,6,medium,white,82.056,0.08652627473920249,22.30769230769231,146.47887323943664,0.49677,0.015384615384615385
8.9,0.21,0.37,1.2,0.028,20.0,93.0,0.99244,3.2,0.37,11.5,5,low,white,90.735,0.09808783821017249,21.50537634408602,129.21348314606743,0.8270333333333334,0.012903225806451613
7.4,0.32,0.27,12.9,0.04,60.0,221.0,0.99831,3.05,0.66,9.4,5,low,white,74.166,0.09977617776339563,27.149321266968325,127.02702702702702,0.07738837209302325,0.0583710407239819
6.0,0.495,0.27,5.0,0.157,17.0,129.0,0.99396,3.03,0.36,9.3,5,low,white,73.37700000000001,0.08176949180260844,13.178294573643413,155.0,0.198792,0.03875968992248062
8.1,0.25,0.34,10.1,0.05,30.0,121.0,0.99724,3.17,0.49,10.1,6,medium,white,79.68900000000001,0.10164514550314345,24.793388429752067,124.69135802469135,0.09873663366336634,0.08347107438016528
8.2,0.25,0.46,3.75,0.05,14.0,102.0,0.99524,3.28,0.58,9.7,5,low,white,76.533,0.10714332379496425,13.725490196078432,118.29268292682926,0.2653973333333333,0.03676470588235294
6.5,0.18,0.29,1.7,0.035,39.0,144.0,0.9927,3.49,0.5,10.5,6,medium,white,82.845,0.07845977427726478,27.083333333333332,161.53846153846155,0.5839411764705883,0.011805555555555555
6.7,0.24,0.26,12.6,0.053,44.0,182.0,0.99802,3.42,0.42,9.7,5,low,white,76.533,0.08754393529588543,24.175824175824175,144.77611940298507,0.0792079365079365,0.06923076923076923
6.6,0.32,0.24,1.3,0.06,42.5,204.0,0.99512,3.59,0.51,9.2,5,low,white,72.58800000000001,0.09092411968920482,20.833333333333336,139.39393939393938,0.765476923076923,0.006372549019607843
7.6,0.32,0.35,1.6,0.092,24.0,138.0,0.99438,3.19,0.44,9.8,5,low,white,77.322,0.098290266677013,17.391304347826086,128.94736842105266,0.6214875,0.011594202898550725
7.4,0.33,0.44,7.6,0.05,40.0,227.0,0.99679,3.12,0.52,9.0,5,low,white,71.01,0.10421067455287987,17.62114537444934,121.62162162162163,0.13115657894736843,0.033480176211453744
7.2,0.3,0.3,8.1,0.05,40.0,188.0,0.99652,3.15,0.49,9.1,6,medium,white,71.799,0.10027994818869343,21.27659574468085,126.38888888888889,0.12302716049382716,0.04308510638297872
7.4,0.34,0.3,14.9,0.037,70.0,169.0,0.99698,3.25,0.37,10.4,6,medium,white,82.056,0.09018231451691529,41.42011834319527,140.54054054054055,0.06691140939597315,0.08816568047337278
6.1,0.16,0.29,6.0,0.03,29.0,144.0,0.99474,3.68,0.46,10.7,6,medium,white,84.423,0.07225519112090306,20.13888888888889,175.40983606557376,0.16579,0.041666666666666664
6.3,0.1,0.24,6.0,0.039,25.0,107.0,0.99511,3.59,0.49,10.5,7,medium,white,82.845,0.07604562737642585,23.364485981308412,166.66666666666669,0.16585166666666668,0.056074766355140186
6.2,0.45,0.73,7.2,0.099,47.0,202.0,0.99582,3.21,0.43,9.2,5,low,white,72.58800000000001,0.08541356698076816,23.26732673267327,148.38709677419354,0.13830833333333334,0.03564356435643565
6.0,0.33,0.18,3.0,0.036,5.0,85.0,0.99125,3.28,0.4,11.5,4,low,white,90.735,0.06612663250123987,5.88235294117647,191.66666666666669,0.33041666666666664,0.03529411764705882
7.6,0.48,0.37,1.2,0.034,5.0,57.0,0.99256,3.05,0.54,10.4,3,low,white,82.056,0.0926196743687238,8.771929824561402,136.8421052631579,0.8271333333333334,0.021052631578947368
7.2,0.2,0.3,2.0,0.039,43.0,188.0,0.9911,3.3,0.41,12.0,6,medium,white,94.68,0.07604562737642585,22.872340425531913,166.66666666666666,0.49555,0.010638297872340425
7.0,0.32,0.29,4.9,0.036,41.0,150.0,0.99168,3.38,0.43,12.2,6,medium,white,96.25800000000001,0.07272122836543456,27.333333333333332,174.28571428571428,0.20238367346938774,0.03266666666666667
7.2,0.2,0.3,2.0,0.039,43.0,188.0,0.9911,3.3,0.41,12.0,6,medium,white,94.68,0.07604562737642585,22.872340425531913,166.66666666666666,0.49555,0.010638297872340425
7.0,0.22,0.29,8.9,0.05,24.0,90.0,0.99556,3.29,0.46,9.8,6,medium,white,77.322,0.09053050878145935,26.666666666666668,140.0,0.11186067415730337,0.09888888888888889
9.4,0.23,0.56,16.45,0.063,52.5,282.0,1.00098,3.1,0.51,9.3,5,low,white,73.37700000000001,0.1281055371574199,18.617021276595743,98.93617021276596,0.06084984802431611,0.058333333333333334
6.4,0.27,0.19,2.0,0.084,21.0,191.0,0.99516,3.49,0.63,9.6,4,low,white,75.744,0.08449514152936206,10.99476439790576,149.99999999999997,0.49758,0.010471204188481676
6.4,0.27,0.19,1.9,0.085,21.0,196.0,0.99516,3.49,0.64,9.5,4,low,white,74.955,0.0853845640717764,10.714285714285714,148.4375,0.5237684210526317,0.009693877551020408
7.0,0.23,0.42,5.1,0.042,37.0,144.0,0.99518,3.5,0.59,10.2,6,medium,white,80.47800000000001,0.08698029275081388,25.694444444444443,145.7142857142857,0.19513333333333333,0.035416666666666666
6.9,0.15,0.28,4.4,0.029,14.0,107.0,0.99347,3.24,0.46,10.4,8,high,white,82.056,0.08408891488739398,13.084112149532709,150.72463768115944,0.22578863636363633,0.041121495327102804
6.7,0.26,0.29,5.8,0.025,26.0,74.0,0.9929,3.28,0.53,11.0,6,medium,white,86.79,0.07719783385182624,35.13513513513514,164.17910447761193,0.1711896551724138,0.07837837837837838
6.9,0.15,0.28,4.4,0.029,14.0,107.0,0.99347,3.24,0.46,10.4,8,high,white,82.056,0.08408891488739398,13.084112149532709,150.72463768115944,0.22578863636363633,0.041121495327102804
7.6,0.2,0.68,12.9,0.042,56.0,160.0,0.99841,3.05,0.41,8.7,5,low,white,68.643,0.11071777165916408,35.0,114.4736842105263,0.07739612403100775,0.080625
6.9,0.3,0.29,1.3,0.053,24.0,189.0,0.99362,3.29,0.54,9.9,4,low,white,78.111,0.0883358297806967,12.698412698412698,143.47826086956522,0.7643230769230769,0.0068783068783068784
6.9,0.3,0.3,1.3,0.053,24.0,186.0,0.99361,3.29,0.54,9.9,4,low,white,78.111,0.0883358297806967,12.903225806451612,143.47826086956522,0.7643153846153846,0.006989247311827957
7.6,0.21,0.35,1.2,0.041,7.0,106.0,0.9914,3.06,0.45,11.3,4,low,white,89.15700000000001,0.08524288614466613,6.60377358490566,148.6842105263158,0.8261666666666666,0.011320754716981131
6.8,0.46,0.26,2.7,0.042,28.0,83.0,0.99114,3.38,0.51,12.0,8,high,white,94.68,0.07182087029995775,33.734939759036145,176.47058823529412,0.36708888888888885,0.032530120481927716
7.0,0.28,0.26,1.7,0.042,34.0,130.0,0.9925,3.43,0.5,10.7,8,high,white,84.423,0.0829157930895609,26.153846153846157,152.85714285714283,0.5838235294117647,0.013076923076923076
6.5,0.24,0.29,8.2,0.043,32.0,156.0,0.99453,3.13,0.7,10.1,6,medium,white,79.68900000000001,0.08156709207042377,20.51282051282051,155.3846153846154,0.12128414634146342,0.05256410256410256
6.4,0.17,0.34,1.5,0.091,42.0,135.0,0.9938,3.25,0.49,9.6,7,medium,white,75.744,0.08449514152936206,31.11111111111111,149.99999999999997,0.6625333333333333,0.011111111111111112
6.4,0.17,0.34,1.5,0.093,43.0,136.0,0.9938,3.25,0.49,9.6,6,medium,white,75.744,0.08449514152936206,31.61764705882353,149.99999999999997,0.6625333333333333,0.011029411764705883
6.3,0.695,0.55,12.9,0.056,58.0,252.0,0.99806,3.29,0.49,8.7,5,low,white,68.643,0.09177920545430707,23.015873015873016,138.0952380952381,0.07736899224806201,0.05119047619047619
7.0,0.27,0.29,3.9,0.059,28.0,199.0,0.9961,3.54,0.59,10.3,5,low,white,81.26700000000001,0.08613582388915549,14.07035175879397,147.14285714285717,0.2554102564102564,0.019597989949748745
8.4,0.3,0.25,17.75,0.047,25.0,218.0,1.00016,2.98,0.66,9.1,5,low,white,71.799,0.116993272886809,11.46788990825688,108.33333333333333,0.05634704225352112,0.08142201834862385
6.5,0.19,0.27,4.9,0.037,13.0,101.0,0.9916,3.17,0.41,11.8,6,medium,white,93.102,0.069815900839939,12.871287128712872,181.53846153846155,0.2023673469387755,0.048514851485148516
8.0,0.36,0.39,1.6,0.024,26.0,93.0,0.99116,3.15,0.49,11.9,6,medium,white,93.891,0.08520518473549114,27.956989247311824,148.75,0.619475,0.017204301075268817
6.1,0.16,0.24,1.4,0.046,17.0,77.0,0.99319,3.66,0.57,10.3,6,medium,white,81.26700000000001,0.07506121796054978,22.07792207792208,168.85245901639348,0.7094214285714286,0.01818181818181818
9.2,0.19,0.42,2.0,0.047,16.0,104.0,0.99517,3.09,0.66,10.0,4,low,white,78.9,0.11660329531051963,15.384615384615385,108.69565217391306,0.497585,0.019230769230769232
9.2,0.16,0.49,2.0,0.044,18.0,107.0,0.99514,3.1,0.53,10.2,4,low,white,80.47800000000001,0.11431695618678395,16.822429906542055,110.86956521739131,0.49757,0.018691588785046728
8.0,0.26,0.28,8.2,0.038,72.0,202.0,0.99566,3.12,0.56,10.0,6,medium,white,78.9,0.10139416983523447,35.64356435643564,125.0,0.1214219512195122,0.04059405940594059
8.8,0.33,0.36,2.1,0.034,19.0,125.0,0.99166,2.96,0.98,12.7,6,medium,white,100.203,0.0878217219045338,15.2,144.31818181818178,0.4722190476190476,0.016800000000000002
9.8,0.16,0.46,1.8,0.046,23.0,130.0,0.99587,3.04,0.67,9.6,5,low,white,75.744,0.12938318546683567,17.692307692307693,97.95918367346937,0.5532611111111111,0.013846153846153847
6.6,0.23,0.18,8.5,0.044,59.0,188.0,0.99558,3.16,0.49,9.5,5,low,white,74.955,0.08805283169901941,31.382978723404253,143.93939393939394,0.11712705882352942,0.04521276595744681
7.9,0.44,0.26,4.45,0.033,23.0,100.0,0.99117,3.17,0.52,12.7,6,medium,white,100.203,0.07883995489157011,23.0,160.75949367088606,0.22273483146067416,0.044500000000000005
7.6,0.31,0.27,5.8,0.036,23.0,109.0,0.99399,3.34,0.54,11.0,6,medium,white,86.79,0.08756769213042977,21.100917431192663,144.73684210526315,0.17137758620689655,0.05321100917431192
7.5,0.705,0.1,13.0,0.044,44.0,214.0,0.99741,3.1,0.5,9.1,5,low,white,71.799,0.10445827936322231,20.5607476635514,121.33333333333334,0.07672384615384616,0.06074766355140187
7.1,0.21,0.28,2.7,0.034,23.0,111.0,0.99405,3.35,0.64,10.2,4,low,white,80.47800000000001,0.08822286836153978,20.72072072072072,143.6619718309859,0.36816666666666664,0.024324324324324326
7.0,0.16,0.26,7.3,0.047,30.0,220.0,0.99622,3.38,0.58,10.1,6,medium,white,79.68900000000001,0.08784148376814867,13.636363636363635,144.28571428571428,0.13646849315068493,0.03318181818181818
8.0,0.27,0.25,19.1,0.045,50.0,208.0,1.00051,3.05,0.5,9.2,6,medium,white,72.58800000000001,0.11021105416873311,24.03846153846154,114.99999999999999,0.052382722513089,0.09182692307692308
6.3,0.38,0.17,8.8,0.08,50.0,212.0,0.99803,3.47,0.66,9.4,4,low,white,74.166,0.08494458377153952,23.58490566037736,149.20634920634922,0.11341249999999999,0.041509433962264156
7.1,0.21,0.28,2.7,0.034,23.0,111.0,0.99405,3.35,0.64,10.2,4,low,white,80.47800000000001,0.08822286836153978,20.72072072072072,143.6619718309859,0.36816666666666664,0.024324324324324326
6.2,0.38,0.18,7.4,0.095,28.0,195.0,0.99773,3.53,0.71,9.2,4,low,white,72.58800000000001,0.08541356698076816,14.358974358974358,148.38709677419354,0.13482837837837838,0.03794871794871795
8.2,0.24,0.3,2.3,0.05,23.0,106.0,0.99397,2.98,0.5,10.0,5,low,white,78.9,0.10392902408111532,21.69811320754717,121.95121951219514,0.43216086956521743,0.02169811320754717
7.0,0.16,0.26,6.85,0.047,30.0,220.0,0.99622,3.38,0.58,10.1,6,medium,white,79.68900000000001,0.08784148376814867,13.636363636363635,144.28571428571428,0.14543357664233578,0.031136363636363636
7.3,0.815,0.09,11.4,0.044,45.0,204.0,0.99713,3.15,0.46,9.0,5,low,white,71.01,0.10280242219405716,22.058823529411764,123.28767123287672,0.08746754385964911,0.05588235294117647
6.3,0.41,0.16,0.9,0.032,25.0,98.0,0.99274,3.16,0.42,9.5,5,low,white,74.955,0.0840504302581549,25.510204081632654,150.79365079365078,1.1030444444444443,0.009183673469387756
6.1,0.36,0.41,19.35,0.07,67.0,207.0,1.00118,3.39,0.53,9.1,5,low,white,71.799,0.08495940054875414,32.367149758454104,149.18032786885246,0.05174056847545219,0.09347826086956522
8.1,0.4,0.32,7.9,0.031,23.0,118.0,0.99176,3.05,0.46,13.3,7,medium,white,104.937,0.07718917064524429,19.491525423728813,164.19753086419755,0.12553924050632911,0.06694915254237288
6.8,0.26,0.43,11.75,0.045,53.0,198.0,0.9969,3.26,0.55,9.5,5,low,white,74.955,0.09072109932626242,26.767676767676768,139.7058823529412,0.08484255319148937,0.059343434343434344
6.2,0.44,0.18,7.7,0.096,28.0,210.0,0.99771,3.56,0.72,9.2,5,low,white,72.58800000000001,0.08541356698076816,13.333333333333334,148.38709677419354,0.12957272727272726,0.03666666666666667
7.2,0.24,0.29,3.0,0.036,17.0,117.0,0.99411,3.36,0.68,10.1,6,medium,white,79.68900000000001,0.09035124044723863,14.529914529914532,140.27777777777777,0.33137,0.02564102564102564
6.2,0.44,0.18,7.7,0.096,28.0,210.0,0.99771,3.56,0.72,9.2,5,low,white,72.58800000000001,0.08541356698076816,13.333333333333334,148.38709677419354,0.12957272727272726,0.03666666666666667
7.2,0.24,0.29,3.0,0.036,17.0,117.0,0.99411,3.36,0.68,10.1,6,medium,white,79.68900000000001,0.09035124044723863,14.529914529914532,140.27777777777777,0.33137,0.02564102564102564
7.3,0.22,0.26,1.5,0.04,32.0,172.0,0.99194,3.27,0.48,11.2,6,medium,white,88.36800000000001,0.08260908926308165,18.6046511627907,153.42465753424656,0.6612933333333334,0.00872093023255814
8.1,0.34,0.28,7.5,0.04,70.0,230.0,0.99558,3.14,0.55,9.8,6,medium,white,77.322,0.10475673158997438,30.434782608695656,120.98765432098766,0.132744,0.03260869565217391
7.3,0.22,0.26,1.5,0.04,32.0,172.0,0.99194,3.27,0.48,11.2,6,medium,white,88.36800000000001,0.08260908926308165,18.6046511627907,153.42465753424656,0.6612933333333334,0.00872093023255814
8.1,0.34,0.28,7.5,0.04,70.0,230.0,0.99558,3.14,0.55,9.8,6,medium,white,77.322,0.10475673158997438,30.434782608695656,120.98765432098766,0.132744,0.03260869565217391
6.4,0.28,0.17,8.3,0.042,61.0,195.0,0.99577,3.22,0.46,9.4,5,low,white,74.166,0.0862929104980719,31.28205128205128,146.875,0.1199722891566265,0.04256410256410257
6.3,0.29,0.14,7.05,0.045,50.0,177.0,0.99564,3.23,0.42,9.0,5,low,white,71.01,0.08871989860583016,28.24858757062147,142.85714285714286,0.14122553191489362,0.03983050847457627
6.4,0.27,0.17,8.4,0.044,60.0,198.0,0.99578,3.21,0.47,9.4,5,low,white,74.166,0.0862929104980719,30.303030303030305,146.875,0.11854523809523809,0.04242424242424243
7.4,0.35,0.2,13.9,0.054,63.0,229.0,0.99888,3.11,0.5,8.9,6,medium,white,70.221,0.1053815810085302,27.510917030567683,120.27027027027026,0.07186187050359712,0.06069868995633188
8.3,0.28,0.27,17.5,0.045,48.0,253.0,1.00014,3.02,0.56,9.1,6,medium,white,71.799,0.11560049582863272,18.972332015810274,109.63855421686746,0.05715085714285714,0.0691699604743083
6.4,0.35,0.35,5.6,0.034,9.0,148.0,0.99441,3.17,0.5,9.8,4,low,white,77.322,0.0827707508859057,6.081081081081082,153.125,0.1775732142857143,0.03783783783783783
6.9,0.43,0.28,9.4,0.056,29.0,183.0,0.99594,3.17,0.43,9.4,5,low,white,74.166,0.09303454413073377,15.846994535519126,136.23188405797103,0.10595106382978724,0.05136612021857924
8.0,0.26,0.28,4.8,0.05,34.0,150.0,0.99437,3.13,0.5,10.0,6,medium,white,78.9,0.10139416983523447,22.666666666666664,125.0,0.20716041666666668,0.032
6.9,0.43,0.28,9.4,0.056,29.0,183.0,0.99594,3.17,0.43,9.4,5,low,white,74.166,0.09303454413073377,15.846994535519126,136.23188405797103,0.10595106382978724,0.05136612021857924
7.3,0.27,0.37,9.7,0.042,36.0,130.0,0.9979,3.48,0.75,9.9,6,medium,white,78.111,0.09345674744914288,27.692307692307693,135.6164383561644,0.10287628865979383,0.07461538461538461
6.8,0.46,0.26,6.3,0.147,49.0,159.0,0.99434,3.14,0.47,10.0,5,low,white,78.9,0.0861850443599493,30.81761006289308,147.05882352941177,0.15783174603174605,0.03962264150943396
7.2,0.2,0.28,1.6,0.028,13.0,168.0,0.99203,3.17,1.06,11.5,6,medium,white,90.735,0.07935195900148785,7.738095238095238,159.7222222222222,0.62001875,0.009523809523809525
7.6,0.285,0.32,14.6,0.063,32.0,201.0,0.998,3.0,0.45,9.2,5,low,white,72.58800000000001,0.10470050146029646,15.92039800995025,121.05263157894737,0.06835616438356165,0.072636815920398
6.6,0.32,0.33,2.5,0.052,40.0,219.5,0.99316,3.15,0.6,10.0,5,low,white,78.9,0.08365019011406843,18.223234624145785,151.5151515151515,0.397264,0.011389521640091117
7.6,0.285,0.32,14.6,0.063,32.0,201.0,0.998,3.0,0.45,9.2,5,low,white,72.58800000000001,0.10470050146029646,15.92039800995025,121.05263157894737,0.06835616438356165,0.072636815920398
6.6,0.34,0.34,2.6,0.051,40.5,210.0,0.99314,3.15,0.61,10.0,5,low,white,78.9,0.08365019011406843,19.28571428571429,151.5151515151515,0.38197692307692305,0.012380952380952381
6.6,0.32,0.33,2.5,0.052,40.0,210.0,0.99316,3.15,0.6,10.0,5,low,white,78.9,0.08365019011406843,19.047619047619047,151.5151515151515,0.397264,0.011904761904761904
6.5,0.27,0.26,8.2,0.042,21.0,133.0,0.99612,3.43,0.64,9.8,6,medium,white,77.322,0.08406404386849797,15.789473684210526,150.7692307692308,0.12147804878048782,0.06165413533834586
6.6,0.26,0.27,1.5,0.04,19.0,114.0,0.99295,3.36,0.62,10.5,6,medium,white,82.845,0.07966684772768423,16.666666666666664,159.0909090909091,0.6619666666666667,0.013157894736842105
6.7,0.27,0.26,2.3,0.043,61.0,181.0,0.99394,3.45,0.63,10.6,6,medium,white,83.634,0.08011095965755555,33.70165745856354,158.2089552238806,0.43214782608695657,0.012707182320441988
6.6,0.56,0.15,10.0,0.037,38.0,157.0,0.99642,3.28,0.52,9.4,5,low,white,74.166,0.08898956395113664,24.203821656050955,142.42424242424244,0.099642,0.06369426751592357
6.6,0.56,0.15,10.0,0.037,38.0,157.0,0.99642,3.28,0.52,9.4,5,low,white,74.166,0.08898956395113664,24.203821656050955,142.42424242424244,0.099642,0.06369426751592357
7.3,0.19,0.27,1.6,0.027,35.0,136.0,0.99248,3.38,0.54,11.0,7,medium,white,86.79,0.08411107270422859,25.735294117647058,150.68493150684932,0.6203,0.011764705882352941
6.3,0.2,0.26,1.6,0.027,36.0,141.0,0.99268,3.53,0.56,10.8,6,medium,white,85.212,0.0739332488381918,25.53191489361702,171.42857142857144,0.620425,0.011347517730496455
7.1,0.29,0.3,16.0,0.036,58.0,201.0,0.99954,3.3,0.67,9.0,5,low,white,71.01,0.09998591747641176,28.855721393034827,126.7605633802817,0.06247125,0.07960199004975124
7.8,0.32,0.33,10.4,0.031,47.0,194.0,0.99692,3.07,0.58,9.6,6,medium,white,75.744,0.10297845373891001,24.22680412371134,123.07692307692308,0.09585769230769231,0.053608247422680416
8.1,0.33,0.36,7.4,0.037,36.0,156.0,0.99592,3.19,0.54,10.6,6,medium,white,83.634,0.09685056316808953,23.076923076923077,130.8641975308642,0.13458378378378377,0.04743589743589744
8.1,0.33,0.36,7.4,0.037,36.0,156.0,0.99592,3.19,0.54,10.6,6,medium,white,83.634,0.09685056316808953,23.076923076923077,130.8641975308642,0.13458378378378377,0.04743589743589744
7.8,0.32,0.33,10.4,0.031,47.0,194.0,0.99692,3.07,0.58,9.6,6,medium,white,75.744,0.10297845373891001,24.22680412371134,123.07692307692308,0.09585769230769231,0.053608247422680416
6.6,0.33,0.24,16.05,0.045,31.0,147.0,0.99822,3.08,0.52,9.2,5,low,white,72.58800000000001,0.09092411968920482,21.08843537414966,139.39393939393938,0.062194392523364485,0.10918367346938776
6.6,0.33,0.24,16.05,0.045,31.0,147.0,0.99822,3.08,0.52,9.2,5,low,white,72.58800000000001,0.09092411968920482,21.08843537414966,139.39393939393938,0.062194392523364485,0.10918367346938776
8.2,0.26,0.33,2.6,0.053,11.0,71.0,0.99402,2.89,0.49,9.5,5,low,white,74.955,0.1093989727169635,15.492957746478872,115.85365853658539,0.3823153846153846,0.036619718309859155
8.3,0.25,0.33,2.5,0.053,12.0,72.0,0.99404,2.89,0.48,9.5,5,low,white,74.955,0.11073310653058503,16.666666666666664,114.45783132530119,0.397616,0.034722222222222224
7.0,0.26,0.26,10.8,0.039,37.0,184.0,0.99787,3.47,0.58,10.3,7,medium,white,81.26700000000001,0.08613582388915549,20.108695652173914,147.14285714285717,0.09239537037037036,0.058695652173913045
6.0,0.26,0.15,1.2,0.053,35.0,124.0,0.99347,3.08,0.46,8.8,5,low,white,69.432,0.08641548565502938,28.225806451612907,146.66666666666669,0.8278916666666667,0.00967741935483871
7.5,0.28,0.78,12.1,0.041,53.0,161.0,0.99838,2.98,0.44,8.7,5,low,white,68.643,0.10926095887417508,32.91925465838509,115.99999999999999,0.0825107438016529,0.07515527950310559
7.5,0.27,0.79,11.95,0.04,51.0,159.0,0.99839,2.98,0.44,8.7,5,low,white,68.643,0.10926095887417508,32.075471698113205,115.99999999999999,0.08354728033472804,0.07515723270440251
7.0,0.28,0.32,1.7,0.038,27.0,128.0,0.99375,3.2,0.62,10.2,6,medium,white,80.47800000000001,0.08698029275081388,21.09375,145.7142857142857,0.5845588235294118,0.01328125
5.2,0.16,0.34,0.8,0.029,26.0,77.0,0.99155,3.25,0.51,10.1,6,medium,white,79.68900000000001,0.06525367365633901,33.76623376623377,194.2307692307692,1.2394375,0.01038961038961039
6.8,0.34,0.1,1.4,0.049,29.0,118.0,0.9936,3.21,0.41,9.5,5,low,white,74.955,0.09072109932626242,24.576271186440678,139.7058823529412,0.7097142857142857,0.011864406779661016
7.6,0.25,0.34,1.3,0.056,34.0,176.0,0.99434,3.1,0.51,9.5,5,low,white,74.955,0.10139416983523447,19.318181818181817,125.0,0.764876923076923,0.007386363636363636
5.6,0.35,0.4,6.3,0.022,23.0,174.0,0.9922,3.54,0.5,11.6,7,medium,white,91.524,0.06118613696953804,13.218390804597702,207.14285714285717,0.1574920634920635,0.036206896551724134
8.8,0.24,0.23,10.3,0.032,12.0,97.0,0.99571,3.13,0.4,10.7,6,medium,white,84.423,0.10423699702687657,12.371134020618557,121.59090909090908,0.09667087378640776,0.10618556701030929
6.0,0.29,0.21,15.55,0.043,20.0,142.0,0.99658,3.11,0.54,10.1,6,medium,white,79.68900000000001,0.07529270037269886,14.084507042253522,168.33333333333334,0.06408874598070739,0.10950704225352113
6.1,0.27,0.31,1.5,0.035,17.0,83.0,0.99076,3.32,0.44,11.1,7,medium,white,87.57900000000001,0.06965140044987952,20.481927710843372,181.9672131147541,0.6605066666666667,0.018072289156626505
7.4,0.56,0.09,1.5,0.071,19.0,117.0,0.99496,3.22,0.53,9.8,5,low,white,77.322,0.09570368071182846,16.23931623931624,132.43243243243242,0.6633066666666666,0.01282051282051282
6.8,0.29,0.49,1.4,0.142,52.0,148.0,0.9937,3.08,0.49,9.0,6,medium,white,71.01,0.09576116039994366,35.13513513513514,132.35294117647058,0.7097857142857144,0.009459459459459458
6.1,0.27,0.31,1.5,0.035,17.0,83.0,0.99076,3.32,0.44,11.1,7,medium,white,87.57900000000001,0.06965140044987952,20.481927710843372,181.9672131147541,0.6605066666666667,0.018072289156626505
6.3,0.27,0.37,7.9,0.047,58.0,215.0,0.99542,3.19,0.48,9.5,6,medium,white,74.955,0.0840504302581549,26.976744186046513,150.79365079365078,0.1260025316455696,0.03674418604651163
6.6,0.24,0.3,13.0,0.052,18.0,143.0,0.99825,3.37,0.49,9.4,6,medium,white,74.166,0.08898956395113664,12.587412587412588,142.42424242424244,0.07678846153846154,0.09090909090909091
6.8,0.32,0.3,1.0,0.049,22.0,113.0,0.99289,3.24,0.61,10.2,5,low,white,80.47800000000001,0.08449514152936205,19.469026548672566,150.0,0.99289,0.008849557522123894
6.4,0.37,0.37,4.85,0.041,39.5,216.5,0.99432,3.1,0.5,9.8,6,medium,white,77.322,0.0827707508859057,18.244803695150118,153.125,0.20501443298969074,0.022401847575057737
6.2,0.26,0.37,7.1,0.047,54.0,201.0,0.99523,3.19,0.48,9.5,6,medium,white,74.955,0.08271629644453339,26.865671641791046,153.2258064516129,0.14017323943661972,0.035323383084577116
6.3,0.27,0.37,7.9,0.047,58.0,215.0,0.99542,3.19,0.48,9.5,6,medium,white,74.955,0.0840504302581549,26.976744186046513,150.79365079365078,0.1260025316455696,0.03674418604651163
6.4,0.3,0.16,7.5,0.05,55.0,191.0,0.9959,3.17,0.49,9.0,5,low,white,71.01,0.09012815096465286,28.79581151832461,140.625,0.13278666666666666,0.03926701570680628
8.0,0.28,0.32,7.6,0.045,61.0,204.0,0.99543,3.1,0.55,10.1,6,medium,white,79.68900000000001,0.10039026716359847,29.901960784313726,126.25,0.13097763157894737,0.03725490196078431
6.7,0.24,0.32,10.3,0.079,37.0,122.0,0.99662,3.02,0.45,8.8,5,low,white,69.432,0.09649729231478281,30.327868852459016,131.34328358208955,0.09675922330097086,0.08442622950819673
7.9,0.27,0.27,1.7,0.034,25.0,122.0,0.99088,2.97,0.51,11.9,6,medium,white,93.891,0.08414011992629751,20.491803278688526,150.63291139240508,0.5828705882352941,0.013934426229508197
7.9,0.27,0.27,1.7,0.034,25.0,122.0,0.99088,2.97,0.51,11.9,6,medium,white,93.891,0.08414011992629751,20.491803278688526,150.63291139240508,0.5828705882352941,0.013934426229508197
6.1,0.28,0.24,19.95,0.074,32.0,174.0,0.99922,3.19,0.44,9.3,6,medium,white,73.37700000000001,0.08313231666598524,18.39080459770115,152.45901639344262,0.050086215538847116,0.1146551724137931
7.7,0.39,0.49,7.7,0.036,11.0,110.0,0.9966,3.33,0.76,10.0,6,medium,white,78.9,0.09759188846641317,10.0,129.87012987012986,0.12942857142857142,0.07
6.0,0.2,0.24,5.3,0.075,49.0,201.0,0.99466,3.21,0.43,9.5,5,low,white,74.955,0.08004802881729038,24.378109452736318,158.33333333333331,0.18767169811320755,0.0263681592039801
6.1,0.28,0.24,19.95,0.074,32.0,174.0,0.99922,3.19,0.44,9.3,6,medium,white,73.37700000000001,0.08313231666598524,18.39080459770115,152.45901639344262,0.050086215538847116,0.1146551724137931
7.6,0.31,0.23,12.7,0.054,20.0,139.0,0.99836,3.16,0.5,9.7,4,low,white,76.533,0.09930356839533272,14.388489208633093,127.63157894736841,0.07861102362204725,0.09136690647482014
7.6,0.31,0.23,12.7,0.054,20.0,139.0,0.99836,3.16,0.5,9.7,4,low,white,76.533,0.09930356839533272,14.388489208633093,127.63157894736841,0.07861102362204725,0.09136690647482014
6.3,0.18,0.22,1.5,0.043,45.0,155.0,0.99238,3.19,0.48,10.2,5,low,white,80.47800000000001,0.07828226347573249,29.03225806451613,161.9047619047619,0.6615866666666667,0.00967741935483871
8.6,0.23,0.25,11.3,0.031,13.0,96.0,0.99645,3.11,0.4,10.8,5,low,white,85.212,0.10092475238229356,13.541666666666666,125.58139534883723,0.08818141592920353,0.11770833333333335
6.8,0.21,0.36,18.1,0.046,32.0,133.0,1.0,3.27,0.48,8.8,5,low,white,69.432,0.09793755040903329,24.06015037593985,129.41176470588235,0.055248618784530384,0.1360902255639098
6.8,0.21,0.36,18.1,0.046,32.0,133.0,1.0,3.27,0.48,8.8,5,low,white,69.432,0.09793755040903329,24.06015037593985,129.41176470588235,0.055248618784530384,0.1360902255639098
6.9,0.26,0.31,7.0,0.039,37.0,175.0,0.99376,3.32,0.49,11.4,6,medium,white,89.946,0.07671269428323661,21.142857142857142,165.2173913043478,0.14196571428571428,0.04
6.8,0.21,0.36,18.1,0.046,32.0,133.0,1.0,3.27,0.48,8.8,5,low,white,69.432,0.09793755040903329,24.06015037593985,129.41176470588235,0.055248618784530384,0.1360902255639098
6.4,0.31,0.4,6.4,0.039,39.0,191.0,0.99513,3.14,0.52,9.8,5,low,white,77.322,0.0827707508859057,20.418848167539267,153.125,0.1554890625,0.033507853403141365
8.6,0.34,0.36,1.4,0.045,11.0,119.0,0.99556,3.17,0.47,9.4,4,low,white,74.166,0.1159560984817841,9.243697478991598,109.30232558139537,0.7111142857142858,0.011764705882352941
8.6,0.34,0.36,1.4,0.045,11.0,119.0,0.99556,3.17,0.47,9.4,4,low,white,74.166,0.1159560984817841,9.243697478991598,109.30232558139537,0.7111142857142858,0.011764705882352941
8.5,0.3,0.28,3.1,0.054,54.0,174.0,0.99543,3.21,0.43,9.4,6,medium,white,74.166,0.11460777175525173,31.03448275862069,110.58823529411765,0.32110645161290324,0.017816091954022988
7.4,0.4,0.41,14.1,0.053,37.0,194.0,0.99886,3.2,0.63,9.4,6,medium,white,74.166,0.09977617776339563,19.072164948453608,127.02702702702702,0.07084113475177305,0.07268041237113401
6.6,0.32,0.34,7.7,0.044,63.0,212.0,0.99526,3.22,0.48,9.7,6,medium,white,76.533,0.08623730939594684,29.71698113207547,146.96969696969697,0.12925454545454546,0.03632075471698113
7.1,0.34,0.31,5.2,0.032,36.0,140.0,0.99166,3.35,0.47,12.3,7,medium,white,97.04700000000001,0.0731604274217647,25.71428571428571,173.23943661971833,0.19070384615384614,0.037142857142857144
6.6,0.26,0.25,11.6,0.045,45.0,178.0,0.99691,3.33,0.43,9.8,6,medium,white,77.322,0.08535733685109023,25.280898876404496,148.4848484848485,0.08594051724137931,0.0651685393258427
8.0,0.27,0.57,10.4,0.053,18.0,134.0,0.99732,3.12,0.68,9.0,5,low,white,71.01,0.11266018870581608,13.432835820895523,112.5,0.09589615384615384,0.07761194029850746
6.2,0.28,0.45,7.5,0.045,46.0,203.0,0.99573,3.26,0.46,9.2,6,medium,white,72.58800000000001,0.08541356698076816,22.660098522167488,148.38709677419354,0.132764,0.03694581280788178
6.2,0.3,0.49,11.2,0.058,68.0,215.0,0.99656,3.19,0.6,9.4,6,medium,white,74.166,0.08359625704500716,31.627906976744185,151.61290322580646,0.08897857142857143,0.05209302325581395
5.6,0.175,0.29,0.8,0.043,20.0,67.0,0.99112,3.28,0.48,9.9,6,medium,white,78.111,0.07169284735824659,29.850746268656714,176.7857142857143,1.2389,0.011940298507462687
6.9,0.34,0.36,1.4,0.032,13.0,145.0,0.99214,3.07,0.52,9.8,5,low,white,77.322,0.08923721579886708,8.96551724137931,142.02898550724638,0.7086714285714286,0.009655172413793102
6.9,0.34,0.3,4.7,0.029,34.0,148.0,0.99165,3.36,0.49,12.3,7,medium,white,97.04700000000001,0.07109957031129246,22.972972972972975,178.26086956521738,0.21098936170212765,0.03175675675675676
7.1,0.12,0.3,3.1,0.018,15.0,37.0,0.99004,3.02,0.52,11.9,7,medium,white,93.891,0.07561960145274839,40.54054054054054,167.60563380281693,0.3193677419354839,0.08378378378378379
7.1,0.32,0.29,4.0,0.038,33.0,170.0,0.99463,3.27,0.64,10.2,6,medium,white,80.47800000000001,0.08822286836153978,19.411764705882355,143.6619718309859,0.2486575,0.023529411764705882
7.3,0.51,0.29,11.3,0.034,61.0,224.0,0.99683,3.14,0.56,9.5,6,medium,white,74.955,0.09739176839436996,27.232142857142854,130.13698630136986,0.0882150442477876,0.05044642857142857
7.1,0.12,0.3,3.1,0.018,15.0,37.0,0.99004,3.02,0.52,11.9,7,medium,white,93.891,0.07561960145274839,40.54054054054054,167.60563380281693,0.3193677419354839,0.08378378378378379
6.3,0.24,0.55,8.1,0.04,67.0,216.0,0.99596,3.24,0.5,9.2,5,low,white,72.58800000000001,0.08679120515787732,31.01851851851852,146.03174603174602,0.12295802469135803,0.0375
7.5,0.41,0.23,14.8,0.054,28.0,174.0,0.99898,3.18,0.49,9.7,5,low,white,76.533,0.09799694249539415,16.091954022988507,129.33333333333331,0.06749864864864864,0.08505747126436781
6.5,0.18,0.33,1.4,0.029,35.0,138.0,0.99114,3.36,0.6,11.5,7,medium,white,90.735,0.07163718520967653,25.36231884057971,176.9230769230769,0.707957142857143,0.010144927536231883
7.3,0.17,0.24,8.1,0.121,32.0,162.0,0.99508,3.17,0.38,10.4,8,high,white,82.056,0.08896363459101102,19.753086419753085,142.46575342465755,0.12284938271604938,0.049999999999999996
8.2,0.2,0.38,3.5,0.053,41.0,174.0,0.99306,3.22,0.41,11.6,5,low,white,91.524,0.08959398627682355,23.563218390804597,141.46341463414635,0.2837314285714286,0.020114942528735632
7.5,0.41,0.23,14.8,0.054,28.0,174.0,0.99898,3.18,0.49,9.7,5,low,white,76.533,0.09799694249539415,16.091954022988507,129.33333333333331,0.06749864864864864,0.08505747126436781
7.3,0.17,0.24,8.1,0.121,32.0,162.0,0.99508,3.17,0.38,10.4,8,high,white,82.056,0.08896363459101102,19.753086419753085,142.46575342465755,0.12284938271604938,0.049999999999999996
6.5,0.18,0.33,1.4,0.029,35.0,138.0,0.99114,3.36,0.6,11.5,7,medium,white,90.735,0.07163718520967653,25.36231884057971,176.9230769230769,0.707957142857143,0.010144927536231883
7.3,0.16,0.35,1.5,0.036,29.0,108.0,0.99342,3.27,0.51,10.2,6,medium,white,80.47800000000001,0.09070801958299161,26.851851851851855,139.72602739726028,0.66228,0.013888888888888888
6.4,0.16,0.37,1.5,0.037,27.0,109.0,0.99345,3.38,0.5,9.8,6,medium,white,77.322,0.0827707508859057,24.770642201834864,153.125,0.6623,0.013761467889908258
6.6,0.42,0.13,12.8,0.044,26.0,158.0,0.99772,3.24,0.47,9.0,5,low,white,71.01,0.09294465568229826,16.455696202531644,136.36363636363637,0.077946875,0.0810126582278481
5.8,0.3,0.12,1.6,0.036,57.0,163.0,0.99239,3.38,0.59,10.5,6,medium,white,82.845,0.07001026012432857,34.96932515337423,181.0344827586207,0.62024375,0.0098159509202454
6.7,0.54,0.27,7.1,0.049,8.0,178.0,0.99502,3.16,0.38,9.4,4,low,white,74.166,0.09033789067766902,4.49438202247191,140.2985074626866,0.140143661971831,0.0398876404494382
6.7,0.54,0.27,7.1,0.049,8.0,178.0,0.99502,3.16,0.38,9.4,4,low,white,74.166,0.09033789067766902,4.49438202247191,140.2985074626866,0.140143661971831,0.0398876404494382
6.4,0.22,0.3,11.2,0.046,53.0,149.0,0.99479,3.21,0.34,10.8,5,low,white,85.212,0.07510679247054405,35.57046979865772,168.75,0.08882053571428572,0.07516778523489932
6.8,0.23,0.3,1.7,0.043,19.0,95.0,0.99207,3.17,0.46,10.7,7,medium,white,84.423,0.08054677042985915,20.0,157.35294117647058,0.5835705882352942,0.017894736842105262
9.0,0.26,0.34,6.7,0.029,21.0,162.0,0.99497,3.08,0.5,10.6,6,medium,white,83.634,0.10761173685343281,12.962962962962962,117.77777777777779,0.14850298507462686,0.04135802469135803
6.5,0.23,0.25,17.3,0.046,15.0,110.0,0.99828,3.15,0.42,9.2,6,medium,white,72.58800000000001,0.08954648151209565,13.636363636363635,141.53846153846152,0.05770404624277456,0.1572727272727273
5.9,0.28,0.14,8.6,0.032,30.0,142.0,0.99542,3.28,0.44,9.5,6,medium,white,74.955,0.07871389500366888,21.12676056338028,161.01694915254237,0.11574651162790697,0.060563380281690136
5.9,0.28,0.14,8.6,0.032,30.0,142.0,0.99542,3.28,0.44,9.5,6,medium,white,74.955,0.07871389500366888,21.12676056338028,161.01694915254237,0.11574651162790697,0.060563380281690136
6.2,0.27,0.18,1.5,0.028,20.0,111.0,0.99228,3.41,0.5,10.0,5,low,white,78.9,0.07858048162230671,18.01801801801802,161.29032258064515,0.66152,0.013513513513513514
9.0,0.29,0.34,12.1,0.03,34.0,177.0,0.99706,3.13,0.47,10.6,5,low,white,83.634,0.10761173685343281,19.2090395480226,117.77777777777779,0.08240165289256197,0.06836158192090395
9.0,0.26,0.34,6.7,0.029,21.0,162.0,0.99497,3.08,0.5,10.6,6,medium,white,83.634,0.10761173685343281,12.962962962962962,117.77777777777779,0.14850298507462686,0.04135802469135803
8.9,0.27,0.34,10.7,0.029,19.5,166.0,0.99669,3.13,0.48,10.6,5,low,white,83.634,0.10641605088839468,11.74698795180723,119.10112359550563,0.09314859813084113,0.0644578313253012
6.5,0.23,0.25,17.3,0.046,15.0,110.0,0.99828,3.15,0.42,9.2,6,medium,white,72.58800000000001,0.08954648151209565,13.636363636363635,141.53846153846152,0.05770404624277456,0.1572727272727273
6.9,0.32,0.3,1.8,0.036,28.0,117.0,0.99269,3.24,0.48,11.0,6,medium,white,86.79,0.07950224680262703,23.931623931623932,159.42028985507247,0.5514944444444444,0.015384615384615385
7.2,0.22,0.24,1.4,0.041,17.0,159.0,0.99196,3.25,0.53,11.2,6,medium,white,88.36800000000001,0.08147745790331341,10.69182389937107,155.55555555555554,0.7085428571428571,0.00880503144654088
6.7,0.5,0.38,7.5,0.046,26.0,175.0,0.99662,3.32,0.54,9.6,5,low,white,75.744,0.08845585128855091,14.857142857142858,143.28358208955223,0.13288266666666665,0.04285714285714286
6.2,0.33,0.14,4.8,0.052,27.0,128.0,0.99475,3.21,0.48,9.4,5,low,white,74.166,0.08359625704500716,21.09375,151.61290322580646,0.20723958333333334,0.0375
6.3,0.26,0.42,7.1,0.045,62.0,209.0,0.99544,3.2,0.53,9.5,6,medium,white,74.955,0.0840504302581549,29.665071770334926,150.79365079365078,0.14020281690140846,0.03397129186602871
7.5,0.2,0.47,16.9,0.052,51.0,188.0,0.99944,3.09,0.62,9.3,5,low,white,73.37700000000001,0.10221186475326055,27.127659574468083,124.0,0.05913846153846154,0.08989361702127659
6.2,0.33,0.14,4.8,0.052,27.0,128.0,0.99475,3.21,0.48,9.4,5,low,white,74.166,0.08359625704500716,21.09375,151.61290322580646,0.20723958333333334,0.0375
6.3,0.26,0.42,7.1,0.045,62.0,209.0,0.99544,3.2,0.53,9.5,6,medium,white,74.955,0.0840504302581549,29.665071770334926,150.79365079365078,0.14020281690140846,0.03397129186602871
6.6,0.36,0.52,11.3,0.046,8.0,110.0,0.9966,3.07,0.46,9.4,5,low,white,74.166,0.08898956395113664,7.2727272727272725,142.42424242424244,0.08819469026548672,0.10272727272727274
6.3,0.13,0.42,1.1,0.043,63.0,146.0,0.99066,3.13,0.72,11.2,7,medium,white,88.36800000000001,0.07129277566539922,43.15068493150685,177.77777777777777,0.9006,0.007534246575342466
6.4,0.15,0.44,1.2,0.043,67.0,150.0,0.9907,3.14,0.73,11.2,7,medium,white,88.36800000000001,0.07242440702516748,44.666666666666664,174.99999999999997,0.8255833333333333,0.008
6.3,0.13,0.42,1.1,0.043,63.0,146.0,0.99066,3.13,0.72,11.2,7,medium,white,88.36800000000001,0.07129277566539922,43.15068493150685,177.77777777777777,0.9006,0.007534246575342466
7.6,0.23,0.64,12.9,0.033,54.0,170.0,0.998,3.0,0.53,8.8,5,low,white,69.432,0.1094596151630372,31.76470588235294,115.78947368421053,0.07736434108527132,0.07588235294117647
6.4,0.15,0.44,1.2,0.043,67.0,150.0,0.9907,3.14,0.73,11.2,7,medium,white,88.36800000000001,0.07242440702516748,44.666666666666664,174.99999999999997,0.8255833333333333,0.008
6.3,0.13,0.42,1.1,0.043,63.0,146.0,0.99066,3.13,0.72,11.2,7,medium,white,88.36800000000001,0.07129277566539922,43.15068493150685,177.77777777777777,0.9006,0.007534246575342466
5.7,0.255,0.65,1.2,0.079,17.0,137.0,0.99307,3.2,0.42,9.4,5,low,white,74.166,0.07685462341234528,12.408759124087592,164.91228070175438,0.8275583333333334,0.00875912408759124
6.9,0.32,0.26,2.3,0.03,11.0,103.0,0.99106,3.06,0.42,11.1,6,medium,white,87.57900000000001,0.0787860103449457,10.679611650485436,160.86956521739128,0.4308956521739131,0.02233009708737864
6.9,0.28,0.22,10.0,0.052,36.0,131.0,0.99696,3.08,0.46,9.6,5,low,white,75.744,0.09109632446134348,27.480916030534353,139.1304347826087,0.09969599999999999,0.07633587786259542
6.9,0.32,0.26,2.3,0.03,11.0,103.0,0.99106,3.06,0.42,11.1,6,medium,white,87.57900000000001,0.0787860103449457,10.679611650485436,160.86956521739128,0.4308956521739131,0.02233009708737864
5.7,0.255,0.65,1.2,0.079,17.0,137.0,0.99307,3.2,0.42,9.4,5,low,white,74.166,0.07685462341234528,12.408759124087592,164.91228070175438,0.8275583333333334,0.00875912408759124
6.6,0.41,0.16,1.4,0.037,28.0,160.0,0.99167,2.95,0.45,10.6,6,medium,white,83.634,0.0789152736925174,17.5,160.60606060606062,0.7083357142857144,0.008749999999999999
7.3,0.37,0.16,14.9,0.048,59.0,240.0,0.99902,3.13,0.45,8.9,5,low,white,70.221,0.10395750558949601,24.583333333333332,121.91780821917808,0.06704832214765101,0.06208333333333334
6.9,0.21,0.24,1.8,0.021,17.0,80.0,0.98992,3.15,0.46,12.3,7,medium,white,97.04700000000001,0.07109957031129246,21.25,178.26086956521738,0.5499555555555555,0.0225
6.6,0.24,0.28,1.8,0.028,39.0,132.0,0.99182,3.34,0.46,11.4,5,low,white,89.946,0.07337735974918284,29.545454545454547,172.72727272727275,0.5510111111111111,0.013636363636363637
6.8,0.28,0.36,7.0,0.043,60.0,207.0,0.99556,3.16,0.49,9.6,6,medium,white,75.744,0.08977608787494719,28.985507246376812,141.1764705882353,0.14222285714285715,0.033816425120772944
6.6,0.24,0.24,8.6,0.034,25.0,135.0,0.99582,3.33,0.59,10.3,6,medium,white,81.26700000000001,0.08121377680977516,18.51851851851852,156.0606060606061,0.11579302325581396,0.0637037037037037
6.6,0.24,0.28,1.8,0.028,39.0,132.0,0.99182,3.34,0.46,11.4,5,low,white,89.946,0.07337735974918284,29.545454545454547,172.72727272727275,0.5510111111111111,0.013636363636363637
7.0,0.16,0.32,1.1,0.032,29.0,80.0,0.98972,3.23,0.36,12.1,6,medium,white,95.46900000000001,0.0733222302527522,36.25,172.85714285714283,0.8997454545454545,0.013750000000000002
7.0,0.14,0.28,1.3,0.026,10.0,56.0,0.99352,3.46,0.45,9.9,5,low,white,78.111,0.08961605919780824,17.857142857142858,141.42857142857144,0.7642461538461538,0.023214285714285715
6.3,0.34,0.36,4.9,0.035,31.0,185.0,0.9946,3.15,0.49,9.7,5,low,white,76.533,0.08231743169613108,16.756756756756758,153.96825396825395,0.2029795918367347,0.02648648648648649
6.8,0.26,0.24,1.9,0.043,70.0,154.0,0.99273,3.18,0.52,10.5,5,low,white,82.845,0.08208099462852314,45.45454545454545,154.41176470588235,0.5224894736842105,0.012337662337662337
6.7,0.17,0.42,10.4,0.038,85.0,182.0,0.99628,3.04,0.44,8.9,6,medium,white,70.221,0.09541305307529087,46.7032967032967,132.8358208955224,0.09579615384615385,0.05714285714285715
6.5,0.27,0.4,10.0,0.039,74.0,227.0,0.99582,3.18,0.5,9.4,5,low,white,74.166,0.08764123722460428,32.59911894273127,144.6153846153846,0.099582,0.04405286343612335
6.7,0.25,0.36,8.6,0.037,63.0,206.0,0.99553,3.18,0.5,9.6,5,low,white,75.744,0.08845585128855091,30.582524271844658,143.28358208955223,0.1157593023255814,0.04174757281553398
5.8,0.3,0.27,1.7,0.014,45.0,104.0,0.98914,3.4,0.56,12.6,7,medium,white,99.414,0.05834188343694047,43.269230769230774,217.24137931034483,0.5818470588235294,0.016346153846153847
6.4,0.28,0.56,1.7,0.156,49.0,106.0,0.99354,3.1,0.37,9.2,6,medium,white,72.58800000000001,0.0881688433349865,46.22641509433962,143.74999999999997,0.584435294117647,0.016037735849056604
7.7,0.3,0.26,18.95,0.053,36.0,174.0,0.99976,3.2,0.5,10.4,5,low,white,82.056,0.09383835429462807,20.689655172413794,135.06493506493507,0.05275778364116095,0.1089080459770115
6.8,0.18,0.3,12.8,0.062,19.0,171.0,0.99808,3.0,0.52,9.0,7,medium,white,71.01,0.09576116039994366,11.11111111111111,132.35294117647058,0.07797499999999999,0.07485380116959064
6.8,0.18,0.3,12.8,0.062,19.0,171.0,0.99808,3.0,0.52,9.0,7,medium,white,71.01,0.09576116039994366,11.11111111111111,132.35294117647058,0.07797499999999999,0.07485380116959064
6.8,0.18,0.3,12.8,0.062,19.0,171.0,0.99808,3.0,0.52,9.0,7,medium,white,71.01,0.09576116039994366,11.11111111111111,132.35294117647058,0.07797499999999999,0.07485380116959064
6.8,0.18,0.3,12.8,0.062,19.0,171.0,0.99808,3.0,0.52,9.0,7,medium,white,71.01,0.09576116039994366,11.11111111111111,132.35294117647058,0.07797499999999999,0.07485380116959064
6.8,0.18,0.3,12.8,0.062,19.0,171.0,0.99808,3.0,0.52,9.0,7,medium,white,71.01,0.09576116039994366,11.11111111111111,132.35294117647058,0.07797499999999999,0.07485380116959064
6.8,0.18,0.3,12.8,0.062,19.0,171.0,0.99808,3.0,0.52,9.0,7,medium,white,71.01,0.09576116039994366,11.11111111111111,132.35294117647058,0.07797499999999999,0.07485380116959064
5.1,0.14,0.25,0.7,0.039,15.0,89.0,0.9919,3.22,0.43,9.2,6,medium,white,72.58800000000001,0.07025954703256736,16.853932584269664,180.3921568627451,1.417,0.007865168539325841
6.8,0.18,0.3,12.8,0.062,19.0,171.0,0.99808,3.0,0.52,9.0,7,medium,white,71.01,0.09576116039994366,11.11111111111111,132.35294117647058,0.07797499999999999,0.07485380116959064
7.2,0.615,0.1,1.4,0.068,25.0,154.0,0.99499,3.2,0.48,9.7,4,low,white,76.533,0.09407706479557838,16.233766233766232,134.7222222222222,0.710707142857143,0.00909090909090909
6.9,0.13,0.28,13.3,0.05,47.0,132.0,0.99655,3.34,0.42,10.1,6,medium,white,79.68900000000001,0.08658660542860369,35.60606060606061,146.37681159420288,0.07492857142857143,0.10075757575757577
6.7,0.34,0.3,8.5,0.059,24.0,152.0,0.99615,3.46,0.64,11.0,7,medium,white,86.79,0.07719783385182624,15.789473684210526,164.17910447761193,0.11719411764705882,0.05592105263157895
7.3,0.32,0.29,1.5,0.038,32.0,144.0,0.99296,3.2,0.55,10.8,5,low,white,85.212,0.0856686851617143,22.22222222222222,147.94520547945206,0.6619733333333333,0.010416666666666666
6.3,0.21,0.29,11.7,0.048,49.0,147.0,0.99482,3.22,0.38,10.8,5,low,white,85.212,0.0739332488381918,33.33333333333333,171.42857142857144,0.08502735042735043,0.07959183673469387
5.4,0.5,0.13,5.0,0.028,12.0,107.0,0.99079,3.48,0.88,13.5,7,medium,white,106.515,0.05069708491761724,11.214953271028037,250.0,0.198158,0.04672897196261682
8.2,0.52,0.34,1.2,0.042,18.0,167.0,0.99366,3.24,0.39,10.6,5,low,white,83.634,0.09804624913312766,10.778443113772456,129.26829268292684,0.8280500000000001,0.00718562874251497
7.8,0.28,0.31,2.1,0.046,28.0,208.0,0.99434,3.23,0.64,9.8,5,low,white,77.322,0.10087685264219756,13.461538461538462,125.64102564102566,0.4734952380952381,0.010096153846153847
6.4,0.22,0.34,1.4,0.023,56.0,115.0,0.98958,3.18,0.7,11.7,6,medium,white,92.313,0.06932934689588682,48.69565217391305,182.81249999999997,0.7068428571428572,0.01217391304347826
7.8,0.28,0.31,2.1,0.046,28.0,208.0,0.99434,3.23,0.64,9.8,5,low,white,77.322,0.10087685264219756,13.461538461538462,125.64102564102566,0.4734952380952381,0.010096153846153847
6.9,0.32,0.27,16.0,0.034,58.0,185.0,0.99938,3.34,0.6,9.0,6,medium,white,71.01,0.09716941275876637,31.351351351351354,130.43478260869566,0.06246125,0.08648648648648649
6.8,0.11,0.42,1.1,0.042,51.0,132.0,0.99059,3.18,0.74,11.3,7,medium,white,89.15700000000001,0.07626995076101707,38.63636363636363,166.1764705882353,0.9005363636363636,0.008333333333333333
6.2,0.26,0.32,15.3,0.031,64.0,185.0,0.99835,3.31,0.61,9.4,5,low,white,74.166,0.08359625704500716,34.5945945945946,151.61290322580646,0.0652516339869281,0.0827027027027027
6.4,0.22,0.34,1.4,0.023,56.0,115.0,0.98958,3.18,0.7,11.7,6,medium,white,92.313,0.06932934689588682,48.69565217391305,182.81249999999997,0.7068428571428572,0.01217391304347826
6.7,0.3,0.29,2.8,0.025,37.0,107.0,0.99159,3.31,0.63,11.3,7,medium,white,89.15700000000001,0.07514833383806094,34.57943925233645,168.65671641791045,0.3541392857142857,0.02616822429906542
6.7,0.3,0.29,2.8,0.025,37.0,107.0,0.99159,3.31,0.63,11.3,7,medium,white,89.15700000000001,0.07514833383806094,34.57943925233645,168.65671641791045,0.3541392857142857,0.02616822429906542
7.1,0.2,0.3,0.9,0.019,4.0,28.0,0.98931,3.2,0.36,12.0,6,medium,white,94.68,0.07498943810730882,14.285714285714285,169.01408450704227,1.0992333333333333,0.03214285714285715
7.2,0.2,0.36,2.5,0.028,22.0,157.0,0.9938,3.48,0.49,10.6,6,medium,white,83.634,0.08608938948274625,14.012738853503185,147.2222222222222,0.39752,0.01592356687898089
8.9,0.26,0.33,8.1,0.024,47.0,202.0,0.99558,3.13,0.46,10.8,6,medium,white,85.212,0.10444538327935032,23.26732673267327,121.34831460674158,0.12291111111111112,0.0400990099009901
7.5,0.25,0.32,8.2,0.024,53.0,209.0,0.99563,3.12,0.46,10.8,6,medium,white,85.212,0.08801577242641881,25.358851674641148,144.00000000000003,0.12141829268292684,0.039234449760765545
7.1,0.2,0.3,0.9,0.019,4.0,28.0,0.98931,3.2,0.36,12.0,6,medium,white,94.68,0.07498943810730882,14.285714285714285,169.01408450704227,1.0992333333333333,0.03214285714285715
6.3,0.27,0.46,11.1,0.053,44.0,177.0,0.99691,3.18,0.67,9.4,5,low,white,74.166,0.08494458377153952,24.858757062146893,149.20634920634922,0.0898117117117117,0.06271186440677966
6.5,0.3,0.39,7.8,0.038,61.0,219.0,0.9959,3.19,0.5,9.4,5,low,white,74.166,0.08764123722460428,27.85388127853881,144.6153846153846,0.12767948717948718,0.03561643835616438
6.7,0.3,0.29,2.8,0.025,37.0,107.0,0.99159,3.31,0.63,11.3,7,medium,white,89.15700000000001,0.07514833383806094,34.57943925233645,168.65671641791045,0.3541392857142857,0.02616822429906542
6.6,0.36,0.52,10.1,0.05,29.0,140.0,0.99628,3.07,0.4,9.4,5,low,white,74.166,0.08898956395113664,20.714285714285715,142.42424242424244,0.09864158415841585,0.07214285714285713
6.15,0.21,0.37,3.2,0.021,20.0,80.0,0.99076,3.39,0.47,12.0,5,low,white,94.68,0.06495564005069708,25.0,195.1219512195122,0.30961249999999996,0.04
6.5,0.18,0.41,14.2,0.039,47.0,129.0,0.99678,3.28,0.72,10.3,7,medium,white,81.26700000000001,0.0799832650399301,36.434108527131784,158.46153846153848,0.07019577464788733,0.11007751937984496
6.5,0.18,0.41,14.2,0.039,47.0,129.0,0.99678,3.28,0.72,10.3,7,medium,white,81.26700000000001,0.0799832650399301,36.434108527131784,158.46153846153848,0.07019577464788733,0.11007751937984496
6.5,0.18,0.41,14.2,0.039,47.0,129.0,0.99678,3.28,0.72,10.3,7,medium,white,81.26700000000001,0.0799832650399301,36.434108527131784,158.46153846153848,0.07019577464788733,0.11007751937984496
6.6,0.26,0.21,2.9,0.026,48.0,126.0,0.99089,3.22,0.38,11.3,7,medium,white,89.15700000000001,0.0740267169151048,38.095238095238095,171.21212121212125,0.34168620689655177,0.023015873015873014
6.6,0.35,0.35,6.0,0.063,31.0,150.0,0.99537,3.1,0.47,9.4,6,medium,white,74.166,0.08898956395113664,20.666666666666668,142.42424242424244,0.165895,0.04
6.5,0.28,0.28,20.4,0.041,40.0,144.0,1.0002,3.14,0.38,8.7,5,low,white,68.643,0.09469283102428507,27.77777777777778,133.84615384615384,0.049029411764705884,0.14166666666666666
6.6,0.36,0.52,10.1,0.05,29.0,140.0,0.99628,3.07,0.4,9.4,5,low,white,74.166,0.08898956395113664,20.714285714285715,142.42424242424244,0.09864158415841585,0.07214285714285713
6.6,0.26,0.21,2.9,0.026,48.0,126.0,0.99089,3.22,0.38,11.3,7,medium,white,89.15700000000001,0.0740267169151048,38.095238095238095,171.21212121212125,0.34168620689655177,0.023015873015873014
6.5,0.18,0.41,14.2,0.039,47.0,129.0,0.99678,3.28,0.72,10.3,7,medium,white,81.26700000000001,0.0799832650399301,36.434108527131784,158.46153846153848,0.07019577464788733,0.11007751937984496
6.15,0.21,0.37,3.2,0.021,20.0,80.0,0.99076,3.39,0.47,12.0,5,low,white,94.68,0.06495564005069708,25.0,195.1219512195122,0.30961249999999996,0.04
4.5,0.19,0.21,0.95,0.033,89.0,159.0,0.99332,3.34,0.42,8.0,5,low,white,63.120000000000005,0.07129277566539924,55.9748427672956,177.77777777777777,1.0456,0.005974842767295597
8.0,0.24,0.26,1.7,0.033,36.0,136.0,0.99316,3.44,0.51,10.4,7,medium,white,82.056,0.09749439407234084,26.47058823529412,130.0,0.5842117647058824,0.012499999999999999
7.8,0.17,0.23,1.7,0.029,39.0,128.0,0.99272,3.37,0.41,10.7,7,medium,white,84.423,0.09239188372836786,30.46875,137.17948717948718,0.5839529411764707,0.01328125
7.0,0.24,0.24,9.0,0.03,42.0,219.0,0.99636,3.47,0.46,10.2,6,medium,white,80.47800000000001,0.08698029275081388,19.17808219178082,145.7142857142857,0.11070666666666668,0.0410958904109589
5.8,0.6,0.0,1.3,0.044,72.0,197.0,0.99202,3.56,0.43,10.9,5,low,white,86.001,0.06744107626655503,36.54822335025381,187.93103448275863,0.7630923076923076,0.006598984771573604
5.9,0.445,0.26,1.4,0.027,23.0,109.0,0.99148,3.3,0.36,10.5,6,medium,white,82.845,0.07121733357474803,21.100917431192663,177.96610169491524,0.7082,0.012844036697247705
6.7,0.28,0.28,2.4,0.012,36.0,100.0,0.99064,3.26,0.39,11.7,7,medium,white,92.313,0.07257916003163152,36.0,174.62686567164178,0.41276666666666667,0.024
6.8,0.44,0.2,16.0,0.065,61.0,186.0,0.99884,3.13,0.45,8.6,5,low,white,67.854,0.10021516786040617,32.795698924731184,126.47058823529412,0.0624275,0.08602150537634409
7.2,0.24,0.27,11.4,0.034,40.0,174.0,0.99773,3.2,0.44,9.0,5,low,white,71.01,0.10139416983523447,22.988505747126435,125.0,0.08752017543859648,0.06551724137931035
8.7,0.31,0.73,14.35,0.044,27.0,191.0,1.00013,2.96,0.88,8.7,5,low,white,68.643,0.12674271229404308,14.136125654450263,100.0,0.06969547038327525,0.07513089005235601
8.2,0.32,0.26,2.1,0.062,26.0,87.0,0.98974,3.1,0.47,12.8,6,medium,white,100.992,0.08119455006337134,29.88505747126437,156.09756097560978,0.47130476190476184,0.02413793103448276
7.2,0.24,0.27,11.4,0.034,40.0,174.0,0.99773,3.2,0.44,9.0,5,low,white,71.01,0.10139416983523447,22.988505747126435,125.0,0.08752017543859648,0.06551724137931035
8.7,0.31,0.73,14.35,0.044,27.0,191.0,1.00013,2.96,0.88,8.7,5,low,white,68.643,0.12674271229404308,14.136125654450263,100.0,0.06969547038327525,0.07513089005235601
7.5,0.13,0.38,1.1,0.023,42.0,104.0,0.99112,3.28,0.53,11.8,6,medium,white,93.102,0.08055680866146807,40.38461538461539,157.33333333333334,0.9010181818181817,0.010576923076923078
9.2,0.14,0.37,1.1,0.034,36.0,84.0,0.99136,3.05,0.55,11.6,6,medium,white,91.524,0.10052008216424106,42.857142857142854,126.08695652173914,0.9012363636363636,0.013095238095238096
7.4,0.2,0.37,1.2,0.028,28.0,89.0,0.99132,3.14,0.61,11.8,6,medium,white,93.102,0.07948271787931516,31.46067415730337,159.45945945945945,0.8261000000000001,0.01348314606741573
6.1,0.15,0.35,15.8,0.042,55.0,158.0,0.99642,3.24,0.37,10.6,5,low,white,83.634,0.07293684386732668,34.810126582278485,173.7704918032787,0.06306455696202531,0.1
7.6,0.23,0.4,5.2,0.066,14.0,91.0,0.99488,3.17,0.8,9.7,5,low,white,76.533,0.09930356839533272,15.384615384615385,127.63157894736841,0.1913230769230769,0.05714285714285715
8.1,0.33,0.22,5.2,0.047,24.0,151.0,0.99527,3.22,0.47,10.3,5,low,white,81.26700000000001,0.09967145335745135,15.894039735099339,127.16049382716051,0.19139807692307692,0.03443708609271523
7.15,0.17,0.24,9.6,0.119,56.0,178.0,0.99578,3.15,0.44,10.2,6,medium,white,80.47800000000001,0.08884415616690275,31.46067415730337,142.65734265734264,0.10372708333333333,0.05393258426966292
6.7,0.12,0.3,5.2,0.048,38.0,113.0,0.99352,3.33,0.44,10.1,7,medium,white,79.68900000000001,0.08407684874951372,33.6283185840708,150.7462686567164,0.19106153846153845,0.04601769911504425
5.7,0.18,0.36,1.2,0.046,9.0,71.0,0.99199,3.7,0.68,10.9,7,medium,white,86.001,0.06627829908954547,12.676056338028168,191.2280701754386,0.8266583333333334,0.016901408450704224
5.8,0.15,0.28,0.8,0.037,43.0,127.0,0.99198,3.24,0.51,9.3,5,low,white,73.37700000000001,0.07904384207585483,33.85826771653544,160.34482758620692,1.2399749999999998,0.006299212598425198
6.6,0.23,0.29,14.45,0.057,29.0,144.0,0.99756,3.33,0.54,10.2,6,medium,white,80.47800000000001,0.08200999030791023,20.13888888888889,154.54545454545453,0.06903529411764706,0.10034722222222221
7.15,0.17,0.24,9.6,0.119,56.0,178.0,0.99578,3.15,0.44,10.2,6,medium,white,80.47800000000001,0.08884415616690275,31.46067415730337,142.65734265734264,0.10372708333333333,0.05393258426966292
7.0,0.34,0.39,6.9,0.066,43.0,162.0,0.99561,3.11,0.53,9.5,5,low,white,74.955,0.09338936695350544,26.543209876543212,135.71428571428572,0.14429130434782608,0.04259259259259259
6.4,0.68,0.26,3.4,0.069,25.0,146.0,0.99347,3.18,0.4,9.3,5,low,white,73.37700000000001,0.08722079125611568,17.123287671232877,145.3125,0.2921970588235294,0.02328767123287671
7.3,0.22,0.31,2.3,0.018,45.0,80.0,0.98936,3.06,0.34,12.9,7,medium,white,101.781,0.07172262013538871,56.25,176.7123287671233,0.4301565217391305,0.028749999999999998
6.4,0.28,0.27,11.0,0.042,45.0,148.0,0.99786,3.14,0.46,8.7,5,low,white,68.643,0.09323601823929607,30.405405405405407,135.93749999999997,0.09071454545454545,0.07432432432432433
6.9,0.4,0.22,5.95,0.081,76.0,303.0,0.99705,3.4,0.57,9.4,5,low,white,74.166,0.09303454413073377,25.082508250825082,136.23188405797103,0.16757142857142857,0.019636963696369636
6.8,0.19,0.23,5.1,0.034,71.0,204.0,0.9942,3.23,0.69,10.1,5,low,white,79.68900000000001,0.0853317270890587,34.80392156862745,148.52941176470588,0.19494117647058826,0.024999999999999998
7.1,0.23,0.24,5.4,0.039,60.0,196.0,0.9948,3.19,0.78,10.0,4,low,white,78.9,0.08998732572877058,30.612244897959183,140.84507042253523,0.1842222222222222,0.027551020408163266
6.45,0.14,0.42,1.2,0.05,51.0,129.0,0.99116,3.27,0.69,11.1,7,medium,white,87.57900000000001,0.07364779227897097,39.53488372093023,172.09302325581396,0.8259666666666667,0.009302325581395349
6.5,0.15,0.44,12.6,0.052,65.0,158.0,0.99688,3.26,0.7,10.3,7,medium,white,81.26700000000001,0.0799832650399301,41.139240506329116,158.46153846153848,0.07911746031746032,0.07974683544303797
7.1,0.15,0.34,1.0,0.033,27.0,73.0,0.98974,3.24,0.41,12.2,6,medium,white,96.25800000000001,0.07376010305636933,36.986301369863014,171.83098591549296,0.98974,0.0136986301369863
6.7,0.33,0.34,6.6,0.067,35.0,156.0,0.99542,3.11,0.48,9.3,6,medium,white,73.37700000000001,0.09130926584624609,22.435897435897438,138.80597014925374,0.15082121212121213,0.0423076923076923
7.2,0.3,0.26,1.5,0.041,46.0,178.0,0.99154,3.19,0.56,11.3,6,medium,white,89.15700000000001,0.08075641845284161,25.842696629213485,156.94444444444443,0.6610266666666667,0.008426966292134831
7.0,0.23,0.33,1.0,0.043,46.0,110.0,0.99118,3.04,0.65,10.8,6,medium,white,85.212,0.08214805426465756,41.81818181818181,154.2857142857143,0.99118,0.00909090909090909
8.0,0.13,0.25,1.1,0.033,15.0,86.0,0.99044,2.98,0.39,11.2,8,high,white,88.36800000000001,0.09053050878145934,17.441860465116278,140.0,0.9003999999999999,0.012790697674418606
6.2,0.21,0.34,6.6,0.03,36.0,91.0,0.9914,3.32,0.45,12.5,7,medium,white,98.625,0.06286438529784538,39.56043956043956,201.61290322580646,0.1502121212121212,0.07252747252747252
8.3,0.4,0.41,8.2,0.05,15.0,122.0,0.9979,3.39,0.49,9.3,5,low,white,73.37700000000001,0.11311446366027501,12.295081967213115,112.04819277108433,0.12169512195121952,0.06721311475409836
5.9,0.34,0.31,2.0,0.03,38.0,142.0,0.98892,3.4,0.41,12.9,7,medium,white,101.781,0.05796759709572514,26.76056338028169,218.64406779661016,0.49446,0.014084507042253521
6.6,0.12,0.25,1.4,0.039,21.0,131.0,0.99114,3.2,0.45,11.2,7,medium,white,88.36800000000001,0.07468766974470395,16.030534351145036,169.6969696969697,0.707957142857143,0.010687022900763359
9.6,0.655,0.21,2.0,0.039,21.0,120.0,0.99188,3.0,1.0,12.6,6,medium,white,99.414,0.09656587603355664,17.5,131.25,0.49594,0.016666666666666666
6.8,0.26,0.4,7.5,0.046,45.0,179.0,0.99583,3.2,0.49,9.3,5,low,white,73.37700000000001,0.09267209070962289,25.139664804469277,136.76470588235296,0.13277733333333333,0.04189944134078212
5.9,0.34,0.31,2.0,0.03,38.0,142.0,0.98892,3.4,0.41,12.9,7,medium,white,101.781,0.05796759709572514,26.76056338028169,218.64406779661016,0.49446,0.014084507042253521
5.9,0.3,0.3,2.0,0.03,38.0,142.0,0.98892,3.41,0.41,12.9,7,medium,white,101.781,0.05796759709572514,26.76056338028169,218.64406779661016,0.49446,0.014084507042253521
7.0,0.15,0.3,13.3,0.049,46.0,120.0,0.99704,3.2,0.36,9.5,7,medium,white,74.955,0.09338936695350544,38.333333333333336,135.71428571428572,0.07496541353383458,0.11083333333333334
7.9,0.37,0.31,2.85,0.037,5.0,24.0,0.9911,3.19,0.36,11.9,6,medium,white,93.891,0.08414011992629751,20.833333333333336,150.63291139240508,0.34775438596491226,0.11875000000000001
7.2,0.35,0.25,5.6,0.032,23.0,120.0,0.99334,2.93,0.66,10.3,7,medium,white,81.26700000000001,0.08859684742884565,19.166666666666668,143.05555555555557,0.17738214285714288,0.04666666666666666
7.2,0.32,0.24,5.6,0.033,23.0,120.0,0.99334,2.92,0.66,10.3,7,medium,white,81.26700000000001,0.08859684742884565,19.166666666666668,143.05555555555557,0.17738214285714288,0.04666666666666666
7.6,0.1,0.33,1.0,0.031,33.0,93.0,0.99094,3.06,0.68,11.2,6,medium,white,88.36800000000001,0.08600398334238638,35.483870967741936,147.36842105263156,0.99094,0.010752688172043012
6.2,0.25,0.31,3.2,0.03,32.0,150.0,0.99014,3.18,0.31,12.0,6,medium,white,94.68,0.06548373468525559,21.333333333333336,193.54838709677418,0.30941874999999996,0.021333333333333336
7.1,0.31,0.17,1.0,0.042,21.0,144.0,0.99304,3.13,0.4,9.6,5,low,white,75.744,0.09373679763413603,14.583333333333334,135.2112676056338,0.99304,0.006944444444444444
7.6,0.18,0.28,7.1,0.041,29.0,110.0,0.99652,3.2,0.42,9.2,6,medium,white,72.58800000000001,0.10470050146029646,26.36363636363636,121.05263157894737,0.1403549295774648,0.06454545454545454
8.0,0.17,0.29,2.4,0.029,52.0,119.0,0.98944,3.03,0.33,12.9,6,medium,white,101.781,0.07860013165522052,43.69747899159664,161.25,0.41226666666666667,0.020168067226890754
7.2,0.19,0.27,11.2,0.061,46.0,149.0,0.99772,2.99,0.59,9.3,6,medium,white,73.37700000000001,0.09812339016313013,30.87248322147651,129.16666666666669,0.08908214285714287,0.07516778523489932
7.6,0.32,0.25,9.5,0.03,15.0,136.0,0.99367,3.1,0.44,12.1,6,medium,white,95.46900000000001,0.07960699284584524,11.029411764705882,159.21052631578948,0.10459684210526317,0.06985294117647059
7.1,0.31,0.17,1.0,0.042,21.0,144.0,0.99304,3.13,0.4,9.6,5,low,white,75.744,0.09373679763413603,14.583333333333334,135.2112676056338,0.99304,0.006944444444444444
6.6,0.21,0.29,1.8,0.026,35.0,128.0,0.99183,3.37,0.48,11.2,6,medium,white,88.36800000000001,0.07468766974470395,27.34375,169.6969696969697,0.5510166666666666,0.0140625
7.0,0.16,0.36,2.6,0.029,28.0,98.0,0.99126,3.11,0.37,11.2,7,medium,white,88.36800000000001,0.07921419518377693,28.57142857142857,160.0,0.38125384615384617,0.02653061224489796
8.0,0.17,0.29,2.4,0.029,52.0,119.0,0.98944,3.03,0.33,12.9,6,medium,white,101.781,0.07860013165522052,43.69747899159664,161.25,0.41226666666666667,0.020168067226890754
6.6,0.24,0.38,8.0,0.042,56.0,187.0,0.99577,3.21,0.46,9.2,5,low,white,72.58800000000001,0.09092411968920482,29.946524064171122,139.39393939393938,0.12447125,0.0427807486631016
7.2,0.19,0.27,11.2,0.061,46.0,149.0,0.99772,2.99,0.59,9.3,6,medium,white,73.37700000000001,0.09812339016313013,30.87248322147651,129.16666666666669,0.08908214285714287,0.07516778523489932
7.6,0.18,0.28,7.1,0.041,29.0,110.0,0.99652,3.2,0.42,9.2,6,medium,white,72.58800000000001,0.10470050146029646,26.36363636363636,121.05263157894737,0.1403549295774648,0.06454545454545454
6.9,0.3,0.25,3.3,0.041,26.0,124.0,0.99428,3.18,0.5,9.3,6,medium,white,73.37700000000001,0.0940349155729997,20.967741935483872,134.7826086956522,0.30129696969696973,0.02661290322580645
6.2,0.28,0.27,10.3,0.03,26.0,108.0,0.99388,3.2,0.36,10.7,6,medium,white,84.423,0.07343970245075394,24.074074074074073,172.5806451612903,0.09649320388349514,0.09537037037037038
6.9,0.31,0.32,1.2,0.024,20.0,166.0,0.99208,3.05,0.54,9.8,6,medium,white,77.322,0.08923721579886708,12.048192771084338,142.02898550724638,0.8267333333333333,0.007228915662650602
6.7,0.23,0.25,1.6,0.036,28.0,143.0,0.99256,3.3,0.54,10.3,6,medium,white,81.26700000000001,0.08244428857962026,19.58041958041958,153.73134328358208,0.62035,0.011188811188811189
6.2,0.28,0.27,10.3,0.03,26.0,108.0,0.99388,3.2,0.36,10.7,6,medium,white,84.423,0.07343970245075394,24.074074074074073,172.5806451612903,0.09649320388349514,0.09537037037037038
5.7,0.23,0.28,9.65,0.025,26.0,121.0,0.9925,3.28,0.38,11.3,6,medium,white,89.15700000000001,0.06393216460849961,21.487603305785125,198.24561403508773,0.10284974093264249,0.07975206611570249
6.5,0.22,0.5,16.4,0.048,36.0,182.0,0.99904,3.02,0.49,8.8,6,medium,white,69.432,0.09361677612628183,19.78021978021978,135.3846153846154,0.060917073170731716,0.09010989010989011
7.0,0.18,0.37,1.5,0.043,16.0,104.0,0.99216,3.18,0.5,10.8,5,low,white,85.212,0.08214805426465756,15.384615384615385,154.2857142857143,0.66144,0.014423076923076924
6.9,0.31,0.32,1.2,0.024,20.0,166.0,0.99208,3.05,0.54,9.8,6,medium,white,77.322,0.08923721579886708,12.048192771084338,142.02898550724638,0.8267333333333333,0.007228915662650602
6.9,0.3,0.25,3.3,0.041,26.0,124.0,0.99428,3.18,0.5,9.3,6,medium,white,73.37700000000001,0.0940349155729997,20.967741935483872,134.7826086956522,0.30129696969696973,0.02661290322580645
6.5,0.46,0.31,5.0,0.027,15.0,72.0,0.99165,3.26,0.6,11.5,7,medium,white,90.735,0.07163718520967653,20.833333333333336,176.9230769230769,0.19833,0.06944444444444445
6.5,0.23,0.36,16.3,0.038,43.0,133.0,0.99924,3.26,0.41,8.8,5,low,white,69.432,0.09361677612628183,32.33082706766917,135.3846153846154,0.06130306748466258,0.12255639097744361
6.5,0.23,0.36,16.3,0.038,43.0,133.0,0.99924,3.26,0.41,8.8,5,low,white,69.432,0.09361677612628183,32.33082706766917,135.3846153846154,0.06130306748466258,0.12255639097744361
6.5,0.23,0.36,16.3,0.038,43.0,133.0,0.99924,3.26,0.41,8.8,5,low,white,69.432,0.09361677612628183,32.33082706766917,135.3846153846154,0.06130306748466258,0.12255639097744361
6.6,0.26,0.38,6.5,0.17,68.0,201.0,0.9956,3.19,0.38,9.4,6,medium,white,74.166,0.08898956395113664,33.83084577114428,142.42424242424244,0.15316923076923078,0.03233830845771144
6.7,0.26,0.39,6.4,0.171,64.0,200.0,0.99562,3.19,0.38,9.4,6,medium,white,74.166,0.09033789067766902,32.0,140.2985074626866,0.15556562499999999,0.032
7.5,0.28,0.39,10.2,0.045,59.0,209.0,0.9972,3.16,0.63,9.6,6,medium,white,75.744,0.09901774397972117,28.22966507177033,128.0,0.09776470588235295,0.04880382775119617
6.5,0.23,0.36,16.3,0.038,43.0,133.0,0.99924,3.26,0.41,8.8,5,low,white,69.432,0.09361677612628183,32.33082706766917,135.3846153846154,0.06130306748466258,0.12255639097744361
6.8,0.23,0.42,7.4,0.044,56.0,189.0,0.9958,3.22,0.48,9.3,6,medium,white,73.37700000000001,0.09267209070962289,29.629629629629626,136.76470588235296,0.13456756756756758,0.039153439153439155
7.8,0.25,0.34,13.7,0.044,66.0,184.0,0.99976,3.22,0.75,8.9,5,low,white,70.221,0.11107788268466696,35.869565217391305,114.10256410256412,0.07297518248175183,0.07445652173913044
7.8,0.25,0.34,13.7,0.044,66.0,184.0,0.99976,3.22,0.75,8.9,5,low,white,70.221,0.11107788268466696,35.869565217391305,114.10256410256412,0.07297518248175183,0.07445652173913044
5.6,0.2,0.22,1.3,0.049,25.0,155.0,0.99296,3.74,0.43,10.0,5,low,white,78.9,0.07097591888466412,16.129032258064516,178.57142857142858,0.7638153846153846,0.008387096774193548
6.4,0.21,0.44,7.4,0.045,47.0,182.0,0.9957,3.24,0.46,9.1,5,low,white,71.799,0.08913773172328306,25.82417582417583,142.18749999999997,0.13455405405405405,0.04065934065934066
6.8,0.23,0.42,7.4,0.044,56.0,189.0,0.9958,3.22,0.48,9.3,6,medium,white,73.37700000000001,0.09267209070962289,29.629629629629626,136.76470588235296,0.13456756756756758,0.039153439153439155
6.8,0.24,0.37,7.45,0.043,59.0,188.0,0.99579,3.2,0.5,9.4,6,medium,white,74.166,0.09168621740420138,31.382978723404253,138.23529411764707,0.13366308724832213,0.03962765957446809
7.8,0.25,0.28,7.2,0.04,46.0,179.0,0.99541,3.14,0.6,10.1,6,medium,white,79.68900000000001,0.09788051048450852,25.69832402234637,129.4871794871795,0.13825138888888888,0.04022346368715084
7.8,0.25,0.34,13.7,0.044,66.0,184.0,0.99976,3.22,0.75,8.9,5,low,white,70.221,0.11107788268466696,35.869565217391305,114.10256410256412,0.07297518248175183,0.07445652173913044
6.8,0.16,0.29,10.4,0.046,59.0,143.0,0.99518,3.2,0.4,10.8,6,medium,white,85.212,0.07980096699995305,41.25874125874126,158.82352941176472,0.09569038461538461,0.07272727272727272
5.2,0.28,0.29,1.1,0.028,18.0,69.0,0.99168,3.24,0.54,10.0,6,medium,white,78.9,0.06590621039290241,26.08695652173913,192.3076923076923,0.9015272727272726,0.01594202898550725
7.5,0.18,0.31,6.5,0.029,53.0,160.0,0.99276,3.03,0.38,10.9,6,medium,white,86.001,0.08720828827571772,33.125,145.33333333333334,0.1527323076923077,0.040625
7.5,0.26,0.3,4.6,0.027,29.0,92.0,0.99085,3.15,0.38,12.0,7,medium,white,94.68,0.07921419518377693,31.521739130434785,160.0,0.2154021739130435,0.049999999999999996
8.2,0.37,0.64,13.9,0.043,22.0,171.0,0.99873,2.99,0.8,9.3,5,low,white,73.37700000000001,0.11175163879689819,12.865497076023392,113.41463414634147,0.07185107913669064,0.08128654970760234
7.6,0.4,0.27,5.2,0.03,32.0,101.0,0.99172,3.22,0.62,12.3,7,medium,white,97.04700000000001,0.07831257019794531,31.683168316831683,161.84210526315792,0.19071538461538462,0.05148514851485149
7.5,0.26,0.25,1.7,0.038,29.0,129.0,0.99312,3.45,0.56,10.4,6,medium,white,82.056,0.09140099444281954,22.48062015503876,138.66666666666669,0.5841882352941177,0.01317829457364341
7.5,0.18,0.31,6.5,0.029,53.0,160.0,0.99276,3.03,0.38,10.9,6,medium,white,86.001,0.08720828827571772,33.125,145.33333333333334,0.1527323076923077,0.040625
6.9,0.23,0.32,16.4,0.045,62.0,153.0,0.9972,3.22,0.42,10.5,5,low,white,82.845,0.08328806807894261,40.52287581699346,152.17391304347825,0.06080487804878049,0.10718954248366012
5.3,0.2,0.31,3.6,0.036,22.0,91.0,0.99278,3.41,0.5,9.8,6,medium,white,77.322,0.06854452807739064,24.175824175824175,184.90566037735852,0.2757722222222222,0.03956043956043956
6.5,0.17,0.31,1.5,0.041,34.0,121.0,0.99092,3.06,0.46,10.5,6,medium,white,82.845,0.07845977427726478,28.09917355371901,161.53846153846155,0.6606133333333334,0.012396694214876033
6.5,0.35,0.28,12.4,0.051,86.0,213.0,0.9962,3.16,0.51,9.9,6,medium,white,78.111,0.08321491211225052,40.375586854460096,152.30769230769232,0.08033870967741935,0.05821596244131456
6.5,0.29,0.31,1.7,0.035,24.0,79.0,0.99053,3.27,0.69,11.4,7,medium,white,89.946,0.07226558157116492,30.37974683544304,175.3846153846154,0.582664705882353,0.021518987341772152
6.8,0.3,0.22,6.2,0.06,41.0,190.0,0.99858,3.18,0.51,9.2,5,low,white,72.58800000000001,0.09367939604342314,21.578947368421055,135.2941176470588,0.16106129032258065,0.03263157894736842
7.9,0.51,0.36,6.2,0.051,30.0,173.0,0.9984,3.09,0.53,9.7,5,low,white,76.533,0.1032234460951485,17.341040462427745,122.78481012658227,0.16103225806451613,0.035838150289017344
7.9,0.51,0.34,2.6,0.049,13.0,135.0,0.99335,3.09,0.51,10.0,5,low,white,78.9,0.10012674271229403,9.62962962962963,126.58227848101265,0.38205769230769226,0.01925925925925926
6.5,0.29,0.31,1.7,0.035,24.0,79.0,0.99053,3.27,0.69,11.4,7,medium,white,89.946,0.07226558157116492,30.37974683544304,175.3846153846154,0.582664705882353,0.021518987341772152
7.1,0.29,0.28,9.3,0.048,50.0,141.0,0.9949,3.13,0.49,10.3,6,medium,white,81.26700000000001,0.08736633565900057,35.46099290780142,145.07042253521126,0.10697849462365591,0.06595744680851065
6.5,0.35,0.28,12.4,0.051,86.0,213.0,0.9962,3.16,0.51,9.9,6,medium,white,78.111,0.08321491211225052,40.375586854460096,152.30769230769232,0.08033870967741935,0.05821596244131456
6.5,0.17,0.31,1.5,0.041,34.0,121.0,0.99092,3.06,0.46,10.5,6,medium,white,82.845,0.07845977427726478,28.09917355371901,161.53846153846155,0.6606133333333334,0.012396694214876033
7.4,0.2,0.28,9.1,0.047,29.0,95.0,0.99532,3.16,0.47,9.8,7,medium,white,77.322,0.09570368071182846,30.526315789473685,132.43243243243242,0.10937582417582419,0.09578947368421052
6.9,0.615,0.42,12.0,0.067,24.0,131.0,0.99727,3.19,0.34,9.3,5,low,white,73.37700000000001,0.0940349155729997,18.3206106870229,134.7826086956522,0.08310583333333334,0.0916030534351145
6.8,0.32,0.28,4.8,0.034,25.0,100.0,0.99026,3.08,0.47,12.4,7,medium,white,97.836,0.06950406803221718,25.0,182.3529411764706,0.20630416666666668,0.048
6.3,0.2,0.19,12.3,0.048,54.0,145.0,0.99668,3.16,0.42,9.3,6,medium,white,73.37700000000001,0.08585796639273885,37.24137931034483,147.61904761904762,0.08103089430894309,0.08482758620689655
6.9,0.615,0.42,12.0,0.067,24.0,131.0,0.99727,3.19,0.34,9.3,5,low,white,73.37700000000001,0.0940349155729997,18.3206106870229,134.7826086956522,0.08310583333333334,0.0916030534351145
8.0,0.23,0.28,2.7,0.048,49.0,165.0,0.9952,3.26,0.72,9.5,6,medium,white,74.955,0.1067307050897205,29.6969696969697,118.75,0.3685925925925926,0.016363636363636365
6.7,0.27,0.33,3.6,0.034,9.0,45.0,0.99144,3.08,0.4,10.5,6,medium,white,82.845,0.08087392117810369,20.0,156.71641791044775,0.2754,0.08
6.7,0.27,0.33,3.6,0.034,9.0,45.0,0.99144,3.08,0.4,10.5,6,medium,white,82.845,0.08087392117810369,20.0,156.71641791044775,0.2754,0.08
6.7,0.44,0.22,4.3,0.032,19.0,99.0,0.99015,3.26,0.53,12.8,7,medium,white,100.992,0.06634188846641317,19.19191919191919,191.04477611940297,0.23026744186046513,0.04343434343434343
7.0,0.34,0.3,1.8,0.045,44.0,142.0,0.9914,2.99,0.45,10.8,6,medium,white,85.212,0.08214805426465756,30.985915492957744,154.2857142857143,0.5507777777777777,0.01267605633802817
7.3,0.26,0.33,11.8,0.057,48.0,127.0,0.99693,3.1,0.55,10.0,6,medium,white,78.9,0.09252217997465145,37.79527559055118,136.986301369863,0.08448559322033898,0.09291338582677165
5.8,0.17,0.34,1.8,0.045,96.0,170.0,0.99035,3.38,0.9,11.8,8,high,white,93.102,0.06229726536486863,56.470588235294116,203.44827586206898,0.5501944444444444,0.010588235294117647
7.3,0.26,0.33,11.8,0.057,48.0,127.0,0.99693,3.1,0.55,10.0,6,medium,white,78.9,0.09252217997465145,37.79527559055118,136.986301369863,0.08448559322033898,0.09291338582677165
5.8,0.17,0.34,1.8,0.045,96.0,170.0,0.99035,3.38,0.9,11.8,8,high,white,93.102,0.06229726536486863,56.470588235294116,203.44827586206898,0.5501944444444444,0.010588235294117647
6.8,0.17,0.36,1.4,0.036,38.0,108.0,0.99006,3.19,0.66,12.0,6,medium,white,94.68,0.07182087029995775,35.18518518518518,176.47058823529412,0.7071857142857144,0.012962962962962963
7.1,0.43,0.3,6.6,0.025,15.0,138.0,0.99126,3.18,0.46,12.6,6,medium,white,99.414,0.07141851248315126,10.869565217391305,177.46478873239437,0.1501909090909091,0.047826086956521734
5.8,0.315,0.27,1.55,0.026,15.0,70.0,0.98994,3.37,0.4,11.9,8,high,white,93.891,0.06177375893323108,21.428571428571427,205.17241379310346,0.6386709677419355,0.022142857142857145
5.9,0.17,0.28,0.7,0.027,5.0,28.0,0.98985,3.13,0.32,10.6,5,low,white,83.634,0.0705454719372504,17.857142857142858,179.66101694915253,1.4140714285714286,0.024999999999999998
6.6,0.34,0.18,6.4,0.082,47.0,240.0,0.9971,3.42,0.48,9.2,5,low,white,72.58800000000001,0.09092411968920482,19.583333333333332,139.39393939393938,0.155796875,0.02666666666666667
8.6,0.33,0.34,11.8,0.059,42.0,240.0,0.99882,3.17,0.52,10.0,6,medium,white,78.9,0.10899873257287705,17.5,116.27906976744187,0.0846457627118644,0.04916666666666667
5.6,0.12,0.26,4.3,0.038,18.0,97.0,0.99477,3.36,0.46,9.2,5,low,white,72.58800000000001,0.07714773791811318,18.556701030927837,164.28571428571428,0.2313418604651163,0.04432989690721649
5.8,0.13,0.26,5.1,0.039,19.0,103.0,0.99478,3.36,0.47,9.3,6,medium,white,73.37700000000001,0.07904384207585483,18.446601941747574,160.34482758620692,0.19505490196078432,0.04951456310679611
7.7,0.18,0.35,5.8,0.055,25.0,144.0,0.99576,3.24,0.54,10.2,6,medium,white,80.47800000000001,0.09567832202589527,17.36111111111111,132.46753246753244,0.17168275862068966,0.04027777777777777
7.7,0.16,0.36,5.9,0.054,25.0,148.0,0.99578,3.25,0.54,10.2,6,medium,white,80.47800000000001,0.09567832202589527,16.89189189189189,132.46753246753244,0.16877627118644067,0.03986486486486487
6.0,0.26,0.15,1.3,0.06,51.0,154.0,0.99354,3.14,0.51,8.7,5,low,white,68.643,0.08740876709934006,33.116883116883116,145.0,0.7642615384615384,0.008441558441558443
7.3,0.32,0.35,1.4,0.05,8.0,163.0,0.99244,3.24,0.42,10.7,5,low,white,84.423,0.0864693270791135,4.9079754601226995,146.5753424657534,0.7088857142857143,0.008588957055214723
7.7,0.3,0.34,1.2,0.048,4.0,119.0,0.99084,3.18,0.34,12.1,6,medium,white,95.46900000000001,0.08065445327802742,3.361344537815126,157.14285714285714,0.8257000000000001,0.010084033613445377
7.9,0.16,0.3,7.4,0.05,58.0,152.0,0.99612,3.12,0.37,9.5,6,medium,white,74.955,0.105396571276099,38.15789473684211,120.25316455696202,0.1346108108108108,0.048684210526315795
6.4,0.27,0.29,10.8,0.028,17.0,118.0,0.99356,3.18,0.37,11.2,6,medium,white,88.36800000000001,0.07242440702516748,14.40677966101695,174.99999999999997,0.09199629629629628,0.09152542372881356
6.9,0.16,0.37,1.8,0.034,36.0,95.0,0.98952,2.93,0.59,12.0,6,medium,white,94.68,0.07287705956907478,37.89473684210527,173.91304347826087,0.5497333333333333,0.018947368421052633
7.9,0.16,0.3,7.4,0.05,58.0,152.0,0.99612,3.12,0.37,9.5,6,medium,white,74.955,0.105396571276099,38.15789473684211,120.25316455696202,0.1346108108108108,0.048684210526315795
7.7,0.3,0.34,1.2,0.048,4.0,119.0,0.99084,3.18,0.34,12.1,6,medium,white,95.46900000000001,0.08065445327802742,3.361344537815126,157.14285714285714,0.8257000000000001,0.010084033613445377
7.3,0.32,0.35,1.4,0.05,8.0,163.0,0.99244,3.24,0.42,10.7,5,low,white,84.423,0.0864693270791135,4.9079754601226995,146.5753424657534,0.7088857142857143,0.008588957055214723
6.4,0.44,0.44,14.4,0.048,29.0,228.0,0.99955,3.26,0.54,8.8,7,medium,white,69.432,0.09217651803203135,12.719298245614036,137.5,0.06941319444444445,0.06315789473684211
6.3,0.2,0.24,1.7,0.052,36.0,135.0,0.99374,3.8,0.66,10.8,6,medium,white,85.212,0.0739332488381918,26.666666666666668,171.42857142857144,0.5845529411764706,0.012592592592592593
6.2,0.29,0.32,3.6,0.026,39.0,138.0,0.9892,3.31,0.37,13.1,7,medium,white,103.35900000000001,0.05998510047504329,28.26086956521739,211.29032258064515,0.2747777777777778,0.026086956521739132
7.6,0.39,0.32,3.6,0.035,22.0,93.0,0.99144,3.08,0.6,12.5,7,medium,white,98.625,0.07705956907477819,23.655913978494624,164.47368421052633,0.2754,0.03870967741935484
7.0,0.36,0.32,10.05,0.045,37.0,131.0,0.99352,3.09,0.33,11.7,8,high,white,92.313,0.0758289731673762,28.24427480916031,167.14285714285714,0.09885771144278606,0.0767175572519084
7.0,0.36,0.32,10.05,0.045,37.0,131.0,0.99352,3.09,0.33,11.7,8,high,white,92.313,0.0758289731673762,28.24427480916031,167.14285714285714,0.09885771144278606,0.0767175572519084
7.0,0.36,0.32,10.5,0.045,35.0,135.0,0.9935,3.09,0.33,11.6,8,high,white,91.524,0.07648267121192255,25.925925925925924,165.7142857142857,0.09461904761904763,0.07777777777777778
7.6,0.2,0.36,1.9,0.043,24.0,111.0,0.99237,3.29,0.54,11.3,6,medium,white,89.15700000000001,0.08524288614466613,21.62162162162162,148.6842105263158,0.5223,0.017117117117117116
7.6,0.39,0.32,3.6,0.035,22.0,93.0,0.99144,3.08,0.6,12.5,7,medium,white,98.625,0.07705956907477819,23.655913978494624,164.47368421052633,0.2754,0.03870967741935484
6.7,0.2,0.37,1.65,0.025,42.0,103.0,0.99022,3.11,0.45,11.4,5,low,white,89.946,0.07448913792720077,40.77669902912621,170.1492537313433,0.6001333333333334,0.016019417475728156
6.2,0.235,0.34,1.9,0.036,4.0,117.0,0.99032,3.4,0.44,12.2,5,low,white,96.25800000000001,0.06441023083795631,3.418803418803419,196.77419354838707,0.5212210526315789,0.016239316239316237
7.8,0.965,0.6,65.8,0.074,8.0,160.0,1.03898,3.39,0.69,11.7,6,medium,white,92.313,0.08449514152936206,5.0,150.0,0.015789969604863223,0.41125
7.1,0.2,0.31,6.85,0.053,32.0,211.0,0.99587,3.31,0.59,10.4,6,medium,white,82.056,0.08652627473920249,15.165876777251185,146.47887323943664,0.14538248175182483,0.03246445497630331
7.1,0.2,0.31,7.4,0.053,32.0,211.0,0.99587,3.31,0.59,10.4,6,medium,white,82.056,0.08652627473920249,15.165876777251185,146.47887323943664,0.13457702702702704,0.035071090047393366
7.1,0.2,0.31,7.4,0.053,32.0,211.0,0.99587,3.31,0.59,10.4,6,medium,white,82.056,0.08652627473920249,15.165876777251185,146.47887323943664,0.13457702702702704,0.035071090047393366
6.4,0.24,0.25,20.2,0.083,35.0,157.0,0.99976,3.17,0.5,9.1,5,low,white,71.799,0.08913773172328306,22.29299363057325,142.18749999999997,0.0494930693069307,0.1286624203821656
8.0,0.3,0.36,11.0,0.034,8.0,70.0,0.99354,3.05,0.41,12.2,6,medium,white,96.25800000000001,0.08310997527478235,11.428571428571429,152.5,0.09032181818181818,0.15714285714285714
6.4,0.24,0.25,20.2,0.083,35.0,157.0,0.99976,3.17,0.5,9.1,5,low,white,71.799,0.08913773172328306,22.29299363057325,142.18749999999997,0.0494930693069307,0.1286624203821656
6.9,0.4,0.42,6.2,0.066,41.0,176.0,0.99552,3.12,0.54,9.4,5,low,white,74.166,0.09303454413073377,23.295454545454543,136.23188405797103,0.16056774193548387,0.035227272727272725
6.9,0.4,0.43,6.2,0.065,42.0,178.0,0.99552,3.11,0.53,9.4,5,low,white,74.166,0.09303454413073377,23.595505617977526,136.23188405797103,0.16056774193548387,0.0348314606741573
7.1,0.2,0.31,6.85,0.053,32.0,211.0,0.99587,3.31,0.59,10.4,6,medium,white,82.056,0.08652627473920249,15.165876777251185,146.47887323943664,0.14538248175182483,0.03246445497630331
6.6,0.25,0.51,8.0,0.047,61.0,189.0,0.99604,3.22,0.49,9.2,5,low,white,72.58800000000001,0.09092411968920482,32.27513227513227,139.39393939393938,0.124505,0.042328042328042326
6.8,0.26,0.44,8.2,0.046,52.0,183.0,0.99584,3.2,0.51,9.4,5,low,white,74.166,0.09168621740420138,28.415300546448087,138.23529411764707,0.12144390243902439,0.0448087431693989
6.5,0.37,0.3,2.2,0.033,39.0,107.0,0.98894,3.22,0.53,13.5,7,medium,white,106.515,0.061024268882317045,36.44859813084112,207.6923076923077,0.4495181818181818,0.020560747663551402
6.8,0.35,0.53,10.1,0.053,37.0,151.0,0.9963,3.07,0.4,9.4,5,low,white,74.166,0.09168621740420138,24.503311258278146,138.23529411764707,0.09864356435643565,0.06688741721854305
6.4,0.22,0.32,7.2,0.028,15.0,83.0,0.993,3.13,0.55,10.9,8,high,white,86.001,0.07441773932861245,18.072289156626507,170.3125,0.13791666666666666,0.08674698795180723
6.5,0.37,0.3,2.2,0.033,39.0,107.0,0.98894,3.22,0.53,13.5,7,medium,white,106.515,0.061024268882317045,36.44859813084112,207.6923076923077,0.4495181818181818,0.020560747663551402
6.8,0.35,0.53,10.1,0.053,37.0,151.0,0.9963,3.07,0.4,9.4,5,low,white,74.166,0.09168621740420138,24.503311258278146,138.23529411764707,0.09864356435643565,0.06688741721854305
6.9,0.31,0.32,1.6,0.036,34.0,114.0,0.99068,3.19,0.45,11.4,7,medium,white,89.946,0.07671269428323661,29.82456140350877,165.2173913043478,0.6191749999999999,0.014035087719298246
6.7,0.16,0.37,1.3,0.036,45.0,125.0,0.98964,3.19,0.51,12.4,7,medium,white,97.836,0.06848194938468458,36.0,185.07462686567163,0.7612615384615384,0.0104
6.6,0.25,0.51,8.0,0.047,61.0,189.0,0.99604,3.22,0.49,9.2,5,low,white,72.58800000000001,0.09092411968920482,32.27513227513227,139.39393939393938,0.124505,0.042328042328042326
6.8,0.26,0.44,8.2,0.046,52.0,183.0,0.99584,3.2,0.51,9.4,5,low,white,74.166,0.09168621740420138,28.415300546448087,138.23529411764707,0.12144390243902439,0.0448087431693989
5.6,0.15,0.31,5.3,0.038,8.0,79.0,0.9923,3.3,0.39,10.5,6,medium,white,82.845,0.06759611322348964,10.126582278481013,187.50000000000003,0.18722641509433963,0.0670886075949367
5.5,0.15,0.32,14.0,0.031,16.0,99.0,0.99437,3.26,0.38,11.5,8,high,white,90.735,0.060616079792803215,16.161616161616163,209.0909090909091,0.07102642857142857,0.1414141414141414
6.4,0.22,0.32,7.2,0.028,15.0,83.0,0.993,3.13,0.55,10.9,8,high,white,86.001,0.07441773932861245,18.072289156626507,170.3125,0.13791666666666666,0.08674698795180723
7.3,0.2,0.26,1.6,0.04,36.0,123.0,0.99238,3.34,0.44,10.8,6,medium,white,85.212,0.0856686851617143,29.268292682926827,147.94520547945206,0.6202375,0.013008130081300813
7.5,0.17,0.71,11.8,0.038,52.0,148.0,0.99801,3.03,0.46,8.9,5,low,white,70.221,0.1068056564275644,35.13513513513514,118.66666666666667,0.08457711864406779,0.07972972972972973
7.5,0.18,0.72,9.6,0.039,53.0,151.0,0.99802,3.03,0.46,8.9,5,low,white,70.221,0.1068056564275644,35.099337748344375,118.66666666666667,0.10396041666666667,0.06357615894039735
7.0,0.27,0.48,6.1,0.042,60.0,184.0,0.99566,3.2,0.5,9.4,6,medium,white,74.166,0.09438287085726614,32.608695652173914,134.2857142857143,0.16322295081967214,0.033152173913043474
5.8,0.32,0.31,2.7,0.049,25.0,153.0,0.99067,3.44,0.73,12.2,7,medium,white,96.25800000000001,0.0602547320742172,16.33986928104575,210.3448275862069,0.3669148148148148,0.01764705882352941
7.8,0.26,0.31,3.6,0.025,22.0,100.0,0.99066,2.99,0.47,12.1,7,medium,white,95.46900000000001,0.08170191371020959,22.0,155.12820512820514,0.27518333333333334,0.036000000000000004
7.4,0.3,0.32,1.7,0.03,23.0,128.0,0.9929,3.17,0.66,10.9,5,low,white,86.001,0.08604551109870816,17.96875,147.2972972972973,0.5840588235294117,0.01328125
6.7,0.16,0.34,1.6,0.026,27.0,109.0,0.9934,3.34,0.58,10.1,6,medium,white,79.68900000000001,0.08407684874951372,24.770642201834864,150.7462686567164,0.620875,0.014678899082568808
5.8,0.32,0.31,2.7,0.049,25.0,153.0,0.99067,3.44,0.73,12.2,7,medium,white,96.25800000000001,0.0602547320742172,16.33986928104575,210.3448275862069,0.3669148148148148,0.01764705882352941
6.7,0.19,0.39,1.0,0.032,14.0,71.0,0.98912,3.31,0.38,13.0,7,medium,white,102.57000000000001,0.06532124402846835,19.718309859154928,194.02985074626866,0.98912,0.014084507042253521
6.6,0.36,0.24,0.9,0.038,15.0,72.0,0.99066,3.23,0.39,11.0,5,low,white,86.79,0.07604562737642584,20.833333333333336,166.66666666666669,1.1007333333333333,0.0125
7.2,0.17,0.41,1.6,0.052,24.0,126.0,0.99228,3.19,0.49,10.8,5,low,white,85.212,0.08449514152936206,19.047619047619047,150.0,0.620175,0.012698412698412698
6.7,0.19,0.39,1.0,0.032,14.0,71.0,0.98912,3.31,0.38,13.0,7,medium,white,102.57000000000001,0.06532124402846835,19.718309859154928,194.02985074626866,0.98912,0.014084507042253521
6.0,0.11,0.47,10.6,0.052,69.0,148.0,0.9958,2.91,0.34,9.3,4,low,white,73.37700000000001,0.08176949180260844,46.62162162162162,155.0,0.0939433962264151,0.07162162162162163
6.0,0.21,0.34,2.0,0.042,63.0,123.0,0.99052,3.44,0.42,11.4,6,medium,white,89.946,0.06670669068107532,51.21951219512195,190.0,0.49526,0.016260162601626018
6.7,0.325,0.82,1.2,0.152,49.0,120.0,0.99312,2.99,0.38,9.2,5,low,white,72.58800000000001,0.09230175786631398,40.833333333333336,137.3134328358209,0.8276,0.01
6.6,0.4,0.46,6.2,0.056,42.0,241.0,0.9968,3.5,0.6,9.9,5,low,white,78.111,0.08449514152936205,17.42738589211618,150.00000000000003,0.1607741935483871,0.025726141078838177
6.5,0.2,0.24,9.2,0.044,25.0,150.0,0.99502,3.22,0.44,10.5,5,low,white,82.845,0.07845977427726478,16.666666666666664,161.53846153846155,0.10815434782608696,0.06133333333333333
7.6,0.27,0.34,5.0,0.04,18.0,56.0,0.99084,3.06,0.48,12.4,6,medium,white,97.836,0.07768101721247803,32.142857142857146,163.15789473684214,0.198168,0.08928571428571429
7.2,0.26,0.4,6.3,0.047,52.0,172.0,0.99573,3.18,0.53,9.5,6,medium,white,74.955,0.09605763458074845,30.23255813953488,131.94444444444443,0.15805238095238094,0.03662790697674419
6.3,0.25,0.22,3.3,0.048,41.0,161.0,0.99256,3.16,0.5,10.5,6,medium,white,82.845,0.07604562737642585,25.465838509316768,166.66666666666669,0.3007757575757576,0.020496894409937887
6.5,0.22,0.45,8.0,0.053,52.0,196.0,0.9959,3.23,0.48,9.1,6,medium,white,71.799,0.09053050878145934,26.53061224489796,140.0,0.1244875,0.04081632653061224
6.4,0.14,0.31,1.2,0.034,53.0,138.0,0.99084,3.38,0.35,11.5,7,medium,white,90.735,0.07053507466798921,38.405797101449274,179.6875,0.8257000000000001,0.008695652173913044
6.4,0.14,0.31,1.2,0.034,53.0,138.0,0.99084,3.38,0.35,11.5,7,medium,white,90.735,0.07053507466798921,38.405797101449274,179.6875,0.8257000000000001,0.008695652173913044
7.1,0.26,0.32,16.2,0.044,31.0,170.0,0.99644,3.17,0.37,11.2,5,low,white,88.36800000000001,0.08034582654354516,18.235294117647058,157.74647887323943,0.06150864197530864,0.09529411764705882
6.6,0.22,0.34,11.6,0.05,59.0,140.0,0.99526,3.22,0.4,10.8,5,low,white,85.212,0.07745387973524855,42.142857142857146,163.63636363636365,0.08579827586206897,0.08285714285714285
6.6,0.45,0.43,7.2,0.064,31.0,186.0,0.9954,3.12,0.44,9.4,5,low,white,74.166,0.08898956395113664,16.666666666666664,142.42424242424244,0.13824999999999998,0.03870967741935484
6.6,0.17,0.3,1.1,0.031,13.0,73.0,0.99095,3.17,0.58,11.0,6,medium,white,86.79,0.07604562737642584,17.80821917808219,166.66666666666669,0.9008636363636363,0.015068493150684932
7.2,0.44,0.28,3.4,0.048,22.0,112.0,0.99188,3.21,0.37,11.3,7,medium,white,89.15700000000001,0.08075641845284161,19.642857142857142,156.94444444444443,0.2917294117647059,0.030357142857142857
6.2,0.15,0.27,1.4,0.041,51.0,117.0,0.9909,3.28,0.38,11.2,6,medium,white,88.36800000000001,0.07016114430563099,43.58974358974359,180.64516129032256,0.7077857142857144,0.011965811965811965
6.3,0.25,0.22,3.3,0.048,41.0,161.0,0.99256,3.16,0.5,10.5,6,medium,white,82.845,0.07604562737642585,25.465838509316768,166.66666666666669,0.3007757575757576,0.020496894409937887
6.5,0.22,0.45,8.0,0.053,52.0,196.0,0.9959,3.23,0.48,9.1,6,medium,white,71.799,0.09053050878145934,26.53061224489796,140.0,0.1244875,0.04081632653061224
7.3,0.26,0.3,9.3,0.05,35.0,154.0,0.99581,3.21,0.5,10.4,6,medium,white,82.056,0.08896363459101102,22.727272727272727,142.46575342465755,0.1070763440860215,0.060389610389610396
6.9,0.15,0.29,2.3,0.033,14.0,82.0,0.99132,3.1,0.58,11.2,7,medium,white,88.36800000000001,0.07808256382400869,17.073170731707318,162.31884057971013,0.4310086956521739,0.028048780487804875
5.8,0.22,0.29,0.9,0.034,34.0,89.0,0.98936,3.14,0.36,11.1,7,medium,white,87.57900000000001,0.06622592173922971,38.20224719101123,191.3793103448276,1.099288888888889,0.010112359550561799
6.5,0.37,0.33,3.5,0.036,23.0,92.0,0.99136,3.18,0.38,11.2,6,medium,white,88.36800000000001,0.07355603838493571,25.0,172.3076923076923,0.28324571428571427,0.03804347826086957
5.5,0.375,0.38,1.7,0.036,17.0,98.0,0.99142,3.29,0.39,10.5,6,medium,white,82.845,0.06638903977307019,17.346938775510203,190.9090909090909,0.5831882352941177,0.017346938775510204
5.9,0.2,0.4,1.3,0.047,23.0,92.0,0.99232,3.2,0.45,10.0,6,medium,white,78.9,0.07477820025348543,25.0,169.4915254237288,0.7633230769230769,0.014130434782608696
5.9,0.22,0.38,1.3,0.046,24.0,90.0,0.99232,3.2,0.47,10.0,6,medium,white,78.9,0.07477820025348543,26.666666666666668,169.4915254237288,0.7633230769230769,0.014444444444444446
8.0,0.22,0.31,5.6,0.049,24.0,97.0,0.993,3.1,0.42,10.9,5,low,white,86.001,0.09302217416076557,24.742268041237114,136.25,0.17732142857142857,0.057731958762886594
6.5,0.22,0.29,7.4,0.028,16.0,87.0,0.99311,3.15,0.56,10.9,7,medium,white,86.001,0.07558051650562202,18.39080459770115,167.6923076923077,0.13420405405405406,0.08505747126436781
6.9,0.15,0.29,2.3,0.033,14.0,82.0,0.99132,3.1,0.58,11.2,7,medium,white,88.36800000000001,0.07808256382400869,17.073170731707318,162.31884057971013,0.4310086956521739,0.028048780487804875
5.8,0.2,0.34,1.0,0.035,40.0,86.0,0.98993,3.5,0.42,11.7,5,low,white,92.313,0.06282972062439743,46.51162790697674,201.72413793103448,0.98993,0.011627906976744186
6.6,0.31,0.07,1.5,0.033,55.0,144.0,0.99208,3.16,0.42,10.0,5,low,white,78.9,0.08365019011406843,38.19444444444444,151.5151515151515,0.6613866666666667,0.010416666666666666
7.7,0.43,0.37,10.0,0.169,22.0,210.0,0.99776,3.02,0.64,9.5,5,low,white,74.955,0.10272830364885599,10.476190476190476,123.37662337662339,0.099776,0.047619047619047616
6.7,0.24,0.29,14.9,0.053,55.0,136.0,0.99839,3.03,0.52,9.0,5,low,white,71.01,0.09435290804112097,40.44117647058824,134.32835820895522,0.06700604026845637,0.10955882352941176
7.3,0.23,0.34,9.3,0.052,19.0,86.0,0.99574,3.04,0.56,10.0,5,low,white,78.9,0.09252217997465145,22.093023255813954,136.986301369863,0.10706881720430106,0.10813953488372094
7.9,0.2,0.39,1.0,0.041,37.0,154.0,0.99093,3.08,0.43,11.9,5,low,white,93.891,0.08414011992629751,24.025974025974026,150.63291139240508,0.99093,0.006493506493506494
5.3,0.16,0.39,1.0,0.028,40.0,101.0,0.99156,3.57,0.59,10.6,6,medium,white,83.634,0.06337135614702154,39.603960396039604,200.0,0.99156,0.009900990099009901
6.4,0.21,0.28,5.9,0.047,29.0,101.0,0.99278,3.15,0.4,11.0,6,medium,white,86.79,0.07374121442562508,28.71287128712871,171.875,0.16826779661016947,0.05841584158415842
6.9,0.33,0.26,5.0,0.027,46.0,143.0,0.9924,3.25,0.43,11.2,7,medium,white,88.36800000000001,0.07808256382400869,32.16783216783217,162.31884057971013,0.19848,0.03496503496503497
5.6,0.18,0.58,1.25,0.034,29.0,129.0,0.98984,3.51,0.6,12.0,7,medium,white,94.68,0.05914659907055343,22.48062015503876,214.28571428571428,0.791872,0.009689922480620155
6.6,0.29,0.31,3.9,0.027,39.0,96.0,0.99035,3.24,0.6,12.6,8,high,white,99.414,0.06638903977307019,40.625,190.9090909090909,0.25393589743589745,0.040625
6.9,0.33,0.26,5.0,0.027,46.0,143.0,0.9924,3.25,0.43,11.2,7,medium,white,88.36800000000001,0.07808256382400869,32.16783216783217,162.31884057971013,0.19848,0.03496503496503497
6.6,0.21,0.36,0.8,0.034,48.0,113.0,0.99165,3.24,0.68,10.5,6,medium,white,82.845,0.07966684772768423,42.47787610619469,159.0909090909091,1.2395625,0.007079646017699116
7.3,0.21,0.33,1.0,0.037,66.0,144.0,0.9923,3.11,0.52,10.2,6,medium,white,80.47800000000001,0.09070801958299161,45.83333333333333,139.72602739726028,0.9923,0.006944444444444444
6.4,0.21,0.28,5.9,0.047,29.0,101.0,0.99278,3.15,0.4,11.0,6,medium,white,86.79,0.07374121442562508,28.71287128712871,171.875,0.16826779661016947,0.05841584158415842
5.1,0.11,0.32,1.6,0.028,12.0,90.0,0.99008,3.57,0.52,12.2,6,medium,white,96.25800000000001,0.05298260923767374,13.333333333333334,239.2156862745098,0.6187999999999999,0.017777777777777778
6.5,0.15,0.32,1.3,0.036,19.0,76.0,0.98964,3.18,0.41,12.3,6,medium,white,97.04700000000001,0.06697785609034797,25.0,189.23076923076925,0.7612615384615384,0.017105263157894738
5.3,0.16,0.39,1.0,0.028,40.0,101.0,0.99156,3.57,0.59,10.6,6,medium,white,83.634,0.06337135614702154,39.603960396039604,200.0,0.99156,0.009900990099009901
5.6,0.19,0.46,1.1,0.032,33.0,115.0,0.9909,3.36,0.5,10.4,6,medium,white,82.056,0.06824607585063859,28.695652173913043,185.71428571428575,0.9008181818181817,0.00956521739130435
5.6,0.18,0.58,1.25,0.034,29.0,129.0,0.98984,3.51,0.6,12.0,7,medium,white,94.68,0.05914659907055343,22.48062015503876,214.28571428571428,0.791872,0.009689922480620155
6.7,0.48,0.32,1.4,0.021,22.0,121.0,0.9889,3.15,0.53,12.7,7,medium,white,100.203,0.06686426554095187,18.181818181818183,189.55223880597015,0.7063571428571429,0.011570247933884297
6.2,0.23,0.23,1.2,0.018,18.0,128.0,0.99178,3.05,0.28,10.6,5,low,white,83.634,0.07413252983236483,14.0625,170.96774193548384,0.8264833333333333,0.009375
6.0,0.17,0.29,5.0,0.028,25.0,108.0,0.99076,3.14,0.34,12.3,6,medium,white,97.04700000000001,0.061825713314167356,23.14814814814815,205.00000000000003,0.198152,0.046296296296296294
6.7,0.48,0.32,1.4,0.021,22.0,121.0,0.9889,3.15,0.53,12.7,7,medium,white,100.203,0.06686426554095187,18.181818181818183,189.55223880597015,0.7063571428571429,0.011570247933884297
6.7,0.15,0.38,1.7,0.037,20.0,84.0,0.99046,3.09,0.53,11.4,6,medium,white,89.946,0.07448913792720077,23.809523809523807,170.1492537313433,0.5826235294117648,0.02023809523809524
4.2,0.17,0.36,1.8,0.029,93.0,161.0,0.98999,3.65,0.89,12.0,7,medium,white,94.68,0.04435994930291508,57.7639751552795,285.7142857142857,0.5499944444444445,0.011180124223602485
5.8,0.21,0.32,1.6,0.045,38.0,95.0,0.98946,3.23,0.94,12.4,8,high,white,97.836,0.059282881556891126,40.0,213.7931034482759,0.6184124999999999,0.016842105263157894
5.4,0.23,0.36,1.5,0.03,74.0,121.0,0.98976,3.24,0.99,12.1,7,medium,white,95.46900000000001,0.05656286333783741,61.15702479338842,224.07407407407405,0.65984,0.012396694214876033
6.7,0.15,0.38,1.7,0.037,20.0,84.0,0.99046,3.09,0.53,11.4,6,medium,white,89.946,0.07448913792720077,23.809523809523807,170.1492537313433,0.5826235294117648,0.02023809523809524
6.4,0.22,0.31,13.9,0.04,57.0,135.0,0.99672,3.21,0.38,10.7,5,low,white,84.423,0.07580872511045568,42.22222222222222,167.18749999999997,0.07170647482014389,0.10296296296296296
6.5,0.15,0.55,5.9,0.045,75.0,162.0,0.99482,2.97,0.4,9.3,5,low,white,73.37700000000001,0.08858361611949248,46.2962962962963,143.07692307692307,0.1686135593220339,0.03641975308641975
5.9,0.32,0.33,2.1,0.027,35.0,138.0,0.98945,3.37,0.42,12.7,6,medium,white,100.203,0.05888047264053971,25.36231884057971,215.25423728813556,0.4711666666666667,0.015217391304347827
5.7,0.37,0.3,1.1,0.029,24.0,88.0,0.98883,3.18,0.39,11.7,6,medium,white,92.313,0.0617464495791492,27.27272727272727,205.26315789473682,0.8989363636363635,0.0125
7.9,0.25,0.35,6.7,0.039,22.0,64.0,0.99362,2.93,0.49,10.7,5,low,white,84.423,0.09357639505821873,34.375,135.44303797468353,0.14830149253731342,0.1046875
7.2,0.21,0.28,2.7,0.033,38.0,94.0,0.99075,2.99,0.43,11.8,7,medium,white,93.102,0.07733453631500935,40.42553191489361,163.88888888888889,0.3669444444444444,0.028723404255319152
7.0,0.24,0.3,6.7,0.039,37.0,125.0,0.99436,3.2,0.39,9.9,5,low,white,78.111,0.08961605919780824,29.599999999999998,141.42857142857144,0.14841194029850746,0.0536
6.8,0.475,0.33,3.95,0.047,16.0,81.0,0.98988,3.23,0.53,13.4,7,medium,white,105.726,0.06431719728354425,19.753086419753085,197.05882352941177,0.2506025316455696,0.04876543209876544
7.0,0.28,0.32,7.75,0.032,30.0,114.0,0.99158,3.12,0.64,12.8,7,medium,white,100.992,0.06931242078580481,26.31578947368421,182.85714285714286,0.1279458064516129,0.06798245614035088
6.9,0.4,0.3,10.6,0.033,24.0,87.0,0.99265,3.15,0.45,12.8,6,medium,white,100.992,0.0683222433460076,27.586206896551722,185.5072463768116,0.09364622641509435,0.12183908045977011
6.6,0.41,0.31,1.6,0.042,18.0,101.0,0.99195,3.13,0.41,10.5,5,low,white,82.845,0.07966684772768423,17.82178217821782,159.0909090909091,0.61996875,0.015841584158415842
6.4,0.2,0.28,2.5,0.032,24.0,84.0,0.99168,3.31,0.55,11.5,5,low,white,90.735,0.07053507466798921,28.57142857142857,179.6875,0.396672,0.02976190476190476
8.5,0.22,0.34,0.7,0.04,5.0,25.0,0.9918,3.04,0.37,10.5,4,low,white,82.845,0.10260124328565394,20.0,123.52941176470588,1.416857142857143,0.027999999999999997
8.4,0.36,0.36,11.1,0.032,21.0,132.0,0.99313,2.95,0.39,13.0,6,medium,white,102.57000000000001,0.0818952910207663,15.909090909090908,154.76190476190476,0.08947117117117118,0.08409090909090909
5.2,0.285,0.29,5.15,0.035,64.0,138.0,0.9895,3.19,0.34,12.4,8,high,white,97.836,0.053150169671695495,46.3768115942029,238.46153846153845,0.19213592233009708,0.03731884057971015
6.9,0.2,0.3,4.7,0.041,40.0,148.0,0.9932,3.16,0.35,10.2,6,medium,white,80.47800000000001,0.08573771714008797,27.027027027027028,147.82608695652172,0.2113191489361702,0.03175675675675676
6.7,0.42,0.46,9.7,0.054,67.0,234.0,0.99848,3.23,0.5,9.0,5,low,white,71.01,0.09435290804112097,28.63247863247863,134.32835820895522,0.10293608247422681,0.04145299145299145
6.2,0.16,0.34,1.7,0.038,85.0,153.0,0.9909,3.33,0.86,12.0,7,medium,white,94.68,0.06548373468525559,55.55555555555556,193.54838709677418,0.5828823529411765,0.011111111111111112
6.4,0.125,0.36,1.4,0.044,22.0,68.0,0.99014,3.15,0.5,11.7,7,medium,white,92.313,0.06932934689588682,32.35294117647059,182.81249999999997,0.7072428571428572,0.020588235294117647
6.4,0.44,0.26,2.0,0.054,20.0,180.0,0.9952,3.58,0.57,10.0,5,low,white,78.9,0.08111533586818757,11.11111111111111,156.25,0.4976,0.011111111111111112
7.0,0.31,0.39,7.5,0.055,42.0,218.0,0.99652,3.37,0.54,10.3,5,low,white,81.26700000000001,0.08613582388915549,19.26605504587156,147.14285714285717,0.13286933333333334,0.034403669724770644
6.7,0.42,0.46,9.7,0.054,67.0,234.0,0.99848,3.23,0.5,9.0,5,low,white,71.01,0.09435290804112097,28.63247863247863,134.32835820895522,0.10293608247422681,0.04145299145299145
8.6,0.18,0.28,0.8,0.032,25.0,78.0,0.99104,2.99,0.38,11.1,5,low,white,87.57900000000001,0.0981970563719613,32.05128205128205,129.06976744186048,1.2388,0.010256410256410256
6.2,0.21,0.26,13.1,0.05,59.0,150.0,0.99772,3.31,0.46,9.0,5,low,white,71.01,0.08731164624700746,39.33333333333333,145.16129032258064,0.0761618320610687,0.08733333333333333
6.1,0.16,0.37,1.1,0.031,37.0,97.0,0.9922,3.4,0.58,10.5,6,medium,white,82.845,0.07363148047558693,38.144329896907216,172.13114754098362,0.9019999999999999,0.011340206185567012
6.5,0.22,0.32,2.2,0.028,36.0,92.0,0.99076,3.27,0.59,11.9,7,medium,white,93.891,0.06922921259758656,39.130434782608695,183.0769230769231,0.4503454545454545,0.02391304347826087
6.2,0.36,0.14,8.9,0.036,38.0,155.0,0.99622,3.27,0.5,9.4,5,low,white,74.166,0.08359625704500716,24.516129032258064,151.61290322580646,0.11193483146067415,0.05741935483870968
5.7,0.21,0.25,1.1,0.035,26.0,81.0,0.9902,3.31,0.52,11.4,6,medium,white,89.946,0.06337135614702155,32.098765432098766,200.0,0.9001818181818181,0.013580246913580249
6.4,0.25,0.32,0.9,0.034,40.0,114.0,0.99114,3.31,0.58,10.8,7,medium,white,85.212,0.07510679247054405,35.08771929824561,168.75,1.1012666666666666,0.007894736842105263
7.6,0.31,0.26,1.7,0.073,40.0,157.0,0.9938,3.1,0.46,9.8,5,low,white,77.322,0.098290266677013,25.477707006369428,128.94736842105266,0.5845882352941176,0.010828025477707006
6.6,0.26,0.46,6.9,0.047,59.0,183.0,0.99594,3.2,0.45,9.3,5,low,white,73.37700000000001,0.08994644098286927,32.240437158469945,140.9090909090909,0.1443391304347826,0.03770491803278689
5.7,0.21,0.25,1.1,0.035,26.0,81.0,0.9902,3.31,0.52,11.4,6,medium,white,89.946,0.06337135614702155,32.098765432098766,200.0,0.9001818181818181,0.013580246913580249
6.2,0.2,0.31,1.0,0.031,22.0,73.0,0.99035,3.24,0.52,11.3,6,medium,white,89.15700000000001,0.06954024922328027,30.136986301369863,182.25806451612905,0.99035,0.0136986301369863
6.2,0.18,0.3,1.0,0.031,23.0,73.0,0.99032,3.23,0.52,11.3,6,medium,white,89.15700000000001,0.06954024922328027,31.506849315068493,182.25806451612905,0.99032,0.0136986301369863
6.1,0.37,0.2,7.6,0.031,49.0,170.0,0.99558,3.22,0.48,9.5,5,low,white,74.955,0.08138216263091187,28.823529411764703,155.73770491803282,0.13099736842105264,0.04470588235294117
6.2,0.36,0.14,8.9,0.036,38.0,155.0,0.99622,3.27,0.5,9.4,5,low,white,74.166,0.08359625704500716,24.516129032258064,151.61290322580646,0.11193483146067415,0.05741935483870968
6.5,0.22,0.32,2.2,0.028,36.0,92.0,0.99076,3.27,0.59,11.9,7,medium,white,93.891,0.06922921259758656,39.130434782608695,183.0769230769231,0.4503454545454545,0.02391304347826087
7.7,0.18,0.3,1.2,0.046,49.0,199.0,0.99413,3.03,0.38,9.3,5,low,white,73.37700000000001,0.10493751448001416,24.623115577889447,120.7792207792208,0.8284416666666666,0.006030150753768844
6.9,0.14,0.38,1.0,0.041,22.0,81.0,0.99043,3.03,0.54,11.4,6,medium,white,89.946,0.07671269428323661,27.160493827160494,165.2173913043478,0.99043,0.012345679012345678
6.9,0.14,0.38,1.0,0.041,22.0,81.0,0.99043,3.03,0.54,11.4,6,medium,white,89.946,0.07671269428323661,27.160493827160494,165.2173913043478,0.99043,0.012345679012345678
6.0,0.44,0.26,3.1,0.053,57.0,128.0,0.98982,3.22,0.39,12.7,6,medium,white,100.203,0.05987844675309122,44.53125,211.66666666666666,0.3192967741935484,0.02421875
7.1,0.36,0.4,1.95,0.033,26.0,118.0,0.98934,3.2,0.45,13.5,7,medium,white,106.515,0.06665727831760784,22.033898305084744,190.14084507042256,0.5073538461538462,0.01652542372881356
5.7,0.28,0.28,2.2,0.019,15.0,65.0,0.9902,3.06,0.52,11.2,6,medium,white,88.36800000000001,0.06450298750678979,23.076923076923077,196.49122807017542,0.45009090909090904,0.03384615384615385
6.4,0.16,0.32,8.75,0.038,38.0,118.0,0.99449,3.19,0.41,10.7,5,low,white,84.423,0.07580872511045568,32.20338983050847,167.18749999999997,0.113656,0.07415254237288135
7.4,0.28,0.4,11.9,0.032,13.0,92.0,0.99629,3.01,0.46,10.8,4,low,white,85.212,0.08684222879406657,14.130434782608695,145.94594594594594,0.0837218487394958,0.12934782608695652
6.7,0.39,0.31,2.7,0.054,27.0,202.0,0.9948,3.46,0.57,10.5,6,medium,white,82.845,0.08087392117810369,13.366336633663368,156.71641791044775,0.3684444444444444,0.013366336633663368
6.5,0.44,0.47,5.45,0.014,44.0,137.0,0.98984,3.13,0.32,13.0,8,high,white,102.57000000000001,0.06337135614702154,32.11678832116788,200.0,0.18162201834862385,0.03978102189781022
6.9,0.22,0.31,6.3,0.029,41.0,131.0,0.99326,3.08,0.49,10.8,6,medium,white,85.212,0.0809745106323053,31.297709923664126,156.52173913043478,0.15766031746031747,0.048091603053435114
6.6,0.22,0.29,14.4,0.046,39.0,118.0,0.99834,3.05,0.5,9.1,6,medium,white,71.799,0.09192328583963563,33.05084745762712,137.87878787878788,0.06932916666666666,0.12203389830508475
7.7,0.25,0.3,7.8,0.038,67.0,196.0,0.99555,3.1,0.5,10.1,5,low,white,79.68900000000001,0.09662563214496354,34.183673469387756,131.16883116883116,0.1276346153846154,0.03979591836734694
5.2,0.155,0.33,1.6,0.028,13.0,59.0,0.98975,3.3,0.84,11.9,8,high,white,93.891,0.05538337007806925,22.033898305084744,228.84615384615384,0.6185937499999999,0.027118644067796613
7.0,0.31,0.31,9.1,0.036,45.0,140.0,0.99216,2.98,0.31,12.0,7,medium,white,94.68,0.0739332488381918,32.142857142857146,171.42857142857142,0.10902857142857143,0.065
7.0,0.31,0.31,9.1,0.036,45.0,140.0,0.99216,2.98,0.31,12.0,7,medium,white,94.68,0.0739332488381918,32.142857142857146,171.42857142857142,0.10902857142857143,0.065
6.6,0.22,0.29,14.4,0.046,39.0,118.0,0.99834,3.05,0.5,9.1,6,medium,white,71.799,0.09192328583963563,33.05084745762712,137.87878787878788,0.06932916666666666,0.12203389830508475
5.6,0.21,0.4,1.3,0.041,81.0,147.0,0.9901,3.22,0.95,11.6,8,high,white,91.524,0.06118613696953804,55.10204081632652,207.14285714285717,0.7616153846153846,0.008843537414965987
5.2,0.155,0.33,1.6,0.028,13.0,59.0,0.98975,3.3,0.84,11.9,8,high,white,93.891,0.05538337007806925,22.033898305084744,228.84615384615384,0.6185937499999999,0.027118644067796613
6.4,0.25,0.32,11.3,0.038,69.0,192.0,0.99573,3.14,0.5,10.2,6,medium,white,80.47800000000001,0.07952483908645841,35.9375,159.37499999999997,0.08811769911504425,0.05885416666666667
6.9,0.22,0.31,6.3,0.029,41.0,131.0,0.99326,3.08,0.49,10.8,6,medium,white,85.212,0.0809745106323053,31.297709923664126,156.52173913043478,0.15766031746031747,0.048091603053435114
5.3,0.21,0.29,0.7,0.028,11.0,66.0,0.99215,3.3,0.4,9.8,5,low,white,77.322,0.06854452807739064,16.666666666666664,184.90566037735852,1.417357142857143,0.010606060606060605
7.1,0.27,0.28,1.25,0.023,3.0,89.0,0.98993,2.95,0.3,11.4,4,low,white,89.946,0.07893625063927245,3.3707865168539324,160.56338028169014,0.791944,0.014044943820224719
5.2,0.17,0.27,0.7,0.03,11.0,68.0,0.99218,3.3,0.41,9.8,5,low,white,77.322,0.06725123509479837,16.176470588235293,188.46153846153845,1.4174,0.010294117647058823
7.7,0.25,0.3,7.8,0.038,67.0,196.0,0.99555,3.1,0.5,10.1,5,low,white,79.68900000000001,0.09662563214496354,34.183673469387756,131.16883116883116,0.1276346153846154,0.03979591836734694
7.0,0.12,0.29,10.3,0.039,41.0,98.0,0.99564,3.19,0.38,9.8,8,high,white,77.322,0.09053050878145935,41.83673469387755,140.0,0.0966640776699029,0.10510204081632654
7.0,0.12,0.29,10.3,0.039,41.0,98.0,0.99564,3.19,0.38,9.8,8,high,white,77.322,0.09053050878145935,41.83673469387755,140.0,0.0966640776699029,0.10510204081632654
7.1,0.29,0.34,7.8,0.036,49.0,128.0,0.99397,3.21,0.4,10.7,6,medium,white,84.423,0.08410030441941177,38.28125,150.70422535211267,0.1274320512820513,0.0609375
7.2,0.3,0.3,8.7,0.022,14.0,111.0,0.99576,3.11,0.61,10.6,5,low,white,83.634,0.08608938948274625,12.612612612612612,147.2222222222222,0.1144551724137931,0.07837837837837837
6.8,0.26,0.46,8.3,0.037,49.0,173.0,0.99601,3.17,0.47,9.3,5,low,white,73.37700000000001,0.09267209070962289,28.32369942196532,136.76470588235296,0.12000120481927709,0.04797687861271677
7.0,0.12,0.29,10.3,0.039,41.0,98.0,0.99564,3.19,0.38,9.8,8,high,white,77.322,0.09053050878145935,41.83673469387755,140.0,0.0966640776699029,0.10510204081632654
7.1,0.29,0.34,7.8,0.036,49.0,128.0,0.99397,3.21,0.4,10.7,6,medium,white,84.423,0.08410030441941177,38.28125,150.70422535211267,0.1274320512820513,0.0609375
4.9,0.33,0.31,1.2,0.016,39.0,150.0,0.98713,3.33,0.59,14.0,8,high,white,110.46000000000001,0.044359949302915085,26.0,285.71428571428567,0.8226083333333333,0.008
5.1,0.29,0.28,8.3,0.026,27.0,107.0,0.99308,3.36,0.37,11.0,6,medium,white,86.79,0.05876253024541997,25.233644859813083,215.68627450980395,0.11964819277108432,0.07757009345794393
5.1,0.29,0.28,8.3,0.026,27.0,107.0,0.99308,3.36,0.37,11.0,6,medium,white,86.79,0.05876253024541997,25.233644859813083,215.68627450980395,0.11964819277108432,0.07757009345794393
6.8,0.26,0.48,6.2,0.049,55.0,182.0,0.99582,3.21,0.45,9.4,6,medium,white,74.166,0.09168621740420138,30.21978021978022,138.23529411764707,0.16061612903225805,0.03406593406593407
6.0,0.28,0.52,5.0,0.078,30.0,139.0,0.99494,3.1,0.36,9.0,6,medium,white,71.01,0.08449514152936205,21.58273381294964,150.0,0.198988,0.03597122302158273
6.0,0.28,0.25,1.8,0.042,8.0,108.0,0.9929,3.08,0.55,9.0,5,low,white,71.01,0.08449514152936205,7.4074074074074066,150.0,0.551611111111111,0.016666666666666666
7.2,0.2,0.22,1.6,0.044,17.0,101.0,0.99471,3.37,0.53,10.0,5,low,white,78.9,0.09125475285171102,16.831683168316832,138.88888888888889,0.6216937499999999,0.015841584158415842
6.1,0.27,0.25,1.8,0.041,9.0,109.0,0.9929,3.08,0.54,9.0,5,low,white,71.01,0.08590339388818476,8.256880733944955,147.54098360655738,0.551611111111111,0.01651376146788991
6.0,0.28,0.25,1.8,0.042,8.0,108.0,0.9929,3.08,0.55,9.0,5,low,white,71.01,0.08449514152936205,7.4074074074074066,150.0,0.551611111111111,0.016666666666666666
6.4,0.29,0.3,2.9,0.036,25.0,79.0,0.99037,3.29,0.6,12.4,7,medium,white,97.836,0.06541559344208676,31.645569620253166,193.75,0.3415068965517241,0.03670886075949367
7.4,0.35,0.24,6.0,0.042,28.0,123.0,0.99304,3.14,0.44,11.3,5,low,white,89.15700000000001,0.08299965229875388,22.76422764227642,152.7027027027027,0.16550666666666666,0.04878048780487805
8.1,0.12,0.38,0.9,0.034,36.0,86.0,0.99026,2.8,0.55,12.0,6,medium,white,94.68,0.08555133079847908,41.86046511627907,148.14814814814815,1.1002888888888889,0.010465116279069767
6.4,0.12,0.3,1.1,0.031,37.0,94.0,0.98986,3.01,0.56,11.7,6,medium,white,92.313,0.06932934689588682,39.361702127659576,182.81249999999997,0.8998727272727272,0.01170212765957447
7.2,0.2,0.22,1.6,0.044,17.0,101.0,0.99471,3.37,0.53,10.0,5,low,white,78.9,0.09125475285171102,16.831683168316832,138.88888888888889,0.6216937499999999,0.015841584158415842
7.3,0.4,0.26,5.45,0.016,26.0,90.0,0.98951,2.84,0.54,13.2,7,medium,white,104.14800000000001,0.07009256058685716,28.888888888888886,180.82191780821915,0.18156146788990826,0.06055555555555556
7.7,0.11,0.34,14.05,0.04,41.0,114.0,0.99634,3.07,0.59,11.0,7,medium,white,86.79,0.08871989860583016,35.96491228070175,142.85714285714286,0.07091387900355872,0.12324561403508773
6.9,0.23,0.41,8.0,0.03,30.0,114.0,0.99368,3.22,0.54,11.0,6,medium,white,86.79,0.07950224680262703,26.31578947368421,159.42028985507247,0.12421,0.07017543859649122
6.9,0.38,0.38,13.1,0.112,14.0,94.0,0.99792,3.02,0.48,9.2,5,low,white,72.58800000000001,0.09505703422053231,14.893617021276595,133.33333333333331,0.07617709923664123,0.13936170212765958
7.5,0.38,0.29,4.9,0.021,38.0,113.0,0.99026,3.08,0.48,13.0,7,medium,white,102.57000000000001,0.07312079555425563,33.6283185840708,173.33333333333334,0.2020938775510204,0.043362831858407086
5.8,0.19,0.24,1.3,0.044,38.0,128.0,0.99362,3.77,0.6,10.6,5,low,white,83.634,0.06934978597221225,29.6875,182.75862068965517,0.7643230769230769,0.01015625
5.5,0.34,0.26,2.2,0.021,31.0,119.0,0.98919,3.55,0.49,13.0,8,high,white,102.57000000000001,0.05362191673978746,26.05042016806723,236.36363636363637,0.44963181818181813,0.018487394957983194
6.6,0.23,0.3,14.9,0.051,33.0,118.0,0.99835,3.04,0.54,9.0,6,medium,white,71.01,0.09294465568229826,27.966101694915253,136.36363636363637,0.06700335570469798,0.12627118644067797
6.6,0.23,0.3,14.9,0.051,33.0,118.0,0.99835,3.04,0.54,9.0,6,medium,white,71.01,0.09294465568229826,27.966101694915253,136.36363636363637,0.06700335570469798,0.12627118644067797
8.4,0.31,0.31,0.95,0.021,52.0,148.0,0.99038,2.93,0.32,11.5,5,low,white,90.735,0.09257728550173583,35.13513513513514,136.9047619047619,1.0425052631578948,0.006418918918918918
6.7,0.2,0.3,1.4,0.025,17.0,76.0,0.99104,3.11,0.44,11.0,6,medium,white,86.79,0.07719783385182624,22.36842105263158,164.17910447761193,0.7078857142857143,0.018421052631578946
8.4,0.31,0.31,0.95,0.021,52.0,148.0,0.99038,2.93,0.32,11.5,5,low,white,90.735,0.09257728550173583,35.13513513513514,136.9047619047619,1.0425052631578948,0.006418918918918918
7.3,0.26,0.24,1.7,0.05,10.0,112.0,0.99286,3.11,0.43,9.9,5,low,white,78.111,0.09345674744914288,8.928571428571429,135.6164383561644,0.5840352941176471,0.015178571428571428
6.3,0.22,0.22,5.6,0.039,31.0,128.0,0.99296,3.12,0.46,10.4,6,medium,white,82.056,0.07677683533196841,24.21875,165.0793650793651,0.17731428571428573,0.04375
6.6,0.23,0.3,14.9,0.051,33.0,118.0,0.99835,3.04,0.54,9.0,6,medium,white,71.01,0.09294465568229826,27.966101694915253,136.36363636363637,0.06700335570469798,0.12627118644067797
7.5,0.19,0.4,7.1,0.056,50.0,110.0,0.9954,3.06,0.52,9.9,6,medium,white,78.111,0.09601720628336598,45.45454545454545,132.0,0.14019718309859155,0.06454545454545454
8.0,0.14,0.33,1.2,0.045,71.0,162.0,0.9914,3.07,0.47,11.0,6,medium,white,86.79,0.09217651803203133,43.82716049382716,137.5,0.8261666666666666,0.007407407407407407
6.8,0.32,0.39,9.6,0.026,34.0,124.0,0.99286,3.18,0.35,12.1,6,medium,white,95.46900000000001,0.07122730938838785,27.419354838709676,177.94117647058823,0.10342291666666667,0.07741935483870968
6.6,0.23,0.2,11.4,0.044,45.0,131.0,0.99604,2.96,0.51,9.7,6,medium,white,76.533,0.08623730939594684,34.35114503816794,146.96969696969697,0.0873719298245614,0.08702290076335878
6.6,0.23,0.2,11.4,0.044,45.0,131.0,0.99604,2.96,0.51,9.7,6,medium,white,76.533,0.08623730939594684,34.35114503816794,146.96969696969697,0.0873719298245614,0.08702290076335878
6.7,0.36,0.26,7.9,0.034,39.0,123.0,0.99119,2.99,0.3,12.2,7,medium,white,96.25800000000001,0.06960460429263021,31.70731707317073,182.08955223880596,0.12546708860759492,0.06422764227642276
6.1,0.38,0.42,5.0,0.016,31.0,113.0,0.99007,3.15,0.31,12.4,7,medium,white,97.836,0.06234923749948894,27.43362831858407,203.27868852459017,0.198014,0.04424778761061947
8.5,0.23,0.28,11.1,0.033,30.0,97.0,0.99507,3.03,0.39,10.5,7,medium,white,82.845,0.10260124328565394,30.927835051546392,123.52941176470588,0.08964594594594595,0.11443298969072165
7.0,0.2,0.31,8.0,0.05,29.0,213.0,0.99596,3.28,0.57,10.4,6,medium,white,82.056,0.08530759481329823,13.615023474178404,148.57142857142858,0.124495,0.03755868544600939
6.0,0.26,0.32,3.8,0.029,48.0,180.0,0.99011,3.15,0.34,12.0,6,medium,white,94.68,0.06337135614702154,26.666666666666668,200.0,0.26055526315789473,0.021111111111111112
6.9,0.3,0.3,10.55,0.037,4.0,28.0,0.99184,3.07,0.32,12.7,6,medium,white,100.203,0.0688602137660549,14.285714285714285,184.05797101449272,0.0940132701421801,0.37678571428571433
6.7,0.18,0.28,10.2,0.039,29.0,115.0,0.99469,3.11,0.45,10.9,7,medium,white,86.001,0.07790607085964117,25.217391304347824,162.6865671641791,0.09751862745098039,0.08869565217391304
6.7,0.18,0.28,10.2,0.039,29.0,115.0,0.99469,3.11,0.45,10.9,7,medium,white,86.001,0.07790607085964117,25.217391304347824,162.6865671641791,0.09751862745098039,0.08869565217391304
6.8,0.18,0.28,9.8,0.039,29.0,113.0,0.99406,3.11,0.45,10.9,7,medium,white,86.001,0.07906884803665074,25.663716814159294,160.29411764705884,0.10143469387755102,0.08672566371681417
7.2,0.19,0.31,6.3,0.034,17.0,103.0,0.99305,3.15,0.52,11.4,7,medium,white,89.946,0.08004802881729038,16.50485436893204,158.33333333333331,0.15762698412698414,0.061165048543689315
6.2,0.16,0.32,1.1,0.036,74.0,184.0,0.99096,3.22,0.41,11.0,6,medium,white,86.79,0.07143680147482429,40.21739130434783,177.41935483870967,0.9008727272727272,0.005978260869565218
5.0,0.27,0.32,4.5,0.032,58.0,178.0,0.98956,3.45,0.31,12.6,7,medium,white,99.414,0.05029472710081075,32.58426966292135,252.0,0.21990222222222222,0.025280898876404494
6.3,0.37,0.28,6.3,0.034,45.0,152.0,0.9921,3.29,0.46,11.6,7,medium,white,91.524,0.0688344040907303,29.605263157894733,184.12698412698413,0.15747619047619046,0.04144736842105263
6.6,0.2,0.27,10.9,0.038,29.0,130.0,0.99496,3.11,0.44,10.5,7,medium,white,82.845,0.07966684772768423,22.30769230769231,159.0909090909091,0.09128073394495412,0.08384615384615385
6.8,0.18,0.28,9.8,0.039,29.0,113.0,0.99406,3.11,0.45,10.9,7,medium,white,86.001,0.07906884803665074,25.663716814159294,160.29411764705884,0.10143469387755102,0.08672566371681417
6.8,0.18,0.28,9.8,0.039,29.0,113.0,0.99406,3.11,0.45,10.9,7,medium,white,86.001,0.07906884803665074,25.663716814159294,160.29411764705884,0.10143469387755102,0.08672566371681417
6.6,0.28,0.34,0.8,0.037,42.0,119.0,0.9888,3.03,0.37,12.5,6,medium,white,98.625,0.06692015209125475,35.294117647058826,189.3939393939394,1.236,0.0067226890756302525
6.5,0.35,0.36,0.8,0.034,32.0,111.0,0.98942,3.11,0.5,12.1,8,high,white,95.46900000000001,0.06808492809184133,28.82882882882883,186.15384615384616,1.236775,0.007207207207207207
6.9,0.25,0.33,1.2,0.035,35.0,158.0,0.99082,3.02,0.58,11.3,6,medium,white,89.15700000000001,0.0773915676839732,22.151898734177212,163.76811594202897,0.8256833333333334,0.007594936708860759
6.0,0.32,0.3,1.3,0.025,18.0,112.0,0.98802,3.07,0.64,13.3,7,medium,white,104.937,0.0571771634409217,16.071428571428573,221.66666666666669,0.7600153846153846,0.011607142857142858
6.8,0.18,0.28,9.8,0.039,29.0,113.0,0.99406,3.11,0.45,10.9,7,medium,white,86.001,0.07906884803665074,25.663716814159294,160.29411764705884,0.10143469387755102,0.08672566371681417
6.7,0.18,0.28,10.2,0.039,29.0,115.0,0.99469,3.11,0.45,10.9,7,medium,white,86.001,0.07790607085964117,25.217391304347824,162.6865671641791,0.09751862745098039,0.08869565217391304
6.6,0.2,0.27,10.9,0.038,29.0,130.0,0.99496,3.11,0.44,10.5,7,medium,white,82.845,0.07966684772768423,22.30769230769231,159.0909090909091,0.09128073394495412,0.08384615384615385
6.3,0.37,0.28,6.3,0.034,45.0,152.0,0.9921,3.29,0.46,11.6,7,medium,white,91.524,0.0688344040907303,29.605263157894733,184.12698412698413,0.15747619047619046,0.04144736842105263
7.2,0.19,0.31,6.3,0.034,17.0,103.0,0.99305,3.15,0.52,11.4,7,medium,white,89.946,0.08004802881729038,16.50485436893204,158.33333333333331,0.15762698412698414,0.061165048543689315
6.3,0.18,0.36,1.2,0.034,26.0,111.0,0.99074,3.16,0.51,11.0,6,medium,white,86.79,0.07258900795022467,23.423423423423422,174.6031746031746,0.8256166666666667,0.01081081081081081
6.9,0.3,0.36,0.9,0.037,40.0,156.0,0.98968,3.08,0.36,12.1,6,medium,white,95.46900000000001,0.07227476982057003,25.64102564102564,175.3623188405797,1.0996444444444444,0.0057692307692307696
6.2,0.16,0.32,1.1,0.036,74.0,184.0,0.99096,3.22,0.41,11.0,6,medium,white,86.79,0.07143680147482429,40.21739130434783,177.41935483870967,0.9008727272727272,0.005978260869565218
5.0,0.27,0.32,4.5,0.032,58.0,178.0,0.98956,3.45,0.31,12.6,7,medium,white,99.414,0.05029472710081075,32.58426966292135,252.0,0.21990222222222222,0.025280898876404494
5.0,0.3,0.33,3.7,0.03,54.0,173.0,0.9887,3.36,0.3,13.0,7,medium,white,102.57000000000001,0.04874719703617042,31.213872832369944,260.0,0.2672162162162162,0.02138728323699422
6.5,0.2,0.5,18.1,0.054,50.0,221.0,0.99941,2.94,0.64,8.8,6,medium,white,69.432,0.09361677612628183,22.624434389140273,135.3846153846154,0.05521602209944751,0.08190045248868778
6.7,0.25,0.31,1.35,0.061,30.5,218.0,0.99388,3.16,0.53,9.5,5,low,white,74.955,0.08938696551264093,13.990825688073393,141.79104477611938,0.7362074074074073,0.006192660550458716
6.6,0.22,0.36,5.5,0.029,30.0,105.0,0.99206,3.2,0.47,11.8,6,medium,white,93.102,0.07088999162209189,28.57142857142857,178.7878787878788,0.18037454545454545,0.05238095238095238
6.8,0.25,0.37,3.1,0.026,29.0,93.0,0.99035,3.14,0.45,12.2,6,medium,white,96.25800000000001,0.07064347898356499,31.182795698924732,179.41176470588235,0.31946774193548383,0.03333333333333333
7.0,0.13,0.37,12.85,0.042,36.0,105.0,0.99581,3.05,0.55,10.7,6,medium,white,84.423,0.0829157930895609,34.285714285714285,152.85714285714283,0.07749494163424124,0.12238095238095238
7.0,0.45,0.34,19.8,0.04,12.0,67.0,0.9976,3.07,0.38,11.0,6,medium,white,86.79,0.08065445327802742,17.91044776119403,157.14285714285714,0.050383838383838385,0.2955223880597015
7.2,0.32,0.3,8.25,0.02,14.0,104.0,0.99362,2.99,0.44,11.4,6,medium,white,89.946,0.08004802881729038,13.461538461538462,158.33333333333331,0.12043878787878787,0.07932692307692307
7.0,0.13,0.37,12.85,0.042,36.0,105.0,0.99581,3.05,0.55,10.7,6,medium,white,84.423,0.0829157930895609,34.285714285714285,152.85714285714283,0.07749494163424124,0.12238095238095238
5.9,0.34,0.3,3.8,0.035,57.0,135.0,0.99016,3.09,0.34,12.0,6,medium,white,94.68,0.06231516687790452,42.22222222222222,203.38983050847457,0.2605684210526316,0.028148148148148148
6.8,0.22,0.31,6.9,0.037,33.0,121.0,0.99176,3.02,0.39,11.9,8,high,white,93.891,0.07242440702516748,27.27272727272727,175.0,0.14373333333333332,0.05702479338842976
7.2,0.32,0.3,8.25,0.02,14.0,104.0,0.99362,2.99,0.44,11.4,6,medium,white,89.946,0.08004802881729038,13.461538461538462,158.33333333333331,0.12043878787878787,0.07932692307692307
8.4,0.32,0.35,11.7,0.029,3.0,46.0,0.99439,3.02,0.34,11.8,6,medium,white,93.102,0.09022362570084423,6.521739130434782,140.47619047619048,0.0849905982905983,0.2543478260869565
6.8,0.27,0.29,4.6,0.046,6.0,88.0,0.99458,3.34,0.48,10.6,4,low,white,83.634,0.08130664562259368,6.8181818181818175,155.88235294117646,0.2162130434782609,0.05227272727272727
8.0,0.74,0.21,4.0,0.05,24.0,133.0,0.99418,3.06,0.38,9.7,5,low,white,76.533,0.10453007199508708,18.045112781954884,121.24999999999999,0.248545,0.03007518796992481
7.0,0.45,0.34,19.8,0.04,12.0,67.0,0.9976,3.07,0.38,11.0,6,medium,white,86.79,0.08065445327802742,17.91044776119403,157.14285714285714,0.050383838383838385,0.2955223880597015
7.0,0.13,0.37,12.85,0.042,36.0,105.0,0.99581,3.05,0.55,10.7,6,medium,white,84.423,0.0829157930895609,34.285714285714285,152.85714285714283,0.07749494163424124,0.12238095238095238
5.4,0.22,0.29,1.2,0.045,69.0,152.0,0.99178,3.76,0.63,11.0,7,medium,white,86.79,0.062219149671621156,45.39473684210527,203.70370370370367,0.8264833333333333,0.007894736842105263
8.4,0.22,0.3,8.9,0.024,17.0,118.0,0.99456,2.99,0.34,10.5,6,medium,white,82.845,0.10139416983523449,14.40677966101695,125.0,0.11174831460674158,0.07542372881355933
7.4,0.32,0.22,11.7,0.035,44.0,150.0,0.99578,3.1,0.45,10.4,5,low,white,82.056,0.09018231451691529,29.333333333333332,140.54054054054055,0.08510940170940172,0.078
7.5,0.18,0.37,6.2,0.05,21.0,138.0,0.99546,3.2,0.55,10.5,6,medium,white,82.845,0.09053050878145935,15.217391304347828,140.0,0.16055806451612903,0.04492753623188406
7.1,0.47,0.29,14.8,0.024,22.0,142.0,0.99518,3.12,0.48,12.0,8,high,white,94.68,0.07498943810730882,15.492957746478872,169.01408450704227,0.06724189189189189,0.10422535211267606
7.1,0.47,0.29,14.8,0.024,22.0,142.0,0.99518,3.12,0.48,12.0,8,high,white,94.68,0.07498943810730882,15.492957746478872,169.01408450704227,0.06724189189189189,0.10422535211267606
5.8,0.19,0.25,10.8,0.042,33.0,124.0,0.99646,3.22,0.41,9.2,6,medium,white,72.58800000000001,0.0799030142723315,26.61290322580645,158.62068965517238,0.09226481481481481,0.08709677419354839
6.7,0.14,0.46,1.6,0.036,15.0,92.0,0.99264,3.37,0.49,10.9,5,low,white,86.001,0.07790607085964117,16.304347826086957,162.6865671641791,0.6204,0.017391304347826087
6.8,0.24,0.38,8.3,0.045,50.0,185.0,0.99578,3.15,0.5,9.5,6,medium,white,74.955,0.09072109932626242,27.027027027027028,139.7058823529412,0.11997349397590361,0.04486486486486487
6.9,0.25,0.47,8.4,0.042,36.0,156.0,0.99604,3.15,0.55,9.4,6,medium,white,74.166,0.09303454413073377,23.076923076923077,136.23188405797103,0.11857619047619047,0.05384615384615385
6.0,0.24,0.33,2.5,0.026,31.0,85.0,0.99014,3.13,0.5,11.3,7,medium,white,89.15700000000001,0.067297015377368,36.470588235294116,188.33333333333334,0.396056,0.029411764705882353
6.8,0.29,0.34,3.5,0.054,26.0,189.0,0.99489,3.42,0.58,10.4,5,low,white,82.056,0.08287023496148971,13.756613756613756,152.94117647058826,0.28425428571428574,0.018518518518518517
6.3,0.33,0.42,17.2,0.037,57.0,170.0,0.99884,3.26,0.57,9.4,6,medium,white,74.166,0.08494458377153952,33.52941176470588,149.20634920634922,0.05807209302325581,0.10117647058823528
6.5,0.23,0.45,2.1,0.027,43.0,104.0,0.99054,3.02,0.52,11.3,6,medium,white,89.15700000000001,0.07290509999214867,41.34615384615385,173.84615384615384,0.47168571428571426,0.020192307692307693
6.3,0.27,0.29,12.2,0.044,59.0,196.0,0.99782,3.14,0.4,8.8,6,medium,white,69.432,0.09073625993778084,30.102040816326532,139.6825396825397,0.08178852459016395,0.06224489795918367
6.3,0.2,0.37,11.8,0.045,58.0,130.0,0.99519,3.2,0.35,10.8,5,low,white,85.212,0.0739332488381918,44.61538461538462,171.42857142857144,0.08433813559322033,0.09076923076923077
6.2,0.33,0.41,16.8,0.037,58.0,173.0,0.99882,3.25,0.57,9.4,6,medium,white,74.166,0.08359625704500716,33.52601156069364,151.61290322580646,0.059453571428571425,0.09710982658959538
6.3,0.33,0.42,17.2,0.037,57.0,170.0,0.99884,3.26,0.57,9.4,6,medium,white,74.166,0.08494458377153952,33.52941176470588,149.20634920634922,0.05807209302325581,0.10117647058823528
7.2,0.21,1.0,1.1,0.154,46.0,114.0,0.9931,2.95,0.43,9.2,6,medium,white,72.58800000000001,0.0991899487518598,40.35087719298245,127.77777777777777,0.9028181818181817,0.009649122807017544
6.0,0.27,0.3,14.7,0.044,15.0,144.0,0.99666,3.12,0.53,10.3,6,medium,white,81.26700000000001,0.0738307061907047,10.416666666666668,171.66666666666669,0.0678,0.10208333333333333
5.7,0.12,0.26,5.5,0.034,21.0,99.0,0.99324,3.09,0.57,9.9,6,medium,white,78.111,0.07297307677535814,21.21212121212121,173.6842105263158,0.18058909090909092,0.05555555555555555
6.9,0.24,0.37,6.1,0.027,38.0,112.0,0.99086,3.19,0.34,12.4,6,medium,white,97.836,0.07052618667974979,33.92857142857143,179.71014492753622,0.1624360655737705,0.05446428571428571
7.7,0.18,0.53,1.2,0.041,42.0,167.0,0.9908,3.11,0.44,11.9,5,low,white,93.891,0.08200999030791023,25.149700598802394,154.54545454545453,0.8256666666666667,0.00718562874251497
7.1,0.17,0.43,1.3,0.023,33.0,132.0,0.99067,3.11,0.56,11.7,6,medium,white,92.313,0.07691224421262444,25.0,164.7887323943662,0.7620538461538462,0.00984848484848485
7.5,0.33,0.38,8.7,0.126,49.0,199.0,0.99711,2.98,0.57,9.4,5,low,white,74.166,0.101124504489928,24.623115577889447,125.33333333333334,0.11461034482758622,0.04371859296482412
6.2,0.255,0.24,1.7,0.039,138.5,272.0,0.99452,3.53,0.53,9.6,4,low,white,75.744,0.0818546683565695,50.91911764705882,154.83870967741936,0.5850117647058823,0.0062499999999999995
7.5,0.33,0.38,8.7,0.126,49.0,199.0,0.99711,2.98,0.57,9.4,5,low,white,74.166,0.101124504489928,24.623115577889447,125.33333333333334,0.11461034482758622,0.04371859296482412
5.6,0.2,0.66,10.2,0.043,78.0,175.0,0.9945,2.98,0.43,10.4,7,medium,white,82.056,0.06824607585063859,44.57142857142857,185.71428571428575,0.09750000000000002,0.05828571428571428
7.6,0.17,0.36,4.5,0.042,26.0,102.0,0.99427,3.09,0.47,9.5,5,low,white,74.955,0.10139416983523447,25.49019607843137,125.0,0.2209488888888889,0.04411764705882353
5.8,0.15,0.31,5.9,0.036,7.0,73.0,0.99152,3.2,0.43,11.9,6,medium,white,93.891,0.06177375893323108,9.58904109589041,205.17241379310346,0.16805423728813557,0.08082191780821918
6.3,0.25,0.44,1.7,0.024,36.0,116.0,0.98935,3.18,0.4,12.5,6,medium,white,98.625,0.06387832699619772,31.03448275862069,198.41269841269843,0.5819705882352941,0.014655172413793103
6.9,0.28,0.41,1.4,0.016,6.0,55.0,0.98876,3.16,0.4,13.4,5,low,white,105.726,0.06526303842006696,10.909090909090908,194.20289855072463,0.7062571428571429,0.025454545454545452
7.2,0.27,0.37,5.4,0.026,27.0,114.0,0.99174,3.13,0.84,12.7,5,low,white,100.203,0.07185413610370947,23.684210526315788,176.38888888888889,0.18365555555555554,0.04736842105263158
6.2,0.25,0.38,7.9,0.045,54.0,208.0,0.99572,3.17,0.46,9.1,5,low,white,71.799,0.08635217760693045,25.961538461538463,146.77419354838707,0.12604050632911393,0.037980769230769235
8.5,0.19,0.48,1.1,0.026,23.0,58.0,0.99184,2.9,0.5,10.5,6,medium,white,82.845,0.10260124328565394,39.6551724137931,123.52941176470588,0.9016727272727273,0.018965517241379314
6.2,0.25,0.54,7.0,0.046,58.0,176.0,0.99454,3.19,0.7,10.4,5,low,white,82.056,0.07555815540606416,32.95454545454545,167.74193548387098,0.14207714285714285,0.03977272727272727
6.2,0.25,0.54,7.0,0.046,58.0,176.0,0.99454,3.19,0.7,10.4,5,low,white,82.056,0.07555815540606416,32.95454545454545,167.74193548387098,0.14207714285714285,0.03977272727272727
6.8,0.28,0.43,7.6,0.03,30.0,110.0,0.99164,3.08,0.59,12.5,8,high,white,98.625,0.06894803548795944,27.27272727272727,183.82352941176472,0.13047894736842106,0.06909090909090909
6.2,0.25,0.54,7.0,0.046,58.0,176.0,0.99454,3.19,0.7,10.4,5,low,white,82.056,0.07555815540606416,32.95454545454545,167.74193548387098,0.14207714285714285,0.03977272727272727
7.4,0.21,0.8,12.3,0.038,77.0,183.0,0.99778,2.95,0.48,9.0,5,low,white,71.01,0.10421067455287987,42.07650273224044,121.62162162162163,0.08112032520325203,0.06721311475409837
7.0,0.15,0.38,15.3,0.045,54.0,120.0,0.9975,3.18,0.42,9.8,6,medium,white,77.322,0.09053050878145935,45.0,140.0,0.06519607843137255,0.1275
7.4,0.21,0.8,12.3,0.038,77.0,183.0,0.99778,2.95,0.48,9.0,5,low,white,71.01,0.10421067455287987,42.07650273224044,121.62162162162163,0.08112032520325203,0.06721311475409837
7.3,0.28,0.42,1.2,0.033,29.0,142.0,0.99205,3.17,0.43,10.7,4,low,white,84.423,0.0864693270791135,20.422535211267608,146.5753424657534,0.8267083333333334,0.008450704225352112
6.1,0.18,0.38,2.3,0.033,28.0,111.0,0.98962,3.16,0.49,12.4,6,medium,white,97.836,0.06234923749948894,25.225225225225223,203.27868852459017,0.43026956521739135,0.02072072072072072
7.0,0.53,0.43,6.1,0.029,6.0,76.0,0.99118,3.08,0.5,12.5,8,high,white,98.625,0.07097591888466413,7.894736842105263,178.57142857142858,0.16248852459016394,0.08026315789473684
6.8,0.28,0.43,7.6,0.03,30.0,110.0,0.99164,3.08,0.59,12.5,8,high,white,98.625,0.06894803548795944,27.27272727272727,183.82352941176472,0.13047894736842106,0.06909090909090909
6.5,0.36,0.38,10.2,0.028,20.0,82.0,0.99274,3.1,0.43,12.1,7,medium,white,95.46900000000001,0.06808492809184133,24.390243902439025,186.15384615384616,0.09732745098039217,0.12439024390243901
7.5,0.25,0.47,4.1,0.041,95.0,163.0,0.99184,2.92,0.59,11.3,6,medium,white,89.15700000000001,0.08412126922171001,58.282208588957054,150.66666666666669,0.24191219512195125,0.02515337423312883
6.7,0.24,0.41,2.9,0.039,48.0,122.0,0.99052,3.25,0.43,12.0,5,low,white,94.68,0.07076468103084073,39.34426229508197,179.1044776119403,0.34155862068965515,0.023770491803278688
6.6,0.25,0.33,8.5,0.042,29.0,141.0,0.99546,3.28,0.6,10.4,5,low,white,82.056,0.0804328751096812,20.56737588652482,157.5757575757576,0.11711294117647059,0.06028368794326241
6.4,0.15,0.4,1.5,0.042,23.0,87.0,0.98972,3.11,0.46,12.2,7,medium,white,96.25800000000001,0.06648798021982588,26.436781609195403,190.62499999999997,0.6598133333333334,0.017241379310344827
6.3,0.28,0.3,3.1,0.039,24.0,115.0,0.9942,3.05,0.43,8.6,5,low,white,67.854,0.09284640551772924,20.869565217391305,136.5079365079365,0.3207096774193548,0.026956521739130435
6.2,0.25,0.38,7.9,0.045,54.0,208.0,0.99572,3.17,0.46,9.1,5,low,white,71.799,0.08635217760693045,25.961538461538463,146.77419354838707,0.12604050632911393,0.037980769230769235
7.1,0.28,0.35,3.5,0.028,35.0,91.0,0.99022,2.96,0.33,12.1,5,low,white,95.46900000000001,0.07436969068493436,38.46153846153847,170.4225352112676,0.28292,0.038461538461538464
6.6,0.35,0.34,4.9,0.032,9.0,125.0,0.99253,3.32,0.81,12.0,5,low,white,94.68,0.0697084917617237,7.199999999999999,181.81818181818184,0.20255714285714285,0.039200000000000006
8.5,0.19,0.48,1.1,0.026,23.0,58.0,0.99184,2.9,0.5,10.5,6,medium,white,82.845,0.10260124328565394,39.6551724137931,123.52941176470588,0.9016727272727273,0.018965517241379314
6.2,0.25,0.54,7.0,0.046,58.0,176.0,0.99454,3.19,0.7,10.4,5,low,white,82.056,0.07555815540606416,32.95454545454545,167.74193548387098,0.14207714285714285,0.03977272727272727
6.0,0.35,0.51,1.2,0.029,10.0,102.0,0.9903,3.46,0.42,11.9,6,medium,white,93.891,0.06390388855161837,9.803921568627452,198.33333333333334,0.82525,0.011764705882352941
5.8,0.31,0.32,4.5,0.024,28.0,94.0,0.98906,3.25,0.52,13.7,7,medium,white,108.093,0.0536574986354343,29.78723404255319,236.20689655172416,0.21979111111111113,0.047872340425531915
6.6,0.17,0.35,2.6,0.03,33.0,78.0,0.99146,3.22,0.72,11.3,6,medium,white,89.15700000000001,0.0740267169151048,42.30769230769231,171.21212121212125,0.3813307692307692,0.03333333333333333
8.5,0.23,0.4,9.9,0.036,24.0,88.0,0.9951,3.02,0.42,10.5,6,medium,white,82.845,0.10260124328565394,27.27272727272727,123.52941176470588,0.10051515151515152,0.1125
5.8,0.31,0.32,4.5,0.024,28.0,94.0,0.98906,3.25,0.52,13.7,7,medium,white,108.093,0.0536574986354343,29.78723404255319,236.20689655172416,0.21979111111111113,0.047872340425531915
6.1,0.2,0.34,9.5,0.041,38.0,201.0,0.995,3.14,0.44,10.1,3,low,white,79.68900000000001,0.07654757871224384,18.90547263681592,165.5737704918033,0.10473684210526316,0.0472636815920398
6.3,0.37,0.37,1.5,0.024,12.0,76.0,0.98876,2.94,0.39,12.3,6,medium,white,97.04700000000001,0.06491699897987573,15.789473684210526,195.23809523809524,0.6591733333333333,0.019736842105263157
6.2,0.36,0.38,3.2,0.031,20.0,89.0,0.98956,3.06,0.33,12.0,7,medium,white,94.68,0.06548373468525559,22.47191011235955,193.54838709677418,0.3092375,0.035955056179775284
6.6,0.17,0.35,2.6,0.03,33.0,78.0,0.99146,3.22,0.72,11.3,6,medium,white,89.15700000000001,0.0740267169151048,42.30769230769231,171.21212121212125,0.3813307692307692,0.03333333333333333
6.3,0.28,0.47,11.2,0.04,61.0,183.0,0.99592,3.12,0.51,9.5,6,medium,white,74.955,0.0840504302581549,33.33333333333333,150.79365079365078,0.08892142857142858,0.06120218579234972
7.6,0.27,0.52,3.2,0.043,28.0,152.0,0.99129,3.02,0.53,11.4,6,medium,white,89.946,0.08449514152936206,18.421052631578945,150.00000000000003,0.30977812499999996,0.021052631578947368
7.0,0.25,0.45,2.3,0.045,40.0,118.0,0.99064,3.16,0.48,11.9,7,medium,white,93.891,0.07455453664355476,33.89830508474576,170.0,0.4307130434782609,0.01949152542372881
9.7,0.24,0.49,4.9,0.032,3.0,18.0,0.99368,2.85,0.54,10.0,6,medium,white,78.9,0.12294043092522178,16.666666666666664,103.09278350515466,0.20279183673469386,0.27222222222222225
9.7,0.24,0.49,4.9,0.032,3.0,18.0,0.99368,2.85,0.54,10.0,6,medium,white,78.9,0.12294043092522178,16.666666666666664,103.09278350515466,0.20279183673469386,0.27222222222222225
6.8,0.13,0.39,1.4,0.034,19.0,102.0,0.99121,3.23,0.6,11.3,7,medium,white,89.15700000000001,0.07626995076101707,18.627450980392158,166.1764705882353,0.708007142857143,0.013725490196078431
6.6,0.78,0.5,1.5,0.045,30.0,133.0,0.99104,3.25,0.48,11.7,5,low,white,92.313,0.07149588898638327,22.55639097744361,177.27272727272728,0.6606933333333334,0.011278195488721804
5.1,0.33,0.27,6.7,0.022,44.0,129.0,0.99221,3.36,0.39,11.0,7,medium,white,86.79,0.05876253024541997,34.10852713178294,215.68627450980395,0.1480910447761194,0.05193798449612403
6.7,0.34,0.4,2.1,0.033,34.0,111.0,0.98924,2.97,0.48,12.2,7,medium,white,96.25800000000001,0.06960460429263021,30.630630630630627,182.08955223880596,0.47106666666666663,0.01891891891891892
6.7,0.14,0.51,4.3,0.028,57.0,124.0,0.99176,2.91,0.54,10.7,7,medium,white,84.423,0.0793622591000083,45.96774193548387,159.7014925373134,0.23064186046511628,0.03467741935483871
7.0,0.26,0.34,10.9,0.038,25.0,84.0,0.99432,3.11,0.34,10.9,6,medium,white,86.001,0.08139440239066988,29.761904761904763,155.71428571428572,0.09122201834862385,0.12976190476190477
6.5,0.29,0.26,7.0,0.04,18.0,113.0,0.99366,3.17,0.38,10.2,6,medium,white,80.47800000000001,0.08076741469718432,15.929203539823009,156.92307692307693,0.14195142857142856,0.061946902654867256
7.0,0.25,0.45,2.3,0.045,40.0,118.0,0.99064,3.16,0.48,11.9,7,medium,white,93.891,0.07455453664355476,33.89830508474576,170.0,0.4307130434782609,0.01949152542372881
7.6,0.21,0.49,2.5,0.047,20.0,130.0,0.99178,3.15,0.48,11.1,5,low,white,87.57900000000001,0.08677879400312859,15.384615384615385,146.05263157894737,0.396712,0.019230769230769232
7.7,0.26,0.51,2.6,0.045,26.0,159.0,0.99126,3.0,0.5,11.2,6,medium,white,88.36800000000001,0.08713561470215461,16.352201257861633,145.45454545454544,0.38125384615384617,0.016352201257861635
7.6,0.27,0.52,3.2,0.043,28.0,152.0,0.99129,3.02,0.53,11.4,6,medium,white,89.946,0.08449514152936206,18.421052631578945,150.00000000000003,0.30977812499999996,0.021052631578947368
7.7,0.25,0.49,2.5,0.047,31.0,169.0,0.99252,3.07,0.57,10.6,6,medium,white,83.634,0.09206781930793696,18.34319526627219,137.66233766233768,0.39700799999999997,0.014792899408284023
7.6,0.35,0.46,14.7,0.047,33.0,151.0,0.99709,3.03,0.53,10.3,5,low,white,81.26700000000001,0.09351889450822595,21.85430463576159,135.5263157894737,0.06782925170068027,0.09735099337748344
6.9,0.3,0.36,4.5,0.054,31.0,203.0,0.99513,3.4,0.57,10.4,4,low,white,82.056,0.08408891488739398,15.270935960591133,150.72463768115944,0.22114,0.022167487684729065
6.7,0.24,0.46,2.2,0.033,19.0,111.0,0.99045,3.1,0.62,11.9,6,medium,white,93.891,0.07135934221597384,17.117117117117118,177.61194029850748,0.45020454545454547,0.019819819819819822
6.5,0.23,0.39,1.9,0.036,41.0,98.0,0.99,3.19,0.43,11.9,7,medium,white,93.891,0.06922921259758656,41.83673469387755,183.0769230769231,0.5210526315789474,0.019387755102040816
7.6,0.23,0.34,1.6,0.043,24.0,129.0,0.99305,3.12,0.7,10.4,5,low,white,82.056,0.0926196743687238,18.6046511627907,136.8421052631579,0.6206562499999999,0.012403100775193798
6.5,0.24,0.39,17.3,0.052,22.0,126.0,0.99888,3.11,0.47,9.2,6,medium,white,72.58800000000001,0.08954648151209565,17.46031746031746,141.53846153846152,0.05773872832369942,0.1373015873015873
6.3,0.17,0.32,4.2,0.04,37.0,117.0,0.99182,3.24,0.43,11.3,6,medium,white,89.15700000000001,0.0706618661462364,31.62393162393162,179.36507936507937,0.23614761904761905,0.0358974358974359
6.3,0.17,0.32,4.2,0.04,37.0,117.0,0.99182,3.24,0.43,11.3,6,medium,white,89.15700000000001,0.0706618661462364,31.62393162393162,179.36507936507937,0.23614761904761905,0.0358974358974359
6.7,0.21,0.37,2.5,0.034,35.0,89.0,0.9913,3.25,0.5,11.0,7,medium,white,86.79,0.07719783385182624,39.325842696629216,164.17910447761193,0.39652,0.028089887640449437
6.5,0.23,0.39,1.9,0.036,41.0,98.0,0.99,3.19,0.43,11.9,7,medium,white,93.891,0.06922921259758656,41.83673469387755,183.0769230769231,0.5210526315789474,0.019387755102040816
5.9,0.28,0.39,1.4,0.031,47.0,147.0,0.98836,3.08,0.64,12.9,7,medium,white,101.781,0.05796759709572514,31.97278911564626,218.64406779661016,0.7059714285714286,0.009523809523809523
5.9,0.19,0.37,0.8,0.027,3.0,21.0,0.9897,3.09,0.31,10.8,5,low,white,85.212,0.0692390743087828,14.285714285714285,183.05084745762713,1.237125,0.0380952380952381
6.2,0.25,0.42,8.0,0.049,53.0,206.0,0.99586,3.16,0.47,9.1,6,medium,white,71.799,0.08635217760693045,25.728155339805824,146.77419354838707,0.1244825,0.038834951456310676
7.6,0.23,0.34,1.6,0.043,24.0,129.0,0.99305,3.12,0.7,10.4,5,low,white,82.056,0.0926196743687238,18.6046511627907,136.8421052631579,0.6206562499999999,0.012403100775193798
5.6,0.18,0.27,1.7,0.03,31.0,103.0,0.98892,3.35,0.37,12.9,6,medium,white,101.781,0.05502009215865436,30.097087378640776,230.3571428571429,0.5817176470588236,0.016504854368932037
5.5,0.18,0.22,5.5,0.037,10.0,86.0,0.99156,3.46,0.44,12.2,5,low,white,96.25800000000001,0.05713810800141286,11.627906976744185,221.8181818181818,0.18028363636363637,0.06395348837209303
6.5,0.24,0.39,17.3,0.052,22.0,126.0,0.99888,3.11,0.47,9.2,6,medium,white,72.58800000000001,0.08954648151209565,17.46031746031746,141.53846153846152,0.05773872832369942,0.1373015873015873
7.4,0.23,0.38,8.6,0.052,41.0,150.0,0.99534,3.06,0.46,10.3,5,low,white,81.26700000000001,0.0910578709685358,27.333333333333332,139.1891891891892,0.11573720930232559,0.05733333333333333
7.2,0.17,0.37,6.9,0.059,47.0,128.0,0.99322,3.08,0.46,11.0,7,medium,white,86.79,0.0829588662288282,36.71875,152.77777777777777,0.14394492753623186,0.05390625
7.6,0.3,0.38,2.1,0.043,10.0,98.0,0.99296,3.17,0.65,11.0,5,low,white,86.79,0.08756769213042977,10.204081632653061,144.73684210526315,0.47283809523809517,0.02142857142857143
5.0,0.24,0.21,2.2,0.039,31.0,100.0,0.99098,3.69,0.62,11.7,6,medium,white,92.313,0.054163552262411575,31.0,234.0,0.4504454545454545,0.022000000000000002
6.1,0.21,0.38,1.5,0.039,37.0,122.0,0.98972,3.2,0.43,12.0,6,medium,white,94.68,0.06442754541613856,30.327868852459016,196.72131147540986,0.6598133333333334,0.012295081967213115
6.5,0.33,0.38,2.5,0.047,30.0,148.0,0.98964,3.17,0.43,12.7,6,medium,white,100.203,0.06486831731584883,20.27027027027027,195.3846153846154,0.395856,0.016891891891891893
6.3,0.35,0.26,17.6,0.061,59.0,198.0,0.99918,3.11,0.49,8.8,5,low,white,69.432,0.09073625993778084,29.797979797979796,139.6825396825397,0.056771590909090903,0.08888888888888889
6.3,0.17,0.32,4.2,0.04,37.0,117.0,0.99182,3.24,0.43,11.3,6,medium,white,89.15700000000001,0.0706618661462364,31.62393162393162,179.36507936507937,0.23614761904761905,0.0358974358974359
6.6,0.25,0.35,2.9,0.034,38.0,121.0,0.99008,3.19,0.4,12.8,6,medium,white,100.992,0.06535171102661597,31.40495867768595,193.93939393939397,0.3414068965517241,0.02396694214876033
6.5,0.16,0.33,4.8,0.043,45.0,114.0,0.992,3.18,0.44,11.2,6,medium,white,88.36800000000001,0.07355603838493571,39.473684210526315,172.3076923076923,0.20666666666666667,0.042105263157894736
6.6,0.39,0.39,11.9,0.057,51.0,221.0,0.99851,3.26,0.51,8.9,6,medium,white,70.221,0.09398897765625666,23.076923076923077,134.84848484848487,0.08390840336134453,0.05384615384615385
5.6,0.19,0.27,0.9,0.04,52.0,103.0,0.99026,3.5,0.39,11.2,5,low,white,88.36800000000001,0.06337135614702154,50.48543689320388,200.0,1.1002888888888889,0.008737864077669903
6.2,0.25,0.39,1.3,0.051,42.0,135.0,0.9906,3.23,0.4,11.1,6,medium,white,87.57900000000001,0.0707932266867628,31.11111111111111,179.03225806451613,0.762,0.00962962962962963
6.9,0.22,0.43,6.4,0.042,34.0,115.0,0.99293,3.05,0.51,10.8,6,medium,white,85.212,0.0809745106323053,29.565217391304348,156.52173913043478,0.1551453125,0.05565217391304348
6.2,0.19,0.29,4.3,0.045,33.0,126.0,0.99658,3.18,0.42,9.3,6,medium,white,73.37700000000001,0.08449514152936205,26.190476190476193,150.0,0.23176279069767444,0.034126984126984124
6.6,0.39,0.39,11.9,0.057,51.0,221.0,0.99851,3.26,0.51,8.9,6,medium,white,70.221,0.09398897765625666,23.076923076923077,134.84848484848487,0.08390840336134453,0.05384615384615385
5.9,0.33,0.32,8.1,0.038,9.0,34.0,0.9911,3.22,0.36,12.7,7,medium,white,100.203,0.05888047264053971,26.47058823529412,215.25423728813556,0.12235802469135802,0.23823529411764705
7.8,0.17,0.5,1.3,0.045,35.0,140.0,0.9904,3.16,0.4,12.0,6,medium,white,94.68,0.082382762991128,25.0,153.84615384615387,0.7618461538461537,0.009285714285714286
5.5,0.19,0.27,0.9,0.04,52.0,103.0,0.99026,3.5,0.39,11.2,5,low,white,88.36800000000001,0.0622397247872533,50.48543689320388,203.63636363636363,1.1002888888888889,0.008737864077669903
6.2,0.23,0.36,17.2,0.039,37.0,130.0,0.99946,3.23,0.43,8.8,6,medium,white,69.432,0.08929600184353036,28.46153846153846,141.93548387096774,0.058108139534883724,0.1323076923076923
6.2,0.23,0.36,17.2,0.039,37.0,130.0,0.99946,3.23,0.43,8.8,6,medium,white,69.432,0.08929600184353036,28.46153846153846,141.93548387096774,0.058108139534883724,0.1323076923076923
6.2,0.23,0.36,17.2,0.039,37.0,130.0,0.99946,3.23,0.43,8.8,6,medium,white,69.432,0.08929600184353036,28.46153846153846,141.93548387096774,0.058108139534883724,0.1323076923076923
7.2,0.32,0.4,8.7,0.038,45.0,154.0,0.99568,3.2,0.47,10.4,6,medium,white,82.056,0.08774495466510676,29.22077922077922,144.44444444444443,0.11444597701149427,0.05649350649350649
6.2,0.23,0.36,17.2,0.039,37.0,130.0,0.99946,3.23,0.43,8.8,6,medium,white,69.432,0.08929600184353036,28.46153846153846,141.93548387096774,0.058108139534883724,0.1323076923076923
7.2,0.32,0.4,8.7,0.038,45.0,154.0,0.99568,3.2,0.47,10.4,6,medium,white,82.056,0.08774495466510676,29.22077922077922,144.44444444444443,0.11444597701149427,0.05649350649350649
5.8,0.39,0.47,7.5,0.027,12.0,88.0,0.9907,3.38,0.45,14.0,6,medium,white,110.46000000000001,0.05250769509324642,13.636363636363635,241.3793103448276,0.13209333333333334,0.08522727272727272
6.2,0.23,0.36,17.2,0.039,37.0,130.0,0.99946,3.23,0.43,8.8,6,medium,white,69.432,0.08929600184353036,28.46153846153846,141.93548387096774,0.058108139534883724,0.1323076923076923
7.6,0.25,1.23,4.6,0.035,51.0,294.0,0.99018,3.03,0.43,13.1,6,medium,white,103.35900000000001,0.07353012316295629,17.346938775510203,172.3684210526316,0.21525652173913043,0.01564625850340136
5.8,0.29,0.33,3.7,0.029,30.0,88.0,0.98994,3.25,0.42,12.3,6,medium,white,97.04700000000001,0.05976485620369511,34.090909090909086,212.06896551724142,0.26755135135135133,0.042045454545454546
7.2,0.4,0.38,2.2,0.03,40.0,109.0,0.99075,3.27,0.46,12.6,6,medium,white,99.414,0.07242440702516748,36.69724770642202,175.0,0.45034090909090907,0.02018348623853211
6.8,0.39,0.34,7.4,0.02,38.0,133.0,0.99212,3.18,0.44,12.0,7,medium,white,94.68,0.07182087029995775,28.57142857142857,176.47058823529412,0.13407027027027027,0.055639097744360905
6.1,0.17,0.42,15.1,0.033,28.0,124.0,0.99684,2.87,0.47,9.5,5,low,white,74.955,0.08138216263091187,22.58064516129032,155.73770491803282,0.0660158940397351,0.12177419354838709
6.8,0.39,0.34,7.4,0.02,38.0,133.0,0.99212,3.18,0.44,12.0,7,medium,white,94.68,0.07182087029995775,28.57142857142857,176.47058823529412,0.13407027027027027,0.055639097744360905
7.1,0.36,0.37,4.8,0.019,39.0,114.0,0.99036,3.08,0.49,12.7,7,medium,white,100.203,0.07085616199115795,34.21052631578947,178.8732394366197,0.206325,0.042105263157894736
6.9,0.19,0.32,7.9,0.042,30.0,130.0,0.99456,3.4,0.39,10.5,6,medium,white,82.845,0.08328806807894261,23.076923076923077,152.17391304347825,0.12589367088607595,0.06076923076923077
6.5,0.34,0.46,1.0,0.023,6.0,80.0,0.98865,3.15,0.54,12.9,6,medium,white,101.781,0.06386260696986668,7.5,198.46153846153845,0.98865,0.0125
6.1,0.17,0.42,15.1,0.033,28.0,124.0,0.99684,2.87,0.47,9.5,5,low,white,74.955,0.08138216263091187,22.58064516129032,155.73770491803282,0.0660158940397351,0.12177419354838709
6.8,0.39,0.34,7.4,0.02,38.0,133.0,0.99212,3.18,0.44,12.0,7,medium,white,94.68,0.07182087029995775,28.57142857142857,176.47058823529412,0.13407027027027027,0.055639097744360905
7.1,0.36,0.37,4.8,0.019,39.0,114.0,0.99036,3.08,0.49,12.7,7,medium,white,100.203,0.07085616199115795,34.21052631578947,178.8732394366197,0.206325,0.042105263157894736
7.8,0.3,0.36,4.6,0.024,20.0,198.0,0.99222,3.06,0.66,11.9,6,medium,white,93.891,0.08307505511710386,10.1010101010101,152.56410256410257,0.2157,0.02323232323232323
6.1,0.68,0.52,1.4,0.037,32.0,123.0,0.99022,3.24,0.45,12.0,6,medium,white,94.68,0.06442754541613856,26.01626016260163,196.72131147540986,0.7073,0.01138211382113821
5.2,0.34,0.37,6.2,0.031,42.0,133.0,0.99076,3.25,0.41,12.5,6,medium,white,98.625,0.05272496831432193,31.57894736842105,240.3846153846154,0.1598,0.04661654135338346
5.6,0.28,0.4,6.1,0.034,36.0,118.0,0.99144,3.21,0.43,12.1,7,medium,white,95.46900000000001,0.05865778420220175,30.508474576271187,216.07142857142856,0.1625311475409836,0.051694915254237285
6.2,0.19,0.38,5.1,0.019,22.0,82.0,0.98961,3.05,0.36,12.5,6,medium,white,98.625,0.06286438529784538,26.82926829268293,201.61290322580646,0.19404117647058824,0.062195121951219505
5.7,0.16,0.26,6.3,0.043,28.0,113.0,0.9936,3.06,0.58,9.9,6,medium,white,78.111,0.07297307677535814,24.778761061946902,173.6842105263158,0.15771428571428572,0.05575221238938053
7.6,0.17,0.46,0.9,0.036,63.0,147.0,0.99126,3.02,0.41,10.7,6,medium,white,84.423,0.09002286106866611,42.857142857142854,140.78947368421052,1.1014,0.006122448979591837
7.3,0.2,0.39,2.3,0.048,24.0,87.0,0.99044,2.94,0.35,12.0,6,medium,white,94.68,0.07710181664554287,27.586206896551722,164.38356164383563,0.43062608695652177,0.026436781609195402
6.7,0.33,0.36,6.6,0.042,34.0,116.0,0.99123,2.97,0.31,12.2,8,high,white,96.25800000000001,0.06960460429263021,29.310344827586203,182.08955223880596,0.15018636363636365,0.05689655172413793
6.7,0.33,0.34,7.5,0.036,39.0,124.0,0.99123,2.99,0.32,12.4,8,high,white,97.836,0.06848194938468458,31.451612903225808,185.07462686567163,0.132164,0.06048387096774194
6.9,0.36,0.35,8.6,0.038,37.0,125.0,0.9916,3.0,0.32,12.4,8,high,white,97.836,0.07052618667974979,29.599999999999998,179.71014492753622,0.11530232558139536,0.0688
7.8,0.21,0.34,11.9,0.039,55.0,140.0,0.9959,3.02,0.31,10.3,6,medium,white,81.26700000000001,0.09597991804791611,39.285714285714285,132.05128205128207,0.0836890756302521,0.085
7.3,0.2,0.39,2.3,0.048,24.0,87.0,0.99044,2.94,0.35,12.0,6,medium,white,94.68,0.07710181664554287,27.586206896551722,164.38356164383563,0.43062608695652177,0.026436781609195402
5.6,0.41,0.22,7.1,0.05,44.0,154.0,0.9931,3.3,0.4,10.5,5,low,white,82.845,0.06759611322348964,28.57142857142857,187.50000000000003,0.13987323943661972,0.0461038961038961
7.6,0.15,0.35,4.3,0.051,23.0,98.0,0.99422,3.1,0.44,9.5,6,medium,white,74.955,0.10139416983523447,23.46938775510204,125.0,0.2312139534883721,0.04387755102040816
8.5,0.2,0.4,1.1,0.046,31.0,106.0,0.99194,3.0,0.35,10.5,4,low,white,82.845,0.10260124328565394,29.245283018867923,123.52941176470588,0.9017636363636363,0.010377358490566039
6.5,0.24,0.38,1.0,0.027,31.0,90.0,0.98926,3.24,0.36,12.3,6,medium,white,97.04700000000001,0.06697785609034797,34.44444444444444,189.23076923076925,0.98926,0.011111111111111112
8.3,0.16,0.37,7.9,0.025,38.0,107.0,0.99306,2.93,0.37,11.9,6,medium,white,93.891,0.08840037916307207,35.51401869158878,143.37349397590359,0.12570379746835444,0.07383177570093458
5.5,0.12,0.33,1.0,0.038,23.0,131.0,0.99164,3.25,0.45,9.8,5,low,white,77.322,0.0711311140425752,17.557251908396946,178.1818181818182,0.99164,0.007633587786259542
6.5,0.24,0.38,1.0,0.027,31.0,90.0,0.98926,3.24,0.36,12.3,6,medium,white,97.04700000000001,0.06697785609034797,34.44444444444444,189.23076923076925,0.98926,0.011111111111111112
6.2,0.1,0.41,1.0,0.04,17.0,76.0,0.98988,3.14,0.56,11.4,7,medium,white,89.946,0.06893024703711116,22.36842105263158,183.8709677419355,0.98988,0.013157894736842105
6.5,0.21,0.4,7.3,0.041,49.0,115.0,0.99268,3.21,0.43,11.0,6,medium,white,86.79,0.07489342090102546,42.608695652173914,169.23076923076923,0.13598356164383563,0.06347826086956522
8.7,0.3,0.59,1.7,0.046,10.0,70.0,0.99373,3.06,0.56,10.8,4,low,white,85.212,0.10209829601464582,14.285714285714285,124.13793103448279,0.5845470588235294,0.024285714285714285
6.7,0.18,0.37,1.3,0.027,42.0,125.0,0.98939,3.24,0.37,12.8,7,medium,white,100.992,0.06634188846641317,33.6,191.04477611940297,0.7610692307692307,0.0104
7.0,0.17,0.36,6.4,0.055,42.0,123.0,0.99318,3.11,0.5,11.0,8,high,white,86.79,0.08065445327802742,34.146341463414636,157.14285714285714,0.15518437499999999,0.05203252032520325
6.6,0.19,0.33,1.8,0.035,42.0,148.0,0.99196,3.15,0.36,10.2,5,low,white,80.47800000000001,0.08200999030791023,28.37837837837838,154.54545454545453,0.5510888888888889,0.012162162162162163
5.8,0.28,0.3,1.5,0.026,31.0,114.0,0.98952,3.32,0.6,12.5,7,medium,white,98.625,0.05880861850443599,27.192982456140353,215.51724137931038,0.6596799999999999,0.013157894736842105
7.6,0.24,0.44,3.8,0.037,49.0,146.0,0.9911,3.06,0.37,11.6,6,medium,white,91.524,0.08303832874437306,33.56164383561644,152.63157894736844,0.2608157894736842,0.02602739726027397
8.3,0.16,0.37,7.9,0.025,38.0,107.0,0.99306,2.93,0.37,11.9,6,medium,white,93.891,0.08840037916307207,35.51401869158878,143.37349397590359,0.12570379746835444,0.07383177570093458
5.5,0.12,0.33,1.0,0.038,23.0,131.0,0.99164,3.25,0.45,9.8,5,low,white,77.322,0.0711311140425752,17.557251908396946,178.1818181818182,0.99164,0.007633587786259542
5.7,0.16,0.32,1.2,0.036,7.0,89.0,0.99111,3.26,0.48,11.0,5,low,white,86.79,0.06567576909782233,7.865168539325842,192.98245614035088,0.825925,0.01348314606741573
7.0,0.21,0.42,5.3,0.037,36.0,123.0,0.99321,3.14,0.52,10.9,6,medium,white,86.001,0.08139440239066988,29.268292682926827,155.71428571428572,0.18739811320754718,0.043089430894308944
6.4,0.22,0.38,9.1,0.044,35.0,127.0,0.99326,2.97,0.3,11.0,7,medium,white,86.79,0.07374121442562508,27.559055118110237,171.875,0.10914945054945056,0.0716535433070866
7.9,0.34,0.44,6.5,0.027,47.0,126.0,0.99124,2.96,0.37,12.5,6,medium,white,98.625,0.08010139416983524,37.301587301587304,158.22784810126583,0.15249846153846153,0.051587301587301584
6.4,0.22,0.38,9.1,0.044,35.0,127.0,0.99326,2.97,0.3,11.0,7,medium,white,86.79,0.07374121442562508,27.559055118110237,171.875,0.10914945054945056,0.0716535433070866
6.8,0.21,0.4,6.3,0.032,40.0,121.0,0.99214,3.18,0.53,12.0,7,medium,white,94.68,0.07182087029995775,33.057851239669425,176.47058823529412,0.1574825396825397,0.052066115702479335
5.2,0.31,0.36,5.1,0.031,46.0,145.0,0.9897,3.14,0.31,12.4,7,medium,white,97.836,0.053150169671695495,31.724137931034484,238.46153846153845,0.19405882352941178,0.035172413793103444
7.9,0.34,0.44,6.5,0.027,47.0,126.0,0.99124,2.96,0.37,12.5,6,medium,white,98.625,0.08010139416983524,37.301587301587304,158.22784810126583,0.15249846153846153,0.051587301587301584
5.6,0.42,0.34,2.4,0.022,34.0,97.0,0.98915,3.22,0.38,12.8,7,medium,white,100.992,0.055449936628643844,35.051546391752574,228.5714285714286,0.4121458333333333,0.024742268041237112
6.4,0.22,0.38,9.1,0.044,35.0,127.0,0.99326,2.97,0.3,11.0,7,medium,white,86.79,0.07374121442562508,27.559055118110237,171.875,0.10914945054945056,0.0716535433070866
6.8,0.28,0.34,7.5,0.035,34.0,177.0,0.99692,3.33,0.43,9.1,5,low,white,71.799,0.09470883995598824,19.2090395480226,133.8235294117647,0.13292266666666666,0.0423728813559322
6.8,0.45,0.36,5.0,0.033,28.0,156.0,0.991,3.11,0.4,12.4,7,medium,white,97.836,0.06950406803221718,17.94871794871795,182.3529411764706,0.1982,0.03205128205128205
6.6,0.29,0.39,6.75,0.031,22.0,98.0,0.9913,3.15,0.8,12.9,7,medium,white,101.781,0.06484510861555692,22.448979591836736,195.45454545454547,0.14685925925925924,0.06887755102040816
6.8,0.21,0.42,1.2,0.045,24.0,126.0,0.99234,3.09,0.87,10.9,6,medium,white,86.001,0.07906884803665074,19.047619047619047,160.29411764705884,0.8269500000000001,0.009523809523809523
6.8,0.25,0.24,1.6,0.045,39.0,164.0,0.99402,3.53,0.58,10.8,5,low,white,85.212,0.07980096699995305,23.78048780487805,158.82352941176472,0.6212624999999999,0.00975609756097561
6.4,0.21,0.34,16.05,0.04,56.0,142.0,0.99678,3.11,0.38,10.6,5,low,white,83.634,0.07652390176244112,39.436619718309856,165.62499999999997,0.06210467289719626,0.11302816901408451
5.8,0.33,0.23,5.0,0.053,29.0,106.0,0.99458,3.13,0.52,9.0,5,low,white,71.01,0.08167863681171665,27.358490566037734,155.17241379310346,0.198916,0.04716981132075472
8.2,0.3,0.44,12.4,0.043,52.0,154.0,0.99452,3.04,0.33,12.0,6,medium,white,94.68,0.0866075200675961,33.76623376623377,146.34146341463418,0.0802032258064516,0.08051948051948052
6.4,0.24,0.32,0.95,0.041,23.0,131.0,0.99033,3.25,0.35,11.8,5,low,white,93.102,0.06874181005778608,17.557251908396946,184.375,1.0424526315789475,0.007251908396946565
7.5,0.18,0.45,4.6,0.041,67.0,158.0,0.9927,3.01,0.38,10.6,6,medium,white,83.634,0.08967644737786068,42.405063291139236,141.33333333333334,0.21580434782608698,0.02911392405063291
5.2,0.335,0.2,1.7,0.033,17.0,74.0,0.99002,3.34,0.48,12.3,6,medium,white,97.04700000000001,0.053582284872278375,22.972972972972975,236.53846153846155,0.582364705882353,0.02297297297297297
7.1,0.14,0.33,1.0,0.104,20.0,54.0,0.99057,3.19,0.64,11.5,6,medium,white,90.735,0.07824984845980051,37.03703703703704,161.9718309859155,0.99057,0.018518518518518517
7.2,0.13,0.46,1.3,0.044,48.0,111.0,0.99127,2.97,0.45,11.1,5,low,white,87.57900000000001,0.08221148905559551,43.24324324324324,154.16666666666666,0.7625153846153846,0.011711711711711712
5.8,0.33,0.23,5.0,0.053,29.0,106.0,0.99458,3.13,0.52,9.0,5,low,white,71.01,0.08167863681171665,27.358490566037734,155.17241379310346,0.198916,0.04716981132075472
6.5,0.29,0.25,2.5,0.142,8.0,111.0,0.9927,3.0,0.44,9.9,4,low,white,78.111,0.08321491211225052,7.207207207207207,152.30769230769232,0.39708,0.02252252252252252
6.2,0.35,0.31,2.6,0.036,37.0,92.0,0.98938,3.27,0.53,12.8,7,medium,white,100.992,0.06139100126742712,40.21739130434783,206.4516129032258,0.38053076923076923,0.02826086956521739
9.0,0.38,0.53,2.1,0.102,19.0,76.0,0.99001,2.93,0.57,12.9,5,low,white,101.781,0.08842514811212308,25.0,143.33333333333334,0.47143333333333326,0.027631578947368424
6.6,0.24,0.38,12.75,0.034,8.0,74.0,0.99386,3.1,0.57,12.9,6,medium,white,101.781,0.06484510861555692,10.81081081081081,195.45454545454547,0.07794980392156863,0.17229729729729729
6.6,0.16,0.34,1.1,0.037,41.0,115.0,0.9899,3.01,0.68,12.0,6,medium,white,94.68,0.0697084917617237,35.65217391304348,181.81818181818184,0.8999090909090909,0.00956521739130435
8.2,0.3,0.44,12.4,0.043,52.0,154.0,0.99452,3.04,0.33,12.0,6,medium,white,94.68,0.0866075200675961,33.76623376623377,146.34146341463418,0.0802032258064516,0.08051948051948052
5.7,0.15,0.28,3.7,0.045,57.0,151.0,0.9913,3.22,0.27,11.2,6,medium,white,88.36800000000001,0.06450298750678979,37.74834437086093,196.49122807017542,0.2679189189189189,0.024503311258278145
6.6,0.33,0.4,2.65,0.041,35.0,86.0,0.98916,3.11,0.39,13.3,7,medium,white,104.937,0.06289487978501386,40.69767441860465,201.51515151515156,0.37326792452830193,0.03081395348837209
5.7,0.2,0.3,2.5,0.046,38.0,125.0,0.99276,3.34,0.5,9.9,6,medium,white,78.111,0.07297307677535814,30.4,173.6842105263158,0.397104,0.02
6.8,0.27,0.37,8.2,0.055,52.0,192.0,0.99586,3.11,0.52,9.5,6,medium,white,74.955,0.09072109932626242,27.083333333333332,139.7058823529412,0.12144634146341464,0.04270833333333333
6.8,0.27,0.42,7.3,0.054,58.0,200.0,0.99556,3.12,0.49,9.4,6,medium,white,74.166,0.09168621740420138,28.999999999999996,138.23529411764707,0.13637808219178083,0.0365
6.2,0.2,0.26,1.1,0.047,42.0,119.0,0.99158,3.48,0.6,11.0,7,medium,white,86.79,0.07143680147482429,35.294117647058826,177.41935483870967,0.9014363636363636,0.009243697478991597
6.7,0.13,0.57,6.6,0.056,60.0,150.0,0.99548,2.96,0.43,9.4,6,medium,white,74.166,0.09033789067766902,40.0,140.2985074626866,0.15083030303030304,0.044
6.8,0.21,0.37,7.0,0.038,27.0,107.0,0.99206,2.98,0.82,11.5,6,medium,white,90.735,0.07494351683473852,25.233644859813083,169.11764705882354,0.14172285714285715,0.06542056074766354
6.7,0.31,0.32,14.5,0.038,6.0,79.0,0.99412,3.14,0.34,12.5,5,low,white,98.625,0.0679340937896071,7.59493670886076,186.56716417910448,0.06856,0.18354430379746836
6.2,0.2,0.29,11.8,0.035,21.0,93.0,0.99364,3.18,0.34,11.9,6,medium,white,93.891,0.06603401817000565,22.58064516129032,191.93548387096774,0.08420677966101695,0.12688172043010754
6.6,0.25,0.34,3.0,0.054,22.0,141.0,0.99338,3.26,0.47,10.4,6,medium,white,82.056,0.0804328751096812,15.602836879432624,157.5757575757576,0.3311266666666667,0.02127659574468085
5.7,0.15,0.28,3.7,0.045,57.0,151.0,0.9913,3.22,0.27,11.2,6,medium,white,88.36800000000001,0.06450298750678979,37.74834437086093,196.49122807017542,0.2679189189189189,0.024503311258278145
6.9,0.22,0.39,6.0,0.035,44.0,141.0,0.99123,3.11,0.33,12.5,6,medium,white,98.625,0.0699619771863118,31.20567375886525,181.15942028985506,0.16520500000000002,0.0425531914893617
6.4,0.23,0.35,4.6,0.039,43.0,147.0,0.99216,3.18,0.4,11.0,7,medium,white,86.79,0.07374121442562508,29.25170068027211,171.875,0.21568695652173916,0.03129251700680272
7.6,0.27,0.29,2.5,0.059,37.0,115.0,0.99328,3.09,0.37,9.8,5,low,white,77.322,0.098290266677013,32.17391304347826,128.94736842105266,0.397312,0.021739130434782608
6.6,0.34,0.24,3.3,0.034,29.0,99.0,0.99031,3.1,0.4,12.3,7,medium,white,97.04700000000001,0.06800828464558409,29.292929292929294,186.36363636363637,0.3000939393939394,0.03333333333333333
6.4,0.16,0.42,1.0,0.036,29.0,113.0,0.9908,3.18,0.52,11.0,6,medium,white,86.79,0.07374121442562508,25.663716814159294,171.875,0.9908,0.008849557522123894
5.8,0.3,0.42,1.1,0.036,19.0,113.0,0.98871,3.1,0.46,12.6,7,medium,white,99.414,0.05834188343694047,16.8141592920354,217.24137931034483,0.8988272727272726,0.009734513274336285
7.0,0.29,0.35,1.4,0.036,42.0,109.0,0.99119,3.31,0.62,11.6,6,medium,white,91.524,0.07648267121192255,38.53211009174312,165.7142857142857,0.7079928571428572,0.012844036697247705
6.6,0.34,0.24,3.3,0.034,29.0,99.0,0.99031,3.1,0.4,12.3,7,medium,white,97.04700000000001,0.06800828464558409,29.292929292929294,186.36363636363637,0.3000939393939394,0.03333333333333333
6.7,0.21,0.36,8.55,0.02,20.0,86.0,0.99146,3.19,0.22,13.4,7,medium,white,105.726,0.06337135614702155,23.25581395348837,200.0,0.11596023391812865,0.0994186046511628
7.6,0.27,0.29,2.5,0.059,37.0,115.0,0.99328,3.09,0.37,9.8,5,low,white,77.322,0.098290266677013,32.17391304347826,128.94736842105266,0.397312,0.021739130434782608
6.8,0.22,0.41,6.7,0.034,39.0,116.0,0.99245,3.18,0.46,11.5,6,medium,white,90.735,0.07494351683473852,33.62068965517241,169.11764705882354,0.1481268656716418,0.05775862068965518
7.7,0.27,0.49,3.8,0.037,46.0,139.0,0.99116,3.04,0.38,11.6,6,medium,white,91.524,0.08413093833311482,33.093525179856115,150.64935064935062,0.26083157894736847,0.027338129496402876
6.4,0.25,0.37,4.5,0.039,41.0,147.0,0.9921,3.18,0.4,11.1,7,medium,white,87.57900000000001,0.07307687916052935,27.89115646258503,173.43749999999997,0.22046666666666667,0.030612244897959183
6.4,0.23,0.35,4.6,0.039,43.0,147.0,0.99216,3.18,0.4,11.0,7,medium,white,86.79,0.07374121442562508,29.25170068027211,171.875,0.21568695652173916,0.03129251700680272
6.7,0.13,0.45,4.2,0.043,52.0,131.0,0.99162,3.06,0.54,11.3,6,medium,white,89.15700000000001,0.07514833383806094,39.69465648854962,168.65671641791045,0.23609999999999998,0.03206106870229008
6.7,0.24,0.37,11.3,0.043,64.0,173.0,0.99632,3.08,0.53,9.9,6,medium,white,78.111,0.08577537094647361,36.99421965317919,147.76119402985074,0.08816991150442477,0.06531791907514452
7.1,0.26,0.37,5.5,0.025,31.0,105.0,0.99082,3.06,0.33,12.6,8,high,white,99.414,0.07141851248315126,29.523809523809526,177.46478873239437,0.18014909090909093,0.05238095238095238
5.3,0.3,0.16,4.2,0.029,37.0,100.0,0.9905,3.3,0.36,11.8,8,high,white,93.102,0.056926811454104095,37.0,222.6415094339623,0.23583333333333334,0.042
7.1,0.38,0.4,2.2,0.042,54.0,201.0,0.99177,3.03,0.5,11.4,5,low,white,89.946,0.07893625063927245,26.865671641791046,160.56338028169014,0.45080454545454546,0.010945273631840797
7.4,0.19,0.31,14.5,0.045,39.0,193.0,0.9986,3.1,0.5,9.2,6,medium,white,72.58800000000001,0.10194522510607813,20.207253886010363,124.3243243243243,0.06886896551724138,0.07512953367875648
7.4,0.19,0.31,14.5,0.045,39.0,193.0,0.9986,3.1,0.5,9.2,6,medium,white,72.58800000000001,0.10194522510607813,20.207253886010363,124.3243243243243,0.06886896551724138,0.07512953367875648
7.4,0.19,0.31,14.5,0.045,39.0,193.0,0.9986,3.1,0.5,9.2,6,medium,white,72.58800000000001,0.10194522510607813,20.207253886010363,124.3243243243243,0.06886896551724138,0.07512953367875648
7.4,0.19,0.31,14.5,0.045,39.0,193.0,0.9986,3.1,0.5,9.2,6,medium,white,72.58800000000001,0.10194522510607813,20.207253886010363,124.3243243243243,0.06886896551724138,0.07512953367875648
7.4,0.19,0.31,14.5,0.045,39.0,193.0,0.9986,3.1,0.5,9.2,6,medium,white,72.58800000000001,0.10194522510607813,20.207253886010363,124.3243243243243,0.06886896551724138,0.07512953367875648
7.4,0.19,0.31,14.5,0.045,39.0,193.0,0.9986,3.1,0.5,9.2,6,medium,white,72.58800000000001,0.10194522510607813,20.207253886010363,124.3243243243243,0.06886896551724138,0.07512953367875648
6.3,0.32,0.32,1.5,0.03,24.0,101.0,0.98923,3.21,0.42,13.0,5,low,white,102.57000000000001,0.06142146826557472,23.762376237623762,206.34920634920638,0.6594866666666667,0.01485148514851485
7.6,0.19,0.32,18.75,0.047,32.0,193.0,1.00014,3.1,0.5,9.3,7,medium,white,73.37700000000001,0.10357468961663735,16.580310880829018,122.36842105263159,0.0533408,0.09715025906735751
6.5,0.26,0.31,3.6,0.03,36.0,92.0,0.99026,3.22,0.62,12.6,8,high,white,99.414,0.06538314523105397,39.130434782608695,193.84615384615384,0.2750722222222222,0.0391304347826087
5.9,0.24,0.12,1.4,0.035,60.0,247.0,0.99358,3.34,0.44,9.6,6,medium,white,75.744,0.07789395859738066,24.291497975708502,162.71186440677965,0.7097000000000001,0.005668016194331983
4.2,0.215,0.23,5.1,0.041,64.0,157.0,0.99688,3.42,0.44,8.0,3,low,white,63.120000000000005,0.06653992395437262,40.76433121019109,190.47619047619045,0.19546666666666668,0.03248407643312102
8.1,0.24,0.32,10.5,0.03,34.0,105.0,0.99407,3.11,0.42,11.8,6,medium,white,93.102,0.08700135335438551,32.38095238095238,145.67901234567904,0.09467333333333333,0.1
5.8,0.23,0.2,2.0,0.043,39.0,154.0,0.99226,3.21,0.39,10.2,6,medium,white,80.47800000000001,0.07206938542210292,25.324675324675322,175.86206896551724,0.49613,0.012987012987012988
7.5,0.33,0.36,2.6,0.051,26.0,126.0,0.99097,3.32,0.53,12.7,6,medium,white,100.203,0.07484805844136402,20.634920634920633,169.33333333333331,0.38114230769230767,0.020634920634920634
6.6,0.38,0.36,9.2,0.061,42.0,214.0,0.9976,3.31,0.56,9.4,5,low,white,74.166,0.08898956395113664,19.626168224299064,142.42424242424244,0.10843478260869567,0.04299065420560747
6.4,0.15,0.29,1.8,0.044,21.0,115.0,0.99166,3.1,0.38,10.2,5,low,white,80.47800000000001,0.07952483908645841,18.26086956521739,159.37499999999997,0.5509222222222222,0.01565217391304348
6.5,0.32,0.34,5.7,0.044,27.0,91.0,0.99184,3.28,0.6,12.0,7,medium,white,94.68,0.06865230249260668,29.67032967032967,184.6153846153846,0.17400701754385967,0.06263736263736264
7.5,0.22,0.32,2.4,0.045,29.0,100.0,0.99135,3.08,0.6,11.3,7,medium,white,89.15700000000001,0.08412126922171001,28.999999999999996,150.66666666666669,0.4130625,0.024
6.4,0.23,0.32,1.9,0.038,40.0,118.0,0.99074,3.32,0.53,11.8,7,medium,white,93.102,0.06874181005778608,33.89830508474576,184.375,0.5214421052631579,0.016101694915254237
6.1,0.22,0.31,1.4,0.039,40.0,129.0,0.99193,3.45,0.59,10.9,5,low,white,86.001,0.07092940779758374,31.007751937984494,178.68852459016395,0.7085214285714286,0.010852713178294573
6.5,0.48,0.02,0.9,0.043,32.0,99.0,0.99226,3.14,0.47,9.8,4,low,white,77.322,0.08406404386849797,32.323232323232325,150.7692307692308,1.1025111111111112,0.00909090909090909
6.6,0.23,0.3,4.6,0.06,29.0,154.0,0.99142,3.23,0.49,12.2,8,high,white,96.25800000000001,0.06856572960169544,18.83116883116883,184.84848484848484,0.21552608695652176,0.029870129870129866
6.4,0.16,0.25,1.4,0.057,21.0,125.0,0.99091,3.23,0.44,11.1,7,medium,white,87.57900000000001,0.07307687916052935,16.8,173.43749999999997,0.7077928571428571,0.0112
6.6,0.38,0.36,9.2,0.061,42.0,214.0,0.9976,3.31,0.56,9.4,5,low,white,74.166,0.08898956395113664,19.626168224299064,142.42424242424244,0.10843478260869567,0.04299065420560747
7.4,0.16,0.32,1.4,0.065,23.0,140.0,0.99134,3.06,0.47,11.4,6,medium,white,89.946,0.08227158517332622,16.428571428571427,154.05405405405406,0.7081000000000001,0.01
6.4,0.15,0.29,1.8,0.044,21.0,115.0,0.99166,3.1,0.38,10.2,5,low,white,80.47800000000001,0.07952483908645841,18.26086956521739,159.37499999999997,0.5509222222222222,0.01565217391304348
6.5,0.32,0.3,2.3,0.051,20.0,127.0,0.98964,3.13,0.52,12.8,6,medium,white,100.992,0.06436153358681876,15.748031496062993,196.92307692307693,0.4302782608695652,0.01811023622047244
6.7,0.12,0.36,2.3,0.039,43.0,125.0,0.99229,3.07,0.67,10.1,7,medium,white,79.68900000000001,0.08407684874951372,34.4,150.7462686567164,0.43143043478260873,0.0184
6.6,0.2,0.14,4.4,0.184,35.0,168.0,0.99396,2.93,0.45,9.4,6,medium,white,74.166,0.08898956395113664,20.833333333333336,142.42424242424244,0.22589999999999996,0.02619047619047619
8.0,0.34,0.25,6.4,0.035,38.0,103.0,0.99148,2.91,0.23,12.2,6,medium,white,96.25800000000001,0.08310997527478235,36.89320388349515,152.5,0.15491875,0.06213592233009709
6.8,0.21,0.31,2.9,0.046,40.0,121.0,0.9913,3.07,0.65,10.9,7,medium,white,86.001,0.07906884803665074,33.057851239669425,160.29411764705884,0.34182758620689657,0.02396694214876033
6.8,0.23,0.31,2.8,0.047,40.0,122.0,0.99126,3.06,0.64,10.9,7,medium,white,86.001,0.07906884803665074,32.78688524590164,160.29411764705884,0.3540214285714286,0.022950819672131147
6.8,0.21,0.31,2.9,0.046,40.0,121.0,0.9913,3.07,0.65,10.9,7,medium,white,86.001,0.07906884803665074,33.057851239669425,160.29411764705884,0.34182758620689657,0.02396694214876033
6.6,0.2,0.14,4.4,0.184,35.0,168.0,0.99396,2.93,0.45,9.4,6,medium,white,74.166,0.08898956395113664,20.833333333333336,142.42424242424244,0.22589999999999996,0.02619047619047619
6.6,0.28,0.42,8.2,0.044,60.0,196.0,0.99562,3.14,0.48,9.4,5,low,white,74.166,0.08898956395113664,30.612244897959183,142.42424242424244,0.1214170731707317,0.041836734693877546
7.8,0.25,0.37,1.0,0.043,10.0,80.0,0.99128,3.08,0.38,11.4,5,low,white,89.946,0.0867186978853979,12.5,146.15384615384616,0.99128,0.0125
5.6,0.12,0.33,2.9,0.044,21.0,73.0,0.98896,3.17,0.32,12.9,8,high,white,101.781,0.05502009215865436,28.767123287671232,230.3571428571429,0.3410206896551724,0.03972602739726027
6.6,0.28,0.41,7.0,0.046,59.0,194.0,0.99558,3.14,0.48,9.4,5,low,white,74.166,0.08898956395113664,30.412371134020617,142.42424242424244,0.1422257142857143,0.03608247422680412
6.8,0.17,0.35,1.8,0.04,29.0,84.0,0.98961,2.91,0.57,12.0,7,medium,white,94.68,0.07182087029995775,34.523809523809526,176.47058823529412,0.5497833333333333,0.02142857142857143
7.3,0.25,0.28,1.5,0.043,19.0,113.0,0.99338,3.38,0.56,10.1,6,medium,white,79.68900000000001,0.09160611878678361,16.8141592920354,138.35616438356163,0.6622533333333334,0.01327433628318584
6.6,0.28,0.41,7.0,0.046,59.0,194.0,0.99558,3.14,0.48,9.4,5,low,white,74.166,0.08898956395113664,30.412371134020617,142.42424242424244,0.1422257142857143,0.03608247422680412
6.6,0.28,0.42,8.2,0.044,60.0,196.0,0.99562,3.14,0.48,9.4,5,low,white,74.166,0.08898956395113664,30.612244897959183,142.42424242424244,0.1214170731707317,0.041836734693877546
6.5,0.25,0.5,7.6,0.047,54.0,184.0,0.99572,3.17,0.45,9.2,5,low,white,72.58800000000001,0.08954648151209565,29.347826086956523,141.53846153846152,0.13101578947368422,0.041304347826086954
6.3,0.24,0.35,2.3,0.039,43.0,109.0,0.99056,3.34,0.44,11.8,6,medium,white,93.102,0.06766771927563317,39.44954128440367,187.30158730158732,0.43067826086956523,0.021100917431192658
6.8,0.32,0.32,8.7,0.029,31.0,105.0,0.99146,3.0,0.34,12.3,7,medium,white,97.04700000000001,0.07006914175605633,29.523809523809526,180.8823529411765,0.1139609195402299,0.08285714285714285
7.8,0.25,0.37,1.0,0.043,10.0,80.0,0.99128,3.08,0.38,11.4,5,low,white,89.946,0.0867186978853979,12.5,146.15384615384616,0.99128,0.0125
5.6,0.12,0.33,2.9,0.044,21.0,73.0,0.98896,3.17,0.32,12.9,8,high,white,101.781,0.05502009215865436,28.767123287671232,230.3571428571429,0.3410206896551724,0.03972602739726027
6.6,0.24,0.28,6.7,0.032,26.0,91.0,0.99172,3.13,0.32,12.3,6,medium,white,97.04700000000001,0.06800828464558409,28.57142857142857,186.36363636363637,0.1480179104477612,0.07362637362637363
6.3,0.22,0.34,5.0,0.032,36.0,93.0,0.99012,3.27,0.36,13.5,7,medium,white,106.515,0.05914659907055344,38.70967741935484,214.28571428571428,0.198024,0.053763440860215055
6.0,0.32,0.3,1.9,0.033,41.0,142.0,0.98912,3.29,0.42,12.8,7,medium,white,100.992,0.059410646387832694,28.87323943661972,213.33333333333334,0.5205894736842106,0.013380281690140845
6.3,0.19,0.29,2.0,0.022,33.0,96.0,0.98902,3.04,0.54,12.8,7,medium,white,100.992,0.06238117870722433,34.375,203.17460317460322,0.49451,0.020833333333333332
6.0,0.32,0.3,1.9,0.033,41.0,142.0,0.98912,3.29,0.42,12.8,7,medium,white,100.992,0.059410646387832694,28.87323943661972,213.33333333333334,0.5205894736842106,0.013380281690140845
9.4,0.24,0.29,8.5,0.037,124.0,208.0,0.99395,2.9,0.38,11.0,3,low,white,86.79,0.10830740868763682,59.61538461538461,117.02127659574468,0.11693529411764705,0.040865384615384616
6.4,0.35,0.28,12.6,0.039,19.0,124.0,0.99539,3.2,0.43,10.6,6,medium,white,83.634,0.07652390176244112,15.32258064516129,165.62499999999997,0.07899920634920635,0.10161290322580645
6.7,0.46,0.27,5.2,0.039,35.0,96.0,0.99129,3.16,0.44,12.4,7,medium,white,97.836,0.06848194938468458,36.45833333333333,185.07462686567163,0.1906326923076923,0.05416666666666667
6.3,0.3,0.29,2.1,0.048,33.0,142.0,0.98956,3.22,0.46,12.9,7,medium,white,101.781,0.06189760367848616,23.239436619718308,204.7619047619048,0.4712190476190476,0.014788732394366198
6.0,0.19,0.29,1.1,0.047,67.0,152.0,0.9916,3.54,0.59,11.1,7,medium,white,87.57900000000001,0.06850957421299626,44.07894736842105,185.0,0.9014545454545454,0.007236842105263159
5.9,0.24,0.28,1.3,0.032,36.0,95.0,0.98889,3.08,0.64,12.9,7,medium,white,101.781,0.05796759709572514,37.89473684210527,218.64406779661016,0.7606846153846154,0.01368421052631579
7.3,0.145,0.33,1.1,0.042,14.0,64.0,0.99012,3.1,0.37,11.8,7,medium,white,93.102,0.07840862709716225,21.875,161.64383561643837,0.9001090909090909,0.0171875
6.6,0.435,0.38,9.2,0.058,66.0,243.0,0.99833,3.23,0.54,9.1,6,medium,white,71.799,0.09192328583963563,27.160493827160494,137.87878787878788,0.10851413043478263,0.03786008230452675
5.8,0.18,0.37,1.2,0.036,19.0,74.0,0.98853,3.09,0.49,12.7,7,medium,white,100.203,0.05788249852798818,25.675675675675674,218.9655172413793,0.823775,0.016216216216216217
5.8,0.18,0.37,1.1,0.036,31.0,96.0,0.98942,3.16,0.48,12.0,6,medium,white,94.68,0.06125897760878749,32.29166666666667,206.89655172413794,0.8994727272727272,0.011458333333333334
5.6,0.32,0.32,8.3,0.043,32.0,105.0,0.99266,3.24,0.47,11.2,6,medium,white,88.36800000000001,0.06337135614702154,30.476190476190478,200.0,0.11959759036144577,0.07904761904761906
6.6,0.16,0.35,1.8,0.042,26.0,105.0,0.98962,3.19,0.75,12.4,7,medium,white,97.836,0.06745983073715196,24.761904761904763,187.87878787878788,0.5497888888888889,0.017142857142857144
5.1,0.21,0.28,1.4,0.047,48.0,148.0,0.99168,3.5,0.49,10.4,5,low,white,82.056,0.06215267622111728,32.432432432432435,203.92156862745102,0.7083428571428572,0.009459459459459458
7.5,0.29,0.36,15.7,0.05,29.0,124.0,0.9968,3.06,0.54,10.4,5,low,white,82.056,0.09140099444281954,23.387096774193548,138.66666666666669,0.06349044585987261,0.12661290322580646
6.0,0.26,0.33,4.35,0.04,15.0,80.0,0.98934,3.29,0.5,12.7,6,medium,white,100.203,0.05987844675309122,18.75,211.66666666666666,0.22743448275862072,0.05437499999999999
5.7,0.26,0.3,1.8,0.039,30.0,105.0,0.98995,3.48,0.52,12.5,7,medium,white,98.625,0.057794676806083654,28.57142857142857,219.29824561403507,0.5499722222222222,0.017142857142857144
7.1,0.17,0.31,1.6,0.037,15.0,103.0,0.991,3.14,0.5,12.0,6,medium,white,94.68,0.07498943810730882,14.563106796116504,169.01408450704227,0.619375,0.015533980582524273
6.9,0.17,0.3,2.0,0.047,13.0,117.0,0.99152,3.16,0.51,11.6,6,medium,white,91.524,0.0753900616231808,11.11111111111111,168.1159420289855,0.49576,0.017094017094017096
6.8,0.25,0.28,5.0,0.035,42.0,126.0,0.99048,3.12,0.38,12.6,7,medium,white,99.414,0.06840082885710262,33.33333333333333,185.29411764705884,0.198096,0.03968253968253968
6.6,0.17,0.28,1.8,0.042,62.0,178.0,0.99204,3.15,0.42,10.2,5,low,white,80.47800000000001,0.08200999030791023,34.831460674157306,154.54545454545453,0.5511333333333334,0.010112359550561799
5.8,0.17,0.36,1.3,0.036,11.0,70.0,0.99202,3.43,0.68,10.4,7,medium,white,82.056,0.0706834357024471,15.714285714285714,179.31034482758622,0.7630923076923076,0.018571428571428572
6.4,0.24,0.29,1.0,0.038,18.0,122.0,0.9906,3.3,0.42,11.5,5,low,white,90.735,0.07053507466798921,14.754098360655737,179.6875,0.9906,0.00819672131147541
6.7,0.21,0.34,1.4,0.049,36.0,112.0,0.99091,3.02,0.5,11.0,6,medium,white,86.79,0.07719783385182624,32.142857142857146,164.17910447761193,0.7077928571428571,0.012499999999999999
6.7,0.23,0.33,8.1,0.048,45.0,176.0,0.99472,3.11,0.52,10.1,6,medium,white,79.68900000000001,0.08407684874951372,25.568181818181817,150.7462686567164,0.12280493827160495,0.04602272727272727
6.8,0.23,0.32,8.6,0.046,47.0,159.0,0.99452,3.08,0.52,10.5,6,medium,white,82.845,0.08208099462852314,29.559748427672954,154.41176470588235,0.11564186046511628,0.054088050314465404
6.5,0.22,0.28,3.7,0.059,29.0,151.0,0.99177,3.23,0.41,12.1,7,medium,white,95.46900000000001,0.06808492809184133,19.205298013245034,186.15384615384616,0.26804594594594594,0.024503311258278145
5.1,0.165,0.22,5.7,0.047,42.0,146.0,0.9934,3.18,0.55,9.9,6,medium,white,78.111,0.06529170027268885,28.767123287671232,194.11764705882354,0.17428070175438595,0.03904109589041096
6.6,0.425,0.25,2.35,0.034,23.0,87.0,0.99082,3.05,0.41,11.4,6,medium,white,89.946,0.07337735974918284,26.436781609195403,172.72727272727275,0.4216255319148936,0.027011494252873563
6.9,0.38,0.29,13.65,0.048,52.0,189.0,0.99784,3.0,0.6,9.5,6,medium,white,74.955,0.09205523313988394,27.513227513227513,137.68115942028984,0.0731018315018315,0.07222222222222223
6.9,0.38,0.29,13.65,0.048,52.0,189.0,0.99784,3.0,0.6,9.5,6,medium,white,74.955,0.09205523313988394,27.513227513227513,137.68115942028984,0.0731018315018315,0.07222222222222223
6.9,0.38,0.29,13.65,0.048,52.0,189.0,0.99784,3.0,0.6,9.5,6,medium,white,74.955,0.09205523313988394,27.513227513227513,137.68115942028984,0.0731018315018315,0.07222222222222223
7.2,0.27,0.28,15.2,0.046,6.0,41.0,0.99665,3.17,0.39,10.9,6,medium,white,86.001,0.08371995674468902,14.634146341463413,151.38888888888889,0.06556907894736842,0.37073170731707317
7.6,0.17,0.27,4.6,0.05,23.0,98.0,0.99422,3.08,0.47,9.5,6,medium,white,74.955,0.10139416983523447,23.46938775510204,125.0,0.21613478260869567,0.046938775510204075
6.2,0.3,0.31,1.2,0.048,19.0,125.0,0.98999,3.32,0.54,12.6,6,medium,white,99.414,0.062365461605005335,15.2,203.2258064516129,0.8249916666666667,0.0096
7.6,0.17,0.27,4.6,0.05,23.0,98.0,0.99422,3.08,0.47,9.5,6,medium,white,74.955,0.10139416983523447,23.46938775510204,125.0,0.21613478260869567,0.046938775510204075
6.5,0.26,0.32,6.65,0.059,34.0,104.0,0.99254,3.18,0.42,11.1,5,low,white,87.57900000000001,0.07421870539741261,32.69230769230769,170.76923076923077,0.14925413533834586,0.0639423076923077
6.9,0.36,0.28,13.55,0.048,51.0,189.0,0.99782,3.0,0.6,9.5,7,medium,white,74.955,0.09205523313988394,26.984126984126984,137.68115942028984,0.07363985239852398,0.0716931216931217
6.9,0.38,0.29,13.65,0.048,52.0,189.0,0.99784,3.0,0.6,9.5,6,medium,white,74.955,0.09205523313988394,27.513227513227513,137.68115942028984,0.0731018315018315,0.07222222222222223
6.8,0.18,0.24,9.8,0.058,64.0,188.0,0.9952,3.13,0.51,10.6,6,medium,white,83.634,0.08130664562259368,34.04255319148936,155.88235294117646,0.10155102040816326,0.05212765957446809
6.7,0.18,0.24,10.3,0.057,64.0,185.0,0.99519,3.12,0.5,10.6,6,medium,white,83.634,0.08011095965755555,34.5945945945946,158.2089552238806,0.09662038834951456,0.05567567567567568
6.6,0.16,0.21,6.7,0.055,43.0,157.0,0.99384,3.15,0.52,10.8,6,medium,white,85.212,0.07745387973524855,27.388535031847134,163.63636363636365,0.14833432835820895,0.042675159235668794
7.2,0.27,0.28,15.2,0.046,6.0,41.0,0.99665,3.17,0.39,10.9,6,medium,white,86.001,0.08371995674468902,14.634146341463413,151.38888888888889,0.06556907894736842,0.37073170731707317
6.4,0.17,0.27,9.9,0.047,26.0,101.0,0.99596,3.34,0.5,9.9,6,medium,white,78.111,0.08193468269513897,25.742574257425744,154.6875,0.10060202020202019,0.09801980198019802
7.2,0.22,0.28,7.2,0.06,41.0,132.0,0.9935,3.08,0.59,11.3,6,medium,white,89.15700000000001,0.08075641845284161,31.060606060606062,156.94444444444443,0.13798611111111111,0.05454545454545455
6.0,0.22,0.28,1.1,0.034,47.0,90.0,0.98862,3.22,0.38,12.6,6,medium,white,99.414,0.0603536725209729,52.22222222222223,210.0,0.8987454545454545,0.012222222222222223
6.7,0.36,0.28,8.3,0.034,29.0,81.0,0.99151,2.96,0.39,12.5,6,medium,white,98.625,0.0679340937896071,35.80246913580247,186.56716417910448,0.1194590361445783,0.10246913580246915
6.5,0.43,0.28,11.25,0.032,31.0,87.0,0.9922,3.02,0.38,12.4,6,medium,white,97.836,0.06643771208961936,35.63218390804598,190.76923076923077,0.08819555555555555,0.12931034482758622
5.9,0.2,0.28,12.8,0.038,29.0,132.0,0.99426,3.31,0.57,11.8,7,medium,white,93.102,0.06337135614702155,21.96969696969697,200.0,0.0776765625,0.09696969696969697
5.3,0.32,0.23,9.65,0.026,26.0,119.0,0.99168,3.18,0.53,12.2,6,medium,white,96.25800000000001,0.0550603586195433,21.84873949579832,230.18867924528303,0.10276476683937824,0.08109243697478992
6.8,0.2,0.28,12.6,0.048,54.0,136.0,0.99556,3.19,0.37,10.7,6,medium,white,84.423,0.08054677042985915,39.705882352941174,157.35294117647058,0.07901269841269841,0.09264705882352942
6.0,0.22,0.33,12.2,0.033,25.0,97.0,0.99356,3.17,0.42,11.3,7,medium,white,89.15700000000001,0.067297015377368,25.773195876288657,188.33333333333334,0.08143934426229509,0.12577319587628866
6.7,0.36,0.28,8.3,0.034,29.0,81.0,0.99151,2.96,0.39,12.5,6,medium,white,98.625,0.0679340937896071,35.80246913580247,186.56716417910448,0.1194590361445783,0.10246913580246915
6.5,0.43,0.28,11.25,0.032,31.0,87.0,0.9922,3.02,0.38,12.4,6,medium,white,97.836,0.06643771208961936,35.63218390804598,190.76923076923077,0.08819555555555555,0.12931034482758622
7.1,0.18,0.49,1.3,0.033,12.0,72.0,0.99072,3.05,0.53,11.3,7,medium,white,89.15700000000001,0.07963480152988547,16.666666666666664,159.1549295774648,0.7620923076923077,0.018055555555555557
6.4,0.17,0.27,9.9,0.047,26.0,101.0,0.99596,3.34,0.5,9.9,6,medium,white,78.111,0.08193468269513897,25.742574257425744,154.6875,0.10060202020202019,0.09801980198019802
7.2,0.22,0.28,7.2,0.06,41.0,132.0,0.9935,3.08,0.59,11.3,6,medium,white,89.15700000000001,0.08075641845284161,31.060606060606062,156.94444444444443,0.13798611111111111,0.05454545454545455
6.0,0.22,0.28,1.1,0.034,47.0,90.0,0.98862,3.22,0.38,12.6,6,medium,white,99.414,0.0603536725209729,52.22222222222223,210.0,0.8987454545454545,0.012222222222222223
6.0,0.2,0.26,1.1,0.033,38.0,67.0,0.98954,3.14,0.38,11.5,6,medium,white,90.735,0.06612663250123987,56.71641791044776,191.66666666666669,0.899581818181818,0.016417910447761197
7.6,0.2,0.26,4.8,0.033,26.0,76.0,0.99076,2.98,0.49,12.3,7,medium,white,97.04700000000001,0.07831257019794531,34.21052631578947,161.84210526315792,0.20640833333333333,0.06315789473684211
6.2,0.3,0.21,1.1,0.032,31.0,111.0,0.9889,2.97,0.42,12.2,6,medium,white,96.25800000000001,0.06441023083795631,27.927927927927925,196.77419354838707,0.8989999999999999,0.009909909909909911
6.0,0.29,0.25,1.4,0.033,30.0,114.0,0.98794,3.08,0.43,13.2,6,medium,white,104.14800000000001,0.05761032377001958,26.31578947368421,219.99999999999997,0.7056714285714286,0.012280701754385965
6.6,0.18,0.28,1.7,0.041,53.0,161.0,0.99207,3.13,0.45,10.2,6,medium,white,80.47800000000001,0.08200999030791023,32.91925465838509,154.54545454545453,0.5835705882352942,0.010559006211180125
7.0,0.22,0.28,10.6,0.039,32.0,117.0,0.99355,3.05,0.55,11.5,7,medium,white,90.735,0.07714773791811319,27.350427350427353,164.28571428571428,0.09373113207547171,0.0905982905982906
6.0,0.29,0.25,1.4,0.033,30.0,114.0,0.98794,3.08,0.43,13.2,6,medium,white,104.14800000000001,0.05761032377001958,26.31578947368421,219.99999999999997,0.7056714285714286,0.012280701754385965
6.2,0.3,0.21,1.1,0.032,31.0,111.0,0.9889,2.97,0.42,12.2,6,medium,white,96.25800000000001,0.06441023083795631,27.927927927927925,196.77419354838707,0.8989999999999999,0.009909909909909911
5.6,0.15,0.26,5.55,0.051,51.0,139.0,0.99336,3.47,0.5,11.0,6,medium,white,86.79,0.06452356262242193,36.69064748201439,196.42857142857144,0.1789837837837838,0.039928057553956835
6.9,0.28,0.24,2.1,0.034,49.0,121.0,0.98882,2.98,0.43,13.2,7,medium,white,104.14800000000001,0.06625187233552252,40.49586776859504,191.30434782608694,0.47086666666666666,0.017355371900826446
5.9,0.19,0.21,1.7,0.045,57.0,135.0,0.99341,3.32,0.44,9.5,5,low,white,74.955,0.07871389500366888,42.22222222222222,161.01694915254237,0.5843588235294118,0.012592592592592593
7.8,0.22,0.26,9.0,0.047,38.0,132.0,0.997,3.25,0.53,10.2,6,medium,white,80.47800000000001,0.09692089763662118,28.78787878787879,130.76923076923077,0.11077777777777778,0.06818181818181818
6.6,0.18,0.28,1.7,0.041,53.0,161.0,0.99207,3.13,0.45,10.2,6,medium,white,80.47800000000001,0.08200999030791023,32.91925465838509,154.54545454545453,0.5835705882352942,0.010559006211180125
7.0,0.4,0.25,1.8,0.05,51.0,189.0,0.99174,3.0,0.55,11.4,6,medium,white,89.946,0.07782447246125453,26.984126984126984,162.85714285714286,0.5509666666666666,0.009523809523809525
6.1,0.28,0.27,4.7,0.03,56.0,140.0,0.99042,3.16,0.42,12.5,8,high,white,98.625,0.06185044359949302,40.0,204.91803278688528,0.21072765957446807,0.03357142857142857
7.6,0.36,0.49,11.3,0.046,87.0,221.0,0.9984,3.01,0.43,9.2,5,low,white,72.58800000000001,0.10470050146029646,39.366515837104075,121.05263157894737,0.08835398230088494,0.05113122171945702
6.5,0.28,0.34,3.6,0.04,29.0,121.0,0.99111,3.28,0.48,12.1,7,medium,white,95.46900000000001,0.06808492809184133,23.96694214876033,186.15384615384616,0.2753083333333333,0.02975206611570248
6.9,0.19,0.35,6.9,0.045,51.0,125.0,0.9933,3.1,0.44,10.7,7,medium,white,84.423,0.08173128175971003,40.8,155.0724637681159,0.14395652173913043,0.055200000000000006
6.5,0.28,0.34,3.6,0.04,29.0,121.0,0.99111,3.28,0.48,12.1,7,medium,white,95.46900000000001,0.06808492809184133,23.96694214876033,186.15384615384616,0.2753083333333333,0.02975206611570248
6.4,0.22,0.32,4.9,0.046,50.0,156.0,0.99316,3.38,0.55,11.2,6,medium,white,88.36800000000001,0.07242440702516748,32.05128205128205,174.99999999999997,0.20268571428571427,0.03141025641025641
6.8,0.23,0.3,6.95,0.044,42.0,179.0,0.9946,3.25,0.56,10.6,6,medium,white,83.634,0.08130664562259368,23.463687150837988,155.88235294117646,0.14310791366906475,0.0388268156424581
6.4,0.32,0.31,1.9,0.037,34.0,126.0,0.99,3.06,0.45,11.8,6,medium,white,93.102,0.06874181005778608,26.984126984126984,184.375,0.5210526315789474,0.015079365079365078
6.1,0.28,0.27,4.7,0.03,56.0,140.0,0.99042,3.16,0.42,12.5,8,high,white,98.625,0.06185044359949302,40.0,204.91803278688528,0.21072765957446807,0.03357142857142857
7.6,0.36,0.49,11.3,0.046,87.0,221.0,0.9984,3.01,0.43,9.2,5,low,white,72.58800000000001,0.10470050146029646,39.366515837104075,121.05263157894737,0.08835398230088494,0.05113122171945702
8.8,0.39,0.35,1.8,0.096,22.0,80.0,0.99016,2.95,0.54,12.6,6,medium,white,99.414,0.08851871969742693,27.500000000000004,143.18181818181816,0.5500888888888888,0.0225
6.6,0.24,0.3,11.3,0.026,11.0,77.0,0.99381,3.13,0.55,12.8,7,medium,white,100.992,0.06535171102661597,14.285714285714285,193.93939393939397,0.08794778761061946,0.14675324675324677
6.9,0.29,0.3,8.2,0.026,35.0,112.0,0.99144,3.0,0.37,12.3,6,medium,white,97.04700000000001,0.07109957031129246,31.25,178.26086956521738,0.12090731707317075,0.0732142857142857
6.9,0.28,0.3,8.3,0.026,37.0,113.0,0.99139,2.99,0.38,12.3,8,high,white,97.04700000000001,0.07109957031129246,32.743362831858406,178.26086956521738,0.119444578313253,0.07345132743362832
6.7,0.38,0.26,9.55,0.036,35.0,91.0,0.9919,2.98,0.37,12.4,6,medium,white,97.836,0.06848194938468458,38.46153846153847,185.07462686567163,0.10386387434554974,0.10494505494505495
8.0,0.28,0.3,8.4,0.03,35.0,115.0,0.99192,2.93,0.42,12.3,6,medium,white,97.04700000000001,0.08243428441888981,30.434782608695656,153.75,0.11808571428571428,0.07304347826086957
6.5,0.25,0.45,7.8,0.048,52.0,188.0,0.99576,3.2,0.53,9.1,5,low,white,71.799,0.09053050878145934,27.659574468085108,140.0,0.12766153846153847,0.04148936170212766
6.6,0.26,0.46,7.8,0.047,48.0,186.0,0.9958,3.2,0.54,9.1,5,low,white,71.799,0.09192328583963563,25.806451612903224,137.87878787878788,0.12766666666666668,0.04193548387096774
7.4,0.29,0.28,10.2,0.032,43.0,138.0,0.9951,3.1,0.47,10.6,6,medium,white,83.634,0.08848076141282255,31.15942028985507,143.24324324324323,0.09755882352941177,0.07391304347826086
6.3,0.19,0.29,5.5,0.042,44.0,189.0,0.99304,3.19,0.47,10.3,6,medium,white,81.26700000000001,0.07752224150023994,23.28042328042328,163.49206349206352,0.18055272727272728,0.0291005291005291
6.1,0.33,0.32,7.8,0.052,52.0,183.0,0.99657,3.39,0.65,9.5,5,low,white,74.955,0.08138216263091187,28.415300546448087,155.73770491803282,0.12776538461538461,0.04262295081967213
5.6,0.32,0.33,7.4,0.037,25.0,95.0,0.99268,3.25,0.49,11.1,6,medium,white,87.57900000000001,0.06394226926546318,26.31578947368421,198.21428571428572,0.13414594594594595,0.07789473684210527
7.7,0.46,0.18,3.3,0.054,18.0,143.0,0.99392,3.12,0.51,10.8,6,medium,white,85.212,0.09036285969112332,12.587412587412588,140.25974025974025,0.30118787878787884,0.023076923076923075
8.8,0.19,0.3,5.0,0.028,34.0,120.0,0.99242,2.94,0.47,11.2,5,low,white,88.36800000000001,0.09958355965960529,28.333333333333332,127.27272727272725,0.198484,0.041666666666666664
7.7,0.46,0.18,3.3,0.054,18.0,143.0,0.99392,3.12,0.51,10.8,6,medium,white,85.212,0.09036285969112332,12.587412587412588,140.25974025974025,0.30118787878787884,0.023076923076923075
8.8,0.27,0.25,5.0,0.024,52.0,99.0,0.9925,2.87,0.49,11.4,5,low,white,89.946,0.09783647966557714,52.52525252525253,129.54545454545453,0.1985,0.050505050505050504
5.8,0.18,0.28,1.3,0.034,9.0,94.0,0.99092,3.21,0.52,11.2,6,medium,white,88.36800000000001,0.06563461886655803,9.574468085106384,193.10344827586206,0.7622461538461538,0.013829787234042554
5.8,0.15,0.32,1.2,0.037,14.0,119.0,0.99137,3.19,0.5,10.2,6,medium,white,80.47800000000001,0.07206938542210292,11.76470588235294,175.86206896551724,0.8261416666666667,0.010084033613445377
5.6,0.32,0.33,7.4,0.037,25.0,95.0,0.99268,3.25,0.49,11.1,6,medium,white,87.57900000000001,0.06394226926546318,26.31578947368421,198.21428571428572,0.13414594594594595,0.07789473684210527
6.1,0.33,0.32,7.8,0.052,52.0,183.0,0.99657,3.39,0.65,9.5,5,low,white,74.955,0.08138216263091187,28.415300546448087,155.73770491803282,0.12776538461538461,0.04262295081967213
7.1,0.32,0.3,9.9,0.041,63.0,192.0,0.99642,3.12,0.49,10.2,6,medium,white,80.47800000000001,0.08822286836153978,32.8125,143.6619718309859,0.10064848484848485,0.051562500000000004
6.2,0.23,0.35,0.7,0.051,24.0,111.0,0.9916,3.37,0.43,11.0,3,low,white,86.79,0.07143680147482429,21.62162162162162,177.41935483870967,1.4165714285714288,0.006306306306306306
8.9,0.3,0.35,4.6,0.032,32.0,148.0,0.99458,3.15,0.45,11.5,7,medium,white,90.735,0.09808783821017249,21.62162162162162,129.21348314606743,0.2162130434782609,0.03108108108108108
6.0,0.14,0.17,5.6,0.036,37.0,127.0,0.99373,3.05,0.57,9.8,6,medium,white,77.322,0.07759757895553658,29.133858267716533,163.33333333333334,0.17745178571428571,0.04409448818897638
6.8,0.24,0.29,9.5,0.042,56.0,157.0,0.99586,3.11,0.51,10.1,6,medium,white,79.68900000000001,0.0853317270890587,35.6687898089172,148.52941176470588,0.10482736842105263,0.06050955414012739
6.7,0.21,0.48,14.8,0.05,31.0,195.0,0.99942,2.95,0.75,8.8,6,medium,white,69.432,0.09649729231478281,15.897435897435896,131.34328358208955,0.06752837837837837,0.0758974358974359
8.9,0.3,0.35,4.6,0.032,32.0,148.0,0.99458,3.15,0.45,11.5,7,medium,white,90.735,0.09808783821017249,21.62162162162162,129.21348314606743,0.2162130434782609,0.03108108108108108
6.1,0.3,0.3,2.1,0.031,50.0,163.0,0.9895,3.39,0.43,12.7,7,medium,white,100.203,0.06087642086564274,30.67484662576687,208.1967213114754,0.4711904761904762,0.012883435582822086
7.2,0.37,0.4,11.6,0.032,34.0,214.0,0.9963,3.1,0.51,9.8,6,medium,white,77.322,0.0931170947466439,15.887850467289718,136.11111111111111,0.08588793103448276,0.05420560747663551
6.7,0.64,0.3,1.2,0.03,18.0,76.0,0.9892,3.16,0.6,12.9,4,low,white,101.781,0.06582761026124719,23.684210526315788,192.53731343283582,0.8243333333333334,0.015789473684210527
7.2,0.37,0.4,11.6,0.032,34.0,214.0,0.9963,3.1,0.51,9.8,6,medium,white,77.322,0.0931170947466439,15.887850467289718,136.11111111111111,0.08588793103448276,0.05420560747663551
6.1,0.3,0.3,2.1,0.031,50.0,163.0,0.9895,3.39,0.43,12.7,7,medium,white,100.203,0.06087642086564274,30.67484662576687,208.1967213114754,0.4711904761904762,0.012883435582822086
7.6,0.28,0.49,20.15,0.06,30.0,145.0,1.00196,3.01,0.44,8.5,5,low,white,67.065,0.11332289569820324,20.689655172413794,111.8421052631579,0.049725062034739455,0.1389655172413793
6.3,0.29,0.28,4.7,0.059,28.0,81.0,0.99036,3.24,0.56,12.7,8,high,white,100.203,0.06287236909074578,34.5679012345679,201.58730158730157,0.21071489361702128,0.058024691358024696
6.2,0.28,0.28,4.3,0.026,22.0,105.0,0.989,2.98,0.64,13.1,8,high,white,103.35900000000001,0.05998510047504329,20.952380952380953,211.29032258064515,0.23,0.04095238095238095
7.1,0.18,0.39,14.5,0.051,48.0,156.0,0.99947,3.35,0.78,9.1,5,low,white,71.799,0.09888717113051712,30.76923076923077,128.16901408450704,0.06892896551724138,0.09294871794871795
6.4,0.32,0.27,4.9,0.034,18.0,122.0,0.9916,3.36,0.71,12.5,6,medium,white,98.625,0.06489226869455007,14.754098360655737,195.3125,0.2023673469387755,0.04016393442622951
7.1,0.17,0.4,14.55,0.047,47.0,156.0,0.99945,3.34,0.78,9.1,6,medium,white,71.799,0.09888717113051712,30.128205128205128,128.16901408450704,0.06869072164948453,0.09326923076923077
7.1,0.17,0.4,14.55,0.047,47.0,156.0,0.99945,3.34,0.78,9.1,6,medium,white,71.799,0.09888717113051712,30.128205128205128,128.16901408450704,0.06869072164948453,0.09326923076923077
5.8,0.24,0.26,10.05,0.039,63.0,162.0,0.99375,3.33,0.5,11.2,6,medium,white,88.36800000000001,0.06563461886655803,38.88888888888889,193.10344827586206,0.09888059701492537,0.06203703703703704
6.4,0.32,0.27,4.9,0.034,18.0,122.0,0.9916,3.36,0.71,12.5,6,medium,white,98.625,0.06489226869455007,14.754098360655737,195.3125,0.2023673469387755,0.04016393442622951
7.1,0.18,0.39,14.5,0.051,48.0,156.0,0.99947,3.35,0.78,9.1,5,low,white,71.799,0.09888717113051712,30.76923076923077,128.16901408450704,0.06892896551724138,0.09294871794871795
7.1,0.17,0.4,14.55,0.047,47.0,156.0,0.99945,3.34,0.78,9.1,6,medium,white,71.799,0.09888717113051712,30.128205128205128,128.16901408450704,0.06869072164948453,0.09326923076923077
7.1,0.18,0.39,15.25,0.047,45.0,158.0,0.99946,3.34,0.77,9.1,6,medium,white,71.799,0.09888717113051712,28.48101265822785,128.16901408450704,0.0655383606557377,0.09651898734177215
7.8,0.29,0.29,3.15,0.044,41.0,117.0,0.99153,3.24,0.35,11.5,5,low,white,90.735,0.08596462225161183,35.04273504273504,147.43589743589746,0.3147714285714286,0.02692307692307692
6.2,0.255,0.27,1.3,0.037,30.0,86.0,0.98834,3.05,0.59,12.9,7,medium,white,101.781,0.060915102032795904,34.883720930232556,208.06451612903226,0.7602615384615384,0.015116279069767442
8.2,0.34,0.29,5.2,0.076,19.0,92.0,0.99138,2.95,0.39,12.5,6,medium,white,98.625,0.08314321926489227,20.652173913043477,152.4390243902439,0.19065000000000001,0.05652173913043478
6.5,0.24,0.28,1.1,0.034,26.0,83.0,0.98928,3.25,0.33,12.3,6,medium,white,97.04700000000001,0.06697785609034797,31.32530120481928,189.23076923076925,0.8993454545454546,0.013253012048192772
6.9,0.24,0.23,7.1,0.041,20.0,97.0,0.99246,3.1,0.85,11.4,6,medium,white,89.946,0.07671269428323661,20.618556701030926,165.2173913043478,0.1397830985915493,0.07319587628865978
6.7,0.4,0.22,8.8,0.052,24.0,113.0,0.99576,3.22,0.45,9.4,5,low,white,74.166,0.09033789067766902,21.238938053097346,140.2985074626866,0.11315454545454544,0.07787610619469028
6.7,0.3,0.44,18.5,0.057,65.0,224.0,0.99956,3.11,0.53,9.1,5,low,white,71.799,0.09331606289781194,29.017857142857146,135.82089552238804,0.05403027027027027,0.08258928571428571
6.7,0.4,0.22,8.8,0.052,24.0,113.0,0.99576,3.22,0.45,9.4,5,low,white,74.166,0.09033789067766902,21.238938053097346,140.2985074626866,0.11315454545454544,0.07787610619469028
6.8,0.17,0.32,1.4,0.04,35.0,106.0,0.99026,3.16,0.66,12.0,5,low,white,94.68,0.07182087029995775,33.0188679245283,176.47058823529412,0.7073285714285715,0.01320754716981132
7.1,0.25,0.28,1.2,0.04,31.0,111.0,0.99174,3.18,0.53,11.1,5,low,white,87.57900000000001,0.08106966281871224,27.927927927927925,156.3380281690141,0.82645,0.01081081081081081
5.9,0.27,0.27,5.0,0.035,14.0,97.0,0.99058,3.1,0.33,11.8,7,medium,white,93.102,0.06337135614702155,14.432989690721648,200.0,0.19811600000000001,0.05154639175257732
6.0,0.16,0.22,1.6,0.042,36.0,106.0,0.9905,3.24,0.32,11.4,6,medium,white,89.946,0.06670669068107532,33.9622641509434,190.0,0.6190625,0.01509433962264151
6.7,0.3,0.44,18.75,0.057,65.0,224.0,0.99956,3.11,0.53,9.1,5,low,white,71.799,0.09331606289781194,29.017857142857146,135.82089552238804,0.053309866666666664,0.08370535714285714
6.6,0.15,0.32,6.0,0.033,59.0,128.0,0.99192,3.19,0.71,12.1,8,high,white,95.46900000000001,0.0691323885240235,46.09375,183.33333333333334,0.16532,0.046875
7.3,0.34,0.3,9.4,0.057,34.0,178.0,0.99554,3.15,0.44,10.4,6,medium,white,82.056,0.08896363459101102,19.101123595505616,142.46575342465755,0.10590851063829787,0.052808988764044947
6.0,0.17,0.29,9.7,0.044,33.0,98.0,0.99536,3.12,0.36,9.2,6,medium,white,72.58800000000001,0.08265829062654984,33.6734693877551,153.33333333333331,0.10261443298969074,0.09897959183673469
6.7,0.47,0.29,4.75,0.034,29.0,134.0,0.99056,3.29,0.46,13.0,7,medium,white,102.57000000000001,0.06532124402846835,21.641791044776117,194.02985074626866,0.20853894736842105,0.03544776119402985
6.6,0.15,0.32,6.0,0.033,59.0,128.0,0.99192,3.19,0.71,12.1,8,high,white,95.46900000000001,0.0691323885240235,46.09375,183.33333333333334,0.16532,0.046875
6.6,0.21,0.29,5.35,0.029,43.0,106.0,0.99112,2.93,0.43,11.5,7,medium,white,90.735,0.07273929575136386,40.56603773584906,174.24242424242425,0.18525607476635514,0.05047169811320754
6.6,0.21,0.29,5.35,0.029,43.0,106.0,0.99112,2.93,0.43,11.5,7,medium,white,90.735,0.07273929575136386,40.56603773584906,174.24242424242425,0.18525607476635514,0.05047169811320754
8.0,0.24,0.48,6.8,0.047,13.0,134.0,0.99616,3.23,0.7,10.0,5,low,white,78.9,0.10139416983523447,9.701492537313433,125.0,0.14649411764705883,0.050746268656716415
5.6,0.34,0.3,6.9,0.038,23.0,89.0,0.99266,3.25,0.49,11.1,6,medium,white,87.57900000000001,0.06394226926546318,25.842696629213485,198.21428571428572,0.143863768115942,0.07752808988764046
5.8,0.54,0.0,1.4,0.033,40.0,107.0,0.98918,3.26,0.35,12.4,5,low,white,97.836,0.059282881556891126,37.38317757009346,213.7931034482759,0.7065571428571429,0.01308411214953271
7.3,0.23,0.24,0.9,0.031,29.0,86.0,0.98926,2.9,0.38,12.2,6,medium,white,96.25800000000001,0.07583785243823889,33.72093023255814,167.12328767123287,1.0991777777777778,0.010465116279069767
6.0,0.39,0.13,1.2,0.042,60.0,172.0,0.99114,3.06,0.52,10.6,5,low,white,83.634,0.07174115790228855,34.883720930232556,176.66666666666666,0.8259500000000001,0.0069767441860465115
6.1,0.105,0.31,1.3,0.037,55.0,145.0,0.9912,3.41,0.41,11.1,7,medium,white,87.57900000000001,0.06965140044987952,37.93103448275862,181.9672131147541,0.7624615384615384,0.00896551724137931
5.8,0.32,0.2,2.6,0.027,17.0,123.0,0.98936,3.36,0.78,13.9,7,medium,white,109.671,0.05288544829535611,13.821138211382115,239.6551724137931,0.3805230769230769,0.02113821138211382
7.6,0.22,0.28,12.0,0.056,68.0,143.0,0.9983,2.99,0.3,9.2,6,medium,white,72.58800000000001,0.10470050146029646,47.55244755244755,121.05263157894737,0.08319166666666666,0.08391608391608392
6.8,0.19,0.4,9.85,0.055,41.0,103.0,0.99532,2.98,0.56,10.5,6,medium,white,82.845,0.08208099462852314,39.80582524271845,154.41176470588235,0.10104771573604061,0.09563106796116505
6.7,0.24,0.3,3.85,0.042,105.0,179.0,0.99189,3.04,0.59,11.3,8,high,white,89.15700000000001,0.07514833383806094,58.659217877094974,168.65671641791045,0.2576337662337662,0.021508379888268158
6.8,0.17,0.34,2.0,0.04,38.0,111.0,0.99,3.24,0.45,12.9,6,medium,white,101.781,0.06681011190693743,34.234234234234236,189.7058823529412,0.495,0.018018018018018018
6.2,0.3,0.31,1.6,0.035,40.0,106.0,0.98914,3.26,0.39,12.9,7,medium,white,101.781,0.060915102032795904,37.735849056603776,208.06451612903226,0.6182124999999999,0.01509433962264151
6.9,0.29,0.41,7.8,0.046,52.0,171.0,0.99537,3.12,0.51,9.6,5,low,white,75.744,0.09109632446134348,30.409356725146196,139.1304347826087,0.12761153846153847,0.045614035087719294
6.8,0.19,0.34,1.9,0.04,41.0,108.0,0.99,3.25,0.45,12.9,6,medium,white,101.781,0.06681011190693743,37.96296296296296,189.7058823529412,0.5210526315789474,0.01759259259259259
6.8,0.17,0.34,2.0,0.04,38.0,111.0,0.99,3.24,0.45,12.9,6,medium,white,101.781,0.06681011190693743,34.234234234234236,189.7058823529412,0.495,0.018018018018018018
6.6,0.24,0.27,10.3,0.047,54.0,219.0,0.99742,3.04,0.45,8.8,5,low,white,69.432,0.09505703422053231,24.65753424657534,133.33333333333334,0.09683689320388349,0.04703196347031964
6.6,0.16,0.36,1.1,0.031,27.0,93.0,0.98884,3.23,0.34,13.2,8,high,white,104.14800000000001,0.06337135614702154,29.03225806451613,200.0,0.8989454545454545,0.011827956989247313
7.6,0.22,0.28,12.0,0.056,68.0,143.0,0.9983,2.99,0.3,9.2,6,medium,white,72.58800000000001,0.10470050146029646,47.55244755244755,121.05263157894737,0.08319166666666666,0.08391608391608392
6.7,0.24,0.3,3.85,0.042,105.0,179.0,0.99189,3.04,0.59,11.3,8,high,white,89.15700000000001,0.07514833383806094,58.659217877094974,168.65671641791045,0.2576337662337662,0.021508379888268158
6.8,0.19,0.4,9.85,0.055,41.0,103.0,0.99532,2.98,0.56,10.5,6,medium,white,82.845,0.08208099462852314,39.80582524271845,154.41176470588235,0.10104771573604061,0.09563106796116505
6.7,0.16,0.36,2.0,0.045,24.0,131.0,0.99284,3.3,0.59,10.5,6,medium,white,82.845,0.08087392117810369,18.3206106870229,156.71641791044775,0.49642,0.015267175572519083
6.5,0.3,0.27,4.0,0.038,37.0,97.0,0.99026,3.2,0.6,12.6,8,high,white,99.414,0.06538314523105397,38.144329896907216,193.84615384615384,0.247565,0.041237113402061855
6.5,0.22,0.19,1.1,0.064,36.0,191.0,0.99297,3.05,0.5,9.5,6,medium,white,74.955,0.0867186978853979,18.848167539267017,146.15384615384613,0.9027,0.005759162303664922
6.2,0.36,0.45,10.4,0.06,22.0,184.0,0.99711,3.31,0.56,9.8,6,medium,white,77.322,0.08018416492072114,11.956521739130435,158.06451612903228,0.09587596153846153,0.05652173913043478
6.2,0.37,0.24,6.1,0.032,19.0,86.0,0.98934,3.04,0.26,13.4,8,high,white,105.726,0.058642150464408,22.093023255813954,216.1290322580645,0.16218688524590164,0.07093023255813953
7.6,0.31,0.24,1.8,0.037,39.0,150.0,0.9913,3.05,0.44,11.8,7,medium,white,93.102,0.08163089944362097,26.0,155.26315789473685,0.5507222222222222,0.012
6.2,0.36,0.45,10.4,0.06,22.0,184.0,0.99711,3.31,0.56,9.8,6,medium,white,77.322,0.08018416492072114,11.956521739130435,158.06451612903228,0.09587596153846153,0.05652173913043478
5.9,0.32,0.28,4.7,0.039,34.0,94.0,0.98964,3.22,0.57,13.1,7,medium,white,103.35900000000001,0.05708259561334765,36.17021276595745,222.03389830508473,0.21056170212765957,0.05
6.5,0.3,0.27,4.0,0.038,37.0,97.0,0.99026,3.2,0.6,12.6,8,high,white,99.414,0.06538314523105397,38.144329896907216,193.84615384615384,0.247565,0.041237113402061855
5.8,0.22,0.3,1.1,0.047,36.0,131.0,0.992,3.26,0.45,10.4,5,low,white,82.056,0.0706834357024471,27.480916030534353,179.31034482758622,0.9018181818181817,0.008396946564885497
5.4,0.45,0.27,6.4,0.033,20.0,102.0,0.98944,3.22,0.27,13.4,8,high,white,105.726,0.05107542137222632,19.607843137254903,248.14814814814815,0.1546,0.06274509803921569
6.1,0.36,0.26,8.15,0.035,14.0,88.0,0.99031,3.06,0.27,13.0,7,medium,white,102.57000000000001,0.059471580384127906,15.909090909090908,213.11475409836066,0.12151042944785276,0.09261363636363637
6.2,0.37,0.24,6.1,0.032,19.0,86.0,0.98934,3.04,0.26,13.4,8,high,white,105.726,0.058642150464408,22.093023255813954,216.1290322580645,0.16218688524590164,0.07093023255813953
7.5,0.21,0.32,4.8,0.056,39.0,113.0,0.99393,3.11,0.52,10.2,7,medium,white,80.47800000000001,0.09319317080444343,34.51327433628318,136.0,0.20706875,0.04247787610619469
6.9,0.28,0.33,1.2,0.039,16.0,98.0,0.9904,3.07,0.39,11.7,6,medium,white,92.313,0.07474570212212799,16.3265306122449,169.56521739130432,0.8253333333333334,0.012244897959183673
6.5,0.22,0.19,1.1,0.064,36.0,191.0,0.99297,3.05,0.5,9.5,6,medium,white,74.955,0.0867186978853979,18.848167539267017,146.15384615384613,0.9027,0.005759162303664922
7.8,0.2,0.2,1.4,0.036,25.0,83.0,0.99088,3.03,0.46,11.7,6,medium,white,92.313,0.08449514152936206,30.120481927710845,150.0,0.7077714285714286,0.016867469879518072
6.7,0.28,0.31,7.4,0.041,7.0,81.0,0.99254,3.04,0.47,11.4,8,high,white,89.946,0.07448913792720077,8.641975308641975,170.1492537313433,0.13412702702702703,0.09135802469135802
7.6,0.31,0.24,1.8,0.037,39.0,150.0,0.9913,3.05,0.44,11.8,7,medium,white,93.102,0.08163089944362097,26.0,155.26315789473685,0.5507222222222222,0.012
8.0,0.2,0.44,1.0,0.057,24.0,111.0,0.99158,3.09,0.32,11.2,6,medium,white,88.36800000000001,0.09053050878145934,21.62162162162162,140.0,0.99158,0.009009009009009009
6.0,0.28,0.27,15.5,0.036,31.0,134.0,0.99408,3.19,0.44,13.0,7,medium,white,102.57000000000001,0.0584966364434045,23.134328358208954,216.66666666666666,0.06413419354838709,0.11567164179104478
6.0,0.28,0.27,15.5,0.036,31.0,134.0,0.99408,3.19,0.44,13.0,7,medium,white,102.57000000000001,0.0584966364434045,23.134328358208954,216.66666666666666,0.06413419354838709,0.11567164179104478
6.7,0.24,0.36,8.4,0.042,42.0,123.0,0.99473,3.34,0.52,10.9,6,medium,white,86.001,0.07790607085964117,34.146341463414636,162.6865671641791,0.11842023809523809,0.06829268292682927
6.3,0.22,0.28,2.4,0.042,38.0,102.0,0.98998,3.14,0.37,11.6,7,medium,white,91.524,0.0688344040907303,37.254901960784316,184.12698412698413,0.41249166666666665,0.023529411764705882
6.0,0.24,0.28,3.95,0.038,61.0,134.0,0.99146,3.3,0.54,11.3,7,medium,white,89.15700000000001,0.067297015377368,45.52238805970149,188.33333333333334,0.2510025316455696,0.02947761194029851
7.7,0.43,1.0,19.95,0.032,42.0,164.0,0.99742,3.29,0.5,12.0,6,medium,white,94.68,0.08132657372201098,25.609756097560975,155.84415584415586,0.049995989974937344,0.12164634146341463
6.4,0.3,0.36,2.0,0.052,18.0,141.0,0.99273,3.38,0.53,10.5,6,medium,white,82.845,0.07725270082684532,12.76595744680851,164.0625,0.496365,0.014184397163120567
6.1,0.33,0.3,3.0,0.036,30.0,124.0,0.98922,3.31,0.4,13.1,7,medium,white,103.35900000000001,0.059017598854478076,24.193548387096776,214.75409836065575,0.32974,0.024193548387096774
6.0,0.28,0.27,15.5,0.036,31.0,134.0,0.99408,3.19,0.44,13.0,7,medium,white,102.57000000000001,0.0584966364434045,23.134328358208954,216.66666666666666,0.06413419354838709,0.11567164179104478
6.7,0.24,0.36,8.4,0.042,42.0,123.0,0.99473,3.34,0.52,10.9,6,medium,white,86.001,0.07790607085964117,34.146341463414636,162.6865671641791,0.11842023809523809,0.06829268292682927
6.7,0.29,0.45,14.3,0.054,30.0,181.0,0.99869,3.14,0.57,9.1,5,low,white,71.799,0.09331606289781194,16.574585635359114,135.82089552238804,0.06983846153846153,0.07900552486187845
6.9,0.33,0.31,4.2,0.04,21.0,93.0,0.9896,3.18,0.48,13.4,7,medium,white,105.726,0.06526303842006696,22.58064516129032,194.20289855072463,0.23561904761904762,0.04516129032258065
6.5,0.16,0.34,1.4,0.029,29.0,133.0,0.99108,3.33,0.64,11.5,7,medium,white,90.735,0.07163718520967653,21.804511278195488,176.9230769230769,0.7079142857142857,0.010526315789473684
6.0,0.2,0.32,3.0,0.031,26.0,118.0,0.99134,3.38,0.68,11.2,7,medium,white,88.36800000000001,0.06789788158609451,22.033898305084744,186.66666666666666,0.33044666666666667,0.025423728813559324
7.5,0.33,0.28,4.9,0.042,21.0,155.0,0.99385,3.36,0.57,10.9,6,medium,white,86.001,0.08720828827571772,13.548387096774196,145.33333333333334,0.2028265306122449,0.031612903225806455
7.1,0.36,0.28,2.4,0.036,35.0,115.0,0.98936,3.19,0.44,13.5,7,medium,white,106.515,0.06665727831760784,30.434782608695656,190.14084507042256,0.41223333333333334,0.020869565217391303
6.7,0.29,0.45,14.3,0.054,30.0,181.0,0.99869,3.14,0.57,9.1,5,low,white,71.799,0.09331606289781194,16.574585635359114,135.82089552238804,0.06983846153846153,0.07900552486187845
6.4,0.26,0.25,10.7,0.046,66.0,179.0,0.99606,3.17,0.55,9.9,6,medium,white,78.111,0.08193468269513897,36.87150837988827,154.6875,0.09308971962616823,0.05977653631284916
7.0,0.22,0.24,11.0,0.041,75.0,167.0,0.99508,2.98,0.56,10.5,6,medium,white,82.845,0.08449514152936206,44.91017964071856,150.0,0.09046181818181818,0.0658682634730539
6.5,0.19,0.28,1.4,0.046,22.0,90.0,0.99038,3.18,0.51,11.7,7,medium,white,92.313,0.07041261794113506,24.444444444444443,179.99999999999997,0.7074142857142858,0.015555555555555555
6.3,0.21,0.31,1.2,0.043,30.0,117.0,0.99158,3.49,0.68,11.0,6,medium,white,86.79,0.07258900795022467,25.64102564102564,174.6031746031746,0.8263166666666667,0.010256410256410256
7.9,0.35,0.28,12.9,0.032,13.0,63.0,0.9932,2.99,0.43,13.0,6,medium,white,102.57000000000001,0.07702057131714926,20.634920634920633,164.55696202531644,0.0769922480620155,0.20476190476190476
7.7,0.38,0.23,10.8,0.03,28.0,95.0,0.99164,2.93,0.41,13.6,6,medium,white,107.304,0.07175874151942145,29.47368421052631,176.62337662337663,0.09181851851851851,0.11368421052631579
6.8,0.19,0.33,1.3,0.031,22.0,87.0,0.98987,3.08,0.62,12.3,7,medium,white,97.04700000000001,0.07006914175605633,25.287356321839084,180.8823529411765,0.7614384615384615,0.014942528735632184
7.2,0.33,0.34,2.0,0.044,61.0,171.0,0.98947,3.25,0.53,13.3,7,medium,white,104.937,0.06861259612910604,35.67251461988304,184.72222222222223,0.494735,0.011695906432748537
6.6,0.29,0.29,1.8,0.036,38.0,102.0,0.98819,3.08,0.42,13.7,7,medium,white,108.093,0.06105853292997696,37.254901960784316,207.57575757575756,0.5489944444444445,0.01764705882352941
7.5,0.2,0.41,1.2,0.05,26.0,131.0,0.99133,3.19,0.52,11.1,5,low,white,87.57900000000001,0.08563696776624533,19.84732824427481,148.0,0.8261083333333334,0.00916030534351145
6.9,0.33,0.62,7.5,0.038,46.0,132.0,0.99143,3.23,0.43,13.4,7,medium,white,105.726,0.06526303842006696,34.84848484848485,194.20289855072463,0.13219066666666668,0.056818181818181816
6.0,0.23,0.15,9.7,0.048,101.0,207.0,0.99571,3.05,0.3,9.1,5,low,white,71.799,0.08356662349057785,48.792270531400966,151.66666666666666,0.10265051546391753,0.04685990338164251
5.9,0.23,0.24,3.8,0.038,61.0,152.0,0.99139,3.31,0.5,11.3,7,medium,white,89.15700000000001,0.06617539845441188,40.131578947368425,191.52542372881356,0.2608921052631579,0.024999999999999998
6.6,0.32,0.41,7.2,0.048,55.0,178.0,0.99537,3.2,0.46,9.4,5,low,white,74.166,0.08898956395113664,30.89887640449438,142.42424242424244,0.13824583333333332,0.040449438202247195
6.0,0.23,0.15,9.7,0.048,101.0,207.0,0.99571,3.05,0.3,9.1,5,low,white,71.799,0.08356662349057785,48.792270531400966,151.66666666666666,0.10265051546391753,0.04685990338164251
5.3,0.36,0.27,6.3,0.028,40.0,132.0,0.99186,3.37,0.4,11.6,6,medium,white,91.524,0.05790830820331279,30.303030303030305,218.86792452830187,0.15743809523809524,0.04772727272727273
5.3,0.36,0.27,6.3,0.028,40.0,132.0,0.99186,3.37,0.4,11.6,6,medium,white,91.524,0.05790830820331279,30.303030303030305,218.86792452830187,0.15743809523809524,0.04772727272727273
8.9,0.27,0.28,0.8,0.024,29.0,128.0,0.98984,3.01,0.35,12.4,6,medium,white,97.836,0.0909685596304019,22.65625,139.32584269662922,1.2373,0.00625
7.6,0.23,0.29,8.6,0.053,65.0,146.0,0.9963,3.11,0.32,9.8,6,medium,white,77.322,0.098290266677013,44.52054794520548,128.94736842105266,0.11584883720930232,0.0589041095890411
6.9,0.75,0.13,6.3,0.036,19.0,50.0,0.99312,3.09,0.25,11.1,4,low,white,87.57900000000001,0.0787860103449457,38.0,160.86956521739128,0.15763809523809524,0.126
7.1,0.35,0.27,3.1,0.034,28.0,134.0,0.9897,3.26,0.38,13.1,7,medium,white,103.35900000000001,0.06869261506013022,20.8955223880597,184.50704225352112,0.31925806451612904,0.023134328358208955
7.2,0.31,0.35,7.2,0.046,45.0,178.0,0.9955,3.14,0.53,9.7,5,low,white,76.533,0.09407706479557838,25.280898876404496,134.7222222222222,0.13826388888888888,0.040449438202247195
6.4,0.28,0.44,7.1,0.048,49.0,179.0,0.99528,3.15,0.48,9.2,5,low,white,72.58800000000001,0.0881688433349865,27.37430167597765,143.74999999999997,0.14018028169014085,0.03966480446927374
7.2,0.23,0.46,6.4,0.036,17.0,85.0,0.99279,3.1,0.78,11.7,6,medium,white,92.313,0.07799551525787267,20.0,162.49999999999997,0.1551234375,0.07529411764705883
6.6,0.22,0.3,14.7,0.045,50.0,136.0,0.99704,3.14,0.37,10.6,6,medium,white,83.634,0.0789152736925174,36.76470588235294,160.60606060606062,0.06782585034013607,0.10808823529411764
7.2,0.31,0.35,7.2,0.046,45.0,178.0,0.9955,3.14,0.53,9.7,5,low,white,76.533,0.09407706479557838,25.280898876404496,134.7222222222222,0.13826388888888888,0.040449438202247195
6.4,0.28,0.44,7.1,0.048,49.0,179.0,0.99528,3.15,0.48,9.2,5,low,white,72.58800000000001,0.0881688433349865,27.37430167597765,143.74999999999997,0.14018028169014085,0.03966480446927374
7.2,0.24,0.28,1.9,0.032,30.0,92.0,0.9914,3.1,0.39,10.9,6,medium,white,86.001,0.08371995674468902,32.608695652173914,151.38888888888889,0.5217894736842105,0.020652173913043477
6.2,0.27,0.47,1.2,0.146,28.0,105.0,0.99224,3.23,0.51,10.1,5,low,white,79.68900000000001,0.07780245705178883,26.666666666666668,162.9032258064516,0.8268666666666667,0.011428571428571429
6.5,0.28,0.25,4.8,0.029,54.0,128.0,0.99074,3.17,0.44,12.2,7,medium,white,96.25800000000001,0.06752685491076066,42.1875,187.69230769230768,0.20640416666666667,0.0375
7.2,0.27,0.31,1.2,0.031,27.0,80.0,0.98892,3.03,0.33,12.7,6,medium,white,100.203,0.07185413610370947,33.75,176.38888888888889,0.8241,0.015
7.8,0.28,0.25,3.4,0.024,27.0,99.0,0.98959,2.98,0.37,13.0,6,medium,white,102.57000000000001,0.07604562737642585,27.27272727272727,166.66666666666669,0.29105588235294116,0.03434343434343434
8.1,0.26,0.27,4.3,0.03,43.0,123.0,0.99212,3.16,0.33,11.2,6,medium,white,88.36800000000001,0.09166214014122757,34.959349593495936,138.2716049382716,0.23072558139534885,0.034959349593495934
6.6,0.23,0.37,8.5,0.036,46.0,153.0,0.99576,3.2,0.48,9.4,6,medium,white,74.166,0.08898956395113664,30.065359477124183,142.42424242424244,0.11714823529411765,0.05555555555555555
6.0,0.33,0.2,1.8,0.031,49.0,159.0,0.9919,3.41,0.53,11.0,6,medium,white,86.79,0.0691323885240235,30.81761006289308,183.33333333333331,0.5510555555555555,0.011320754716981133
6.0,0.33,0.2,1.8,0.031,49.0,159.0,0.9919,3.41,0.53,11.0,6,medium,white,86.79,0.0691323885240235,30.81761006289308,183.33333333333331,0.5510555555555555,0.011320754716981133
7.3,0.2,0.29,19.5,0.039,69.0,237.0,1.00037,3.1,0.48,9.2,6,medium,white,72.58800000000001,0.10056758692896896,29.11392405063291,126.02739726027397,0.05130102564102564,0.08227848101265822
6.6,0.23,0.37,8.5,0.036,46.0,153.0,0.99576,3.2,0.48,9.4,6,medium,white,74.166,0.08898956395113664,30.065359477124183,142.42424242424244,0.11714823529411765,0.05555555555555555
7.3,0.2,0.29,19.9,0.039,69.0,237.0,1.00037,3.1,0.48,9.2,6,medium,white,72.58800000000001,0.10056758692896896,29.11392405063291,126.02739726027397,0.05026984924623116,0.0839662447257384
6.2,0.47,0.19,8.3,0.029,24.0,142.0,0.992,3.22,0.45,12.3,6,medium,white,97.04700000000001,0.0638865704246396,16.901408450704224,198.38709677419354,0.11951807228915662,0.05845070422535212
6.0,0.33,0.2,1.8,0.031,49.0,159.0,0.9919,3.41,0.53,11.0,6,medium,white,86.79,0.0691323885240235,30.81761006289308,183.33333333333331,0.5510555555555555,0.011320754716981133
7.2,0.14,0.32,1.1,0.022,48.0,116.0,0.99218,3.04,0.67,10.0,6,medium,white,78.9,0.09125475285171102,41.37931034482759,138.88888888888889,0.9019818181818181,0.009482758620689657
5.7,0.22,0.22,16.65,0.044,39.0,110.0,0.99855,3.24,0.48,9.0,6,medium,white,71.01,0.08027038445289396,35.45454545454545,157.89473684210526,0.05997297297297298,0.15136363636363634
5.7,0.22,0.22,16.65,0.044,39.0,110.0,0.99855,3.24,0.48,9.0,6,medium,white,71.01,0.08027038445289396,35.45454545454545,157.89473684210526,0.05997297297297298,0.15136363636363634
5.7,0.22,0.22,16.65,0.044,39.0,110.0,0.99855,3.24,0.48,9.0,6,medium,white,71.01,0.08027038445289396,35.45454545454545,157.89473684210526,0.05997297297297298,0.15136363636363634
8.1,0.2,0.28,0.9,0.023,49.0,87.0,0.99062,2.92,0.36,11.1,6,medium,white,87.57900000000001,0.09248792518754495,56.32183908045977,137.03703703703704,1.1006888888888888,0.010344827586206896
5.8,0.14,0.15,6.1,0.042,27.0,123.0,0.99362,3.06,0.6,9.9,6,medium,white,78.111,0.07425330619246968,21.951219512195124,170.6896551724138,0.16288852459016392,0.04959349593495935
4.8,0.21,0.21,10.2,0.037,17.0,112.0,0.99324,3.66,0.48,12.2,7,medium,white,96.25800000000001,0.049865985164869404,15.178571428571427,254.16666666666666,0.0973764705882353,0.09107142857142857
8.1,0.2,0.28,0.9,0.023,49.0,87.0,0.99062,2.92,0.36,11.1,6,medium,white,87.57900000000001,0.09248792518754495,56.32183908045977,137.03703703703704,1.1006888888888888,0.010344827586206896
5.7,0.22,0.22,16.65,0.044,39.0,110.0,0.99855,3.24,0.48,9.0,6,medium,white,71.01,0.08027038445289396,35.45454545454545,157.89473684210526,0.05997297297297298,0.15136363636363634
7.5,0.34,0.24,3.85,0.031,5.0,34.0,0.99098,3.01,0.36,11.8,4,low,white,93.102,0.08055680866146807,14.705882352941178,157.33333333333334,0.25739740259740257,0.11323529411764706
6.6,0.64,0.28,4.4,0.032,19.0,78.0,0.99036,3.11,0.62,12.9,6,medium,white,101.781,0.06484510861555692,24.358974358974358,195.45454545454547,0.22508181818181816,0.05641025641025642
7.0,0.48,0.12,4.5,0.05,23.0,86.0,0.99398,2.86,0.35,9.0,5,low,white,71.01,0.09857766511758906,26.744186046511626,128.57142857142858,0.22088444444444444,0.05232558139534884
7.6,0.37,0.34,3.2,0.028,42.0,162.0,0.9903,3.01,0.33,12.4,6,medium,white,97.836,0.07768101721247803,25.925925925925924,163.15789473684214,0.30946874999999996,0.019753086419753086
7.0,0.48,0.12,4.5,0.05,23.0,86.0,0.99398,2.86,0.35,9.0,5,low,white,71.01,0.09857766511758906,26.744186046511626,128.57142857142858,0.22088444444444444,0.05232558139534884
6.6,0.64,0.28,4.4,0.032,19.0,78.0,0.99036,3.11,0.62,12.9,6,medium,white,101.781,0.06484510861555692,24.358974358974358,195.45454545454547,0.22508181818181816,0.05641025641025642
8.0,0.25,0.27,9.7,0.036,15.0,85.0,0.99406,2.99,0.36,11.2,6,medium,white,88.36800000000001,0.09053050878145934,17.647058823529413,140.0,0.10248041237113403,0.11411764705882352
7.6,0.38,0.28,4.2,0.029,7.0,112.0,0.9906,3.0,0.41,12.6,6,medium,white,99.414,0.07644798519323234,6.25,165.78947368421052,0.23585714285714285,0.0375
6.9,0.26,0.27,4.2,0.031,20.0,80.0,0.99089,3.12,0.39,11.5,6,medium,white,90.735,0.07604562737642585,25.0,166.66666666666666,0.23592619047619048,0.052500000000000005
7.8,0.15,0.34,1.1,0.035,31.0,93.0,0.99096,3.07,0.72,11.3,7,medium,white,89.15700000000001,0.08748611999057841,33.33333333333333,144.8717948717949,0.9008727272727272,0.011827956989247313
8.0,0.25,0.27,9.7,0.036,15.0,85.0,0.99406,2.99,0.36,11.2,6,medium,white,88.36800000000001,0.09053050878145934,17.647058823529413,140.0,0.10248041237113403,0.11411764705882352
6.9,0.26,0.27,4.2,0.031,20.0,80.0,0.99089,3.12,0.39,11.5,6,medium,white,90.735,0.07604562737642585,25.0,166.66666666666666,0.23592619047619048,0.052500000000000005
5.9,0.655,0.0,5.6,0.033,8.0,31.0,0.9936,3.32,0.51,10.5,4,low,white,82.845,0.07121733357474803,25.806451612903224,177.96610169491524,0.17742857142857144,0.18064516129032257
7.6,0.38,0.28,4.2,0.029,7.0,112.0,0.9906,3.0,0.41,12.6,6,medium,white,99.414,0.07644798519323234,6.25,165.78947368421052,0.23585714285714285,0.0375
7.8,0.31,0.4,1.6,0.027,20.0,87.0,0.9911,3.15,0.48,11.9,6,medium,white,93.891,0.08307505511710386,22.988505747126435,152.56410256410257,0.6194375,0.01839080459770115
8.1,0.17,0.21,1.6,0.036,24.0,119.0,0.99396,3.18,0.52,10.1,6,medium,white,79.68900000000001,0.10164514550314345,20.168067226890756,124.69135802469135,0.6212249999999999,0.013445378151260505
6.8,0.18,0.28,1.1,0.027,32.0,112.0,0.99089,3.15,0.45,11.0,7,medium,white,86.79,0.07835004032722663,28.57142857142857,161.76470588235296,0.9008090909090909,0.009821428571428573
7.4,0.28,0.36,14.6,0.048,35.0,161.0,0.9968,3.14,0.56,10.6,5,low,white,83.634,0.08848076141282255,21.73913043478261,143.24324324324323,0.06827397260273974,0.0906832298136646
7.3,0.23,0.27,2.6,0.035,39.0,120.0,0.99138,3.04,0.59,11.3,7,medium,white,89.15700000000001,0.08187803537579774,32.5,154.7945205479452,0.38130000000000003,0.021666666666666667
6.7,0.22,0.22,1.2,0.038,5.0,124.0,0.99098,3.1,0.37,11.2,4,low,white,88.36800000000001,0.0758193011044722,4.032258064516129,167.1641791044776,0.8258166666666666,0.00967741935483871
7.4,0.25,0.28,7.25,0.028,14.0,78.0,0.99238,2.94,0.37,11.5,7,medium,white,90.735,0.08155618008486251,17.94871794871795,155.4054054054054,0.13688,0.09294871794871795
7.5,0.3,0.21,6.55,0.026,33.0,143.0,0.99244,2.92,0.35,11.1,5,low,white,87.57900000000001,0.08563696776624533,23.076923076923077,148.0,0.1515175572519084,0.045804195804195806
7.2,0.26,0.24,7.0,0.023,19.0,130.0,0.99176,3.14,0.49,12.8,7,medium,white,100.992,0.07129277566539924,14.615384615384617,177.7777777777778,0.14168,0.05384615384615385
6.3,0.32,0.32,1.5,0.037,12.0,76.0,0.98993,3.3,0.46,12.3,6,medium,white,97.04700000000001,0.06491699897987573,15.789473684210526,195.23809523809524,0.6599533333333333,0.019736842105263157
7.7,0.24,0.3,1.4,0.041,15.0,102.0,0.9929,3.26,0.53,10.4,6,medium,white,82.056,0.09383835429462807,14.705882352941178,135.06493506493507,0.7092142857142858,0.013725490196078431
7.4,0.25,0.28,7.25,0.028,14.0,78.0,0.99238,2.94,0.37,11.5,7,medium,white,90.735,0.08155618008486251,17.94871794871795,155.4054054054054,0.13688,0.09294871794871795
7.0,0.24,0.35,1.0,0.032,42.0,104.0,0.98988,3.16,0.37,11.7,7,medium,white,92.313,0.0758289731673762,40.38461538461539,167.14285714285714,0.98988,0.009615384615384616
5.8,0.28,0.28,4.2,0.044,52.0,158.0,0.992,3.35,0.44,10.7,7,medium,white,84.423,0.06870165713135046,32.91139240506329,184.48275862068965,0.23619047619047617,0.026582278481012658
6.8,0.19,0.71,17.5,0.042,21.0,114.0,0.99784,2.85,0.5,9.5,6,medium,white,74.955,0.09072109932626242,18.421052631578945,139.7058823529412,0.05701942857142857,0.15350877192982457
6.8,0.19,0.71,17.5,0.042,21.0,114.0,0.99784,2.85,0.5,9.5,6,medium,white,74.955,0.09072109932626242,18.421052631578945,139.7058823529412,0.05701942857142857,0.15350877192982457
6.8,0.19,0.71,17.5,0.042,21.0,114.0,0.99784,2.85,0.5,9.5,6,medium,white,74.955,0.09072109932626242,18.421052631578945,139.7058823529412,0.05701942857142857,0.15350877192982457
6.6,0.19,0.35,1.5,0.037,37.0,107.0,0.99006,3.18,0.68,12.0,7,medium,white,94.68,0.0697084917617237,34.57943925233645,181.81818181818184,0.6600400000000001,0.014018691588785047
6.4,0.28,0.36,1.3,0.053,28.0,186.0,0.99211,3.31,0.45,10.8,5,low,white,85.212,0.07510679247054405,15.053763440860216,168.75,0.7631615384615384,0.006989247311827957
5.6,0.28,0.27,3.9,0.043,52.0,158.0,0.99202,3.35,0.44,10.7,7,medium,white,84.423,0.06633263447164872,32.91139240506329,191.07142857142858,0.2543641025641026,0.024683544303797468
5.6,0.28,0.28,4.2,0.044,52.0,158.0,0.992,3.35,0.44,10.7,7,medium,white,84.423,0.06633263447164872,32.91139240506329,191.07142857142858,0.23619047619047617,0.026582278481012658
6.8,0.19,0.32,7.6,0.049,37.0,107.0,0.99332,3.12,0.44,10.7,7,medium,white,84.423,0.08054677042985915,34.57943925233645,157.35294117647058,0.1307,0.07102803738317756
7.2,0.16,0.29,1.0,0.031,40.0,123.0,0.98958,3.12,0.4,12.1,7,medium,white,95.46900000000001,0.07541715111711654,32.52032520325203,168.05555555555554,0.98958,0.008130081300813009
6.6,0.17,0.28,1.1,0.034,55.0,108.0,0.98939,3.0,0.52,11.9,7,medium,white,93.891,0.0702942774067802,50.92592592592593,180.3030303030303,0.8994454545454544,0.010185185185185186
6.6,0.19,0.28,11.8,0.042,54.0,137.0,0.99492,3.18,0.37,10.8,6,medium,white,85.212,0.07745387973524855,39.416058394160586,163.63636363636365,0.08431525423728813,0.08613138686131387
5.8,0.2,0.24,1.4,0.033,65.0,169.0,0.99043,3.59,0.56,12.3,7,medium,white,97.04700000000001,0.05976485620369511,38.46153846153847,212.06896551724142,0.70745,0.008284023668639054
6.6,0.39,0.38,9.7,0.053,49.0,226.0,0.99787,3.3,0.57,9.4,6,medium,white,74.166,0.08898956395113664,21.68141592920354,142.42424242424244,0.10287319587628867,0.04292035398230088
6.8,0.12,0.3,12.9,0.049,32.0,88.0,0.99654,3.2,0.35,9.9,6,medium,white,78.111,0.08705560036358514,36.36363636363637,145.58823529411765,0.07725116279069767,0.1465909090909091
6.6,0.295,0.24,1.6,0.039,29.0,140.0,0.99304,3.35,0.61,10.4,7,medium,white,82.056,0.0804328751096812,20.714285714285715,157.5757575757576,0.62065,0.011428571428571429
6.6,0.26,0.24,7.2,0.038,28.0,137.0,0.9952,3.35,0.6,10.4,6,medium,white,82.056,0.0804328751096812,20.437956204379564,157.5757575757576,0.13822222222222222,0.052554744525547446
7.0,0.32,0.27,7.1,0.027,37.0,122.0,0.99165,3.15,0.6,12.6,7,medium,white,99.414,0.07041261794113506,30.327868852459016,180.0,0.13966901408450705,0.05819672131147541
7.4,0.36,0.23,1.9,0.017,31.0,69.0,0.9892,2.93,0.36,12.5,6,medium,white,98.625,0.07503168567807351,44.927536231884055,168.9189189189189,0.5206315789473684,0.02753623188405797
6.7,0.35,0.48,8.8,0.056,35.0,167.0,0.99628,3.04,0.47,9.4,5,low,white,74.166,0.09033789067766902,20.958083832335326,140.2985074626866,0.11321363636363636,0.05269461077844312
6.4,0.38,0.24,7.2,0.047,41.0,151.0,0.99604,3.11,0.6,9.2,5,low,white,72.58800000000001,0.0881688433349865,27.1523178807947,143.74999999999997,0.1383388888888889,0.04768211920529802
6.8,0.14,0.18,1.4,0.047,30.0,90.0,0.99164,3.27,0.54,11.2,6,medium,white,88.36800000000001,0.07695093246424044,33.33333333333333,164.70588235294116,0.7083142857142858,0.015555555555555555
7.0,0.16,0.25,14.3,0.044,27.0,149.0,0.998,2.91,0.46,9.2,6,medium,white,72.58800000000001,0.09643467239764147,18.120805369127517,131.42857142857142,0.06979020979020979,0.09597315436241612
7.0,0.16,0.25,14.3,0.044,27.0,149.0,0.998,2.91,0.46,9.2,6,medium,white,72.58800000000001,0.09643467239764147,18.120805369127517,131.42857142857142,0.06979020979020979,0.09597315436241612
6.7,0.35,0.48,8.8,0.056,35.0,167.0,0.99628,3.04,0.47,9.4,5,low,white,74.166,0.09033789067766902,20.958083832335326,140.2985074626866,0.11321363636363636,0.05269461077844312
6.8,0.14,0.18,1.4,0.047,30.0,90.0,0.99164,3.27,0.54,11.2,6,medium,white,88.36800000000001,0.07695093246424044,33.33333333333333,164.70588235294116,0.7083142857142858,0.015555555555555555
6.8,0.16,0.18,1.8,0.046,31.0,114.0,0.99226,3.27,0.55,10.8,6,medium,white,85.212,0.07980096699995305,27.192982456140353,158.82352941176472,0.5512555555555556,0.015789473684210527
7.0,0.16,0.25,14.3,0.044,27.0,149.0,0.998,2.91,0.46,9.2,6,medium,white,72.58800000000001,0.09643467239764147,18.120805369127517,131.42857142857142,0.06979020979020979,0.09597315436241612
6.4,0.38,0.24,7.2,0.047,41.0,151.0,0.99604,3.11,0.6,9.2,5,low,white,72.58800000000001,0.0881688433349865,27.1523178807947,143.74999999999997,0.1383388888888889,0.04768211920529802
7.2,0.24,0.3,1.2,0.037,11.0,95.0,0.98914,2.96,0.36,12.5,6,medium,white,98.625,0.07300380228136882,11.578947368421053,173.61111111111111,0.8242833333333334,0.01263157894736842
7.7,0.32,0.61,11.8,0.041,66.0,188.0,0.99794,3.0,0.54,9.3,5,low,white,73.37700000000001,0.10493751448001416,35.1063829787234,120.7792207792208,0.08457118644067796,0.06276595744680852
7.0,0.29,0.33,0.9,0.041,20.0,117.0,0.99048,3.21,0.5,11.4,5,low,white,89.946,0.07782447246125453,17.094017094017094,162.85714285714286,1.1005333333333334,0.007692307692307693
7.1,0.27,0.24,12.6,0.044,48.0,118.0,0.99726,3.04,0.56,10.0,7,medium,white,78.9,0.08998732572877058,40.67796610169492,140.84507042253523,0.07914761904761905,0.10677966101694915
6.8,0.45,0.28,26.05,0.031,27.0,122.0,1.00295,3.06,0.42,10.6,6,medium,white,83.634,0.08130664562259368,22.131147540983605,155.88235294117646,0.038500959692898275,0.21352459016393444
6.3,0.2,0.26,4.7,0.04,108.0,168.0,0.99278,3.07,0.75,10.7,7,medium,white,84.423,0.07462421378060481,64.28571428571429,169.84126984126985,0.21122978723404254,0.027976190476190477
7.1,0.27,0.24,12.6,0.044,48.0,118.0,0.99726,3.04,0.56,10.0,7,medium,white,78.9,0.08998732572877058,40.67796610169492,140.84507042253523,0.07914761904761905,0.10677966101694915
7.2,0.24,0.3,1.2,0.037,11.0,95.0,0.98914,2.96,0.36,12.5,6,medium,white,98.625,0.07300380228136882,11.578947368421053,173.61111111111111,0.8242833333333334,0.01263157894736842
6.8,0.45,0.28,26.05,0.031,27.0,122.0,1.00295,3.06,0.42,10.6,6,medium,white,83.634,0.08130664562259368,22.131147540983605,155.88235294117646,0.038500959692898275,0.21352459016393444
6.6,0.36,0.28,6.1,0.029,12.0,93.0,0.99054,3.19,0.27,12.8,7,medium,white,100.992,0.06535171102661597,12.903225806451612,193.93939393939397,0.16238360655737705,0.06559139784946236
7.7,0.32,0.61,11.8,0.041,66.0,188.0,0.99794,3.0,0.54,9.3,5,low,white,73.37700000000001,0.10493751448001416,35.1063829787234,120.7792207792208,0.08457118644067796,0.06276595744680852
7.0,0.29,0.33,0.9,0.041,20.0,117.0,0.99048,3.21,0.5,11.4,5,low,white,89.946,0.07782447246125453,17.094017094017094,162.85714285714286,1.1005333333333334,0.007692307692307693
6.4,0.37,0.2,5.6,0.117,61.0,183.0,0.99459,3.24,0.43,9.5,5,low,white,74.955,0.0853845640717764,33.33333333333333,148.4375,0.17760535714285716,0.03060109289617486
6.4,0.38,0.2,5.3,0.117,57.0,181.0,0.99459,3.24,0.43,9.5,6,medium,white,74.955,0.0853845640717764,31.491712707182316,148.4375,0.18765849056603773,0.029281767955801105
6.4,0.36,0.2,5.7,0.118,61.0,172.0,0.9946,3.24,0.43,9.5,6,medium,white,74.955,0.0853845640717764,35.46511627906977,148.4375,0.17449122807017545,0.03313953488372093
6.6,0.3,0.25,8.0,0.036,21.0,124.0,0.99362,3.06,0.38,10.8,6,medium,white,85.212,0.07745387973524855,16.93548387096774,163.63636363636365,0.1242025,0.06451612903225806
6.6,0.3,0.25,8.0,0.036,21.0,124.0,0.99362,3.06,0.38,10.8,6,medium,white,85.212,0.07745387973524855,16.93548387096774,163.63636363636365,0.1242025,0.06451612903225806
6.5,0.21,0.51,17.6,0.045,34.0,125.0,0.99966,3.2,0.47,8.8,6,medium,white,69.432,0.09361677612628183,27.200000000000003,135.3846153846154,0.05679886363636363,0.1408
6.6,0.3,0.25,8.0,0.036,21.0,124.0,0.99362,3.06,0.38,10.8,6,medium,white,85.212,0.07745387973524855,16.93548387096774,163.63636363636365,0.1242025,0.06451612903225806
7.6,0.31,0.27,8.8,0.021,57.0,156.0,0.99442,3.08,0.38,11.0,7,medium,white,86.79,0.08756769213042977,36.53846153846153,144.73684210526315,0.11300227272727272,0.05641025641025642
5.8,0.58,0.0,1.5,0.02,33.0,96.0,0.98918,3.29,0.38,12.4,6,medium,white,97.836,0.059282881556891126,34.375,213.7931034482759,0.6594533333333333,0.015625
6.5,0.26,0.39,1.4,0.02,12.0,66.0,0.99089,3.25,0.75,11.3,7,medium,white,89.15700000000001,0.07290509999214867,18.181818181818183,173.84615384615384,0.7077785714285715,0.02121212121212121
8.7,0.3,0.34,4.8,0.018,23.0,127.0,0.99474,3.12,0.49,11.2,7,medium,white,88.36800000000001,0.09845192829983702,18.11023622047244,128.73563218390805,0.2072375,0.03779527559055118
6.4,0.29,0.32,2.4,0.014,34.0,89.0,0.99008,3.24,0.66,12.5,7,medium,white,98.625,0.06489226869455007,38.20224719101123,195.3125,0.4125333333333333,0.02696629213483146
6.7,0.13,0.32,3.7,0.017,32.0,99.0,0.99348,3.12,0.44,10.0,6,medium,white,78.9,0.08491761723700887,32.323232323232325,149.25373134328356,0.2685081081081081,0.03737373737373738
6.8,0.19,0.33,4.9,0.047,42.0,130.0,0.99283,3.12,0.56,11.0,6,medium,white,86.79,0.07835004032722663,32.30769230769231,161.76470588235296,0.20261836734693875,0.03769230769230769
6.0,0.25,0.4,5.7,0.052,56.0,152.0,0.99398,3.16,0.88,10.5,6,medium,white,82.845,0.07242440702516749,36.84210526315789,175.0,0.17438245614035086,0.0375
6.0,0.25,0.4,5.7,0.052,56.0,152.0,0.99398,3.16,0.88,10.5,6,medium,white,82.845,0.07242440702516749,36.84210526315789,175.0,0.17438245614035086,0.0375
6.8,0.19,0.33,4.9,0.047,42.0,130.0,0.99283,3.12,0.56,11.0,6,medium,white,86.79,0.07835004032722663,32.30769230769231,161.76470588235296,0.20261836734693875,0.03769230769230769
6.4,0.24,0.23,2.0,0.046,30.0,133.0,0.9908,3.12,0.54,11.4,7,medium,white,89.946,0.071153803393147,22.55639097744361,178.125,0.4954,0.015037593984962405
5.9,0.18,0.28,5.1,0.039,50.0,139.0,0.99165,3.16,0.44,11.3,6,medium,white,89.15700000000001,0.06617539845441188,35.97122302158273,191.52542372881356,0.19444117647058826,0.03669064748201439
7.2,0.33,0.22,4.5,0.031,10.0,73.0,0.99076,2.97,0.52,12.2,7,medium,white,96.25800000000001,0.07479897774730411,13.698630136986301,169.44444444444443,0.2201688888888889,0.06164383561643835
6.4,0.29,0.24,3.2,0.037,31.0,95.0,0.98942,2.9,0.66,12.6,7,medium,white,99.414,0.06437725068903777,32.631578947368425,196.87499999999997,0.30919375,0.03368421052631579
7.3,0.31,0.25,6.65,0.032,30.0,138.0,0.99244,2.9,0.37,11.1,5,low,white,87.57900000000001,0.08335331529247877,21.73913043478261,152.05479452054794,0.1492390977443609,0.04818840579710145
7.0,0.29,0.37,1.6,0.035,34.0,126.0,0.99058,3.26,0.47,12.3,6,medium,white,97.04700000000001,0.07212999886652859,26.984126984126984,175.71428571428572,0.6191125,0.012698412698412698
6.9,0.19,0.6,4.0,0.037,6.0,122.0,0.99255,2.92,0.59,10.4,4,low,white,82.056,0.08408891488739398,4.918032786885246,150.72463768115944,0.2481375,0.03278688524590164
6.3,0.32,0.17,17.75,0.06,51.0,190.0,0.99916,3.13,0.48,8.8,6,medium,white,69.432,0.09073625993778084,26.842105263157894,139.6825396825397,0.056290704225352116,0.09342105263157895
6.6,0.085,0.33,1.4,0.036,17.0,109.0,0.99306,3.27,0.61,9.5,6,medium,white,74.955,0.08805283169901941,15.59633027522936,143.93939393939394,0.7093285714285715,0.012844036697247705
6.3,0.32,0.17,17.75,0.06,51.0,190.0,0.99916,3.13,0.48,8.8,6,medium,white,69.432,0.09073625993778084,26.842105263157894,139.6825396825397,0.056290704225352116,0.09342105263157895
6.8,0.18,0.32,7.2,0.047,17.0,109.0,0.99498,3.42,0.44,10.4,6,medium,white,82.056,0.08287023496148971,15.59633027522936,152.94117647058826,0.13819166666666666,0.06605504587155964
6.8,0.52,0.26,5.7,0.038,27.0,130.0,0.99,3.11,0.27,13.0,7,medium,white,102.57000000000001,0.06629618796919176,20.76923076923077,191.1764705882353,0.17368421052631577,0.04384615384615385
7.1,0.28,0.28,8.5,0.03,25.0,191.0,0.99338,3.16,0.46,12.2,7,medium,white,96.25800000000001,0.07376010305636933,13.089005235602095,171.83098591549296,0.11686823529411765,0.04450261780104712
5.7,0.15,0.47,11.4,0.035,49.0,128.0,0.99456,3.03,0.34,10.5,8,high,white,82.845,0.06880318667390911,38.28125,184.21052631578948,0.0872421052631579,0.0890625
5.8,0.275,0.3,5.4,0.043,41.0,149.0,0.9926,3.33,0.42,10.8,7,medium,white,85.212,0.06806553067643055,27.516778523489933,186.20689655172416,0.18381481481481482,0.036241610738255034
5.4,0.53,0.16,2.7,0.036,34.0,128.0,0.98856,3.2,0.53,13.2,8,high,white,104.14800000000001,0.051849291393017624,26.5625,244.44444444444443,0.3661333333333333,0.02109375
5.8,0.32,0.28,4.3,0.032,46.0,115.0,0.98946,3.16,0.57,13.0,8,high,white,102.57000000000001,0.05654674856195768,40.0,224.1379310344828,0.23010697674418606,0.03739130434782609
6.7,0.22,0.39,1.2,0.049,26.0,152.0,0.99346,3.5,0.47,10.0,6,medium,white,78.9,0.08491761723700887,17.105263157894736,149.25373134328356,0.8278833333333334,0.007894736842105263
6.1,0.6,0.12,1.8,0.05,11.0,76.0,0.99268,3.42,0.48,10.4,4,low,white,82.056,0.07433947548015989,14.473684210526317,170.49180327868854,0.5514888888888889,0.02368421052631579
6.5,0.26,0.31,1.3,0.034,59.0,145.0,0.98944,3.16,0.54,12.4,6,medium,white,97.836,0.06643771208961936,40.689655172413794,190.76923076923077,0.7611076923076923,0.00896551724137931
5.0,0.29,0.54,5.7,0.035,54.0,155.0,0.98976,3.27,0.34,12.9,8,high,white,101.781,0.049125082284512823,34.83870967741935,258.0,0.17364210526315788,0.036774193548387096
5.4,0.53,0.16,2.7,0.036,34.0,128.0,0.98856,3.2,0.53,13.2,8,high,white,104.14800000000001,0.051849291393017624,26.5625,244.44444444444443,0.3661333333333333,0.02109375
6.8,0.21,0.26,11.7,0.038,61.0,152.0,0.99523,3.02,0.56,10.5,7,medium,white,82.845,0.08208099462852314,40.131578947368425,154.41176470588235,0.08506239316239317,0.0769736842105263
5.8,0.32,0.28,4.3,0.032,46.0,115.0,0.98946,3.16,0.57,13.0,8,high,white,102.57000000000001,0.05654674856195768,40.0,224.1379310344828,0.23010697674418606,0.03739130434782609
6.5,0.27,0.26,11.0,0.03,2.0,82.0,0.99402,3.07,0.36,11.2,5,low,white,88.36800000000001,0.07355603838493571,2.4390243902439024,172.3076923076923,0.09036545454545454,0.13414634146341464
5.9,0.37,0.32,1.6,0.029,41.0,102.0,0.98916,3.41,0.55,12.7,7,medium,white,100.203,0.05888047264053971,40.19607843137255,215.25423728813556,0.618225,0.01568627450980392
6.2,0.21,0.18,11.6,0.044,61.0,155.0,0.99655,3.14,0.52,9.4,6,medium,white,74.166,0.08359625704500716,39.35483870967742,151.61290322580646,0.08590948275862069,0.07483870967741935
6.8,0.3,0.29,6.2,0.025,29.0,95.0,0.99071,3.03,0.32,12.9,7,medium,white,101.781,0.06681011190693743,30.526315789473685,189.7058823529412,0.15979193548387097,0.06526315789473684
7.3,0.41,0.29,1.8,0.032,26.0,74.0,0.98889,2.96,0.35,13.0,8,high,white,102.57000000000001,0.0711709076728088,35.13513513513514,178.08219178082192,0.5493833333333333,0.024324324324324326
5.4,0.3,0.3,1.2,0.029,25.0,93.0,0.98742,3.31,0.4,13.6,7,medium,white,107.304,0.05032431223439947,26.881720430107524,251.85185185185182,0.82285,0.012903225806451613
6.6,0.34,0.2,1.0,0.053,26.0,112.0,0.99336,3.32,0.55,9.1,5,low,white,71.799,0.09192328583963563,23.214285714285715,137.87878787878788,0.99336,0.008928571428571428
5.6,0.25,0.19,2.4,0.049,42.0,166.0,0.992,3.25,0.43,10.4,6,medium,white,82.056,0.06824607585063859,25.301204819277107,185.71428571428575,0.41333333333333333,0.014457831325301203
5.3,0.3,0.3,1.2,0.029,25.0,93.0,0.98742,3.31,0.4,13.6,7,medium,white,107.304,0.04939238052635503,26.881720430107524,256.60377358490564,0.82285,0.012903225806451613
6.9,0.58,0.58,8.2,0.032,29.0,169.0,0.99275,3.28,0.44,12.2,6,medium,white,96.25800000000001,0.07168235367449978,17.159763313609467,176.81159420289853,0.12106707317073172,0.04852071005917159
7.2,0.23,0.25,18.8,0.085,19.0,111.0,1.00044,3.1,0.51,8.7,5,low,white,68.643,0.10489052051920808,17.117117117117118,120.83333333333333,0.053214893617021274,0.1693693693693694
7.1,0.2,0.27,9.6,0.037,19.0,105.0,0.99444,3.04,0.37,10.5,7,medium,white,82.845,0.08570221497978152,18.095238095238095,147.88732394366198,0.1035875,0.09142857142857143
6.8,0.15,0.41,12.9,0.044,79.5,183.0,0.99742,3.24,0.78,10.2,6,medium,white,80.47800000000001,0.08449514152936205,43.44262295081967,150.0,0.07731937984496123,0.07049180327868852
7.0,0.22,0.26,9.2,0.027,37.0,122.0,0.99228,3.06,0.34,12.5,8,high,white,98.625,0.07097591888466413,30.327868852459016,178.57142857142858,0.10785652173913045,0.07540983606557376
6.4,0.16,0.44,1.2,0.051,39.0,122.0,0.99058,3.11,0.75,11.3,7,medium,white,89.15700000000001,0.07178348306919255,31.967213114754102,176.5625,0.8254833333333333,0.009836065573770491
6.8,0.15,0.41,12.9,0.044,79.5,183.0,0.99742,3.24,0.78,10.2,6,medium,white,80.47800000000001,0.08449514152936205,43.44262295081967,150.0,0.07731937984496123,0.07049180327868852
6.8,0.31,0.3,8.0,0.028,33.0,122.0,0.99164,3.13,0.63,12.6,7,medium,white,99.414,0.06840082885710262,27.049180327868854,185.29411764705884,0.123955,0.06557377049180328
6.8,0.15,0.41,12.9,0.044,79.5,183.0,0.99742,3.24,0.78,10.2,6,medium,white,80.47800000000001,0.08449514152936205,43.44262295081967,150.0,0.07731937984496123,0.07049180327868852
7.6,0.3,0.37,1.6,0.087,27.0,177.0,0.99438,3.09,0.5,9.8,5,low,white,77.322,0.098290266677013,15.254237288135593,128.94736842105266,0.6214875,0.00903954802259887
6.0,0.16,0.27,12.0,0.03,39.0,98.0,0.99402,3.15,0.34,10.8,5,low,white,85.212,0.07041261794113506,39.795918367346935,180.0,0.082835,0.12244897959183673
7.1,0.21,0.35,2.5,0.04,41.0,186.0,0.99128,3.32,0.56,12.5,6,medium,white,98.625,0.07198986058301647,22.043010752688172,176.05633802816902,0.39651200000000003,0.013440860215053764
7.0,0.22,0.26,9.2,0.027,37.0,122.0,0.99228,3.06,0.34,12.5,8,high,white,98.625,0.07097591888466413,30.327868852459016,178.57142857142858,0.10785652173913045,0.07540983606557376
5.6,0.21,0.24,4.4,0.027,37.0,150.0,0.991,3.3,0.31,11.5,7,medium,white,90.735,0.061718190334490546,24.666666666666668,205.3571428571429,0.22522727272727272,0.029333333333333336
7.4,0.22,0.26,8.8,0.027,23.0,112.0,0.9931,2.98,0.41,11.4,6,medium,white,89.946,0.08227158517332622,20.535714285714285,154.05405405405406,0.11285227272727272,0.07857142857142858
7.1,0.2,0.27,9.6,0.037,19.0,105.0,0.99444,3.04,0.37,10.5,7,medium,white,82.845,0.08570221497978152,18.095238095238095,147.88732394366198,0.1035875,0.09142857142857143
6.8,0.31,0.3,8.0,0.028,33.0,122.0,0.99164,3.13,0.63,12.6,7,medium,white,99.414,0.06840082885710262,27.049180327868854,185.29411764705884,0.123955,0.06557377049180328
7.2,0.23,0.25,18.8,0.085,19.0,111.0,1.00044,3.1,0.51,8.7,5,low,white,68.643,0.10489052051920808,17.117117117117118,120.83333333333333,0.053214893617021274,0.1693693693693694
6.4,0.15,0.4,1.3,0.053,61.0,146.0,0.99112,3.17,0.68,11.0,6,medium,white,86.79,0.07374121442562508,41.78082191780822,171.875,0.7624,0.008904109589041096
6.4,0.16,0.44,1.2,0.051,39.0,122.0,0.99058,3.11,0.75,11.3,7,medium,white,89.15700000000001,0.07178348306919255,31.967213114754102,176.5625,0.8254833333333333,0.009836065573770491
6.8,0.15,0.41,12.9,0.044,79.5,182.0,0.99742,3.24,0.78,10.2,6,medium,white,80.47800000000001,0.08449514152936205,43.68131868131868,150.0,0.07731937984496123,0.07087912087912088
6.3,0.22,0.34,1.2,0.036,32.0,96.0,0.98961,3.06,0.74,11.6,6,medium,white,91.524,0.0688344040907303,33.33333333333333,184.12698412698413,0.824675,0.012499999999999999
7.6,0.3,0.37,1.6,0.087,27.0,177.0,0.99438,3.09,0.5,9.8,5,low,white,77.322,0.098290266677013,15.254237288135593,128.94736842105266,0.6214875,0.00903954802259887
7.0,0.3,0.27,1.5,0.076,24.0,145.0,0.99344,3.1,0.52,10.1,5,low,white,79.68900000000001,0.08784148376814867,16.551724137931036,144.28571428571428,0.6622933333333333,0.010344827586206896
6.6,0.26,0.22,18.15,0.05,23.0,139.0,0.99904,3.06,0.5,9.2,5,low,white,72.58800000000001,0.09092411968920482,16.546762589928058,139.39393939393938,0.055043526170798905,0.1305755395683453
7.5,0.24,0.31,13.1,0.05,26.0,180.0,0.99884,3.05,0.53,9.1,6,medium,white,71.799,0.10445827936322231,14.444444444444443,121.33333333333334,0.07624732824427481,0.07277777777777777
7.5,0.24,0.31,13.1,0.05,26.0,180.0,0.99884,3.05,0.53,9.1,6,medium,white,71.799,0.10445827936322231,14.444444444444443,121.33333333333334,0.07624732824427481,0.07277777777777777
7.5,0.24,0.31,13.1,0.05,26.0,180.0,0.99884,3.05,0.53,9.1,6,medium,white,71.799,0.10445827936322231,14.444444444444443,121.33333333333334,0.07624732824427481,0.07277777777777777
7.5,0.24,0.31,13.1,0.05,26.0,180.0,0.99884,3.05,0.53,9.1,6,medium,white,71.799,0.10445827936322231,14.444444444444443,121.33333333333334,0.07624732824427481,0.07277777777777777
6.6,0.15,0.34,1.0,0.037,45.0,79.0,0.98949,2.96,0.5,11.7,6,medium,white,92.313,0.07149588898638327,56.9620253164557,177.27272727272728,0.98949,0.012658227848101266
6.7,0.34,0.43,1.6,0.041,29.0,114.0,0.99014,3.23,0.44,12.6,6,medium,white,99.414,0.0673949343150864,25.438596491228072,188.0597014925373,0.6188374999999999,0.014035087719298246
7.7,0.35,0.46,11.8,0.088,61.0,183.0,0.99786,2.86,0.47,9.0,5,low,white,71.01,0.10843543162934798,33.33333333333333,116.88311688311688,0.08456440677966101,0.0644808743169399
6.7,0.31,0.09,1.4,0.039,53.0,141.0,0.99206,3.12,0.44,10.1,5,low,white,79.68900000000001,0.08407684874951372,37.5886524822695,150.7462686567164,0.7086142857142858,0.009929078014184396
4.7,0.67,0.09,1.0,0.02,5.0,9.0,0.98722,3.3,0.34,13.6,5,low,white,107.304,0.04380079027808842,55.55555555555556,289.36170212765956,0.98722,0.1111111111111111
7.5,0.24,0.31,13.1,0.05,26.0,180.0,0.99884,3.05,0.53,9.1,6,medium,white,71.799,0.10445827936322231,14.444444444444443,121.33333333333334,0.07624732824427481,0.07277777777777777
6.3,0.2,0.18,10.6,0.045,57.0,159.0,0.99666,3.09,0.54,9.2,5,low,white,72.58800000000001,0.08679120515787732,35.84905660377358,146.03174603174602,0.09402452830188679,0.06666666666666667
6.6,0.28,0.23,10.4,0.049,45.0,190.0,0.99754,3.12,0.51,8.8,5,low,white,69.432,0.09505703422053231,23.684210526315788,133.33333333333334,0.09591730769230769,0.05473684210526316
8.5,0.18,0.3,1.1,0.028,34.0,95.0,0.99272,2.83,0.36,10.0,4,low,white,78.9,0.10773130544993662,35.78947368421053,117.64705882352942,0.9024727272727272,0.011578947368421053
6.5,0.35,0.38,7.4,0.036,20.0,196.0,0.99712,3.47,0.48,9.1,6,medium,white,71.799,0.09053050878145934,10.204081632653061,140.0,0.13474594594594594,0.03775510204081633
6.8,0.22,0.26,1.2,0.041,29.0,182.0,0.99104,3.04,0.35,11.2,5,low,white,88.36800000000001,0.07695093246424044,15.934065934065933,164.70588235294116,0.8258666666666667,0.006593406593406593
6.3,0.18,0.24,3.4,0.053,20.0,119.0,0.99373,3.11,0.52,9.2,6,medium,white,72.58800000000001,0.08679120515787732,16.80672268907563,146.03174603174602,0.2922735294117647,0.02857142857142857
6.6,0.26,0.22,18.15,0.05,23.0,139.0,0.99904,3.06,0.5,9.2,5,low,white,72.58800000000001,0.09092411968920482,16.546762589928058,139.39393939393938,0.055043526170798905,0.1305755395683453
6.6,0.3,0.45,8.0,0.038,54.0,200.0,0.9956,3.18,0.48,9.5,5,low,white,74.955,0.08805283169901941,27.0,143.93939393939394,0.12445,0.04
6.3,0.34,0.27,2.5,0.024,40.0,152.0,0.99095,3.35,0.6,11.9,7,medium,white,93.891,0.06709908297919928,26.31578947368421,188.8888888888889,0.39638,0.01644736842105263
7.7,0.3,0.23,2.0,0.068,28.0,138.0,0.99382,3.11,0.62,9.8,5,low,white,77.322,0.09958355965960529,20.28985507246377,127.27272727272727,0.49691,0.014492753623188406
7.7,0.31,0.23,2.0,0.069,29.0,134.0,0.99382,3.11,0.62,9.8,5,low,white,77.322,0.09958355965960529,21.641791044776117,127.27272727272727,0.49691,0.014925373134328358
5.7,0.265,0.28,6.9,0.036,46.0,150.0,0.99299,3.36,0.44,10.8,7,medium,white,85.212,0.0668919870440783,30.666666666666664,189.47368421052633,0.14391159420289856,0.046
5.4,0.255,0.33,1.2,0.051,29.0,122.0,0.99048,3.37,0.66,11.3,6,medium,white,89.15700000000001,0.06056731383963121,23.770491803278688,209.25925925925927,0.8254,0.009836065573770491
6.6,0.26,0.28,9.4,0.028,13.0,121.0,0.99254,3.17,0.34,12.1,6,medium,white,95.46900000000001,0.0691323885240235,10.743801652892563,183.33333333333334,0.10558936170212765,0.07768595041322314
4.8,0.17,0.28,2.9,0.03,22.0,111.0,0.9902,3.38,0.34,11.3,7,medium,white,89.15700000000001,0.053837612301894405,19.81981981981982,235.41666666666669,0.34144827586206894,0.026126126126126126
5.7,0.265,0.28,6.9,0.036,46.0,150.0,0.99299,3.36,0.44,10.8,7,medium,white,85.212,0.0668919870440783,30.666666666666664,189.47368421052633,0.14391159420289856,0.046
6.2,0.2,0.33,5.4,0.028,21.0,75.0,0.99012,3.36,0.41,13.5,7,medium,white,106.515,0.058207764164671646,28.000000000000004,217.74193548387095,0.18335555555555555,0.07200000000000001
7.5,0.28,0.41,1.3,0.044,11.0,126.0,0.99293,3.28,0.45,10.3,5,low,white,81.26700000000001,0.09228838273838089,8.73015873015873,137.33333333333334,0.7637923076923077,0.010317460317460317
6.2,0.22,0.2,20.8,0.035,58.0,184.0,1.00022,3.11,0.53,9.0,6,medium,white,71.01,0.08731164624700746,31.521739130434785,145.16129032258064,0.048087500000000005,0.11304347826086956
7.0,0.34,0.26,10.3,0.041,51.0,166.0,0.99382,3.08,0.35,11.6,6,medium,white,91.524,0.07648267121192255,30.72289156626506,165.7142857142857,0.0964873786407767,0.062048192771084344
7.5,0.28,0.41,1.3,0.044,11.0,126.0,0.99293,3.28,0.45,10.3,5,low,white,81.26700000000001,0.09228838273838089,8.73015873015873,137.33333333333334,0.7637923076923077,0.010317460317460317
6.5,0.19,0.34,1.6,0.029,39.0,116.0,0.98954,3.21,0.68,12.5,6,medium,white,98.625,0.06590621039290241,33.62068965517241,192.30769230769232,0.6184624999999999,0.013793103448275864
6.0,0.21,0.29,13.1,0.042,28.0,125.0,0.99936,3.39,0.45,8.6,5,low,white,67.854,0.08842514811212308,22.400000000000002,143.33333333333334,0.07628702290076336,0.10479999999999999
6.1,0.22,0.46,1.8,0.16,34.0,74.0,0.9884,3.19,0.33,13.4,6,medium,white,105.726,0.05769630932788528,45.94594594594595,219.672131147541,0.5491111111111111,0.024324324324324326
6.5,0.32,0.48,8.0,0.026,18.0,88.0,0.99144,3.22,0.79,12.7,4,low,white,100.203,0.06486831731584883,20.454545454545457,195.3846153846154,0.12393,0.09090909090909091
7.1,0.21,0.72,1.6,0.167,65.0,120.0,0.99324,2.97,0.51,9.2,5,low,white,72.58800000000001,0.09781231057475064,54.166666666666664,129.5774647887324,0.620775,0.013333333333333334
5.6,0.26,0.18,1.4,0.034,18.0,135.0,0.99174,3.32,0.35,10.2,6,medium,white,80.47800000000001,0.0695842342006511,13.333333333333334,182.14285714285714,0.7083857142857143,0.01037037037037037
7.0,0.15,0.28,14.7,0.051,29.0,149.0,0.99792,2.96,0.39,9.0,7,medium,white,71.01,0.09857766511758906,19.463087248322147,128.57142857142858,0.06788571428571429,0.09865771812080537
7.0,0.15,0.28,14.7,0.051,29.0,149.0,0.99792,2.96,0.39,9.0,7,medium,white,71.01,0.09857766511758906,19.463087248322147,128.57142857142858,0.06788571428571429,0.09865771812080537
7.0,0.15,0.28,14.7,0.051,29.0,149.0,0.99792,2.96,0.39,9.0,7,medium,white,71.01,0.09857766511758906,19.463087248322147,128.57142857142858,0.06788571428571429,0.09865771812080537
7.0,0.15,0.28,14.7,0.051,29.0,149.0,0.99792,2.96,0.39,9.0,7,medium,white,71.01,0.09857766511758906,19.463087248322147,128.57142857142858,0.06788571428571429,0.09865771812080537
7.0,0.15,0.28,14.7,0.051,29.0,149.0,0.99792,2.96,0.39,9.0,7,medium,white,71.01,0.09857766511758906,19.463087248322147,128.57142857142858,0.06788571428571429,0.09865771812080537
7.0,0.15,0.28,14.7,0.051,29.0,149.0,0.99792,2.96,0.39,9.0,7,medium,white,71.01,0.09857766511758906,19.463087248322147,128.57142857142858,0.06788571428571429,0.09865771812080537
7.0,0.15,0.28,14.7,0.051,29.0,149.0,0.99792,2.96,0.39,9.0,7,medium,white,71.01,0.09857766511758906,19.463087248322147,128.57142857142858,0.06788571428571429,0.09865771812080537
7.4,0.27,0.28,1.8,0.04,45.0,121.0,0.99043,3.02,0.4,11.9,5,low,white,93.891,0.07881479588032932,37.1900826446281,160.8108108108108,0.5502388888888889,0.01487603305785124
6.8,0.22,0.3,10.6,0.07,67.0,194.0,0.99654,2.89,0.42,9.0,6,medium,white,71.01,0.09576116039994366,34.5360824742268,132.35294117647058,0.09401320754716981,0.05463917525773196
6.2,0.24,0.25,12.5,0.055,47.0,134.0,0.99758,3.3,0.51,9.0,5,low,white,71.01,0.08731164624700746,35.07462686567165,145.16129032258064,0.0798064,0.09328358208955224
6.3,0.28,0.29,6.8,0.051,40.0,143.0,0.99374,3.43,0.59,11.0,6,medium,white,86.79,0.07258900795022467,27.972027972027973,174.6031746031746,0.14613823529411765,0.04755244755244755
7.0,0.15,0.28,14.7,0.051,29.0,149.0,0.99792,2.96,0.39,9.0,7,medium,white,71.01,0.09857766511758906,19.463087248322147,128.57142857142858,0.06788571428571429,0.09865771812080537
5.5,0.17,0.23,2.9,0.039,10.0,108.0,0.99243,3.28,0.5,10.0,5,low,white,78.9,0.0697084917617237,9.25925925925926,181.8181818181818,0.34221724137931037,0.026851851851851852
6.5,0.26,0.34,1.4,0.04,25.0,184.0,0.99216,3.29,0.46,10.7,5,low,white,84.423,0.07699323644030655,13.586956521739129,164.6153846153846,0.7086857142857144,0.0076086956521739125
6.6,0.27,0.33,1.4,0.042,24.0,183.0,0.99215,3.29,0.46,10.7,5,low,white,84.423,0.07817774777015742,13.114754098360656,162.12121212121212,0.7086785714285715,0.007650273224043715
5.4,0.46,0.15,2.1,0.026,29.0,130.0,0.98953,3.39,0.77,13.4,8,high,white,105.726,0.05107542137222632,22.30769230769231,248.14814814814815,0.4712047619047619,0.016153846153846154
7.8,0.19,0.32,7.4,0.015,47.0,124.0,0.99278,2.99,0.39,11.0,6,medium,white,86.79,0.08987210508123054,37.903225806451616,141.02564102564102,0.13415945945945945,0.05967741935483871
5.5,0.17,0.23,2.9,0.039,10.0,108.0,0.99243,3.28,0.5,10.0,5,low,white,78.9,0.0697084917617237,9.25925925925926,181.8181818181818,0.34221724137931037,0.026851851851851852
6.5,0.26,0.34,1.4,0.04,25.0,184.0,0.99216,3.29,0.46,10.7,5,low,white,84.423,0.07699323644030655,13.586956521739129,164.6153846153846,0.7086857142857144,0.0076086956521739125
6.6,0.27,0.33,1.4,0.042,24.0,183.0,0.99215,3.29,0.46,10.7,5,low,white,84.423,0.07817774777015742,13.114754098360656,162.12121212121212,0.7086785714285715,0.007650273224043715
7.8,0.19,0.32,7.4,0.015,47.0,124.0,0.99278,2.99,0.39,11.0,6,medium,white,86.79,0.08987210508123054,37.903225806451616,141.02564102564102,0.13415945945945945,0.05967741935483871
7.8,0.2,0.32,5.0,0.016,31.0,101.0,0.99186,2.99,0.39,11.0,6,medium,white,86.79,0.08987210508123054,30.693069306930692,141.02564102564102,0.198372,0.04950495049504951
6.1,0.17,0.28,2.5,0.028,22.0,98.0,0.99072,3.16,0.37,11.1,7,medium,white,87.57900000000001,0.06965140044987952,22.448979591836736,181.9672131147541,0.39628800000000003,0.025510204081632654
7.4,0.2,0.35,6.1,0.025,10.0,40.0,0.99244,2.79,0.52,10.9,5,low,white,86.001,0.08604551109870816,25.0,147.2972972972973,0.16269508196721313,0.1525
6.7,0.39,0.24,2.7,0.017,22.0,80.0,0.99084,3.03,0.37,11.5,5,low,white,90.735,0.07384140629305119,27.500000000000004,171.6417910447761,0.3669777777777778,0.03375
5.4,0.46,0.15,2.1,0.026,29.0,130.0,0.98953,3.39,0.77,13.4,8,high,white,105.726,0.05107542137222632,22.30769230769231,248.14814814814815,0.4712047619047619,0.016153846153846154
6.9,0.4,0.17,12.9,0.033,59.0,186.0,0.99754,3.08,0.49,9.4,5,low,white,74.166,0.09303454413073377,31.72043010752688,136.23188405797103,0.07732868217054263,0.06935483870967742
6.9,0.4,0.17,12.9,0.033,59.0,186.0,0.99754,3.08,0.49,9.4,5,low,white,74.166,0.09303454413073377,31.72043010752688,136.23188405797103,0.07732868217054263,0.06935483870967742
6.9,0.4,0.17,12.9,0.033,59.0,186.0,0.99754,3.08,0.49,9.4,5,low,white,74.166,0.09303454413073377,31.72043010752688,136.23188405797103,0.07732868217054263,0.06935483870967742
6.3,0.24,0.29,13.7,0.035,53.0,134.0,0.99567,3.17,0.38,10.6,6,medium,white,83.634,0.07532821579740297,39.55223880597015,168.25396825396825,0.07267664233576643,0.10223880597014925
6.9,0.4,0.17,12.9,0.033,59.0,186.0,0.99754,3.08,0.49,9.4,5,low,white,74.166,0.09303454413073377,31.72043010752688,136.23188405797103,0.07732868217054263,0.06935483870967742
7.4,0.27,0.31,2.4,0.014,15.0,143.0,0.99094,3.03,0.65,12.0,4,low,white,94.68,0.0781580059146599,10.48951048951049,162.16216216216216,0.4128916666666667,0.016783216783216783
6.1,0.27,0.28,9.8,0.042,61.0,125.0,0.99532,3.14,0.42,10.2,6,medium,white,80.47800000000001,0.07579711225428067,48.8,167.21311475409837,0.10156326530612245,0.07840000000000001
6.3,0.24,0.29,13.7,0.035,53.0,134.0,0.99567,3.17,0.38,10.6,6,medium,white,83.634,0.07532821579740297,39.55223880597015,168.25396825396825,0.07267664233576643,0.10223880597014925
5.0,0.61,0.12,1.3,0.009,65.0,100.0,0.9874,3.26,0.37,13.5,5,low,white,106.515,0.04694174529409004,65.0,270.0,0.7595384615384616,0.013000000000000001
6.7,0.42,0.39,12.1,0.04,61.0,248.0,0.99794,3.31,0.58,9.7,5,low,white,76.533,0.08754393529588543,24.596774193548388,144.77611940298507,0.08247438016528927,0.04879032258064516
6.5,0.33,0.28,6.1,0.018,41.0,103.0,0.99122,3.24,0.32,12.2,6,medium,white,96.25800000000001,0.06752685491076066,39.80582524271845,187.69230769230768,0.16249508196721313,0.059223300970873784
6.9,0.33,0.31,7.7,0.04,29.0,135.0,0.99226,3.11,0.57,12.3,5,low,white,97.04700000000001,0.07109957031129246,21.48148148148148,178.26086956521738,0.12886493506493507,0.05703703703703704
6.5,0.33,0.28,6.1,0.018,41.0,103.0,0.99122,3.24,0.32,12.2,6,medium,white,96.25800000000001,0.06752685491076066,39.80582524271845,187.69230769230768,0.16249508196721313,0.059223300970873784
6.3,0.15,0.3,1.4,0.022,38.0,100.0,0.99099,3.42,0.57,11.4,7,medium,white,89.946,0.07004202521512908,38.0,180.95238095238096,0.7078500000000001,0.013999999999999999
6.5,0.32,0.45,7.7,0.022,31.0,97.0,0.99134,3.2,0.7,12.7,7,medium,white,100.203,0.06486831731584883,31.958762886597935,195.3846153846154,0.12874545454545455,0.07938144329896907
6.7,0.42,0.39,12.1,0.04,61.0,248.0,0.99794,3.31,0.58,9.7,5,low,white,76.533,0.08754393529588543,24.596774193548388,144.77611940298507,0.08247438016528927,0.04879032258064516
7.4,0.25,0.29,6.8,0.02,31.0,113.0,0.99338,3.13,0.29,10.8,6,medium,white,85.212,0.08684222879406657,27.43362831858407,145.94594594594594,0.14608529411764706,0.06017699115044248
7.6,0.27,0.3,9.2,0.018,23.0,96.0,0.9938,3.08,0.29,11.0,6,medium,white,86.79,0.08756769213042977,23.958333333333336,144.73684210526315,0.1080217391304348,0.09583333333333333
6.4,0.27,0.45,8.3,0.05,52.0,196.0,0.9955,3.18,0.48,9.5,5,low,white,74.955,0.0853845640717764,26.53061224489796,148.4375,0.11993975903614458,0.042346938775510205
6.5,0.25,0.27,17.4,0.064,29.0,140.0,0.99776,3.2,0.49,10.1,6,medium,white,79.68900000000001,0.08156709207042377,20.714285714285715,155.3846153846154,0.05734252873563219,0.12428571428571428
5.6,0.19,0.31,2.7,0.027,11.0,100.0,0.98964,3.46,0.4,13.2,7,medium,white,104.14800000000001,0.05376963551868494,11.0,235.71428571428572,0.3665333333333333,0.027000000000000003
7.4,0.29,0.48,12.8,0.037,61.5,182.0,0.99808,3.02,0.34,8.8,5,low,white,69.432,0.10657909897453624,33.791208791208796,118.91891891891892,0.07797499999999999,0.07032967032967033
6.4,0.34,0.44,8.2,0.043,54.0,201.0,0.99551,3.18,0.48,9.5,5,low,white,74.955,0.0853845640717764,26.865671641791046,148.4375,0.12140365853658537,0.040796019900497506
6.6,0.27,0.52,8.1,0.044,53.0,202.0,0.99548,3.18,0.48,9.5,5,low,white,74.955,0.08805283169901941,26.237623762376238,143.93939393939394,0.12289876543209878,0.0400990099009901
6.6,0.26,0.52,8.2,0.047,52.0,191.0,0.99541,3.16,0.47,9.5,6,medium,white,74.955,0.08805283169901941,27.225130890052355,143.93939393939394,0.12139146341463417,0.04293193717277487
6.4,0.27,0.45,8.3,0.05,52.0,196.0,0.9955,3.18,0.48,9.5,5,low,white,74.955,0.0853845640717764,26.53061224489796,148.4375,0.11993975903614458,0.042346938775510205
6.5,0.26,0.5,8.0,0.051,46.0,197.0,0.99536,3.18,0.47,9.5,5,low,white,74.955,0.0867186978853979,23.3502538071066,146.15384615384613,0.12442,0.04060913705583756
6.8,0.25,0.3,11.8,0.043,53.0,133.0,0.99524,3.03,0.58,10.4,6,medium,white,82.056,0.08287023496148971,39.849624060150376,152.94117647058826,0.08434237288135593,0.0887218045112782
6.3,0.32,0.26,12.0,0.049,63.0,170.0,0.9961,3.14,0.55,9.9,6,medium,white,78.111,0.08065445327802742,37.05882352941177,157.14285714285717,0.08300833333333334,0.07058823529411765
5.5,0.24,0.45,1.7,0.046,22.0,113.0,0.99224,3.22,0.48,10.0,5,low,white,78.9,0.0697084917617237,19.469026548672566,181.8181818181818,0.5836705882352942,0.01504424778761062
6.5,0.25,0.27,17.4,0.064,29.0,140.0,0.99776,3.2,0.49,10.1,6,medium,white,79.68900000000001,0.08156709207042377,20.714285714285715,155.3846153846154,0.05734252873563219,0.12428571428571428
6.6,0.13,0.29,13.9,0.056,33.0,95.0,0.99702,3.17,0.39,9.4,6,medium,white,74.166,0.08898956395113664,34.73684210526316,142.42424242424244,0.07172805755395684,0.1463157894736842
7.0,0.39,0.21,10.7,0.098,13.0,91.0,0.99657,3.03,0.47,9.3,5,low,white,73.37700000000001,0.09539774043637651,14.285714285714285,132.85714285714286,0.0931373831775701,0.11758241758241758
7.9,0.21,0.39,2.0,0.057,21.0,138.0,0.99176,3.05,0.52,10.9,5,low,white,86.001,0.091859396983756,15.217391304347828,137.9746835443038,0.49588,0.014492753623188406
7.0,0.3,0.28,2.2,0.042,21.0,177.0,0.99166,3.2,0.57,11.4,5,low,white,89.946,0.07782447246125453,11.864406779661017,162.85714285714286,0.4507545454545454,0.012429378531073447
8.1,0.2,0.3,1.3,0.036,7.0,49.0,0.99242,2.99,0.73,10.3,5,low,white,81.26700000000001,0.09967145335745135,14.285714285714285,127.16049382716051,0.7634,0.02653061224489796
8.3,0.18,0.3,1.1,0.033,20.0,57.0,0.99109,3.02,0.51,11.0,6,medium,white,86.79,0.09563313745823251,35.08771929824561,132.5301204819277,0.9009909090909091,0.01929824561403509
7.9,0.21,0.39,2.0,0.057,21.0,138.0,0.99176,3.05,0.52,10.9,5,low,white,86.001,0.091859396983756,15.217391304347828,137.9746835443038,0.49588,0.014492753623188406
7.2,0.17,0.34,6.4,0.042,16.0,111.0,0.99278,2.99,0.4,10.8,6,medium,white,85.212,0.08449514152936206,14.414414414414415,150.0,0.155121875,0.05765765765765766
8.1,0.2,0.3,1.3,0.036,7.0,49.0,0.99242,2.99,0.73,10.3,5,low,white,81.26700000000001,0.09967145335745135,14.285714285714285,127.16049382716051,0.7634,0.02653061224489796
8.3,0.18,0.3,1.1,0.033,20.0,57.0,0.99109,3.02,0.51,11.0,6,medium,white,86.79,0.09563313745823251,35.08771929824561,132.5301204819277,0.9009909090909091,0.01929824561403509
7.0,0.39,0.21,10.7,0.098,13.0,91.0,0.99657,3.03,0.47,9.3,5,low,white,73.37700000000001,0.09539774043637651,14.285714285714285,132.85714285714286,0.0931373831775701,0.11758241758241758
6.8,0.21,0.62,6.4,0.041,7.0,113.0,0.99358,2.96,0.59,10.2,5,low,white,80.47800000000001,0.08449514152936205,6.1946902654867255,150.0,0.155246875,0.056637168141592927
6.9,0.21,0.62,6.3,0.042,7.0,109.0,0.99358,2.96,0.59,10.2,6,medium,white,80.47800000000001,0.08573771714008797,6.422018348623854,147.82608695652172,0.1577111111111111,0.057798165137614675
7.2,0.17,0.34,6.4,0.042,16.0,111.0,0.99278,2.99,0.4,10.8,6,medium,white,85.212,0.08449514152936206,14.414414414414415,150.0,0.155121875,0.05765765765765766
6.8,0.26,0.34,15.1,0.06,42.0,162.0,0.99705,3.24,0.52,10.5,3,low,white,82.845,0.08208099462852314,25.925925925925924,154.41176470588235,0.06602980132450331,0.09320987654320988
7.2,0.28,0.38,2.0,0.052,23.0,156.0,0.9912,3.13,0.52,11.1,5,low,white,87.57900000000001,0.08221148905559551,14.743589743589745,154.16666666666666,0.4956,0.01282051282051282
7.9,0.21,0.39,2.0,0.057,21.0,138.0,0.99176,3.05,0.52,10.9,5,low,white,86.001,0.091859396983756,15.217391304347828,137.9746835443038,0.49588,0.014492753623188406
7.0,0.3,0.28,2.2,0.042,21.0,177.0,0.99166,3.2,0.57,11.4,5,low,white,89.946,0.07782447246125453,11.864406779661017,162.85714285714286,0.4507545454545454,0.012429378531073447
7.4,0.34,0.28,12.1,0.049,31.0,149.0,0.99677,3.22,0.49,10.3,5,low,white,81.26700000000001,0.0910578709685358,20.80536912751678,139.1891891891892,0.08237768595041323,0.08120805369127516
6.3,0.43,0.32,8.8,0.042,18.0,106.0,0.99172,3.28,0.33,12.9,7,medium,white,101.781,0.06189760367848616,16.9811320754717,204.7619047619048,0.11269545454545454,0.08301886792452831
6.8,0.41,0.3,8.8,0.045,28.0,131.0,0.9953,3.12,0.59,9.9,5,low,white,78.111,0.08705560036358514,21.374045801526716,145.58823529411765,0.11310227272727272,0.06717557251908397
6.3,0.4,0.24,5.1,0.036,43.0,131.0,0.99186,3.24,0.44,11.3,6,medium,white,89.15700000000001,0.0706618661462364,32.82442748091603,179.36507936507937,0.19448235294117647,0.03893129770992366
5.1,0.35,0.26,6.8,0.034,36.0,120.0,0.99188,3.38,0.4,11.5,6,medium,white,90.735,0.05620763762605389,30.0,225.49019607843138,0.14586470588235295,0.056666666666666664
5.1,0.35,0.26,6.8,0.034,36.0,120.0,0.99188,3.38,0.4,11.5,6,medium,white,90.735,0.05620763762605389,30.0,225.49019607843138,0.14586470588235295,0.056666666666666664
6.3,0.3,0.2,3.7,0.039,34.0,132.0,0.99158,3.0,0.38,10.7,5,low,white,84.423,0.07462421378060481,25.757575757575758,169.84126984126985,0.26799459459459457,0.02803030303030303
6.9,0.28,0.28,12.2,0.042,52.0,139.0,0.99522,3.03,0.56,10.4,6,medium,white,82.056,0.08408891488739398,37.410071942446045,150.72463768115944,0.08157540983606558,0.08776978417266186
7.0,0.33,0.28,5.7,0.033,39.0,204.0,0.99176,3.17,0.64,12.5,6,medium,white,98.625,0.07097591888466413,19.11764705882353,178.57142857142858,0.17399298245614034,0.027941176470588237
6.7,0.26,0.49,8.1,0.052,48.0,197.0,0.99558,3.19,0.48,9.5,5,low,white,74.955,0.08938696551264093,24.36548223350254,141.79104477611938,0.12291111111111112,0.04111675126903553
7.3,0.24,0.3,2.5,0.042,31.0,104.0,0.9911,3.05,0.56,11.3,7,medium,white,89.15700000000001,0.08187803537579774,29.807692307692307,154.7945205479452,0.39644,0.02403846153846154
6.7,0.46,0.21,4.0,0.034,12.0,88.0,0.99016,3.26,0.54,13.0,6,medium,white,102.57000000000001,0.06532124402846835,13.636363636363635,194.02985074626866,0.24754,0.045454545454545456
5.1,0.35,0.26,6.8,0.034,36.0,120.0,0.99188,3.38,0.4,11.5,6,medium,white,90.735,0.05620763762605389,30.0,225.49019607843138,0.14586470588235295,0.056666666666666664
5.1,0.23,0.18,1.0,0.053,13.0,99.0,0.98956,3.22,0.39,11.5,5,low,white,90.735,0.05620763762605389,13.131313131313133,225.49019607843138,0.98956,0.010101010101010102
6.3,0.4,0.24,5.1,0.036,43.0,131.0,0.99186,3.24,0.44,11.3,6,medium,white,89.15700000000001,0.0706618661462364,32.82442748091603,179.36507936507937,0.19448235294117647,0.03893129770992366
7.1,0.44,0.23,5.8,0.035,24.0,100.0,0.99062,3.15,0.57,13.2,7,medium,white,104.14800000000001,0.06817221646118983,24.0,185.91549295774647,0.17079655172413793,0.057999999999999996
4.8,0.26,0.23,10.6,0.034,23.0,111.0,0.99274,3.46,0.28,11.5,7,medium,white,90.735,0.052901306000991896,20.72072072072072,239.58333333333334,0.09365471698113208,0.09549549549549549
6.8,0.31,0.19,3.5,0.086,30.0,130.0,0.993,2.83,0.44,9.6,5,low,white,75.744,0.08977608787494719,23.076923076923077,141.1764705882353,0.2837142857142857,0.026923076923076925
6.8,0.31,0.19,3.5,0.086,30.0,130.0,0.993,2.83,0.44,9.6,5,low,white,75.744,0.08977608787494719,23.076923076923077,141.1764705882353,0.2837142857142857,0.026923076923076925
7.0,0.15,0.29,16.4,0.058,45.0,110.0,0.9978,3.15,0.37,9.7,6,medium,white,76.533,0.0914638129957012,40.909090909090914,138.57142857142856,0.06084146341463415,0.14909090909090908
6.5,0.41,0.22,4.8,0.052,49.0,142.0,0.9946,3.14,0.62,9.2,5,low,white,72.58800000000001,0.08954648151209565,34.50704225352113,141.53846153846152,0.20720833333333336,0.03380281690140845
6.2,0.31,0.23,3.3,0.052,34.0,113.0,0.99429,3.16,0.48,8.4,5,low,white,66.276,0.093548192407508,30.08849557522124,135.48387096774195,0.3013,0.02920353982300885
8.0,0.27,0.33,1.2,0.05,41.0,103.0,0.99002,3.0,0.45,12.4,6,medium,white,97.836,0.08176949180260845,39.80582524271845,155.0,0.8250166666666667,0.011650485436893204
8.0,0.27,0.33,1.2,0.05,41.0,103.0,0.99002,3.0,0.45,12.4,6,medium,white,97.836,0.08176949180260845,39.80582524271845,155.0,0.8250166666666667,0.011650485436893204
6.5,0.41,0.22,4.8,0.052,49.0,142.0,0.9946,3.14,0.62,9.2,5,low,white,72.58800000000001,0.08954648151209565,34.50704225352113,141.53846153846152,0.20720833333333336,0.03380281690140845
6.2,0.31,0.23,3.3,0.052,34.0,113.0,0.99429,3.16,0.48,8.4,5,low,white,66.276,0.093548192407508,30.08849557522124,135.48387096774195,0.3013,0.02920353982300885
6.7,0.37,0.25,2.5,0.028,24.0,84.0,0.9909,3.14,0.36,11.7,6,medium,white,92.313,0.07257916003163152,28.57142857142857,174.62686567164178,0.39636,0.02976190476190476
6.6,0.21,0.5,8.7,0.036,41.0,191.0,0.99294,2.96,0.56,11.0,6,medium,white,86.79,0.07604562737642584,21.465968586387437,166.66666666666669,0.11413103448275863,0.04554973821989528
7.5,0.26,0.31,1.6,0.032,36.0,109.0,0.99044,2.97,0.43,11.9,6,medium,white,93.891,0.07987986068952295,33.02752293577982,158.66666666666666,0.6190249999999999,0.014678899082568808
7.5,0.34,0.28,4.0,0.028,46.0,100.0,0.98958,3.2,0.5,13.2,7,medium,white,104.14800000000001,0.07201290471252447,46.0,176.0,0.247395,0.04
6.7,0.37,0.25,2.5,0.028,24.0,84.0,0.9909,3.14,0.36,11.7,6,medium,white,92.313,0.07257916003163152,28.57142857142857,174.62686567164178,0.39636,0.02976190476190476
6.4,0.32,0.23,16.2,0.055,36.0,176.0,0.9986,3.26,0.54,9.1,5,low,white,71.799,0.08913773172328306,20.454545454545457,142.18749999999997,0.06164197530864198,0.09204545454545454
6.7,0.24,0.32,9.0,0.023,20.0,109.0,0.99262,3.34,0.35,12.6,6,medium,white,99.414,0.0673949343150864,18.34862385321101,188.0597014925373,0.1102911111111111,0.08256880733944955
6.4,0.32,0.23,16.2,0.055,36.0,176.0,0.9986,3.26,0.54,9.1,5,low,white,71.799,0.08913773172328306,20.454545454545457,142.18749999999997,0.06164197530864198,0.09204545454545454
7.1,0.39,0.79,1.4,0.194,23.0,90.0,0.99212,3.17,0.46,10.5,6,medium,white,82.845,0.08570221497978152,25.555555555555554,147.88732394366198,0.7086571428571429,0.015555555555555555
8.2,0.31,0.43,7.0,0.047,18.0,87.0,0.99628,3.23,0.64,10.6,5,low,white,83.634,0.09804624913312766,20.689655172413794,129.26829268292684,0.1423257142857143,0.08045977011494253
6.7,0.24,0.32,9.0,0.023,20.0,109.0,0.99262,3.34,0.35,12.6,6,medium,white,99.414,0.0673949343150864,18.34862385321101,188.0597014925373,0.1102911111111111,0.08256880733944955
5.9,0.17,0.29,3.1,0.03,32.0,123.0,0.98913,3.41,0.33,13.7,7,medium,white,108.093,0.05458262792225214,26.01626016260163,232.20338983050843,0.31907419354838706,0.025203252032520326
5.9,0.2,0.23,1.5,0.037,38.0,93.0,0.99021,3.36,0.49,12.0,6,medium,white,94.68,0.06231516687790452,40.86021505376344,203.38983050847457,0.6601400000000001,0.016129032258064516
6.6,0.32,0.26,4.6,0.031,26.0,120.0,0.99198,3.4,0.73,12.5,7,medium,white,98.625,0.06692015209125475,21.666666666666668,189.3939393939394,0.21564782608695654,0.03833333333333333
5.9,0.12,0.27,4.8,0.03,40.0,110.0,0.99226,3.55,0.68,12.1,6,medium,white,95.46900000000001,0.06180016549874828,36.36363636363637,205.08474576271186,0.20672083333333335,0.04363636363636363
5.9,0.18,0.29,4.6,0.032,68.0,137.0,0.99159,3.21,0.38,11.3,6,medium,white,89.15700000000001,0.06617539845441188,49.63503649635037,191.52542372881356,0.21556304347826089,0.03357664233576642
5.9,0.2,0.23,1.5,0.037,38.0,93.0,0.99021,3.36,0.49,12.0,6,medium,white,94.68,0.06231516687790452,40.86021505376344,203.38983050847457,0.6601400000000001,0.016129032258064516
5.4,0.17,0.27,2.7,0.049,28.0,104.0,0.99224,3.46,0.55,10.3,6,medium,white,81.26700000000001,0.06644763557163424,26.923076923076923,190.74074074074073,0.36749629629629627,0.025961538461538463
6.1,0.21,0.3,6.3,0.039,47.0,136.0,0.99068,3.27,0.31,12.7,6,medium,white,100.203,0.06087642086564274,34.55882352941176,208.1967213114754,0.15725079365079367,0.04632352941176471
7.3,0.25,0.26,7.2,0.048,52.0,207.0,0.99587,3.12,0.37,9.2,5,low,white,72.58800000000001,0.10056758692896896,25.120772946859905,126.02739726027397,0.13831527777777777,0.034782608695652174
7.3,0.25,0.26,7.2,0.048,52.0,207.0,0.99587,3.12,0.37,9.2,5,low,white,72.58800000000001,0.10056758692896896,25.120772946859905,126.02739726027397,0.13831527777777777,0.034782608695652174
6.2,0.22,0.3,12.4,0.054,108.0,152.0,0.99728,3.1,0.47,9.5,6,medium,white,74.955,0.08271629644453339,71.05263157894737,153.2258064516129,0.0804258064516129,0.08157894736842106
6.5,0.27,0.19,6.6,0.045,98.0,175.0,0.99364,3.16,0.34,10.1,6,medium,white,79.68900000000001,0.08156709207042377,56.00000000000001,155.3846153846154,0.15055151515151516,0.037714285714285714
6.5,0.27,0.19,6.6,0.045,98.0,175.0,0.99364,3.16,0.34,10.1,6,medium,white,79.68900000000001,0.08156709207042377,56.00000000000001,155.3846153846154,0.15055151515151516,0.037714285714285714
6.6,0.39,0.22,4.0,0.038,17.0,98.0,0.99018,3.25,0.53,13.0,7,medium,white,102.57000000000001,0.06434630008774495,17.346938775510203,196.96969696969697,0.247545,0.04081632653061224
6.0,0.31,0.38,4.8,0.04,41.0,101.0,0.98968,3.24,0.56,13.1,6,medium,white,103.35900000000001,0.05805009723391286,40.5940594059406,218.33333333333331,0.20618333333333333,0.047524752475247525
8.4,0.23,0.32,1.3,0.048,59.0,113.0,0.99178,3.1,0.55,11.0,6,medium,white,86.79,0.0967853439336329,52.21238938053098,130.95238095238096,0.7629076923076923,0.011504424778761062
7.3,0.25,0.26,7.2,0.048,52.0,207.0,0.99587,3.12,0.37,9.2,5,low,white,72.58800000000001,0.10056758692896896,25.120772946859905,126.02739726027397,0.13831527777777777,0.034782608695652174
6.0,0.22,0.25,11.1,0.056,112.0,177.0,0.9961,3.08,0.36,9.4,6,medium,white,74.166,0.0808996035919424,63.2768361581921,156.66666666666666,0.08973873873873874,0.06271186440677966
6.2,0.22,0.3,12.4,0.054,108.0,152.0,0.99728,3.1,0.47,9.5,6,medium,white,74.955,0.08271629644453339,71.05263157894737,153.2258064516129,0.0804258064516129,0.08157894736842106
6.1,0.23,0.27,9.8,0.055,74.0,134.0,0.99534,3.16,0.4,10.2,6,medium,white,80.47800000000001,0.07579711225428067,55.223880597014926,167.21311475409837,0.10156530612244898,0.07313432835820896
6.5,0.27,0.19,6.6,0.045,98.0,175.0,0.99364,3.16,0.34,10.1,6,medium,white,79.68900000000001,0.08156709207042377,56.00000000000001,155.3846153846154,0.15055151515151516,0.037714285714285714
7.3,0.36,0.54,13.3,0.054,63.0,193.0,0.99864,3.06,0.49,8.6,4,low,white,67.854,0.10758393020308309,32.64248704663213,117.8082191780822,0.07508571428571428,0.0689119170984456
7.6,0.37,0.51,11.7,0.094,58.0,181.0,0.99776,2.91,0.51,9.0,5,low,white,71.01,0.10702717927052527,32.04419889502763,118.42105263157896,0.08527863247863249,0.06464088397790055
6.7,0.26,0.51,8.0,0.062,50.0,194.0,0.99545,3.13,0.5,9.6,5,low,white,75.744,0.08845585128855091,25.773195876288657,143.28358208955223,0.12443125,0.041237113402061855
7.4,0.22,0.27,1.6,0.057,45.0,98.0,0.99299,3.29,0.44,9.9,7,medium,white,78.111,0.09473697686625443,45.91836734693878,133.78378378378378,0.62061875,0.0163265306122449
6.1,0.22,0.28,16.55,0.059,54.0,135.0,0.99665,3.2,0.38,10.5,5,low,white,82.845,0.07363148047558693,40.0,172.13114754098362,0.06022054380664653,0.1225925925925926
7.1,0.28,0.31,1.5,0.053,20.0,98.0,0.99069,3.15,0.5,11.4,5,low,white,89.946,0.07893625063927245,20.408163265306122,160.56338028169014,0.6604599999999999,0.015306122448979591
6.5,0.35,0.31,10.2,0.069,58.0,170.0,0.99692,3.18,0.49,9.4,5,low,white,74.166,0.08764123722460428,34.11764705882353,144.6153846153846,0.0977372549019608,0.06
6.8,0.73,0.2,6.6,0.054,25.0,65.0,0.99324,3.12,0.28,11.1,4,low,white,87.57900000000001,0.07764418410806243,38.46153846153847,163.23529411764704,0.1504909090909091,0.10153846153846154
6.0,0.28,0.24,17.8,0.047,42.0,111.0,0.99896,3.1,0.45,8.9,6,medium,white,70.221,0.08544452514205152,37.83783783783784,148.33333333333334,0.05612134831460674,0.16036036036036036
6.0,0.28,0.24,17.8,0.047,42.0,111.0,0.99896,3.1,0.45,8.9,6,medium,white,70.221,0.08544452514205152,37.83783783783784,148.33333333333334,0.05612134831460674,0.16036036036036036
7.1,0.2,0.37,1.5,0.049,28.0,129.0,0.99226,3.15,0.52,10.8,5,low,white,85.212,0.0833215978970098,21.705426356589147,152.11267605633805,0.6615066666666667,0.011627906976744186
6.8,0.33,0.31,7.4,0.045,34.0,143.0,0.99226,3.06,0.55,12.2,6,medium,white,96.25800000000001,0.07064347898356499,23.776223776223777,179.41176470588235,0.1340891891891892,0.05174825174825175
6.0,0.28,0.24,17.8,0.047,42.0,111.0,0.99896,3.1,0.45,8.9,6,medium,white,70.221,0.08544452514205152,37.83783783783784,148.33333333333334,0.05612134831460674,0.16036036036036036
7.2,0.24,0.36,2.0,0.029,21.0,63.0,0.99076,3.13,0.63,12.5,6,medium,white,98.625,0.07300380228136882,33.33333333333333,173.61111111111111,0.49538,0.031746031746031744
6.8,0.33,0.31,7.4,0.045,34.0,143.0,0.99226,3.06,0.55,12.2,6,medium,white,96.25800000000001,0.07064347898356499,23.776223776223777,179.41176470588235,0.1340891891891892,0.05174825174825175
7.2,0.24,0.36,2.0,0.029,21.0,63.0,0.99076,3.13,0.63,12.5,6,medium,white,98.625,0.07300380228136882,33.33333333333333,173.61111111111111,0.49538,0.031746031746031744
6.0,0.28,0.24,17.8,0.047,42.0,111.0,0.99896,3.1,0.45,8.9,6,medium,white,70.221,0.08544452514205152,37.83783783783784,148.33333333333334,0.05612134831460674,0.16036036036036036
6.2,0.27,0.26,12.1,0.046,43.0,127.0,0.9951,3.16,0.37,10.8,6,medium,white,85.212,0.07275970520583955,33.85826771653544,174.19354838709677,0.08223966942148761,0.0952755905511811
6.4,0.38,0.26,8.2,0.043,28.0,98.0,0.99234,2.99,0.31,11.4,6,medium,white,89.946,0.071153803393147,28.57142857142857,178.125,0.12101707317073172,0.08367346938775509
7.1,0.2,0.37,1.5,0.049,28.0,129.0,0.99226,3.15,0.52,10.8,5,low,white,85.212,0.0833215978970098,21.705426356589147,152.11267605633805,0.6615066666666667,0.011627906976744186
6.0,0.21,0.3,8.7,0.036,47.0,127.0,0.99368,3.18,0.39,10.6,5,low,white,83.634,0.07174115790228855,37.00787401574803,176.66666666666666,0.114216091954023,0.06850393700787401
7.0,0.34,0.1,3.5,0.044,17.0,63.0,0.9937,3.01,0.39,9.2,5,low,white,72.58800000000001,0.09643467239764147,26.984126984126984,131.42857142857142,0.28391428571428573,0.05555555555555555
5.9,0.435,0.16,6.4,0.031,21.0,134.0,0.99151,3.24,0.46,12.2,6,medium,white,96.25800000000001,0.061293606765151984,15.671641791044777,206.77966101694915,0.15492343749999998,0.04776119402985075
7.0,0.25,0.33,2.1,0.021,17.0,76.0,0.99021,3.26,0.45,12.3,6,medium,white,97.04700000000001,0.07212999886652859,22.36842105263158,175.71428571428572,0.4715285714285714,0.027631578947368424
6.7,0.26,0.29,7.7,0.038,40.0,179.0,0.99479,3.23,0.56,10.4,6,medium,white,82.056,0.08165155503558545,22.3463687150838,155.22388059701493,0.12919350649350647,0.043016759776536316
7.0,0.24,0.3,12.3,0.035,72.0,172.0,0.9954,2.99,0.57,10.4,6,medium,white,82.056,0.08530759481329823,41.86046511627907,148.57142857142858,0.08092682926829267,0.07151162790697675
8.5,0.23,0.34,1.3,0.035,54.0,110.0,0.99176,3.07,0.55,11.0,7,medium,white,86.79,0.09793755040903329,49.09090909090909,129.41176470588235,0.7628923076923076,0.011818181818181818
6.0,0.21,0.3,8.7,0.036,47.0,127.0,0.99368,3.18,0.39,10.6,5,low,white,83.634,0.07174115790228855,37.00787401574803,176.66666666666666,0.114216091954023,0.06850393700787401
7.0,0.34,0.1,3.5,0.044,17.0,63.0,0.9937,3.01,0.39,9.2,5,low,white,72.58800000000001,0.09643467239764147,26.984126984126984,131.42857142857142,0.28391428571428573,0.05555555555555555
4.8,0.65,0.12,1.1,0.013,4.0,10.0,0.99246,3.32,0.36,13.5,4,low,white,106.515,0.04506407548232643,40.0,281.25,0.9022363636363636,0.11000000000000001
6.1,0.22,0.38,2.8,0.144,12.0,65.0,0.9908,2.95,0.64,11.4,6,medium,white,89.946,0.06781846885909323,18.461538461538463,186.88524590163937,0.35385714285714287,0.043076923076923075
5.8,0.27,0.26,3.5,0.071,26.0,69.0,0.98994,3.1,0.38,11.5,6,medium,white,90.735,0.06392241141786521,37.68115942028986,198.27586206896552,0.28284000000000004,0.050724637681159424
5.0,0.455,0.18,1.9,0.036,33.0,106.0,0.98746,3.21,0.83,14.0,7,medium,white,110.46000000000001,0.045265254390729676,31.132075471698112,280.0,0.5197157894736842,0.017924528301886792
6.5,0.33,0.3,3.8,0.036,34.0,88.0,0.99028,3.25,0.63,12.5,7,medium,white,98.625,0.06590621039290241,38.63636363636363,192.30769230769232,0.2606,0.04318181818181818
6.5,0.33,0.3,3.8,0.036,34.0,88.0,0.99028,3.25,0.63,12.5,7,medium,white,98.625,0.06590621039290241,38.63636363636363,192.30769230769232,0.2606,0.04318181818181818
6.7,0.31,0.3,2.4,0.038,30.0,83.0,0.98867,3.09,0.36,12.8,7,medium,white,100.992,0.06634188846641317,36.144578313253014,191.04477611940297,0.41194583333333334,0.028915662650602407
6.2,0.39,0.24,4.8,0.037,45.0,138.0,0.99174,3.23,0.43,11.2,7,medium,white,88.36800000000001,0.07016114430563099,32.608695652173914,180.64516129032256,0.2066125,0.034782608695652174
6.2,0.39,0.24,4.8,0.037,45.0,138.0,0.99174,3.23,0.43,11.2,7,medium,white,88.36800000000001,0.07016114430563099,32.608695652173914,180.64516129032256,0.2066125,0.034782608695652174
7.1,0.37,0.3,6.2,0.04,49.0,139.0,0.99021,3.17,0.27,13.6,6,medium,white,107.304,0.06616715127115484,35.25179856115108,191.5492957746479,0.15971129032258063,0.04460431654676259
7.2,0.23,0.82,1.3,0.149,70.0,109.0,0.99304,2.93,0.42,9.2,6,medium,white,72.58800000000001,0.0991899487518598,64.22018348623854,127.77777777777777,0.7638769230769231,0.011926605504587157
6.5,0.33,0.3,3.8,0.036,34.0,88.0,0.99028,3.25,0.63,12.5,7,medium,white,98.625,0.06590621039290241,38.63636363636363,192.30769230769232,0.2606,0.04318181818181818
7.2,0.25,0.32,1.5,0.054,24.0,105.0,0.99154,3.17,0.48,11.1,6,medium,white,87.57900000000001,0.08221148905559551,22.857142857142858,154.16666666666666,0.6610266666666667,0.014285714285714285
6.2,0.39,0.24,4.8,0.037,45.0,138.0,0.99174,3.23,0.43,11.2,7,medium,white,88.36800000000001,0.07016114430563099,32.608695652173914,180.64516129032256,0.2066125,0.034782608695652174
4.7,0.455,0.18,1.9,0.036,33.0,106.0,0.98746,3.21,0.83,14.0,7,medium,white,110.46000000000001,0.042549339127285896,31.132075471698112,297.8723404255319,0.5197157894736842,0.017924528301886792
7.1,0.37,0.3,6.2,0.04,49.0,139.0,0.99021,3.17,0.27,13.6,6,medium,white,107.304,0.06616715127115484,35.25179856115108,191.5492957746479,0.15971129032258063,0.04460431654676259
6.2,0.28,0.51,7.9,0.056,49.0,206.0,0.9956,3.18,0.52,9.4,5,low,white,74.166,0.08359625704500716,23.78640776699029,151.61290322580646,0.1260253164556962,0.0383495145631068
6.4,0.35,0.28,1.6,0.037,31.0,113.0,0.98779,3.12,0.4,14.2,7,medium,white,112.03800000000001,0.057123475963512374,27.43362831858407,221.87499999999994,0.6173687499999999,0.014159292035398232
6.6,0.31,0.28,1.4,0.035,28.0,107.0,0.98836,3.0,0.4,13.2,6,medium,white,104.14800000000001,0.06337135614702154,26.168224299065418,200.0,0.7059714285714286,0.01308411214953271
7.4,0.25,0.37,2.6,0.05,24.0,132.0,0.99138,3.04,0.53,11.2,6,medium,white,88.36800000000001,0.0837407206228499,18.181818181818183,151.35135135135133,0.38130000000000003,0.0196969696969697
7.3,0.36,0.34,14.8,0.057,46.0,173.0,0.99751,3.14,0.57,10.2,5,low,white,80.47800000000001,0.09070801958299161,26.589595375722542,139.72602739726028,0.06739932432432433,0.08554913294797688
6.7,0.31,0.3,2.4,0.038,30.0,83.0,0.98867,3.09,0.36,12.8,7,medium,white,100.992,0.06634188846641317,36.144578313253014,191.04477611940297,0.41194583333333334,0.028915662650602407
8.6,0.31,0.3,0.9,0.045,16.0,109.0,0.99249,2.95,0.39,10.1,5,low,white,79.68900000000001,0.10791953720086836,14.678899082568808,117.44186046511629,1.1027666666666667,0.008256880733944955
8.6,0.31,0.3,0.9,0.045,16.0,109.0,0.99249,2.95,0.39,10.1,5,low,white,79.68900000000001,0.10791953720086836,14.678899082568808,117.44186046511629,1.1027666666666667,0.008256880733944955
8.6,0.22,0.33,1.2,0.031,38.0,95.0,0.99239,2.83,0.31,10.3,5,low,white,81.26700000000001,0.10582401220667674,40.0,119.76744186046513,0.8269916666666667,0.01263157894736842
6.9,0.14,0.29,9.9,0.056,30.0,91.0,0.99512,3.19,0.33,9.9,6,medium,white,78.111,0.0883358297806967,32.967032967032964,143.47826086956522,0.10051717171717171,0.1087912087912088
6.5,0.22,0.31,3.9,0.046,17.0,106.0,0.99098,3.15,0.31,11.5,5,low,white,90.735,0.07163718520967653,16.037735849056602,176.9230769230769,0.2540974358974359,0.03679245283018868
6.6,0.32,0.47,15.6,0.063,27.0,173.0,0.99872,3.18,0.56,9.0,5,low,white,71.01,0.09294465568229826,15.606936416184972,136.36363636363637,0.06402051282051283,0.09017341040462427
6.6,0.32,0.47,15.6,0.063,27.0,173.0,0.99872,3.18,0.56,9.0,5,low,white,71.01,0.09294465568229826,15.606936416184972,136.36363636363637,0.06402051282051283,0.09017341040462427
6.1,0.28,0.26,1.5,0.03,25.0,101.0,0.98894,3.03,0.41,12.1,6,medium,white,95.46900000000001,0.06389508636311263,24.752475247524753,198.36065573770492,0.6592933333333334,0.01485148514851485
6.2,0.3,0.28,1.6,0.036,28.0,106.0,0.988245,3.14,0.41,13.3,6,medium,white,104.937,0.05908306888895242,26.41509433962264,214.51612903225805,0.617653125,0.01509433962264151
6.9,0.22,0.28,7.8,0.05,43.0,116.0,0.99326,3.22,0.6,11.5,8,high,white,90.735,0.07604562737642585,37.06896551724138,166.66666666666666,0.12734102564102565,0.06724137931034482
8.7,0.31,0.21,5.6,0.039,28.0,67.0,0.99328,2.96,0.52,11.0,4,low,white,86.79,0.10024196335983407,41.7910447761194,126.4367816091954,0.1773714285714286,0.0835820895522388
7.3,0.27,0.3,1.3,0.04,26.0,84.0,0.99222,3.28,0.53,10.7,6,medium,white,84.423,0.0864693270791135,30.952380952380953,146.5753424657534,0.7632461538461538,0.015476190476190477
7.0,0.46,0.2,16.7,0.046,50.0,184.0,0.99898,3.08,0.56,9.4,5,low,white,74.166,0.09438287085726614,27.173913043478258,134.2857142857143,0.05981916167664671,0.09076086956521738
5.7,0.23,0.25,7.95,0.042,16.0,108.0,0.99486,3.44,0.61,10.3,6,medium,white,81.26700000000001,0.07013917088116947,14.814814814814813,180.70175438596493,0.12513962264150943,0.07361111111111111
6.5,0.36,0.36,6.7,0.185,51.5,151.0,0.99528,3.17,0.42,9.3,5,low,white,73.37700000000001,0.08858361611949248,34.105960264900666,143.07692307692307,0.14854925373134328,0.04437086092715232
8.2,0.18,0.38,1.1,0.04,41.0,92.0,0.99062,2.88,0.6,12.0,6,medium,white,94.68,0.0866075200675961,44.565217391304344,146.34146341463418,0.9005636363636362,0.011956521739130435
6.2,0.27,0.32,6.3,0.048,47.0,159.0,0.99282,3.21,0.6,11.0,6,medium,white,86.79,0.07143680147482429,29.559748427672954,177.41935483870967,0.1575904761904762,0.03962264150943396
6.9,0.4,0.37,8.9,0.053,36.0,148.0,0.996,3.16,0.5,9.3,5,low,white,73.37700000000001,0.0940349155729997,24.324324324324326,134.7826086956522,0.11191011235955056,0.06013513513513514
4.9,0.345,0.34,1.0,0.068,32.0,143.0,0.99138,3.24,0.4,10.1,5,low,white,79.68900000000001,0.06148903863770407,22.377622377622377,206.1224489795918,0.99138,0.006993006993006993
7.2,0.23,0.39,1.5,0.053,26.0,106.0,0.99166,3.18,0.47,11.1,6,medium,white,87.57900000000001,0.08221148905559551,24.528301886792452,154.16666666666666,0.6611066666666666,0.014150943396226415
6.4,0.2,0.15,6.6,0.046,26.0,113.0,0.99408,2.99,0.58,9.9,6,medium,white,78.111,0.08193468269513897,23.008849557522122,154.6875,0.15061818181818182,0.0584070796460177
6.1,0.27,0.32,6.2,0.048,47.0,161.0,0.99281,3.22,0.6,11.0,6,medium,white,86.79,0.07028459499942388,29.19254658385093,180.327868852459,0.1601306451612903,0.03850931677018633
6.2,0.27,0.32,6.3,0.048,47.0,159.0,0.99282,3.21,0.6,11.0,6,medium,white,86.79,0.07143680147482429,29.559748427672954,177.41935483870967,0.1575904761904762,0.03962264150943396
6.0,0.3,0.33,2.1,0.042,31.0,127.0,0.98964,3.32,0.42,12.5,6,medium,white,98.625,0.060836501901140684,24.409448818897637,208.33333333333334,0.4712571428571428,0.01653543307086614
6.1,0.3,0.32,2.2,0.042,41.0,142.0,0.98952,3.31,0.44,12.7,7,medium,white,100.203,0.06087642086564274,28.87323943661972,208.1967213114754,0.4497818181818181,0.015492957746478875
5.7,0.14,0.3,5.4,0.045,26.0,105.0,0.99469,3.32,0.45,9.3,5,low,white,73.37700000000001,0.07768101721247801,24.761904761904763,163.1578947368421,0.18420185185185184,0.051428571428571435
6.9,0.4,0.37,8.9,0.053,36.0,148.0,0.996,3.16,0.5,9.3,5,low,white,73.37700000000001,0.0940349155729997,24.324324324324326,134.7826086956522,0.11191011235955056,0.06013513513513514
4.9,0.345,0.34,1.0,0.068,32.0,143.0,0.99138,3.24,0.4,10.1,5,low,white,79.68900000000001,0.06148903863770407,22.377622377622377,206.1224489795918,0.99138,0.006993006993006993
6.3,0.33,0.2,17.9,0.066,36.0,161.0,0.9991,3.14,0.51,8.8,5,low,white,69.432,0.09073625993778084,22.36024844720497,139.6825396825397,0.05581564245810056,0.11118012422360248
7.0,0.16,0.3,2.6,0.043,34.0,90.0,0.99047,2.88,0.47,11.2,6,medium,white,88.36800000000001,0.07921419518377693,37.77777777777778,160.0,0.38094999999999996,0.02888888888888889
8.4,0.22,0.3,1.3,0.038,45.0,122.0,0.99178,3.13,0.54,10.8,7,medium,white,85.212,0.09857766511758907,36.885245901639344,128.57142857142858,0.7629076923076923,0.010655737704918034
6.3,0.33,0.2,17.9,0.066,36.0,161.0,0.9991,3.14,0.51,8.8,5,low,white,69.432,0.09073625993778084,22.36024844720497,139.6825396825397,0.05581564245810056,0.11118012422360248
7.0,0.16,0.3,2.6,0.043,34.0,90.0,0.99047,2.88,0.47,11.2,6,medium,white,88.36800000000001,0.07921419518377693,37.77777777777778,160.0,0.38094999999999996,0.02888888888888889
5.4,0.24,0.18,2.3,0.05,22.0,145.0,0.99207,3.24,0.46,10.3,5,low,white,81.26700000000001,0.06644763557163424,15.172413793103448,190.74074074074073,0.4313347826086957,0.01586206896551724
7.7,0.31,0.36,4.3,0.026,15.0,87.0,0.99152,3.11,0.48,12.0,5,low,white,94.68,0.08132657372201098,17.24137931034483,155.84415584415586,0.2305860465116279,0.04942528735632184
5.6,0.185,0.19,7.1,0.048,36.0,110.0,0.99438,3.26,0.41,9.5,6,medium,white,74.955,0.07471149356280435,32.72727272727273,169.64285714285717,0.1400535211267606,0.06454545454545454
5.6,0.185,0.19,7.1,0.048,36.0,110.0,0.99438,3.26,0.41,9.5,6,medium,white,74.955,0.07471149356280435,32.72727272727273,169.64285714285717,0.1400535211267606,0.06454545454545454
6.6,0.43,0.24,11.9,0.04,54.0,159.0,0.99622,3.14,0.54,9.8,6,medium,white,77.322,0.08535733685109023,33.9622641509434,148.4848484848485,0.08371596638655462,0.07484276729559748
7.6,0.39,0.46,11.7,0.084,55.0,170.0,0.99773,2.91,0.51,9.0,5,low,white,71.01,0.10702717927052527,32.35294117647059,118.42105263157896,0.08527606837606838,0.0688235294117647
7.2,0.58,0.27,5.8,0.032,40.0,118.0,0.99088,3.17,0.53,13.0,7,medium,white,102.57000000000001,0.0701959637320854,33.89830508474576,180.55555555555557,0.17084137931034482,0.04915254237288135
6.0,0.34,0.32,3.8,0.044,13.0,116.0,0.99108,3.39,0.44,11.8,7,medium,white,93.102,0.06444544692917445,11.206896551724139,196.66666666666669,0.2608105263157895,0.03275862068965517
7.5,0.35,0.48,12.4,0.056,61.0,176.5,0.99803,2.97,0.52,8.8,5,low,white,69.432,0.10801935706878672,34.56090651558073,117.33333333333333,0.08048629032258064,0.07025495750708216
7.3,0.38,0.23,6.5,0.05,18.0,102.0,0.99304,3.1,0.55,11.2,4,low,white,88.36800000000001,0.08260908926308165,17.647058823529413,153.42465753424656,0.15277538461538462,0.06372549019607843
5.4,0.185,0.19,7.1,0.048,36.0,110.0,0.99438,3.26,0.41,9.5,6,medium,white,74.955,0.07204322593556134,32.72727272727273,175.9259259259259,0.1400535211267606,0.06454545454545454
6.3,0.27,0.51,7.6,0.049,35.0,200.0,0.99548,3.16,0.54,9.4,4,low,white,74.166,0.08494458377153952,17.5,149.20634920634922,0.1309842105263158,0.038
6.5,0.29,0.52,7.9,0.049,35.0,192.0,0.99551,3.16,0.51,9.5,6,medium,white,74.955,0.0867186978853979,18.229166666666664,146.15384615384613,0.12601392405063291,0.04114583333333333
6.4,0.17,0.3,2.8,0.034,33.0,125.0,0.99152,3.03,0.49,10.4,6,medium,white,82.056,0.07799551525787268,26.400000000000002,162.5,0.3541142857142857,0.0224
6.7,0.18,0.31,10.6,0.035,42.0,143.0,0.99572,3.08,0.49,9.8,7,medium,white,77.322,0.08665062983368252,29.37062937062937,146.26865671641792,0.09393584905660378,0.07412587412587412
6.4,0.17,0.3,2.8,0.034,33.0,125.0,0.99152,3.03,0.49,10.4,6,medium,white,82.056,0.07799551525787268,26.400000000000002,162.5,0.3541142857142857,0.0224
6.8,0.37,0.67,1.5,0.175,16.0,98.0,0.99244,3.06,0.56,10.3,6,medium,white,81.26700000000001,0.08367480034946533,16.3265306122449,151.47058823529414,0.6616266666666667,0.015306122448979591
6.3,0.27,0.51,7.6,0.049,35.0,200.0,0.99548,3.16,0.54,9.4,4,low,white,74.166,0.08494458377153952,17.5,149.20634920634922,0.1309842105263158,0.038
6.5,0.29,0.52,7.9,0.049,35.0,192.0,0.99551,3.16,0.51,9.5,6,medium,white,74.955,0.0867186978853979,18.229166666666664,146.15384615384613,0.12601392405063291,0.04114583333333333
6.1,0.24,0.26,1.7,0.033,61.0,134.0,0.9903,3.19,0.81,11.9,7,medium,white,93.891,0.064968953360812,45.52238805970149,195.08196721311478,0.5825294117647059,0.012686567164179104
7.0,0.32,0.29,7.6,0.025,35.0,124.0,0.99162,3.15,0.65,12.8,7,medium,white,100.992,0.06931242078580481,28.225806451612907,182.85714285714286,0.1304763157894737,0.06129032258064516
6.9,0.27,0.25,7.5,0.03,18.0,117.0,0.99116,3.09,0.38,13.0,6,medium,white,102.57000000000001,0.06727113190991518,15.384615384615385,188.40579710144928,0.13215466666666667,0.0641025641025641
6.5,0.29,0.53,1.7,0.04,41.0,192.0,0.9922,3.26,0.59,10.4,7,medium,white,82.056,0.07921419518377694,21.354166666666664,160.0,0.5836470588235294,0.008854166666666666
6.5,0.29,0.52,1.7,0.034,41.0,193.0,0.99223,3.25,0.59,10.4,6,medium,white,82.056,0.07921419518377694,21.243523316062177,160.0,0.583664705882353,0.008808290155440414
6.1,0.22,0.25,12.1,0.035,54.0,135.0,0.99481,3.21,0.4,10.7,5,low,white,84.423,0.07225519112090306,40.0,175.40983606557376,0.08221570247933885,0.08962962962962963
6.3,0.22,0.27,4.5,0.036,81.0,157.0,0.9928,3.05,0.76,10.7,7,medium,white,84.423,0.07462421378060481,51.59235668789809,169.84126984126985,0.22062222222222222,0.028662420382165606
6.1,0.24,0.26,1.7,0.033,61.0,134.0,0.9903,3.19,0.81,11.9,7,medium,white,93.891,0.064968953360812,45.52238805970149,195.08196721311478,0.5825294117647059,0.012686567164179104
5.6,0.23,0.25,8.0,0.043,31.0,101.0,0.99429,3.19,0.42,10.4,6,medium,white,82.056,0.06824607585063859,30.693069306930692,185.71428571428575,0.12428625,0.07920792079207921
7.0,0.32,0.29,7.6,0.025,35.0,124.0,0.99162,3.15,0.65,12.8,7,medium,white,100.992,0.06931242078580481,28.225806451612907,182.85714285714286,0.1304763157894737,0.06129032258064516
6.8,0.11,0.27,8.6,0.044,45.0,104.0,0.99454,3.2,0.37,9.9,6,medium,white,78.111,0.08705560036358514,43.269230769230774,145.58823529411765,0.11564418604651162,0.08269230769230769
6.8,0.11,0.27,8.6,0.044,45.0,104.0,0.99454,3.2,0.37,9.9,6,medium,white,78.111,0.08705560036358514,43.269230769230774,145.58823529411765,0.11564418604651162,0.08269230769230769
7.3,0.23,0.41,14.6,0.048,73.0,223.0,0.99863,3.16,0.71,9.4,6,medium,white,74.166,0.09842785103686326,32.73542600896861,128.76712328767124,0.06839931506849316,0.06547085201793722
6.1,0.2,0.17,1.6,0.048,46.0,129.0,0.991,3.3,0.43,11.4,6,medium,white,89.946,0.06781846885909323,35.65891472868217,186.88524590163937,0.619375,0.012403100775193798
6.8,0.11,0.27,8.6,0.044,45.0,104.0,0.99454,3.2,0.37,9.9,6,medium,white,78.111,0.08705560036358514,43.269230769230774,145.58823529411765,0.11564418604651162,0.08269230769230769
7.3,0.23,0.41,14.6,0.048,73.0,223.0,0.99863,3.16,0.71,9.4,6,medium,white,74.166,0.09842785103686326,32.73542600896861,128.76712328767124,0.06839931506849316,0.06547085201793722
6.9,0.2,0.41,1.1,0.06,36.0,104.0,0.99317,2.99,0.39,9.2,5,low,white,72.58800000000001,0.09505703422053231,34.61538461538461,133.33333333333331,0.9028818181818181,0.010576923076923078
6.7,0.19,0.32,3.7,0.041,26.0,76.0,0.99173,2.9,0.57,10.5,7,medium,white,82.845,0.08087392117810369,34.21052631578947,156.71641791044775,0.2680351351351351,0.048684210526315795
6.7,0.28,0.34,8.9,0.048,32.0,111.0,0.99455,3.25,0.54,11.0,7,medium,white,86.79,0.07719783385182624,28.82882882882883,164.17910447761193,0.11174719101123595,0.08018018018018018
6.7,0.28,0.34,8.9,0.048,32.0,111.0,0.99455,3.25,0.54,11.0,7,medium,white,86.79,0.07719783385182624,28.82882882882883,164.17910447761193,0.11174719101123595,0.08018018018018018
8.0,0.37,0.31,4.7,0.038,3.0,127.0,0.99186,2.9,0.72,12.1,5,low,white,95.46900000000001,0.08379683457457394,2.3622047244094486,151.25,0.21103404255319147,0.03700787401574803
6.7,0.28,0.34,8.9,0.048,32.0,111.0,0.99455,3.25,0.54,11.0,7,medium,white,86.79,0.07719783385182624,28.82882882882883,164.17910447761193,0.11174719101123595,0.08018018018018018
6.0,0.26,0.29,3.1,0.041,37.0,144.0,0.98944,3.22,0.39,12.8,7,medium,white,100.992,0.059410646387832694,25.694444444444443,213.33333333333334,0.3191741935483871,0.021527777777777778
6.4,0.24,0.49,5.8,0.053,25.0,120.0,0.9942,3.01,0.98,10.5,6,medium,white,82.845,0.07725270082684532,20.833333333333336,164.0625,0.1714137931034483,0.04833333333333333
6.4,0.24,0.49,5.8,0.053,25.0,120.0,0.9942,3.01,0.98,10.5,6,medium,white,82.845,0.07725270082684532,20.833333333333336,164.0625,0.1714137931034483,0.04833333333333333
6.4,0.24,0.49,5.8,0.053,25.0,120.0,0.9942,3.01,0.98,10.5,6,medium,white,82.845,0.07725270082684532,20.833333333333336,164.0625,0.1714137931034483,0.04833333333333333
6.4,0.25,0.57,1.0,0.062,21.0,122.0,0.99238,3.0,0.4,9.5,5,low,white,74.955,0.0853845640717764,17.21311475409836,148.4375,0.99238,0.00819672131147541
6.1,0.25,0.48,15.8,0.052,25.0,94.0,0.99782,3.07,0.45,9.2,6,medium,white,72.58800000000001,0.084035928803659,26.595744680851062,150.81967213114754,0.06315316455696203,0.16808510638297874
6.8,0.14,0.35,1.5,0.047,40.0,117.0,0.99111,3.07,0.72,11.1,6,medium,white,87.57900000000001,0.07764418410806243,34.18803418803419,163.23529411764704,0.66074,0.01282051282051282
6.5,0.38,0.26,5.2,0.042,33.0,112.0,0.99067,3.06,0.5,12.3,7,medium,white,97.04700000000001,0.06697785609034797,29.464285714285715,189.23076923076925,0.19051346153846155,0.04642857142857143
6.8,0.14,0.35,1.5,0.047,40.0,117.0,0.99111,3.07,0.72,11.1,6,medium,white,87.57900000000001,0.07764418410806243,34.18803418803419,163.23529411764704,0.66074,0.01282051282051282
5.4,0.15,0.32,2.5,0.037,10.0,51.0,0.98878,3.04,0.58,12.6,6,medium,white,99.414,0.054318305268875614,19.607843137254903,233.33333333333331,0.395512,0.049019607843137254
6.4,0.25,0.57,1.0,0.062,21.0,122.0,0.99238,3.0,0.4,9.5,5,low,white,74.955,0.0853845640717764,17.21311475409836,148.4375,0.99238,0.00819672131147541
6.1,0.25,0.48,15.8,0.052,25.0,94.0,0.99782,3.07,0.45,9.2,6,medium,white,72.58800000000001,0.084035928803659,26.595744680851062,150.81967213114754,0.06315316455696203,0.16808510638297874
6.8,0.22,0.32,5.9,0.054,40.0,152.0,0.9938,3.2,0.57,10.8,6,medium,white,85.212,0.07980096699995305,26.31578947368421,158.82352941176472,0.16844067796610168,0.03881578947368421
7.2,0.21,0.29,3.1,0.044,39.0,122.0,0.99143,3.0,0.6,11.3,6,medium,white,89.15700000000001,0.08075641845284161,31.967213114754102,156.94444444444443,0.3198161290322581,0.02540983606557377
6.0,0.26,0.29,3.1,0.041,37.0,144.0,0.98944,3.22,0.39,12.8,7,medium,white,100.992,0.059410646387832694,25.694444444444443,213.33333333333334,0.3191741935483871,0.021527777777777778
6.4,0.24,0.49,5.8,0.053,25.0,120.0,0.9942,3.01,0.98,10.5,6,medium,white,82.845,0.07725270082684532,20.833333333333336,164.0625,0.1714137931034483,0.04833333333333333
6.5,0.46,0.24,11.5,0.051,56.0,171.0,0.99588,3.08,0.56,9.8,6,medium,white,77.322,0.08406404386849797,32.748538011695906,150.7692307692308,0.08659826086956522,0.06725146198830409
6.5,0.18,0.48,18.0,0.054,56.0,183.0,1.00038,2.98,0.61,8.5,6,medium,white,67.065,0.09692089763662119,30.601092896174865,130.76923076923077,0.05557666666666667,0.09836065573770492
6.2,0.32,0.12,4.8,0.054,6.0,97.0,0.99424,3.16,0.5,9.3,5,low,white,73.37700000000001,0.08449514152936205,6.185567010309279,150.0,0.20713333333333334,0.049484536082474224
7.2,0.4,0.24,8.5,0.055,45.0,151.0,0.99626,3.2,0.52,9.2,5,low,white,72.58800000000001,0.0991899487518598,29.80132450331126,127.77777777777777,0.11720705882352941,0.056291390728476824
5.9,0.23,0.24,1.6,0.037,32.0,115.0,0.99076,3.21,0.51,11.4,6,medium,white,89.946,0.06559491250305739,27.82608695652174,193.22033898305085,0.6192249999999999,0.01391304347826087
6.4,0.18,0.48,18.0,0.054,56.0,183.0,1.00038,2.98,0.61,8.5,6,medium,white,67.065,0.09542980690375011,30.601092896174865,132.8125,0.05557666666666667,0.09836065573770492
6.2,0.32,0.12,4.8,0.054,6.0,97.0,0.99424,3.16,0.5,9.3,5,low,white,73.37700000000001,0.08449514152936205,6.185567010309279,150.0,0.20713333333333334,0.049484536082474224
6.4,0.37,0.12,5.9,0.056,6.0,91.0,0.99536,3.06,0.46,8.4,4,low,white,66.276,0.09656587603355665,6.593406593406594,131.25,0.1687050847457627,0.06483516483516484
7.0,0.23,0.42,1.1,0.062,35.0,100.0,0.99318,3.04,0.4,9.2,5,low,white,72.58800000000001,0.09643467239764147,35.0,131.42857142857142,0.902890909090909,0.011000000000000001
7.2,0.4,0.24,8.5,0.055,45.0,151.0,0.99626,3.2,0.52,9.2,5,low,white,72.58800000000001,0.0991899487518598,29.80132450331126,127.77777777777777,0.11720705882352941,0.056291390728476824
7.6,0.19,0.37,13.1,0.033,52.0,151.0,0.99726,3.18,0.79,10.4,6,medium,white,82.056,0.0926196743687238,34.437086092715234,136.8421052631579,0.07612671755725191,0.08675496688741721
6.0,0.28,0.27,4.1,0.046,50.0,147.0,0.99126,3.27,0.56,11.6,6,medium,white,91.524,0.06555657532450505,34.01360544217687,193.33333333333334,0.2417707317073171,0.027891156462585033
6.2,0.32,0.45,2.9,0.029,37.0,94.0,0.98998,3.25,0.6,12.4,6,medium,white,97.836,0.06337135614702155,39.361702127659576,200.0,0.34137241379310346,0.030851063829787233
7.6,0.19,0.37,13.1,0.033,52.0,151.0,0.99726,3.18,0.79,10.4,6,medium,white,82.056,0.0926196743687238,34.437086092715234,136.8421052631579,0.07612671755725191,0.08675496688741721
6.4,0.26,0.26,1.1,0.052,22.0,176.0,0.99304,3.09,0.54,9.3,5,low,white,73.37700000000001,0.08722079125611568,12.5,145.3125,0.9027636363636363,0.00625
5.9,0.25,0.27,1.5,0.029,37.0,81.0,0.9892,3.2,0.46,12.2,6,medium,white,96.25800000000001,0.061293606765151984,45.67901234567901,206.77966101694915,0.6594666666666666,0.018518518518518517
6.1,0.28,0.3,7.75,0.031,33.0,139.0,0.99296,3.22,0.46,11.0,6,medium,white,86.79,0.07028459499942388,23.741007194244602,180.327868852459,0.12812387096774194,0.05575539568345324
6.9,0.19,0.38,1.15,0.023,30.0,105.0,0.99047,3.11,0.38,11.4,5,low,white,89.946,0.07671269428323661,28.57142857142857,165.2173913043478,0.8612782608695653,0.010952380952380951
6.4,0.29,0.57,1.0,0.06,15.0,120.0,0.9924,3.06,0.41,9.5,5,low,white,74.955,0.0853845640717764,12.5,148.4375,0.9924,0.008333333333333333
6.8,0.27,0.22,17.8,0.034,16.0,116.0,0.9989,3.07,0.53,9.2,5,low,white,72.58800000000001,0.09367939604342314,13.793103448275861,135.2941176470588,0.056117977528089884,0.15344827586206897
7.5,0.26,0.38,5.7,0.021,23.0,125.0,0.99338,3.13,0.62,11.1,6,medium,white,87.57900000000001,0.08563696776624533,18.4,148.0,0.17427719298245614,0.0456
6.8,0.27,0.22,17.8,0.034,16.0,116.0,0.9989,3.07,0.53,9.2,5,low,white,72.58800000000001,0.09367939604342314,13.793103448275861,135.2941176470588,0.056117977528089884,0.15344827586206897
6.4,0.2,0.22,7.4,0.032,53.0,172.0,0.99404,3.24,0.58,11.0,6,medium,white,86.79,0.07374121442562508,30.813953488372093,171.875,0.13432972972972973,0.04302325581395349
7.3,0.33,0.22,1.4,0.041,40.0,177.0,0.99287,3.14,0.48,9.9,5,low,white,78.111,0.09345674744914288,22.598870056497177,135.6164383561644,0.7091928571428572,0.007909604519774011
7.3,0.34,0.22,1.4,0.044,43.0,176.0,0.99286,3.14,0.46,9.9,5,low,white,78.111,0.09345674744914288,24.431818181818183,135.6164383561644,0.7091857142857143,0.007954545454545454
6.4,0.29,0.57,1.0,0.06,15.0,120.0,0.9924,3.06,0.41,9.5,5,low,white,74.955,0.0853845640717764,12.5,148.4375,0.9924,0.008333333333333333
6.1,1.1,0.16,4.4,0.033,8.0,109.0,0.99058,3.35,0.47,12.4,4,low,white,97.836,0.06234923749948894,7.339449541284404,203.27868852459017,0.22513181818181816,0.04036697247706422
6.3,0.24,0.29,1.6,0.052,48.0,185.0,0.9934,3.21,0.5,9.4,5,low,white,74.166,0.08494458377153952,25.945945945945947,149.20634920634922,0.620875,0.008648648648648649
6.2,0.24,0.22,7.9,0.053,45.0,149.0,0.99545,3.23,0.52,9.3,5,low,white,73.37700000000001,0.08449514152936205,30.201342281879196,150.0,0.12600632911392404,0.05302013422818792
7.4,0.16,0.27,15.5,0.05,25.0,135.0,0.9984,2.9,0.43,8.7,7,medium,white,68.643,0.10780414608918608,18.51851851851852,117.56756756756755,0.06441290322580645,0.11481481481481481
7.4,0.16,0.27,15.5,0.05,25.0,135.0,0.9984,2.9,0.43,8.7,7,medium,white,68.643,0.10780414608918608,18.51851851851852,117.56756756756755,0.06441290322580645,0.11481481481481481
7.4,0.16,0.27,15.5,0.05,25.0,135.0,0.9984,2.9,0.43,8.7,7,medium,white,68.643,0.10780414608918608,18.51851851851852,117.56756756756755,0.06441290322580645,0.11481481481481481
7.4,0.16,0.27,15.5,0.05,25.0,135.0,0.9984,2.9,0.43,8.7,7,medium,white,68.643,0.10780414608918608,18.51851851851852,117.56756756756755,0.06441290322580645,0.11481481481481481
7.2,0.17,0.28,17.55,0.05,33.0,154.0,0.99971,2.94,0.43,9.0,7,medium,white,71.01,0.10139416983523447,21.428571428571427,125.0,0.05696353276353276,0.11396103896103897
6.9,0.19,0.35,13.5,0.038,49.0,118.0,0.99546,3.0,0.63,10.7,6,medium,white,84.423,0.08173128175971003,41.52542372881356,155.0724637681159,0.07373777777777778,0.11440677966101695
6.9,0.19,0.35,13.5,0.038,49.0,118.0,0.99546,3.0,0.63,10.7,6,medium,white,84.423,0.08173128175971003,41.52542372881356,155.0724637681159,0.07373777777777778,0.11440677966101695
6.8,0.16,0.36,1.3,0.034,32.0,98.0,0.99058,3.02,0.58,11.3,6,medium,white,89.15700000000001,0.07626995076101707,32.6530612244898,166.1764705882353,0.7619846153846154,0.01326530612244898
7.4,0.16,0.27,15.5,0.05,25.0,135.0,0.9984,2.9,0.43,8.7,7,medium,white,68.643,0.10780414608918608,18.51851851851852,117.56756756756755,0.06441290322580645,0.11481481481481481
6.8,0.3,0.27,11.6,0.028,22.0,97.0,0.99314,2.96,0.38,11.7,6,medium,white,92.313,0.07366243107687974,22.68041237113402,172.05882352941174,0.08561551724137932,0.11958762886597937
6.2,0.24,0.22,7.9,0.053,45.0,149.0,0.99545,3.23,0.52,9.3,5,low,white,73.37700000000001,0.08449514152936205,30.201342281879196,150.0,0.12600632911392404,0.05302013422818792
7.4,0.16,0.27,15.5,0.05,25.0,135.0,0.9984,2.9,0.43,8.7,7,medium,white,68.643,0.10780414608918608,18.51851851851852,117.56756756756755,0.06441290322580645,0.11481481481481481
7.2,0.17,0.28,17.55,0.05,33.0,154.0,0.99971,2.94,0.43,9.0,7,medium,white,71.01,0.10139416983523447,21.428571428571427,125.0,0.05696353276353276,0.11396103896103897
6.8,0.3,0.27,11.6,0.028,22.0,97.0,0.99314,2.96,0.38,11.7,6,medium,white,92.313,0.07366243107687974,22.68041237113402,172.05882352941174,0.08561551724137932,0.11958762886597937
6.5,0.43,0.18,13.15,0.032,25.0,131.0,0.99565,3.23,0.51,10.7,5,low,white,84.423,0.07699323644030655,19.083969465648856,164.6153846153846,0.07571482889733841,0.10038167938931299
6.6,0.17,0.36,1.9,0.036,38.0,110.0,0.99056,3.05,0.54,11.4,6,medium,white,89.946,0.07337735974918284,34.54545454545455,172.72727272727275,0.5213473684210527,0.017272727272727273
6.9,0.19,0.35,13.5,0.038,49.0,118.0,0.99546,3.0,0.63,10.7,6,medium,white,84.423,0.08173128175971003,41.52542372881356,155.0724637681159,0.07373777777777778,0.11440677966101695
6.8,0.16,0.36,1.3,0.034,32.0,98.0,0.99058,3.02,0.58,11.3,6,medium,white,89.15700000000001,0.07626995076101707,32.6530612244898,166.1764705882353,0.7619846153846154,0.01326530612244898
6.4,0.41,0.01,6.1,0.048,20.0,70.0,0.99362,3.19,0.42,10.0,5,low,white,78.9,0.08111533586818757,28.57142857142857,156.25,0.16288852459016392,0.08714285714285713
6.4,0.41,0.01,6.1,0.048,20.0,70.0,0.99362,3.19,0.42,10.0,5,low,white,78.9,0.08111533586818757,28.57142857142857,156.25,0.16288852459016392,0.08714285714285713
7.4,0.36,0.32,1.9,0.036,27.0,119.0,0.99196,3.15,0.49,11.2,6,medium,white,88.36800000000001,0.0837407206228499,22.689075630252102,151.35135135135133,0.5220842105263158,0.015966386554621848
6.1,0.17,0.21,1.9,0.09,44.0,130.0,0.99255,3.07,0.41,9.7,5,low,white,76.533,0.0797041798962539,33.84615384615385,159.01639344262296,0.5223947368421054,0.014615384615384615
5.5,0.28,0.21,1.6,0.032,23.0,85.0,0.99027,3.42,0.42,12.5,5,low,white,98.625,0.05576679340937896,27.058823529411764,227.27272727272728,0.61891875,0.018823529411764708
6.6,0.5,0.26,11.3,0.029,32.0,110.0,0.99302,3.27,0.78,12.9,8,high,white,101.781,0.06484510861555692,29.09090909090909,195.45454545454547,0.08787787610619469,0.10272727272727274
7.1,0.44,0.27,8.4,0.057,60.0,160.0,0.99257,3.16,0.36,11.8,6,medium,white,93.102,0.07626044553285644,37.5,166.19718309859158,0.11816309523809523,0.052500000000000005
6.9,0.38,0.28,8.3,0.062,22.0,166.0,0.99506,3.16,0.72,10.6,5,low,white,83.634,0.08250233158763183,13.253012048192772,153.6231884057971,0.11988674698795179,0.05
7.1,0.44,0.27,8.4,0.057,60.0,160.0,0.99257,3.16,0.36,11.8,6,medium,white,93.102,0.07626044553285644,37.5,166.19718309859158,0.11816309523809523,0.052500000000000005
6.2,0.24,0.28,12.2,0.049,54.0,133.0,0.9952,3.19,0.37,10.7,6,medium,white,84.423,0.07343970245075394,40.6015037593985,172.5806451612903,0.08157377049180328,0.09172932330827067
6.1,0.28,0.27,8.0,0.048,41.0,162.0,0.99498,3.21,0.51,9.9,5,low,white,78.111,0.07809399444380433,25.308641975308642,162.29508196721315,0.1243725,0.04938271604938271
7.6,0.26,0.32,1.3,0.048,23.0,76.0,0.9903,2.96,0.46,12.0,6,medium,white,94.68,0.08027038445289394,30.263157894736842,157.89473684210526,0.7617692307692308,0.017105263157894738
7.5,0.16,0.38,12.7,0.043,70.5,163.0,0.99706,3.15,0.82,10.4,7,medium,white,82.056,0.09140099444281954,43.25153374233129,138.66666666666669,0.07850866141732284,0.07791411042944785
6.5,0.36,0.16,1.3,0.054,11.0,107.0,0.99398,3.19,0.39,8.5,5,low,white,67.065,0.09692089763662119,10.2803738317757,130.76923076923077,0.7646,0.012149532710280374
6.6,0.35,0.19,10.5,0.06,15.0,82.0,0.99588,3.13,0.38,9.9,4,low,white,78.111,0.08449514152936205,18.29268292682927,150.00000000000003,0.09484571428571428,0.12804878048780488
5.7,0.25,0.26,12.5,0.049,52.5,120.0,0.99691,3.08,0.45,9.4,6,medium,white,74.166,0.07685462341234528,43.75,164.91228070175438,0.0797528,0.10416666666666667
7.4,0.37,0.26,9.6,0.05,33.0,134.0,0.99608,3.13,0.46,10.4,5,low,white,82.056,0.09018231451691529,24.62686567164179,140.54054054054055,0.10375833333333333,0.07164179104477612
5.7,0.25,0.21,1.5,0.044,21.0,108.0,0.99142,3.3,0.59,11.0,6,medium,white,86.79,0.06567576909782233,19.444444444444446,192.98245614035088,0.6609466666666667,0.013888888888888888
5.8,0.23,0.21,1.5,0.044,21.0,110.0,0.99138,3.3,0.57,11.0,6,medium,white,86.79,0.06682797557322272,19.090909090909093,189.6551724137931,0.6609200000000001,0.013636363636363636
5.4,0.265,0.28,7.8,0.052,27.0,91.0,0.99432,3.19,0.38,10.4,6,medium,white,82.056,0.06580871599883008,29.67032967032967,192.59259259259258,0.12747692307692307,0.08571428571428572
5.7,0.25,0.27,10.8,0.05,58.0,116.0,0.99592,3.1,0.5,9.8,6,medium,white,77.322,0.07371770000775976,50.0,171.9298245614035,0.0922148148148148,0.09310344827586207
5.7,0.25,0.26,12.5,0.049,52.5,106.0,0.99691,3.08,0.45,9.4,6,medium,white,74.166,0.07685462341234528,49.528301886792455,164.91228070175438,0.0797528,0.1179245283018868
5.9,0.23,0.28,8.6,0.046,37.0,142.0,0.99432,3.23,0.53,10.6,6,medium,white,83.634,0.0705454719372504,26.056338028169012,179.66101694915253,0.11561860465116279,0.060563380281690136
6.2,0.3,0.32,1.2,0.052,32.0,185.0,0.99266,3.28,0.44,10.1,5,low,white,79.68900000000001,0.07780245705178883,17.2972972972973,162.9032258064516,0.8272166666666667,0.006486486486486486
6.5,0.33,0.24,14.5,0.048,20.0,96.0,0.99456,3.06,0.3,11.5,8,high,white,90.735,0.07163718520967653,20.833333333333336,176.9230769230769,0.0685903448275862,0.15104166666666666
7.4,0.26,0.29,3.7,0.048,14.0,73.0,0.9915,3.06,0.45,11.4,6,medium,white,89.946,0.08227158517332622,19.17808219178082,154.05405405405406,0.26797297297297296,0.050684931506849315
7.0,0.2,0.4,1.1,0.058,30.0,93.0,0.99322,3.03,0.38,9.2,6,medium,white,72.58800000000001,0.09643467239764147,32.25806451612903,131.42857142857142,0.9029272727272727,0.011827956989247313
6.5,0.21,0.42,1.1,0.059,33.0,101.0,0.9927,3.12,0.38,9.7,6,medium,white,76.533,0.08493068349600826,32.67326732673268,149.2307692307692,0.9024545454545454,0.010891089108910892
7.3,0.25,0.27,3.8,0.047,16.0,79.0,0.99173,3.07,0.46,11.3,6,medium,white,89.15700000000001,0.08187803537579774,20.253164556962027,154.7945205479452,0.26098157894736845,0.04810126582278481
6.8,0.27,0.24,4.6,0.098,36.0,127.0,0.99412,3.15,0.49,9.6,6,medium,white,75.744,0.08977608787494719,28.346456692913385,141.1764705882353,0.21611304347826088,0.03622047244094488
6.7,0.24,0.3,10.2,0.07,44.0,179.0,0.99666,2.86,0.46,8.9,6,medium,white,70.221,0.09541305307529087,24.581005586592177,132.8358208955224,0.09771176470588236,0.05698324022346368
6.4,0.14,0.28,7.9,0.057,21.0,82.0,0.99425,3.26,0.36,10.0,6,medium,white,78.9,0.08111533586818757,25.609756097560975,156.25,0.12585443037974683,0.09634146341463415
6.4,0.5,0.2,2.4,0.059,19.0,112.0,0.99314,3.18,0.4,9.2,6,medium,white,72.58800000000001,0.0881688433349865,16.964285714285715,143.74999999999997,0.41380833333333333,0.02142857142857143
6.6,0.41,0.27,10.7,0.11,20.0,103.0,0.99672,3.08,0.41,9.0,6,medium,white,71.01,0.09294465568229826,19.41747572815534,136.36363636363637,0.09315140186915889,0.10388349514563106
6.4,0.25,0.28,4.9,0.03,29.0,98.0,0.99024,3.09,0.58,12.8,7,medium,white,100.992,0.06337135614702155,29.591836734693878,200.0,0.20208979591836734,0.05
6.6,0.41,0.27,10.7,0.11,20.0,103.0,0.99672,3.08,0.41,9.0,6,medium,white,71.01,0.09294465568229826,19.41747572815534,136.36363636363637,0.09315140186915889,0.10388349514563106
8.0,0.25,0.35,1.1,0.054,13.0,136.0,0.99366,3.08,0.55,9.5,5,low,white,74.955,0.1067307050897205,9.558823529411764,118.75,0.9033272727272726,0.008088235294117648
6.4,0.14,0.28,7.9,0.057,21.0,82.0,0.99425,3.26,0.36,10.0,6,medium,white,78.9,0.08111533586818757,25.609756097560975,156.25,0.12585443037974683,0.09634146341463415
6.6,0.21,0.34,5.6,0.046,30.0,140.0,0.99299,3.22,0.38,11.0,5,low,white,86.79,0.07604562737642584,21.428571428571427,166.66666666666669,0.17731964285714288,0.04
6.4,0.5,0.2,2.4,0.059,19.0,112.0,0.99314,3.18,0.4,9.2,6,medium,white,72.58800000000001,0.0881688433349865,16.964285714285715,143.74999999999997,0.41380833333333333,0.02142857142857143
6.3,0.29,0.23,14.2,0.037,24.0,99.0,0.99528,3.08,0.38,10.6,6,medium,white,83.634,0.07532821579740297,24.242424242424242,168.25396825396825,0.07009014084507043,0.14343434343434341
6.9,0.37,0.23,9.5,0.057,54.0,166.0,0.99568,3.23,0.42,10.0,5,low,white,78.9,0.08745247148288973,32.53012048192771,144.92753623188406,0.10480842105263158,0.0572289156626506
6.9,0.37,0.23,9.5,0.057,54.0,166.0,0.99568,3.23,0.42,10.0,5,low,white,78.9,0.08745247148288973,32.53012048192771,144.92753623188406,0.10480842105263158,0.0572289156626506
5.7,0.31,0.28,4.1,0.03,22.0,86.0,0.99062,3.31,0.38,11.7,7,medium,white,92.313,0.0617464495791492,25.581395348837212,205.26315789473682,0.24161463414634146,0.04767441860465116
6.9,0.45,0.27,4.7,0.035,17.0,80.0,0.99058,3.12,0.36,12.5,7,medium,white,98.625,0.0699619771863118,21.25,181.15942028985506,0.21076170212765957,0.058750000000000004
6.9,0.3,0.45,1.4,0.039,36.0,122.0,0.99059,3.07,0.47,11.1,7,medium,white,87.57900000000001,0.0787860103449457,29.508196721311474,160.86956521739128,0.7075642857142858,0.011475409836065573
5.3,0.23,0.56,0.9,0.041,46.0,141.0,0.99119,3.16,0.62,9.7,5,low,white,76.533,0.06925117269674519,32.62411347517731,183.0188679245283,1.1013222222222223,0.006382978723404256
6.8,0.3,0.26,20.3,0.037,45.0,150.0,0.99727,3.04,0.38,12.3,6,medium,white,97.04700000000001,0.07006914175605633,30.0,180.8823529411765,0.049126600985221675,0.13533333333333333
6.7,0.28,0.42,3.5,0.035,43.0,105.0,0.99021,3.18,0.38,12.2,6,medium,white,96.25800000000001,0.06960460429263021,40.95238095238095,182.08955223880596,0.28291714285714287,0.03333333333333333
5.0,0.255,0.22,2.7,0.043,46.0,153.0,0.99238,3.75,0.76,11.3,6,medium,white,89.15700000000001,0.05608084614780667,30.065359477124183,226.00000000000003,0.3675481481481481,0.01764705882352941
7.6,0.4,0.27,1.2,0.053,23.0,193.0,0.99164,3.22,0.38,11.6,5,low,white,91.524,0.08303832874437306,11.917098445595855,152.63157894736844,0.8263666666666667,0.0062176165803108805
5.5,0.21,0.25,1.2,0.04,18.0,75.0,0.99006,3.31,0.56,11.3,6,medium,white,89.15700000000001,0.061688930762587336,24.0,205.45454545454547,0.8250500000000001,0.016
6.0,0.2,0.25,2.0,0.041,30.0,95.0,0.99078,3.27,0.56,11.1,6,medium,white,87.57900000000001,0.06850957421299626,31.57894736842105,185.0,0.49539,0.021052631578947368
6.1,0.17,0.29,1.1,0.041,32.0,92.0,0.99036,3.26,0.57,11.2,6,medium,white,88.36800000000001,0.06902951294586275,34.78260869565217,183.60655737704917,0.9003272727272726,0.011956521739130435
7.5,0.21,0.29,1.5,0.046,35.0,107.0,0.99123,3.15,0.45,11.3,6,medium,white,89.15700000000001,0.08412126922171001,32.71028037383177,150.66666666666669,0.6608200000000001,0.014018691588785047
7.3,0.26,0.32,1.2,0.041,29.0,94.0,0.98978,3.07,0.45,12.0,6,medium,white,94.68,0.07710181664554287,30.851063829787233,164.38356164383563,0.8248166666666666,0.01276595744680851
6.2,0.35,0.2,18.1,0.069,33.0,158.0,0.99908,3.15,0.5,8.8,6,medium,white,69.432,0.08929600184353036,20.88607594936709,141.93548387096774,0.055197790055248615,0.11455696202531647
6.2,0.35,0.2,18.1,0.069,33.0,158.0,0.99908,3.15,0.5,8.8,6,medium,white,69.432,0.08929600184353036,20.88607594936709,141.93548387096774,0.055197790055248615,0.11455696202531647
6.5,0.43,0.31,3.6,0.046,19.0,143.0,0.99022,3.15,0.34,12.0,8,high,white,94.68,0.06865230249260668,13.286713286713287,184.6153846153846,0.2750611111111111,0.025174825174825177
6.5,0.4,0.31,3.5,0.046,22.0,147.0,0.99024,3.15,0.31,12.0,7,medium,white,94.68,0.06865230249260668,14.965986394557824,184.6153846153846,0.2829257142857143,0.023809523809523808
7.4,0.28,0.5,12.1,0.049,48.0,122.0,0.9973,3.01,0.44,9.0,5,low,white,71.01,0.10421067455287987,39.34426229508197,121.62162162162163,0.08242148760330578,0.09918032786885246
6.3,0.23,0.22,17.45,0.054,42.0,151.0,0.99853,3.12,0.6,9.3,6,medium,white,73.37700000000001,0.08585796639273885,27.81456953642384,147.61904761904762,0.05722234957020058,0.11556291390728476
6.2,0.34,0.25,12.1,0.059,33.0,171.0,0.99769,3.14,0.56,8.7,6,medium,white,68.643,0.09032239266931807,19.298245614035086,140.32258064516128,0.08245371900826447,0.07076023391812865
6.6,0.44,0.32,3.0,0.095,13.0,75.0,0.98954,3.1,0.63,12.8,6,medium,white,100.992,0.06535171102661597,17.333333333333336,193.93939393939397,0.3298466666666667,0.04
6.0,0.13,0.36,1.6,0.052,23.0,72.0,0.98974,3.1,0.5,11.5,7,medium,white,90.735,0.06612663250123987,31.944444444444443,191.66666666666669,0.6185875,0.022222222222222223
6.3,0.17,0.23,5.7,0.048,44.0,147.0,0.99382,3.08,0.54,10.0,5,low,white,78.9,0.07984790874524714,29.931972789115648,158.73015873015873,0.1743543859649123,0.03877551020408163
6.3,0.18,0.22,5.6,0.047,45.0,147.0,0.99383,3.09,0.54,10.0,5,low,white,78.9,0.07984790874524714,30.612244897959183,158.73015873015873,0.17746964285714287,0.03809523809523809
6.7,0.31,0.34,6.8,0.059,51.0,215.0,0.99538,3.33,0.56,10.3,5,low,white,81.26700000000001,0.08244428857962026,23.72093023255814,153.73134328358208,0.1463794117647059,0.03162790697674418
6.6,0.33,0.32,15.6,0.054,62.0,227.0,0.99734,3.25,0.56,10.4,5,low,white,82.056,0.0804328751096812,27.312775330396477,157.5757575757576,0.06393205128205129,0.06872246696035242
6.3,0.34,0.31,6.0,0.02,18.0,68.0,0.98981,3.22,0.29,13.4,7,medium,white,105.726,0.05958799160093071,26.47058823529412,212.6984126984127,0.16496833333333333,0.08823529411764706
6.8,0.29,0.32,1.8,0.032,18.0,130.0,0.99095,3.05,0.62,11.2,6,medium,white,88.36800000000001,0.07695093246424044,13.846153846153847,164.70588235294116,0.5505277777777777,0.013846153846153847
7.4,0.31,0.26,8.6,0.048,47.0,206.0,0.9964,3.26,0.36,9.1,5,low,white,71.799,0.10306550230504603,22.815533980582526,122.97297297297295,0.11586046511627907,0.04174757281553398
7.4,0.31,0.26,8.6,0.048,47.0,206.0,0.9964,3.26,0.36,9.1,5,low,white,71.799,0.10306550230504603,22.815533980582526,122.97297297297295,0.11586046511627907,0.04174757281553398
5.7,0.25,0.27,11.5,0.04,24.0,120.0,0.99411,3.33,0.31,10.8,6,medium,white,85.212,0.0668919870440783,20.0,189.47368421052633,0.08644434782608697,0.09583333333333334
6.8,0.27,0.28,7.8,0.038,26.0,89.0,0.9915,3.24,0.34,12.5,6,medium,white,98.625,0.06894803548795944,29.213483146067414,183.82352941176472,0.12711538461538463,0.08764044943820225
5.9,0.26,0.24,2.4,0.046,27.0,132.0,0.99234,3.63,0.73,11.3,5,low,white,89.15700000000001,0.06617539845441188,20.454545454545457,191.52542372881356,0.41347500000000004,0.01818181818181818
5.9,0.65,0.23,5.0,0.035,20.0,128.0,0.99016,3.46,0.48,12.8,6,medium,white,100.992,0.05842046894803549,15.625,216.94915254237287,0.198032,0.0390625
7.4,0.31,0.26,8.6,0.048,47.0,206.0,0.9964,3.26,0.36,9.1,5,low,white,71.799,0.10306550230504603,22.815533980582526,122.97297297297295,0.11586046511627907,0.04174757281553398
6.6,0.23,0.32,1.5,0.041,8.0,72.0,0.98949,3.22,0.39,12.7,6,medium,white,100.203,0.06586629142840034,11.11111111111111,192.42424242424244,0.65966,0.020833333333333332
6.8,0.18,0.35,5.4,0.054,53.0,143.0,0.99287,3.1,0.54,11.0,7,medium,white,86.79,0.07835004032722663,37.06293706293706,161.76470588235296,0.18386481481481481,0.03776223776223776
6.8,0.28,0.29,11.9,0.052,51.0,149.0,0.99544,3.02,0.58,10.4,6,medium,white,82.056,0.08287023496148971,34.22818791946309,152.94117647058826,0.08365042016806723,0.07986577181208054
6.8,0.28,0.29,11.9,0.052,51.0,149.0,0.99544,3.02,0.58,10.4,6,medium,white,82.056,0.08287023496148971,34.22818791946309,152.94117647058826,0.08365042016806723,0.07986577181208054
5.9,0.27,0.27,9.0,0.051,43.0,136.0,0.9941,3.25,0.53,10.7,6,medium,white,84.423,0.06988616846120134,31.61764705882353,181.3559322033898,0.11045555555555556,0.0661764705882353
6.1,0.25,0.28,10.0,0.055,56.0,131.0,0.994,3.22,0.35,10.9,6,medium,white,86.001,0.07092940779758374,42.74809160305343,178.68852459016395,0.0994,0.07633587786259542
6.8,0.28,0.29,11.9,0.052,51.0,149.0,0.99544,3.02,0.58,10.4,6,medium,white,82.056,0.08287023496148971,34.22818791946309,152.94117647058826,0.08365042016806723,0.07986577181208054
6.8,0.26,0.29,11.9,0.052,54.0,160.0,0.99546,3.03,0.58,10.4,6,medium,white,82.056,0.08287023496148971,33.75,152.94117647058826,0.08365210084033613,0.074375
7.1,0.13,0.29,15.5,0.064,56.0,115.5,0.99737,3.16,0.41,9.7,7,medium,white,76.533,0.09277043889563978,48.484848484848484,136.61971830985914,0.06434645161290323,0.1341991341991342
6.8,0.18,0.35,5.4,0.054,53.0,143.0,0.99287,3.1,0.54,11.0,7,medium,white,86.79,0.07835004032722663,37.06293706293706,161.76470588235296,0.18386481481481481,0.03776223776223776
6.2,0.2,0.25,15.0,0.055,8.0,120.0,0.99767,3.19,0.53,9.6,6,medium,white,75.744,0.0818546683565695,6.666666666666667,154.83870967741936,0.06651133333333333,0.125
5.8,0.24,0.28,1.4,0.038,40.0,76.0,0.98711,3.1,0.29,13.9,7,medium,white,109.671,0.05288544829535611,52.63157894736842,239.6551724137931,0.7050785714285716,0.018421052631578946
7.6,0.48,0.31,9.4,0.046,6.0,194.0,0.99714,3.07,0.61,9.4,5,low,white,74.166,0.10247283121646038,3.0927835051546393,123.6842105263158,0.10607872340425532,0.04845360824742268
7.4,0.26,0.32,3.7,0.032,29.0,193.0,0.99134,3.1,0.67,12.5,6,medium,white,98.625,0.07503168567807351,15.025906735751295,168.9189189189189,0.2679297297297297,0.01917098445595855
6.2,0.2,0.25,15.0,0.055,8.0,120.0,0.99767,3.19,0.53,9.6,6,medium,white,75.744,0.0818546683565695,6.666666666666667,154.83870967741936,0.06651133333333333,0.125
6.1,0.3,0.47,1.4,0.049,50.0,187.0,0.9927,3.19,0.45,9.5,5,low,white,74.955,0.08138216263091187,26.737967914438503,155.73770491803282,0.7090714285714287,0.0074866310160427805
6.2,0.32,0.5,6.5,0.048,61.0,186.0,0.9948,3.19,0.45,9.6,5,low,white,75.744,0.0818546683565695,32.795698924731184,154.83870967741936,0.15304615384615386,0.03494623655913978
6.1,0.3,0.47,1.4,0.049,50.0,187.0,0.9927,3.19,0.45,9.5,5,low,white,74.955,0.08138216263091187,26.737967914438503,155.73770491803282,0.7090714285714287,0.0074866310160427805
6.3,0.34,0.52,6.3,0.047,63.0,186.0,0.99481,3.18,0.44,9.6,5,low,white,75.744,0.08317490494296578,33.87096774193548,152.38095238095238,0.15790634920634922,0.03387096774193548
7.4,0.16,0.3,13.7,0.056,33.0,168.0,0.99825,2.9,0.44,8.7,7,medium,white,68.643,0.10780414608918608,19.642857142857142,117.56756756756755,0.07286496350364964,0.08154761904761905
7.4,0.16,0.3,13.7,0.056,33.0,168.0,0.99825,2.9,0.44,8.7,7,medium,white,68.643,0.10780414608918608,19.642857142857142,117.56756756756755,0.07286496350364964,0.08154761904761905
7.4,0.16,0.3,13.7,0.056,33.0,168.0,0.99825,2.9,0.44,8.7,7,medium,white,68.643,0.10780414608918608,19.642857142857142,117.56756756756755,0.07286496350364964,0.08154761904761905
7.4,0.16,0.3,13.7,0.056,33.0,168.0,0.99825,2.9,0.44,8.7,7,medium,white,68.643,0.10780414608918608,19.642857142857142,117.56756756756755,0.07286496350364964,0.08154761904761905
7.4,0.16,0.3,13.7,0.056,33.0,168.0,0.99825,2.9,0.44,8.7,7,medium,white,68.643,0.10780414608918608,19.642857142857142,117.56756756756755,0.07286496350364964,0.08154761904761905
7.4,0.16,0.3,13.7,0.056,33.0,168.0,0.99825,2.9,0.44,8.7,7,medium,white,68.643,0.10780414608918608,19.642857142857142,117.56756756756755,0.07286496350364964,0.08154761904761905
7.2,0.26,0.38,1.5,0.061,12.0,120.0,0.99192,3.18,0.46,10.4,5,low,white,82.056,0.08774495466510676,10.0,144.44444444444443,0.66128,0.0125
7.0,0.31,0.35,1.6,0.063,13.0,119.0,0.99184,3.22,0.5,10.7,5,low,white,84.423,0.0829157930895609,10.92436974789916,152.85714285714283,0.6199,0.013445378151260505
6.6,0.22,0.35,1.4,0.05,23.0,83.0,0.99019,3.17,0.48,12.0,7,medium,white,94.68,0.0697084917617237,27.710843373493976,181.81818181818184,0.7072785714285715,0.016867469879518072
5.8,0.23,0.31,3.5,0.044,35.0,158.0,0.98998,3.19,0.37,12.1,7,medium,white,95.46900000000001,0.060752705066566104,22.151898734177212,208.6206896551724,0.2828514285714286,0.022151898734177215
6.3,0.17,0.32,1.0,0.04,39.0,118.0,0.98886,3.31,0.4,13.1,8,high,white,103.35900000000001,0.0609526020956085,33.05084745762712,207.93650793650795,0.98886,0.00847457627118644
6.0,0.19,0.26,1.4,0.039,30.0,104.0,0.98998,3.32,0.41,12.4,6,medium,white,97.836,0.06132711885195634,28.846153846153843,206.66666666666669,0.7071285714285714,0.01346153846153846
6.7,0.21,0.34,1.5,0.035,45.0,123.0,0.98949,3.24,0.36,12.6,7,medium,white,99.414,0.0673949343150864,36.58536585365854,188.0597014925373,0.65966,0.012195121951219513
7.4,0.16,0.3,13.7,0.056,33.0,168.0,0.99825,2.9,0.44,8.7,7,medium,white,68.643,0.10780414608918608,19.642857142857142,117.56756756756755,0.07286496350364964,0.08154761904761905
6.6,0.22,0.37,1.6,0.04,31.0,101.0,0.99009,3.15,0.66,12.0,5,low,white,94.68,0.0697084917617237,30.693069306930692,181.81818181818184,0.61880625,0.015841584158415842
6.8,0.34,0.27,5.2,0.06,14.0,169.0,0.99252,3.27,0.57,11.6,6,medium,white,91.524,0.07429745203443905,8.284023668639055,170.58823529411765,0.19086923076923076,0.03076923076923077
7.1,0.34,0.86,1.4,0.174,36.0,99.0,0.99288,2.92,0.5,9.3,5,low,white,73.37700000000001,0.09676056529975331,36.36363636363637,130.98591549295776,0.7092,0.01414141414141414
6.3,0.24,0.22,11.9,0.05,65.0,179.0,0.99659,3.06,0.58,9.3,6,medium,white,73.37700000000001,0.08585796639273885,36.312849162011176,147.61904761904762,0.08374705882352941,0.0664804469273743
6.9,0.35,0.39,2.4,0.048,25.0,157.0,0.99133,3.2,0.54,11.1,7,medium,white,87.57900000000001,0.0787860103449457,15.92356687898089,160.86956521739128,0.4130541666666667,0.015286624203821656
6.8,0.24,0.33,3.2,0.049,68.0,161.0,0.99324,3.1,0.69,10.2,6,medium,white,80.47800000000001,0.08449514152936205,42.2360248447205,150.0,0.3103875,0.01987577639751553
6.4,0.25,0.33,1.7,0.037,35.0,113.0,0.99164,3.23,0.66,10.6,6,medium,white,83.634,0.07652390176244112,30.973451327433626,165.62499999999997,0.5833176470588235,0.01504424778761062
5.8,0.19,0.33,4.2,0.038,49.0,133.0,0.99107,3.16,0.42,11.3,7,medium,white,89.15700000000001,0.06505378153145573,36.84210526315789,194.82758620689657,0.2359690476190476,0.031578947368421054
6.9,0.24,0.4,15.4,0.052,81.0,198.0,0.9986,3.2,0.69,9.4,5,low,white,74.166,0.09303454413073377,40.909090909090914,136.23188405797103,0.06484415584415584,0.07777777777777778
6.5,0.31,0.61,13.0,0.053,31.0,123.0,0.99708,3.09,0.5,9.3,6,medium,white,73.37700000000001,0.08858361611949248,25.203252032520325,143.07692307692307,0.07669846153846153,0.10569105691056911
6.6,0.25,0.32,5.6,0.039,15.0,68.0,0.99163,2.96,0.52,11.1,6,medium,white,87.57900000000001,0.07536053163429589,22.058823529411764,168.1818181818182,0.17707678571428573,0.08235294117647059
7.5,0.38,0.56,9.7,0.055,15.0,170.0,0.99605,3.13,0.65,9.9,6,medium,white,78.111,0.09601720628336598,8.823529411764707,132.0,0.10268556701030929,0.05705882352941176
6.2,0.3,0.3,2.5,0.041,29.0,82.0,0.99065,3.31,0.61,11.8,7,medium,white,93.102,0.06659362849348027,35.36585365853659,190.3225806451613,0.39626,0.03048780487804878
6.4,0.33,0.28,4.0,0.04,24.0,81.0,0.9903,3.26,0.64,12.6,7,medium,white,99.414,0.06437725068903777,29.629629629629626,196.87499999999997,0.247575,0.04938271604938271
6.9,0.24,0.4,15.4,0.052,81.0,198.0,0.9986,3.2,0.69,9.4,5,low,white,74.166,0.09303454413073377,40.909090909090914,136.23188405797103,0.06484415584415584,0.07777777777777778
7.6,0.27,0.32,1.2,0.043,23.0,72.0,0.99236,3.06,0.68,10.5,5,low,white,82.845,0.0917375822318788,31.944444444444443,138.1578947368421,0.8269666666666667,0.016666666666666666
5.9,0.24,0.34,2.0,0.037,40.0,108.0,0.98948,3.19,0.5,12.3,6,medium,white,97.04700000000001,0.060795284758931235,37.03703703703704,208.4745762711864,0.49474,0.018518518518518517
5.3,0.33,0.3,1.2,0.048,25.0,119.0,0.99045,3.32,0.62,11.3,6,medium,white,89.15700000000001,0.05944569691667507,21.008403361344538,213.20754716981133,0.8253750000000001,0.010084033613445377
6.4,0.21,0.21,5.1,0.097,21.0,105.0,0.9939,3.07,0.46,9.6,5,low,white,75.744,0.08449514152936206,20.0,149.99999999999997,0.19488235294117648,0.04857142857142857
7.0,0.22,0.3,1.4,0.04,14.0,63.0,0.98985,3.2,0.33,12.0,6,medium,white,94.68,0.0739332488381918,22.22222222222222,171.42857142857142,0.7070357142857143,0.02222222222222222
7.8,0.27,0.35,1.2,0.05,36.0,140.0,0.99138,3.09,0.45,11.2,5,low,white,88.36800000000001,0.08826724606192286,25.71428571428571,143.5897435897436,0.82615,0.008571428571428572
6.7,0.2,0.24,6.5,0.044,28.0,100.0,0.99348,3.12,0.33,10.2,6,medium,white,80.47800000000001,0.08325256591863614,28.000000000000004,152.23880597014926,0.15284307692307691,0.065
8.1,0.27,0.33,1.3,0.045,26.0,100.0,0.99066,2.98,0.44,12.4,6,medium,white,97.836,0.08279161045014105,26.0,153.08641975308643,0.7620461538461538,0.013000000000000001
6.7,0.2,0.24,6.5,0.044,28.0,100.0,0.99348,3.12,0.33,10.2,6,medium,white,80.47800000000001,0.08325256591863614,28.000000000000004,152.23880597014926,0.15284307692307691,0.065
7.1,0.45,0.24,2.7,0.04,24.0,87.0,0.98862,2.94,0.38,13.4,8,high,white,105.726,0.06715472069311239,27.586206896551722,188.73239436619718,0.36615555555555557,0.031034482758620693
5.8,0.22,0.29,1.3,0.036,25.0,68.0,0.98865,3.24,0.35,12.6,6,medium,white,99.414,0.05834188343694047,36.76470588235294,217.24137931034483,0.7605,0.01911764705882353
6.3,0.3,0.48,7.4,0.053,34.0,149.0,0.99472,3.18,0.53,9.8,5,low,white,77.322,0.08147745790331341,22.818791946308725,155.55555555555557,0.13442162162162163,0.049664429530201344
7.9,0.36,0.53,12.9,0.049,63.0,139.0,0.99792,2.94,0.45,9.1,5,low,white,71.799,0.11002938759592751,45.32374100719424,115.18987341772151,0.07735813953488373,0.09280575539568346
8.1,0.27,0.33,1.3,0.045,26.0,100.0,0.99066,2.98,0.44,12.4,6,medium,white,97.836,0.08279161045014105,26.0,153.08641975308643,0.7620461538461538,0.013000000000000001
8.0,0.24,0.33,1.2,0.044,28.0,101.0,0.99035,3.03,0.43,12.5,6,medium,white,98.625,0.08111533586818757,27.722772277227726,156.25,0.8252916666666666,0.011881188118811881
6.7,0.41,0.27,2.6,0.033,25.0,85.0,0.99086,3.05,0.34,11.7,6,medium,white,92.313,0.07257916003163152,29.411764705882355,174.62686567164178,0.3811,0.03058823529411765
6.7,0.24,0.31,2.3,0.044,37.0,113.0,0.99013,3.29,0.46,12.9,6,medium,white,101.781,0.06582761026124719,32.743362831858406,192.53731343283582,0.4304913043478261,0.020353982300884955
6.2,0.3,0.32,1.3,0.054,27.0,183.0,0.99266,3.3,0.43,10.1,5,low,white,79.68900000000001,0.07780245705178883,14.754098360655737,162.9032258064516,0.7635846153846153,0.007103825136612022
6.9,0.26,0.38,10.5,0.044,33.0,139.0,0.99517,3.06,0.5,10.3,6,medium,white,81.26700000000001,0.08490531211931042,23.741007194244602,149.27536231884056,0.09477809523809524,0.07553956834532374
6.7,0.41,0.27,2.6,0.033,25.0,85.0,0.99086,3.05,0.34,11.7,6,medium,white,92.313,0.07257916003163152,29.411764705882355,174.62686567164178,0.3811,0.03058823529411765
5.9,0.32,0.2,14.4,0.05,29.0,144.0,0.99666,3.24,0.41,10.3,6,medium,white,81.26700000000001,0.07260019442085963,20.13888888888889,174.5762711864407,0.0692125,0.1
6.1,0.25,0.3,1.2,0.036,42.0,107.0,0.991,3.34,0.56,10.8,7,medium,white,85.212,0.0715861615734873,39.25233644859813,177.04918032786887,0.8258333333333333,0.011214953271028037
5.6,0.23,0.29,3.1,0.023,19.0,89.0,0.99068,3.25,0.51,11.2,6,medium,white,88.36800000000001,0.06337135614702154,21.34831460674157,200.0,0.31957419354838706,0.0348314606741573
6.6,0.23,0.32,1.7,0.024,26.0,102.0,0.99084,3.29,0.6,11.8,6,medium,white,93.102,0.07088999162209189,25.49019607843137,178.7878787878788,0.5828470588235295,0.016666666666666666
6.0,0.17,0.21,6.0,0.05,26.0,134.0,0.9939,3.08,0.54,9.8,6,medium,white,77.322,0.07759757895553658,19.402985074626866,163.33333333333334,0.16565,0.04477611940298507
7.1,0.38,0.42,11.8,0.041,32.0,193.0,0.99624,3.04,0.49,10.0,6,medium,white,78.9,0.08998732572877058,16.580310880829018,140.84507042253523,0.0844271186440678,0.061139896373057
6.6,0.31,0.37,6.2,0.052,13.0,164.0,0.99602,3.24,0.39,8.8,4,low,white,69.432,0.09505703422053231,7.926829268292683,133.33333333333334,0.1606483870967742,0.03780487804878049
6.5,0.38,0.53,1.4,0.142,5.0,69.0,0.9926,3.14,0.52,10.1,4,low,white,79.68900000000001,0.08156709207042377,7.246376811594203,155.3846153846154,0.7090000000000001,0.020289855072463767
7.0,0.44,0.24,12.1,0.056,68.0,210.0,0.99718,3.05,0.5,9.5,5,low,white,74.955,0.09338936695350544,32.38095238095238,135.71428571428572,0.08241157024793389,0.05761904761904762
7.0,0.44,0.24,12.1,0.056,68.0,210.0,0.99718,3.05,0.5,9.5,5,low,white,74.955,0.09338936695350544,32.38095238095238,135.71428571428572,0.08241157024793389,0.05761904761904762
7.0,0.44,0.24,12.1,0.056,68.0,210.0,0.99718,3.05,0.5,9.5,5,low,white,74.955,0.09338936695350544,32.38095238095238,135.71428571428572,0.08241157024793389,0.05761904761904762
6.1,0.38,0.14,3.9,0.06,27.0,113.0,0.99344,3.07,0.34,9.2,4,low,white,72.58800000000001,0.084035928803659,23.893805309734514,150.81967213114754,0.25472820512820515,0.034513274336283185
8.0,0.33,0.32,4.6,0.041,31.0,180.0,0.99184,2.92,0.74,12.2,6,medium,white,96.25800000000001,0.08310997527478235,17.22222222222222,152.5,0.21561739130434784,0.025555555555555554
7.0,0.44,0.24,12.1,0.056,68.0,210.0,0.99718,3.05,0.5,9.5,5,low,white,74.955,0.09338936695350544,32.38095238095238,135.71428571428572,0.08241157024793389,0.05761904761904762
6.0,0.19,0.29,1.2,0.046,29.0,92.0,0.99033,3.22,0.53,11.3,6,medium,white,89.15700000000001,0.067297015377368,31.521739130434785,188.33333333333334,0.8252750000000001,0.013043478260869565
6.3,0.28,0.34,8.1,0.038,44.0,129.0,0.99248,3.26,0.29,12.1,6,medium,white,95.46900000000001,0.06599000722747697,34.10852713178294,192.06349206349208,0.1225283950617284,0.0627906976744186
6.1,0.38,0.14,3.9,0.06,27.0,113.0,0.99344,3.07,0.34,9.2,4,low,white,72.58800000000001,0.084035928803659,23.893805309734514,150.81967213114754,0.25472820512820515,0.034513274336283185
5.3,0.43,0.11,1.1,0.029,6.0,51.0,0.99076,3.51,0.48,11.2,4,low,white,88.36800000000001,0.05997646206771681,11.76470588235294,211.32075471698113,0.900690909090909,0.021568627450980395
5.4,0.22,0.35,6.5,0.029,26.0,87.0,0.99092,3.29,0.44,12.5,7,medium,white,98.625,0.05475285171102662,29.88505747126437,231.4814814814815,0.15244923076923078,0.07471264367816093
6.2,0.345,0.27,10.1,0.056,38.0,187.0,0.99486,3.31,0.56,10.6,5,low,white,83.634,0.07413252983236483,20.32085561497326,170.96774193548384,0.09850099009900991,0.05401069518716577
5.6,0.255,0.57,10.7,0.056,66.0,171.0,0.99464,3.25,0.61,10.4,7,medium,white,82.056,0.06824607585063859,38.59649122807017,185.71428571428575,0.0929570093457944,0.06257309941520467
5.2,0.2,0.27,3.2,0.047,16.0,93.0,0.99235,3.44,0.53,10.1,7,medium,white,79.68900000000001,0.06525367365633901,17.20430107526882,194.2307692307692,0.31010937499999996,0.034408602150537634
6.2,0.29,0.23,12.4,0.048,33.0,201.0,0.99612,3.11,0.56,9.9,6,medium,white,78.111,0.07937422386091587,16.417910447761194,159.6774193548387,0.08033225806451613,0.061691542288557215
6.3,0.26,0.25,5.2,0.046,11.0,133.0,0.99202,2.97,0.68,11.0,6,medium,white,86.79,0.07258900795022467,8.270676691729323,174.6031746031746,0.1907730769230769,0.039097744360902256
6.0,0.22,0.23,5.0,0.045,10.0,122.0,0.99261,2.94,0.63,10.0,6,medium,white,78.9,0.07604562737642585,8.19672131147541,166.66666666666669,0.198522,0.040983606557377046
7.5,0.35,0.37,2.5,0.066,29.0,89.0,0.98964,3.14,0.42,12.7,6,medium,white,100.203,0.07484805844136402,32.58426966292135,169.33333333333331,0.395856,0.028089887640449437
6.6,0.39,0.28,9.2,0.036,10.0,92.0,0.99206,3.07,0.35,12.1,6,medium,white,95.46900000000001,0.0691323885240235,10.869565217391305,183.33333333333334,0.10783260869565219,0.09999999999999999
6.3,0.23,0.33,6.9,0.052,23.0,118.0,0.9938,3.23,0.46,10.4,6,medium,white,82.056,0.07677683533196841,19.491525423728813,165.0793650793651,0.14402898550724638,0.05847457627118644
6.3,0.22,0.3,2.0,0.05,23.0,120.0,0.99204,3.24,0.47,10.4,6,medium,white,82.056,0.07677683533196841,19.166666666666668,165.0793650793651,0.49602,0.016666666666666666
6.4,0.29,0.18,15.0,0.04,21.0,116.0,0.99736,3.14,0.5,9.2,5,low,white,72.58800000000001,0.0881688433349865,18.103448275862068,143.74999999999997,0.06649066666666667,0.12931034482758622
6.4,0.29,0.18,15.0,0.04,21.0,116.0,0.99736,3.14,0.5,9.2,5,low,white,72.58800000000001,0.0881688433349865,18.103448275862068,143.74999999999997,0.06649066666666667,0.12931034482758622
7.5,0.23,0.3,1.2,0.03,27.0,80.0,0.99192,3.05,0.68,10.5,5,low,white,82.845,0.09053050878145935,33.75,140.0,0.8266,0.015
6.4,0.29,0.18,15.0,0.04,21.0,116.0,0.99736,3.14,0.5,9.2,5,low,white,72.58800000000001,0.0881688433349865,18.103448275862068,143.74999999999997,0.06649066666666667,0.12931034482758622
5.7,0.28,0.36,1.8,0.041,38.0,90.0,0.99002,3.27,0.98,11.9,7,medium,white,93.891,0.06070869412403745,42.22222222222222,208.7719298245614,0.5500111111111111,0.02
6.5,0.26,0.24,10.8,0.042,47.0,130.0,0.996,3.08,0.4,10.1,6,medium,white,79.68900000000001,0.08156709207042377,36.15384615384615,155.3846153846154,0.09222222222222222,0.08307692307692308
6.4,0.27,0.29,3.9,0.034,62.0,140.0,0.99237,3.1,0.59,11.1,6,medium,white,87.57900000000001,0.07307687916052935,44.285714285714285,173.43749999999997,0.25445384615384614,0.027857142857142858
5.9,0.22,0.29,4.2,0.037,69.0,144.0,0.99214,3.13,0.74,10.8,7,medium,white,85.212,0.0692390743087828,47.91666666666667,183.05084745762713,0.23622380952380953,0.029166666666666667
6.8,0.26,0.26,2.0,0.019,23.5,72.0,0.99041,3.16,0.47,11.8,6,medium,white,93.102,0.07303817318639771,32.63888888888889,173.52941176470588,0.495205,0.027777777777777776
7.6,0.36,0.48,13.5,0.038,44.0,116.0,0.9982,3.04,0.48,9.2,5,low,white,72.58800000000001,0.10470050146029646,37.93103448275862,121.05263157894737,0.07394074074074074,0.11637931034482758
7.6,0.35,0.47,13.3,0.037,42.0,116.0,0.99822,3.04,0.5,9.2,5,low,white,72.58800000000001,0.10470050146029646,36.206896551724135,121.05263157894737,0.07505413533834586,0.11465517241379311
5.7,0.18,0.26,2.2,0.023,21.0,95.0,0.9893,3.07,0.54,12.3,6,medium,white,97.04700000000001,0.05873442764845899,22.105263157894736,215.78947368421052,0.4496818181818181,0.023157894736842106
6.6,0.36,0.47,1.4,0.145,26.0,124.0,0.99274,3.09,0.56,10.1,6,medium,white,79.68900000000001,0.08282197040996875,20.967741935483872,153.03030303030303,0.7091000000000001,0.01129032258064516
5.9,0.14,0.2,1.6,0.04,26.0,114.0,0.99105,3.25,0.45,11.4,6,medium,white,89.946,0.06559491250305739,22.807017543859647,193.22033898305085,0.6194062499999999,0.014035087719298246
5.5,0.23,0.19,2.2,0.044,39.0,161.0,0.99209,3.19,0.43,10.4,6,medium,white,82.056,0.06702739592473433,24.22360248447205,189.0909090909091,0.45094999999999996,0.013664596273291927
6.7,0.11,0.26,14.8,0.053,44.0,95.0,0.99676,3.2,0.35,9.8,6,medium,white,77.322,0.08665062983368252,46.31578947368421,146.26865671641792,0.06734864864864865,0.15578947368421053
7.0,0.24,0.24,1.8,0.047,29.0,91.0,0.99251,3.3,0.43,9.9,6,medium,white,78.111,0.08961605919780824,31.868131868131865,141.42857142857144,0.5513944444444444,0.01978021978021978
6.7,0.11,0.26,14.8,0.053,44.0,95.0,0.99676,3.2,0.35,9.8,6,medium,white,77.322,0.08665062983368252,46.31578947368421,146.26865671641792,0.06734864864864865,0.15578947368421053
5.3,0.47,0.1,1.3,0.036,11.0,74.0,0.99082,3.48,0.54,11.2,4,low,white,88.36800000000001,0.05997646206771681,14.864864864864865,211.32075471698113,0.7621692307692308,0.01756756756756757
7.5,0.29,0.24,9.9,0.058,25.0,115.0,0.99567,3.15,0.46,10.9,5,low,white,86.001,0.08720828827571772,21.73913043478261,145.33333333333334,0.10057272727272727,0.08608695652173913
6.0,0.33,0.26,5.1,0.051,16.0,119.0,0.99416,3.15,0.41,9.2,5,low,white,72.58800000000001,0.08265829062654984,13.445378151260504,153.33333333333331,0.19493333333333335,0.04285714285714286
6.0,0.33,0.26,5.1,0.051,16.0,119.0,0.99416,3.15,0.41,9.2,5,low,white,72.58800000000001,0.08265829062654984,13.445378151260504,153.33333333333331,0.19493333333333335,0.04285714285714286
5.8,0.32,0.23,1.5,0.033,39.0,121.0,0.9887,2.96,0.35,12.0,5,low,white,94.68,0.06125897760878749,32.231404958677686,206.89655172413794,0.6591333333333333,0.012396694214876033
5.8,0.3,0.23,1.5,0.034,37.0,121.0,0.98871,2.96,0.34,12.1,6,medium,white,95.46900000000001,0.060752705066566104,30.57851239669421,208.6206896551724,0.65914,0.012396694214876033
3.8,0.31,0.02,11.1,0.036,20.0,114.0,0.99248,3.75,0.44,12.4,6,medium,white,97.836,0.03884050860623901,17.543859649122805,326.3157894736843,0.08941261261261262,0.09736842105263158
6.2,0.36,0.22,5.25,0.038,44.0,145.0,0.99184,3.22,0.4,11.2,6,medium,white,88.36800000000001,0.07016114430563099,30.344827586206897,180.64516129032256,0.18892190476190476,0.03620689655172414
6.0,0.31,0.27,2.3,0.042,19.0,120.0,0.98952,3.32,0.41,12.7,7,medium,white,100.203,0.05987844675309122,15.833333333333332,211.66666666666666,0.43022608695652176,0.019166666666666665
6.9,0.52,0.54,7.9,0.036,23.0,169.0,0.99267,3.26,0.47,12.2,6,medium,white,96.25800000000001,0.07168235367449978,13.609467455621301,176.81159420289853,0.12565443037974683,0.04674556213017752
7.0,0.55,0.05,8.0,0.036,19.0,164.0,0.99269,3.26,0.46,12.2,6,medium,white,96.25800000000001,0.07272122836543456,11.585365853658537,174.28571428571428,0.12408625,0.04878048780487805
5.8,0.2,0.16,1.4,0.042,44.0,99.0,0.98912,3.23,0.37,12.2,6,medium,white,96.25800000000001,0.0602547320742172,44.44444444444444,210.3448275862069,0.7065142857142858,0.01414141414141414
6.2,0.36,0.22,5.25,0.038,44.0,145.0,0.99184,3.22,0.4,11.2,6,medium,white,88.36800000000001,0.07016114430563099,30.344827586206897,180.64516129032256,0.18892190476190476,0.03620689655172414
6.0,0.31,0.27,2.3,0.042,19.0,120.0,0.98952,3.32,0.41,12.7,7,medium,white,100.203,0.05987844675309122,15.833333333333332,211.66666666666666,0.43022608695652176,0.019166666666666665
6.0,0.29,0.27,2.3,0.044,20.0,117.0,0.9895,3.31,0.41,12.7,7,medium,white,100.203,0.05987844675309122,17.094017094017094,211.66666666666666,0.4302173913043479,0.019658119658119658
5.7,0.22,0.29,3.5,0.04,27.0,146.0,0.98999,3.17,0.36,12.1,6,medium,white,95.46900000000001,0.05970524463438393,18.493150684931507,212.28070175438597,0.2828542857142857,0.023972602739726026
7.1,0.46,0.23,13.7,0.045,44.0,192.0,0.9981,3.11,0.53,9.4,5,low,white,74.166,0.0957311975837985,22.916666666666664,132.3943661971831,0.07285401459854014,0.07135416666666666
6.6,0.21,0.3,9.9,0.041,64.0,174.0,0.995,3.07,0.5,10.1,6,medium,white,79.68900000000001,0.08282197040996875,36.7816091954023,153.03030303030303,0.1005050505050505,0.056896551724137934
6.9,0.42,0.2,15.4,0.043,57.0,201.0,0.99848,3.08,0.54,9.4,5,low,white,74.166,0.09303454413073377,28.35820895522388,136.23188405797103,0.06483636363636364,0.07661691542288557
5.7,0.22,0.2,16.0,0.044,41.0,113.0,0.99862,3.22,0.46,8.9,6,medium,white,70.221,0.08117229888494895,36.283185840707965,156.140350877193,0.06241375,0.1415929203539823
5.7,0.22,0.2,16.0,0.044,41.0,113.0,0.99862,3.22,0.46,8.9,6,medium,white,70.221,0.08117229888494895,36.283185840707965,156.140350877193,0.06241375,0.1415929203539823
5.7,0.22,0.2,16.0,0.044,41.0,113.0,0.99862,3.22,0.46,8.9,6,medium,white,70.221,0.08117229888494895,36.283185840707965,156.140350877193,0.06241375,0.1415929203539823
5.7,0.22,0.2,16.0,0.044,41.0,113.0,0.99862,3.22,0.46,8.9,6,medium,white,70.221,0.08117229888494895,36.283185840707965,156.140350877193,0.06241375,0.1415929203539823
5.2,0.31,0.2,2.4,0.027,27.0,117.0,0.98886,3.56,0.45,13.0,7,medium,white,102.57000000000001,0.050697084917617236,23.076923076923077,250.0,0.412025,0.020512820512820513
7.2,0.22,0.35,5.5,0.054,37.0,183.0,0.99474,3.08,0.5,10.3,5,low,white,81.26700000000001,0.08859684742884565,20.21857923497268,143.05555555555557,0.18086181818181818,0.030054644808743168
5.6,0.18,0.29,2.3,0.04,5.0,47.0,0.99126,3.07,0.45,10.1,4,low,white,79.68900000000001,0.07027318701451893,10.638297872340425,180.35714285714286,0.43098260869565225,0.04893617021276595
6.2,0.24,0.27,16.8,0.04,48.0,129.0,0.99691,3.23,0.38,10.5,6,medium,white,82.845,0.0748385539260064,37.2093023255814,169.35483870967744,0.05933988095238095,0.13023255813953488
5.7,0.22,0.2,16.0,0.044,41.0,113.0,0.99862,3.22,0.46,8.9,6,medium,white,70.221,0.08117229888494895,36.283185840707965,156.140350877193,0.06241375,0.1415929203539823
5.7,0.26,0.24,17.8,0.059,23.0,124.0,0.99773,3.3,0.5,10.1,5,low,white,79.68900000000001,0.07152806535406392,18.548387096774192,177.19298245614036,0.056052247191011234,0.1435483870967742
5.7,0.26,0.24,17.8,0.059,23.0,124.0,0.99773,3.3,0.5,10.1,5,low,white,79.68900000000001,0.07152806535406392,18.548387096774192,177.19298245614036,0.056052247191011234,0.1435483870967742
6.0,0.2,0.26,6.8,0.049,22.0,93.0,0.9928,3.15,0.42,11.0,6,medium,white,86.79,0.0691323885240235,23.655913978494624,183.33333333333331,0.14600000000000002,0.07311827956989247
6.0,0.2,0.26,6.8,0.049,22.0,93.0,0.9928,3.15,0.42,11.0,6,medium,white,86.79,0.0691323885240235,23.655913978494624,183.33333333333331,0.14600000000000002,0.07311827956989247
6.0,0.2,0.26,6.8,0.049,22.0,93.0,0.9928,3.15,0.42,11.0,6,medium,white,86.79,0.0691323885240235,23.655913978494624,183.33333333333331,0.14600000000000002,0.07311827956989247
6.0,0.2,0.26,6.8,0.049,22.0,93.0,0.9928,3.15,0.42,11.0,6,medium,white,86.79,0.0691323885240235,23.655913978494624,183.33333333333331,0.14600000000000002,0.07311827956989247
7.6,0.28,0.17,1.6,0.046,28.0,117.0,0.99288,3.08,0.43,10.0,5,low,white,78.9,0.09632446134347274,23.931623931623932,131.57894736842107,0.6205499999999999,0.013675213675213675
7.0,0.2,0.33,4.7,0.03,25.0,76.0,0.99202,2.88,0.54,10.5,6,medium,white,82.845,0.08449514152936206,32.89473684210527,150.0,0.21106808510638297,0.0618421052631579
6.6,0.26,0.27,11.8,0.048,28.0,112.0,0.99606,2.87,0.49,9.7,6,medium,white,76.533,0.08623730939594684,25.0,146.96969696969697,0.08441186440677965,0.10535714285714286
5.7,0.26,0.24,17.8,0.059,23.0,124.0,0.99773,3.3,0.5,10.1,5,low,white,79.68900000000001,0.07152806535406392,18.548387096774192,177.19298245614036,0.056052247191011234,0.1435483870967742
7.2,0.21,0.36,15.7,0.045,68.0,183.0,0.99922,3.25,0.76,9.4,5,low,white,74.166,0.09707952431033089,37.15846994535519,130.55555555555557,0.06364458598726115,0.08579234972677595
6.9,0.22,0.32,5.8,0.041,20.0,119.0,0.99296,3.17,0.55,11.2,6,medium,white,88.36800000000001,0.07808256382400869,16.80672268907563,162.31884057971013,0.1712,0.04873949579831933
7.2,0.21,0.36,15.7,0.045,68.0,183.0,0.99922,3.25,0.76,9.4,5,low,white,74.166,0.09707952431033089,37.15846994535519,130.55555555555557,0.06364458598726115,0.08579234972677595
7.4,0.22,0.28,9.0,0.046,22.0,121.0,0.99468,3.1,0.55,10.8,5,low,white,85.212,0.08684222879406657,18.181818181818183,145.94594594594594,0.11052000000000001,0.0743801652892562
7.2,0.21,0.36,15.7,0.045,68.0,183.0,0.99922,3.25,0.76,9.4,5,low,white,74.166,0.09707952431033089,37.15846994535519,130.55555555555557,0.06364458598726115,0.08579234972677595
6.9,0.22,0.32,5.8,0.041,20.0,119.0,0.99296,3.17,0.55,11.2,6,medium,white,88.36800000000001,0.07808256382400869,16.80672268907563,162.31884057971013,0.1712,0.04873949579831933
7.0,0.2,0.35,8.8,0.037,31.0,103.0,0.99388,3.13,0.49,11.0,6,medium,white,86.79,0.08065445327802742,30.097087378640776,157.14285714285714,0.11294090909090908,0.08543689320388351
5.6,0.26,0.0,10.2,0.038,13.0,111.0,0.99315,3.44,0.46,12.4,6,medium,white,97.836,0.05723864426182591,11.711711711711711,221.42857142857144,0.09736764705882353,0.09189189189189188
6.3,0.28,0.3,6.6,0.208,60.0,154.0,0.99478,3.1,0.4,9.4,6,medium,white,74.166,0.08494458377153952,38.961038961038966,149.20634920634922,0.15072424242424243,0.04285714285714286
6.4,0.29,0.3,6.5,0.209,62.0,156.0,0.99478,3.1,0.4,9.4,5,low,white,74.166,0.0862929104980719,39.743589743589745,146.875,0.15304307692307692,0.041666666666666664
7.2,0.34,0.23,8.9,0.105,22.0,155.0,0.99692,3.01,0.58,9.5,5,low,white,74.955,0.09605763458074845,14.193548387096774,131.94444444444443,0.11201348314606742,0.05741935483870968
7.1,0.39,0.39,11.1,0.034,25.0,204.0,0.99616,3.05,0.52,10.0,6,medium,white,78.9,0.08998732572877058,12.254901960784313,140.84507042253523,0.08974414414414415,0.054411764705882354
6.9,0.26,0.29,4.2,0.043,33.0,114.0,0.9902,3.16,0.31,12.5,6,medium,white,98.625,0.0699619771863118,28.947368421052634,181.15942028985506,0.23576190476190476,0.0368421052631579
6.1,0.24,0.25,1.6,0.044,24.0,115.0,0.9921,3.39,0.59,10.9,6,medium,white,86.001,0.07092940779758374,20.869565217391305,178.68852459016395,0.6200625,0.01391304347826087
5.9,0.25,0.24,7.4,0.044,21.0,113.0,0.99462,3.38,0.58,10.5,6,medium,white,82.845,0.07121733357474803,18.58407079646018,177.96610169491524,0.1344081081081081,0.06548672566371681
6.1,0.24,0.27,11.5,0.05,51.0,133.0,0.99476,3.22,0.37,10.8,6,medium,white,85.212,0.0715861615734873,38.34586466165413,177.04918032786887,0.0865008695652174,0.08646616541353383
6.5,0.22,0.27,1.6,0.039,36.0,116.0,0.99178,3.38,0.57,11.0,7,medium,white,86.79,0.07489342090102546,31.03448275862069,169.23076923076923,0.6198625,0.013793103448275864
6.2,0.26,0.29,2.0,0.036,16.0,87.0,0.99081,3.33,0.61,11.8,6,medium,white,93.102,0.06659362849348027,18.39080459770115,190.3225806451613,0.495405,0.022988505747126436
6.6,0.34,0.25,4.8,0.038,16.0,121.0,0.99198,3.36,0.71,12.6,6,medium,white,99.414,0.06638903977307019,13.223140495867769,190.9090909090909,0.2066625,0.0396694214876033
5.6,0.225,0.24,9.8,0.054,59.0,140.0,0.99545,3.17,0.39,10.2,6,medium,white,80.47800000000001,0.0695842342006511,42.142857142857146,182.14285714285714,0.10157653061224489,0.07
7.1,0.23,0.28,1.9,0.046,33.0,103.0,0.98997,3.12,0.31,12.0,5,low,white,94.68,0.07498943810730882,32.038834951456316,169.01408450704227,0.5210368421052632,0.018446601941747572
6.9,0.26,0.29,4.2,0.043,33.0,114.0,0.9902,3.16,0.31,12.5,6,medium,white,98.625,0.0699619771863118,28.947368421052634,181.15942028985506,0.23576190476190476,0.0368421052631579
6.4,0.27,0.3,1.6,0.04,19.0,86.0,0.99089,3.32,0.65,11.5,6,medium,white,90.735,0.07053507466798921,22.093023255813954,179.6875,0.61930625,0.018604651162790697
6.3,0.41,0.22,7.3,0.035,23.0,117.0,0.99172,3.2,0.39,11.94,7,medium,white,94.2066,0.06687429543153027,19.65811965811966,189.52380952380952,0.13585205479452056,0.062393162393162394
6.7,0.41,0.24,5.4,0.035,33.0,115.0,0.9901,3.12,0.44,12.8933333333333,7,medium,white,101.72839999999974,0.06586164728826972,28.695652173913043,192.43781094527316,0.18335185185185185,0.04695652173913044
7.2,0.585,0.2,10.4,0.086,17.0,94.0,0.99681,3.13,0.4,9.4,5,low,white,74.166,0.09707952431033089,18.085106382978726,130.55555555555557,0.09584711538461538,0.11063829787234043
6.7,0.34,0.26,1.9,0.038,58.0,138.0,0.9893,3.0,0.47,12.2,7,medium,white,96.25800000000001,0.06960460429263021,42.028985507246375,182.08955223880596,0.5206842105263157,0.013768115942028985
6.3,0.41,0.22,7.3,0.035,23.0,117.0,0.99172,3.2,0.39,11.94,7,medium,white,94.2066,0.06687429543153027,19.65811965811966,189.52380952380952,0.13585205479452056,0.062393162393162394
6.7,0.41,0.24,5.4,0.035,33.0,115.0,0.9901,3.12,0.44,12.8933333333333,7,medium,white,101.72839999999974,0.06586164728826972,28.695652173913043,192.43781094527316,0.18335185185185185,0.04695652173913044
6.4,0.26,0.35,7.7,0.056,45.0,191.0,0.99527,3.16,0.5,9.5,5,low,white,74.955,0.0853845640717764,23.56020942408377,148.4375,0.12925584415584415,0.04031413612565445
6.3,0.28,0.22,11.5,0.036,27.0,150.0,0.99445,3.0,0.33,10.6,6,medium,white,83.634,0.07532821579740297,18.0,168.25396825396825,0.08647391304347826,0.07666666666666666
7.4,0.16,0.33,1.2,0.042,47.0,121.0,0.99198,3.04,0.68,10.5,7,medium,white,82.845,0.0893234353310399,38.84297520661157,141.89189189189187,0.82665,0.009917355371900825
8.4,0.27,0.3,2.2,0.037,36.0,129.0,0.99085,2.89,0.3,11.4666666666667,6,medium,white,90.47200000000026,0.09284640551772898,27.906976744186046,136.5079365079369,0.4503863636363636,0.017054263565891473
5.9,0.2,0.28,1.0,0.043,45.0,100.0,0.99033,3.4,0.41,11.4,6,medium,white,89.946,0.06559491250305739,45.0,193.22033898305085,0.99033,0.01
6.4,0.24,0.26,8.2,0.054,47.0,182.0,0.99538,3.12,0.5,9.5,5,low,white,74.955,0.0853845640717764,25.82417582417583,148.4375,0.1213878048780488,0.045054945054945054
7.4,0.38,0.34,8.3,0.052,44.0,168.0,0.99627,3.11,0.52,9.2,5,low,white,72.58800000000001,0.10194522510607813,26.190476190476193,124.3243243243243,0.12003253012048191,0.04940476190476191
6.4,0.24,0.26,8.2,0.054,47.0,182.0,0.99538,3.12,0.5,9.5,5,low,white,74.955,0.0853845640717764,25.82417582417583,148.4375,0.1213878048780488,0.045054945054945054
6.4,0.42,0.19,9.3,0.043,28.0,145.0,0.99433,3.23,0.53,10.98,5,low,white,86.63220000000001,0.07387553357758431,19.310344827586206,171.5625,0.10691720430107526,0.06413793103448276
6.4,0.23,0.26,8.1,0.054,47.0,181.0,0.9954,3.12,0.49,9.4,5,low,white,74.166,0.0862929104980719,25.96685082872928,146.875,0.1228888888888889,0.044751381215469614
6.4,0.24,0.26,8.2,0.054,47.0,182.0,0.99538,3.12,0.5,9.5,5,low,white,74.955,0.0853845640717764,25.82417582417583,148.4375,0.1213878048780488,0.045054945054945054
7.4,0.38,0.34,8.3,0.052,44.0,168.0,0.99627,3.11,0.52,9.2,5,low,white,72.58800000000001,0.10194522510607813,26.190476190476193,124.3243243243243,0.12003253012048191,0.04940476190476191
7.3,0.19,0.27,13.9,0.057,45.0,155.0,0.99807,2.94,0.41,8.8,8,high,white,69.432,0.10513884088028574,29.03225806451613,120.54794520547946,0.07180359712230215,0.08967741935483871
7.3,0.19,0.27,13.9,0.057,45.0,155.0,0.99807,2.94,0.41,8.8,8,high,white,69.432,0.10513884088028574,29.03225806451613,120.54794520547946,0.07180359712230215,0.08967741935483871
7.3,0.19,0.27,13.9,0.057,45.0,155.0,0.99807,2.94,0.41,8.8,8,high,white,69.432,0.10513884088028574,29.03225806451613,120.54794520547946,0.07180359712230215,0.08967741935483871
7.3,0.19,0.27,13.9,0.057,45.0,155.0,0.99807,2.94,0.41,8.8,8,high,white,69.432,0.10513884088028574,29.03225806451613,120.54794520547946,0.07180359712230215,0.08967741935483871
7.3,0.19,0.27,13.9,0.057,45.0,155.0,0.99807,2.94,0.41,8.8,8,high,white,69.432,0.10513884088028574,29.03225806451613,120.54794520547946,0.07180359712230215,0.08967741935483871
7.3,0.19,0.27,13.9,0.057,45.0,155.0,0.99807,2.94,0.41,8.8,8,high,white,69.432,0.10513884088028574,29.03225806451613,120.54794520547946,0.07180359712230215,0.08967741935483871
7.3,0.19,0.27,13.9,0.057,45.0,155.0,0.99807,2.94,0.41,8.8,8,high,white,69.432,0.10513884088028574,29.03225806451613,120.54794520547946,0.07180359712230215,0.08967741935483871
6.8,0.24,0.29,2.0,0.044,15.0,96.0,0.99232,3.23,0.64,10.4,8,high,white,82.056,0.08287023496148971,15.625,152.94117647058826,0.49616,0.020833333333333332
7.3,0.19,0.27,13.9,0.057,45.0,155.0,0.99807,2.94,0.41,8.8,8,high,white,69.432,0.10513884088028574,29.03225806451613,120.54794520547946,0.07180359712230215,0.08967741935483871
7.4,0.27,0.52,15.7,0.054,36.0,139.0,0.99788,3.04,0.62,10.0333333333333,6,medium,white,79.16299999999974,0.09347801371853043,25.899280575539567,135.5855855855851,0.0635592356687898,0.11294964028776978
5.7,0.28,0.35,1.2,0.052,39.0,141.0,0.99108,3.44,0.69,11.3,6,medium,white,89.15700000000001,0.06393216460849961,27.659574468085108,198.24561403508773,0.8259,0.00851063829787234
5.8,0.22,0.25,1.5,0.024,21.0,109.0,0.99234,3.37,0.58,10.4,6,medium,white,82.056,0.0706834357024471,19.26605504587156,179.31034482758622,0.66156,0.013761467889908258
6.7,0.27,0.69,1.2,0.176,36.0,106.0,0.99288,2.96,0.43,9.2,6,medium,white,72.58800000000001,0.09230175786631398,33.9622641509434,137.3134328358209,0.8274,0.011320754716981131
7.1,0.2,0.35,3.2,0.034,21.0,107.0,0.99195,3.11,0.54,11.1,6,medium,white,87.57900000000001,0.08106966281871224,19.626168224299064,156.3380281690141,0.309984375,0.029906542056074768
6.7,0.27,0.69,1.2,0.176,36.0,106.0,0.99288,2.96,0.43,9.2,6,medium,white,72.58800000000001,0.09230175786631398,33.9622641509434,137.3134328358209,0.8274,0.011320754716981131
7.1,0.23,0.3,2.6,0.034,62.0,148.0,0.99121,3.03,0.56,11.3,7,medium,white,89.15700000000001,0.07963480152988547,41.891891891891895,159.1549295774648,0.3812346153846154,0.01756756756756757
7.6,0.31,0.52,13.2,0.042,61.0,148.0,0.99839,2.98,0.47,9.1,6,medium,white,71.799,0.10585105642139861,41.21621621621622,119.73684210526316,0.07563560606060607,0.08918918918918918
7.2,0.34,0.28,10.4,0.108,43.0,187.0,0.99738,2.96,0.57,9.4,5,low,white,74.166,0.09707952431033089,22.994652406417114,130.55555555555557,0.09590192307692308,0.05561497326203209
7.0,0.36,0.25,5.7,0.015,14.0,73.0,0.98963,2.82,0.59,13.2,6,medium,white,104.14800000000001,0.06721204439835618,19.17808219178082,188.57142857142856,0.17361929824561403,0.07808219178082192
6.4,0.31,0.28,2.5,0.039,34.0,137.0,0.98946,3.22,0.38,12.7,6,medium,white,100.203,0.0638703432032973,24.817518248175183,198.43749999999997,0.395784,0.01824817518248175
7.3,0.28,0.35,1.6,0.054,31.0,148.0,0.99178,3.18,0.47,10.7,5,low,white,84.423,0.0864693270791135,20.945945945945947,146.5753424657534,0.6198625,0.010810810810810811
7.4,0.16,0.3,1.4,0.064,34.0,166.0,0.99136,3.11,0.42,11.4333333333333,6,medium,white,90.20899999999975,0.08203172632442463,20.481927710843372,154.50450450450404,0.7081142857142858,0.008433734939759036
6.4,0.31,0.27,7.4,0.049,48.0,169.0,0.99323,3.27,0.45,11.1,6,medium,white,87.57900000000001,0.07307687916052935,28.402366863905325,173.43749999999997,0.13422027027027025,0.04378698224852071
6.4,0.31,0.28,2.5,0.039,34.0,137.0,0.98946,3.22,0.38,12.7,6,medium,white,100.203,0.0638703432032973,24.817518248175183,198.43749999999997,0.395784,0.01824817518248175
6.2,0.29,0.29,5.6,0.046,35.0,178.0,0.99313,3.25,0.51,10.5333333333333,5,low,white,83.10799999999975,0.07460172305915218,19.662921348314608,169.892473118279,0.17734464285714285,0.031460674157303366
5.9,0.28,0.34,3.6,0.04,50.0,194.0,0.9912,3.31,0.52,11.6,6,medium,white,91.524,0.0644639657357633,25.773195876288657,196.6101694915254,0.2753333333333333,0.018556701030927835
6.5,0.23,0.2,7.5,0.05,44.0,179.0,0.99504,3.18,0.48,9.53333333333333,5,low,white,75.21799999999998,0.0864154856550294,24.581005586592177,146.6666666666666,0.132672,0.04189944134078212
7.2,0.34,0.2,5.8,0.062,52.0,203.0,0.99461,3.17,0.44,9.8,6,medium,white,77.322,0.0931170947466439,25.615763546798032,136.11111111111111,0.1714844827586207,0.02857142857142857
7.3,0.28,0.35,1.6,0.054,31.0,148.0,0.99178,3.18,0.47,10.7,5,low,white,84.423,0.0864693270791135,20.945945945945947,146.5753424657534,0.6198625,0.010810810810810811
6.5,0.2,0.33,1.5,0.039,36.0,110.0,0.99008,3.22,0.65,12.0,6,medium,white,94.68,0.06865230249260668,32.72727272727273,184.6153846153846,0.6600533333333333,0.013636363636363636
6.2,0.24,0.27,2.9,0.039,30.0,123.0,0.98959,3.12,0.37,12.8,6,medium,white,100.992,0.06139100126742712,24.390243902439025,206.4516129032258,0.34123793103448274,0.02357723577235772
7.1,0.31,0.25,11.2,0.048,32.0,136.0,0.99663,3.14,0.4,9.5,5,low,white,74.955,0.09472350076712693,23.52941176470588,133.80281690140845,0.08898482142857143,0.08235294117647059
6.4,0.29,0.21,9.65,0.041,36.0,119.0,0.99334,2.99,0.34,10.9333333333333,6,medium,white,86.26399999999974,0.07419085597700106,30.252100840336134,170.8333333333328,0.10293678756476683,0.08109243697478992
6.3,0.19,0.33,10.1,0.063,63.0,133.0,0.99561,2.86,0.41,9.1,5,low,white,71.799,0.08774495466510675,47.368421052631575,144.44444444444443,0.09857524752475248,0.07593984962406015
5.9,0.29,0.28,3.2,0.035,16.0,117.0,0.98959,3.26,0.42,12.6,6,medium,white,99.414,0.05934777797895669,13.675213675213676,213.55932203389827,0.309246875,0.02735042735042735
7.1,0.31,0.25,11.2,0.048,32.0,136.0,0.99663,3.14,0.4,9.5,5,low,white,74.955,0.09472350076712693,23.52941176470588,133.80281690140845,0.08898482142857143,0.08235294117647059
6.5,0.3,0.28,11.45,0.041,29.0,109.0,0.99418,2.98,0.3,10.9,6,medium,white,86.001,0.07558051650562202,26.605504587155966,167.6923076923077,0.08682794759825328,0.10504587155963302
6.4,0.29,0.21,9.65,0.041,36.0,119.0,0.99334,2.99,0.34,10.9333333333333,6,medium,white,86.26399999999974,0.07419085597700106,30.252100840336134,170.8333333333328,0.10293678756476683,0.08109243697478992
6.5,0.22,0.19,4.5,0.096,16.0,115.0,0.9937,3.02,0.44,9.6,5,low,white,75.744,0.08581537811575835,13.91304347826087,147.69230769230768,0.22082222222222223,0.0391304347826087
7.0,0.23,0.28,2.7,0.053,16.0,92.0,0.99372,3.18,0.56,9.3,5,low,white,73.37700000000001,0.09539774043637651,17.391304347826086,132.85714285714286,0.36804444444444445,0.029347826086956522
7.1,0.23,0.23,3.5,0.038,23.0,112.0,0.99157,3.05,0.37,11.3666666666667,6,medium,white,89.68300000000026,0.07916773524525249,20.535714285714285,160.0938967136155,0.28330571428571427,0.03125
6.1,0.26,0.28,1.7,0.043,24.0,98.0,0.98918,3.14,0.44,12.5,6,medium,white,98.625,0.06185044359949302,24.489795918367346,204.91803278688528,0.5818705882352941,0.017346938775510204
6.4,0.35,0.21,2.1,0.051,46.0,171.0,0.9932,3.16,0.5,9.5,5,low,white,74.955,0.0853845640717764,26.900584795321635,148.4375,0.4729523809523809,0.012280701754385965
6.0,0.32,0.32,4.8,0.041,40.0,186.0,0.99235,3.22,0.54,11.0,6,medium,white,86.79,0.0691323885240235,21.50537634408602,183.33333333333331,0.20673958333333334,0.025806451612903226
6.1,0.34,0.21,5.0,0.042,17.0,133.0,0.99373,3.02,0.53,9.4,5,low,white,74.166,0.08224793031847477,12.781954887218044,154.0983606557377,0.198746,0.03759398496240601
6.5,0.13,0.27,2.6,0.035,32.0,76.0,0.9914,3.21,0.76,11.3333333333333,6,medium,white,89.41999999999975,0.0726906732274661,42.10526315789473,174.35897435897385,0.3813076923076923,0.034210526315789476
6.5,0.315,0.2,6.6,0.041,9.0,126.0,0.99494,2.94,0.51,8.8,5,low,white,69.432,0.09361677612628183,7.142857142857142,135.3846153846154,0.15074848484848485,0.052380952380952375
6.1,0.34,0.21,5.0,0.042,17.0,133.0,0.99373,3.02,0.53,9.4,5,low,white,74.166,0.08224793031847477,12.781954887218044,154.0983606557377,0.198746,0.03759398496240601
5.7,0.31,0.29,7.3,0.05,33.0,143.0,0.99332,3.31,0.5,11.0666666666667,6,medium,white,87.31600000000027,0.06528013193458224,23.076923076923077,194.15204678362633,0.13607123287671233,0.05104895104895105
6.4,0.3,0.27,5.0,0.058,27.0,151.0,0.99198,3.22,0.49,12.2,6,medium,white,96.25800000000001,0.06648798021982588,17.880794701986755,190.62499999999997,0.198396,0.033112582781456956
7.0,0.24,0.26,1.7,0.041,31.0,110.0,0.99142,3.2,0.53,11.0,6,medium,white,86.79,0.08065445327802742,28.18181818181818,157.14285714285714,0.5831882352941177,0.015454545454545453
6.5,0.13,0.27,2.6,0.035,32.0,76.0,0.9914,3.21,0.76,11.3333333333333,6,medium,white,89.41999999999975,0.0726906732274661,42.10526315789473,174.35897435897385,0.3813076923076923,0.034210526315789476
6.4,0.26,0.21,8.2,0.05,51.0,182.0,0.99542,3.23,0.48,9.5,5,low,white,74.955,0.0853845640717764,28.021978021978022,148.4375,0.12139268292682928,0.045054945054945054
6.4,0.26,0.21,8.2,0.05,51.0,182.0,0.99542,3.23,0.48,9.5,5,low,white,74.955,0.0853845640717764,28.021978021978022,148.4375,0.12139268292682928,0.045054945054945054
6.0,0.27,0.31,5.0,0.043,54.0,170.0,0.9924,3.28,0.52,11.0,6,medium,white,86.79,0.0691323885240235,31.76470588235294,183.33333333333331,0.19848,0.029411764705882353
7.1,0.21,0.33,1.2,0.039,34.0,97.0,0.99112,3.11,0.75,11.2,6,medium,white,88.36800000000001,0.08034582654354516,35.051546391752574,157.74647887323943,0.8259333333333334,0.012371134020618556
6.7,0.26,0.29,7.1,0.036,28.0,100.0,0.99534,3.08,0.36,9.3,6,medium,white,73.37700000000001,0.09130926584624609,28.000000000000004,138.80597014925374,0.14018873239436622,0.071
6.3,0.28,0.22,9.5,0.04,30.0,111.0,0.99338,3.05,0.31,10.8,4,low,white,85.212,0.0739332488381918,27.027027027027028,171.42857142857144,0.10456631578947369,0.08558558558558559
6.2,0.25,0.44,15.8,0.057,39.0,167.0,0.99804,3.14,0.51,9.2,5,low,white,72.58800000000001,0.08541356698076816,23.353293413173652,148.38709677419354,0.06316708860759494,0.09461077844311377
7.3,0.22,0.37,15.5,0.048,70.0,203.0,0.99899,3.25,0.77,9.4,5,low,white,74.166,0.09842785103686326,34.48275862068966,128.76712328767124,0.06445096774193548,0.07635467980295567
6.2,0.25,0.44,15.8,0.057,39.0,167.0,0.99804,3.14,0.51,9.2,5,low,white,72.58800000000001,0.08541356698076816,23.353293413173652,148.38709677419354,0.06316708860759494,0.09461077844311377
6.4,0.18,0.28,17.05,0.047,53.0,139.0,0.99724,3.25,0.35,10.5,6,medium,white,82.845,0.07725270082684532,38.1294964028777,164.0625,0.058489149560117304,0.12266187050359713
6.3,0.2,0.26,12.7,0.046,60.0,143.0,0.99526,3.26,0.35,10.8,6,medium,white,85.212,0.0739332488381918,41.95804195804196,171.42857142857144,0.07836692913385827,0.08881118881118881
6.6,0.24,0.22,12.3,0.051,35.0,146.0,0.99676,3.1,0.67,9.4,5,low,white,74.166,0.08898956395113664,23.972602739726025,142.42424242424244,0.08103739837398373,0.08424657534246575
7.4,0.27,0.26,11.8,0.053,55.0,173.0,0.99699,3.11,0.6,9.8,5,low,white,77.322,0.09570368071182846,31.79190751445087,132.43243243243242,0.0844906779661017,0.06820809248554914
7.4,0.27,0.26,11.8,0.053,55.0,173.0,0.99699,3.11,0.6,9.8,5,low,white,77.322,0.09570368071182846,31.79190751445087,132.43243243243242,0.0844906779661017,0.06820809248554914
7.4,0.27,0.26,11.8,0.053,55.0,173.0,0.99699,3.11,0.6,9.8,5,low,white,77.322,0.09570368071182846,31.79190751445087,132.43243243243242,0.0844906779661017,0.06820809248554914
6.6,0.24,0.22,12.3,0.051,35.0,146.0,0.99676,3.1,0.67,9.4,5,low,white,74.166,0.08898956395113664,23.972602739726025,142.42424242424244,0.08103739837398373,0.08424657534246575
7.4,0.27,0.26,11.8,0.053,55.0,173.0,0.99699,3.11,0.6,9.8,5,low,white,77.322,0.09570368071182846,31.79190751445087,132.43243243243242,0.0844906779661017,0.06820809248554914
7.1,0.38,0.29,13.6,0.041,30.0,137.0,0.99461,3.02,0.96,12.1,6,medium,white,95.46900000000001,0.07436969068493436,21.897810218978105,170.4225352112676,0.07313308823529412,0.09927007299270073
6.8,0.43,0.26,5.2,0.043,40.0,176.0,0.99116,3.17,0.41,12.3,6,medium,white,97.04700000000001,0.07006914175605633,22.727272727272727,180.8823529411765,0.1906076923076923,0.029545454545454545
5.2,0.22,0.46,6.2,0.066,41.0,187.0,0.99362,3.19,0.42,9.73333333333333,5,low,white,76.79599999999999,0.06771185999270796,21.92513368983957,187.17948717948713,0.16026129032258063,0.033155080213903745
5.9,0.29,0.16,7.9,0.044,48.0,197.0,0.99512,3.21,0.36,9.4,5,low,white,74.166,0.07955127686541004,24.36548223350254,159.32203389830508,0.1259645569620253,0.0401015228426396
5.9,0.29,0.16,7.9,0.044,48.0,197.0,0.99512,3.21,0.36,9.4,5,low,white,74.166,0.07955127686541004,24.36548223350254,159.32203389830508,0.1259645569620253,0.0401015228426396
6.3,0.29,0.29,3.3,0.037,32.0,140.0,0.9895,3.17,0.36,12.8,7,medium,white,100.992,0.06238117870722433,22.857142857142858,203.17460317460322,0.29984848484848486,0.02357142857142857
6.3,0.19,0.32,2.8,0.046,18.0,80.0,0.99043,2.92,0.47,11.05,6,medium,white,87.1845,0.07226055090067615,22.5,175.39682539682542,0.353725,0.034999999999999996
5.7,0.29,0.16,7.9,0.044,48.0,197.0,0.99512,3.21,0.36,9.4,5,low,white,74.166,0.07685462341234528,24.36548223350254,164.91228070175438,0.1259645569620253,0.0401015228426396
6.3,0.29,0.29,3.3,0.037,32.0,140.0,0.9895,3.17,0.36,12.8,7,medium,white,100.992,0.06238117870722433,22.857142857142858,203.17460317460322,0.29984848484848486,0.02357142857142857
5.7,0.24,0.47,6.3,0.069,35.0,182.0,0.99391,3.11,0.46,9.73333333333333,5,low,white,76.79599999999999,0.07422261576123758,19.230769230769234,170.7602339181286,0.15776349206349205,0.03461538461538462
5.8,0.3,0.38,4.9,0.039,22.0,86.0,0.98963,3.23,0.58,13.1,7,medium,white,103.35900000000001,0.05611509399278243,25.581395348837212,225.86206896551727,0.20196530612244898,0.056976744186046514
7.1,0.27,0.27,10.4,0.041,26.0,114.0,0.99335,3.04,0.52,11.5,7,medium,white,90.735,0.07824984845980051,22.807017543859647,161.9718309859155,0.09551442307692307,0.0912280701754386
5.8,0.3,0.38,4.9,0.039,22.0,86.0,0.98963,3.23,0.58,13.1,7,medium,white,103.35900000000001,0.05611509399278243,25.581395348837212,225.86206896551727,0.20196530612244898,0.056976744186046514
7.1,0.27,0.27,10.4,0.041,26.0,114.0,0.99335,3.04,0.52,11.5,7,medium,white,90.735,0.07824984845980051,22.807017543859647,161.9718309859155,0.09551442307692307,0.0912280701754386
6.3,0.305,0.22,16.0,0.061,26.0,141.0,0.99824,3.08,0.5,9.1,5,low,white,71.799,0.08774495466510675,18.439716312056735,144.44444444444443,0.06239,0.11347517730496454
5.7,0.24,0.47,6.3,0.069,35.0,182.0,0.99391,3.11,0.46,9.75,5,low,white,76.92750000000001,0.07409573949497904,19.230769230769234,171.05263157894737,0.15776349206349205,0.03461538461538462
6.2,0.22,0.28,2.2,0.04,24.0,125.0,0.9917,3.19,0.48,10.5,6,medium,white,82.845,0.0748385539260064,19.2,169.35483870967744,0.45077272727272727,0.0176
6.6,0.22,0.23,17.3,0.047,37.0,118.0,0.99906,3.08,0.46,8.8,6,medium,white,69.432,0.09505703422053231,31.35593220338983,133.33333333333334,0.05774913294797687,0.14661016949152542
6.6,0.22,0.23,17.3,0.047,37.0,118.0,0.99906,3.08,0.46,8.8,6,medium,white,69.432,0.09505703422053231,31.35593220338983,133.33333333333334,0.05774913294797687,0.14661016949152542
6.6,0.22,0.23,17.3,0.047,37.0,118.0,0.99906,3.08,0.46,8.8,6,medium,white,69.432,0.09505703422053231,31.35593220338983,133.33333333333334,0.05774913294797687,0.14661016949152542
6.6,0.22,0.23,17.3,0.047,37.0,118.0,0.99906,3.08,0.46,8.8,6,medium,white,69.432,0.09505703422053231,31.35593220338983,133.33333333333334,0.05774913294797687,0.14661016949152542
6.2,0.22,0.28,2.2,0.04,24.0,125.0,0.9917,3.19,0.48,10.5,6,medium,white,82.845,0.0748385539260064,19.2,169.35483870967744,0.45077272727272727,0.0176
6.2,0.22,0.28,2.2,0.04,24.0,125.0,0.9917,3.19,0.48,10.5,6,medium,white,82.845,0.0748385539260064,19.2,169.35483870967744,0.45077272727272727,0.0176
6.6,0.22,0.23,17.3,0.047,37.0,118.0,0.99906,3.08,0.46,8.8,6,medium,white,69.432,0.09505703422053231,31.35593220338983,133.33333333333334,0.05774913294797687,0.14661016949152542
6.1,0.22,0.5,6.6,0.045,30.0,122.0,0.99415,3.22,0.49,9.9,6,medium,white,78.111,0.07809399444380433,24.59016393442623,162.29508196721315,0.1506287878787879,0.054098360655737705
6.2,0.21,0.52,6.5,0.047,28.0,123.0,0.99418,3.22,0.49,9.9,6,medium,white,78.111,0.07937422386091587,22.76422764227642,159.6774193548387,0.15295076923076922,0.052845528455284556
6.3,0.32,0.26,12.3,0.044,24.0,205.0,0.99611,3.11,0.58,9.9,5,low,white,78.111,0.08065445327802742,11.707317073170733,157.14285714285717,0.08098455284552845,0.060000000000000005
6.9,0.44,0.27,5.0,0.038,33.0,166.0,0.99124,3.2,0.42,12.2,6,medium,white,96.25800000000001,0.07168235367449978,19.879518072289155,176.81159420289853,0.198248,0.030120481927710843
6.1,0.31,0.34,2.8,0.042,59.5,162.0,0.99179,3.27,0.47,10.8,6,medium,white,85.212,0.0715861615734873,36.7283950617284,177.04918032786887,0.35421071428571427,0.01728395061728395
8.1,0.36,0.59,13.6,0.051,60.0,134.0,0.99886,2.96,0.39,8.7,5,low,white,68.643,0.11800183558410908,44.776119402985074,107.40740740740739,0.07344558823529412,0.10149253731343283
6.6,0.38,0.28,2.8,0.043,17.0,67.0,0.98924,3.21,0.47,13.2,6,medium,white,104.14800000000001,0.06337135614702154,25.37313432835821,200.0,0.3533,0.0417910447761194
6.7,0.24,0.26,5.4,0.03,15.0,94.0,0.99045,3.15,0.38,12.7,6,medium,white,100.203,0.06686426554095187,15.957446808510639,189.55223880597015,0.18341666666666667,0.057446808510638304
6.9,0.56,0.26,10.9,0.06,55.0,193.0,0.9969,3.21,0.44,9.4,5,low,white,74.166,0.09303454413073377,28.497409326424872,136.23188405797103,0.09145871559633027,0.05647668393782384
7.2,0.24,0.24,1.7,0.045,18.0,161.0,0.99196,3.25,0.53,11.2,6,medium,white,88.36800000000001,0.08147745790331341,11.180124223602485,155.55555555555554,0.5835058823529412,0.010559006211180125
6.5,0.29,0.3,9.15,0.051,25.0,166.0,0.99339,3.24,0.56,11.3333333333333,6,medium,white,89.41999999999975,0.0726906732274661,15.060240963855422,174.35897435897385,0.10856721311475409,0.055120481927710845
6.7,0.28,0.28,4.5,0.051,14.0,92.0,0.99224,3.36,0.58,11.9,6,medium,white,93.891,0.07135934221597384,15.217391304347828,177.61194029850748,0.2204977777777778,0.04891304347826087
6.5,0.29,0.3,9.15,0.051,25.0,166.0,0.99339,3.24,0.56,11.35,6,medium,white,89.5515,0.07258393215077358,15.060240963855422,174.6153846153846,0.10856721311475409,0.055120481927710845
6.1,0.21,0.19,1.4,0.046,51.0,131.0,0.99184,3.22,0.39,10.5,5,low,white,82.845,0.07363148047558693,38.93129770992366,172.13114754098362,0.7084571428571429,0.010687022900763359
7.2,0.47,0.16,5.9,0.048,14.0,125.0,0.99428,3.09,0.49,9.8,5,low,white,77.322,0.0931170947466439,11.200000000000001,136.11111111111111,0.16852203389830508,0.047200000000000006
6.7,0.34,0.31,16.4,0.051,20.0,146.0,0.99834,3.06,0.54,9.1,5,low,white,71.799,0.09331606289781194,13.698630136986301,135.82089552238804,0.06087439024390245,0.11232876712328767
6.6,0.27,0.25,1.2,0.033,36.0,111.0,0.98918,3.16,0.37,12.4,6,medium,white,97.836,0.06745983073715196,32.432432432432435,187.87878787878788,0.8243166666666667,0.01081081081081081
6.7,0.34,0.31,16.4,0.051,20.0,146.0,0.99834,3.06,0.54,9.1,5,low,white,71.799,0.09331606289781194,13.698630136986301,135.82089552238804,0.06087439024390245,0.11232876712328767
7.2,0.47,0.16,5.9,0.048,14.0,125.0,0.99428,3.09,0.49,9.8,5,low,white,77.322,0.0931170947466439,11.200000000000001,136.11111111111111,0.16852203389830508,0.047200000000000006
5.0,0.35,0.25,7.8,0.031,24.0,116.0,0.99241,3.39,0.4,11.3,6,medium,white,89.15700000000001,0.05608084614780667,20.689655172413794,226.00000000000003,0.12723205128205128,0.06724137931034482
5.0,0.35,0.25,7.8,0.031,24.0,116.0,0.99241,3.39,0.4,11.3,6,medium,white,89.15700000000001,0.05608084614780667,20.689655172413794,226.00000000000003,0.12723205128205128,0.06724137931034482
4.4,0.46,0.1,2.8,0.024,31.0,111.0,0.98816,3.48,0.34,13.1,6,medium,white,103.35900000000001,0.042570071304869436,27.927927927927925,297.7272727272727,0.35291428571428574,0.025225225225225224
6.6,0.38,0.29,2.9,0.035,15.0,101.0,0.98916,3.04,0.37,12.5,6,medium,white,98.625,0.06692015209125475,14.85148514851485,189.3939393939394,0.3410896551724138,0.02871287128712871
7.3,0.3,0.25,2.5,0.045,32.0,122.0,0.99329,3.18,0.54,10.3,5,low,white,81.26700000000001,0.08982735919869073,26.229508196721312,141.0958904109589,0.397316,0.020491803278688523
6.4,0.28,0.22,12.8,0.039,51.0,150.0,0.99535,3.23,0.43,10.7,6,medium,white,84.423,0.07580872511045568,34.0,167.18749999999997,0.07776171874999999,0.08533333333333334
6.9,0.29,0.25,12.2,0.04,29.0,136.0,0.99552,3.05,0.65,10.4,6,medium,white,82.056,0.08408891488739398,21.323529411764707,150.72463768115944,0.0816,0.08970588235294118
6.3,0.3,0.19,7.7,0.049,47.0,184.0,0.99514,3.22,0.48,9.5,5,low,white,74.955,0.0840504302581549,25.543478260869566,150.79365079365078,0.12923896103896104,0.04184782608695652
6.3,0.39,0.22,2.8,0.048,53.0,173.0,0.99304,3.24,0.45,9.8,5,low,white,77.322,0.08147745790331341,30.63583815028902,155.55555555555557,0.3546571428571429,0.016184971098265895
6.6,0.38,0.29,2.9,0.035,15.0,101.0,0.98916,3.04,0.37,12.5,6,medium,white,98.625,0.06692015209125475,14.85148514851485,189.3939393939394,0.3410896551724138,0.02871287128712871
6.6,0.18,0.26,17.3,0.051,17.0,149.0,0.9984,3.0,0.43,9.4,6,medium,white,74.166,0.08898956395113664,11.409395973154362,142.42424242424244,0.057710982658959534,0.11610738255033558
6.0,0.28,0.29,19.3,0.051,36.0,174.0,0.99911,3.14,0.5,9.0,5,low,white,71.01,0.08449514152936205,20.689655172413794,150.0,0.05176735751295337,0.11091954022988507
6.0,0.28,0.29,19.3,0.051,36.0,174.0,0.99911,3.14,0.5,9.0,5,low,white,71.01,0.08449514152936205,20.689655172413794,150.0,0.05176735751295337,0.11091954022988507
6.0,0.28,0.29,19.3,0.051,36.0,174.0,0.99911,3.14,0.5,9.0,5,low,white,71.01,0.08449514152936205,20.689655172413794,150.0,0.05176735751295337,0.11091954022988507
6.6,0.35,0.26,2.7,0.045,19.0,129.0,0.98952,3.24,0.48,13.0,7,medium,white,102.57000000000001,0.06434630008774495,14.728682170542637,196.96969696969697,0.36648888888888886,0.020930232558139535
5.9,0.22,0.18,6.4,0.041,28.0,120.0,0.99403,3.27,0.5,9.9,5,low,white,78.111,0.07553353560958123,23.333333333333332,167.79661016949152,0.15531718749999998,0.05333333333333334
6.6,0.18,0.26,17.3,0.051,17.0,149.0,0.9984,3.0,0.43,9.4,6,medium,white,74.166,0.08898956395113664,11.409395973154362,142.42424242424244,0.057710982658959534,0.11610738255033558
7.7,0.28,0.24,2.4,0.044,29.0,157.0,0.99312,3.27,0.56,10.6,6,medium,white,83.634,0.09206781930793696,18.471337579617835,137.66233766233768,0.4138,0.015286624203821656
7.1,0.42,0.2,2.8,0.038,28.0,109.0,0.98968,3.23,0.47,13.4,6,medium,white,105.726,0.06715472069311239,25.688073394495415,188.73239436619718,0.35345714285714286,0.02568807339449541
6.7,0.32,0.32,1.7,0.031,31.0,114.0,0.98946,3.12,0.35,12.5,6,medium,white,98.625,0.0679340937896071,27.192982456140353,186.56716417910448,0.5820352941176471,0.014912280701754385
6.6,0.26,0.56,15.4,0.053,32.0,141.0,0.9981,3.11,0.49,9.3,5,low,white,73.37700000000001,0.08994644098286927,22.69503546099291,140.9090909090909,0.0648116883116883,0.10921985815602837
6.6,0.26,0.56,15.4,0.053,32.0,141.0,0.9981,3.11,0.49,9.3,5,low,white,73.37700000000001,0.08994644098286927,22.69503546099291,140.9090909090909,0.0648116883116883,0.10921985815602837
6.2,0.32,0.24,4.1,0.051,34.0,149.0,0.99306,3.36,0.52,11.0,5,low,white,86.79,0.07143680147482429,22.818791946308725,177.41935483870967,0.242209756097561,0.02751677852348993
6.3,0.25,0.27,6.6,0.054,40.0,158.0,0.99378,3.2,0.48,10.3,5,low,white,81.26700000000001,0.07752224150023994,25.31645569620253,163.49206349206352,0.15057272727272727,0.04177215189873418
6.2,0.21,0.24,1.2,0.051,31.0,95.0,0.99036,3.24,0.57,11.3,6,medium,white,89.15700000000001,0.06954024922328027,32.631578947368425,182.25806451612905,0.8253,0.01263157894736842
6.4,0.23,0.27,2.1,0.042,35.0,100.0,0.99094,3.03,0.63,10.9,6,medium,white,86.001,0.07441773932861245,35.0,170.3125,0.47187619047619045,0.021
4.7,0.145,0.29,1.0,0.042,35.0,90.0,0.9908,3.76,0.49,11.3,6,medium,white,89.15700000000001,0.05271599537893827,38.88888888888889,240.4255319148936,0.9908,0.011111111111111112
6.2,0.2,0.28,1.1,0.039,24.0,78.0,0.9899,3.36,0.47,12.1,6,medium,white,95.46900000000001,0.0649425467952948,30.76923076923077,195.16129032258064,0.8999090909090909,0.014102564102564105
7.0,0.28,0.28,1.4,0.039,12.0,83.0,0.99173,3.18,0.65,11.1,5,low,white,87.57900000000001,0.07992783658182898,14.457831325301203,158.57142857142856,0.7083785714285715,0.016867469879518072
7.1,0.36,0.2,1.6,0.271,24.0,140.0,0.99356,3.11,0.63,9.8,5,low,white,77.322,0.09182380176405162,17.142857142857142,138.0281690140845,0.6209749999999999,0.011428571428571429
5.7,0.25,0.22,9.8,0.049,50.0,125.0,0.99571,3.2,0.45,10.1,6,medium,white,79.68900000000001,0.07152806535406392,40.0,177.19298245614036,0.10160306122448978,0.07840000000000001
5.7,0.22,0.33,1.9,0.036,37.0,110.0,0.98945,3.26,0.58,12.4,6,medium,white,97.836,0.05826076290935852,33.63636363636363,217.54385964912282,0.5207631578947369,0.017272727272727273
6.0,0.2,0.38,1.3,0.034,37.0,104.0,0.98865,3.11,0.52,12.7,6,medium,white,100.203,0.05987844675309122,35.57692307692308,211.66666666666666,0.7605,0.0125
6.4,0.32,0.26,7.9,0.05,53.0,180.0,0.99514,3.14,0.5,9.6,5,low,white,75.744,0.08449514152936206,29.444444444444446,149.99999999999997,0.12596708860759492,0.043888888888888894
6.4,0.32,0.26,7.9,0.05,53.0,180.0,0.99514,3.14,0.5,9.6,5,low,white,75.744,0.08449514152936206,29.444444444444446,149.99999999999997,0.12596708860759492,0.043888888888888894
6.0,0.555,0.26,4.5,0.053,17.0,126.0,0.9943,3.24,0.46,9.1,5,low,white,71.799,0.08356662349057785,13.492063492063492,151.66666666666666,0.22095555555555554,0.03571428571428571
5.9,0.22,0.45,22.6,0.12,55.0,122.0,0.99636,3.1,0.35,12.8,5,low,white,100.992,0.05842046894803549,45.08196721311475,216.94915254237287,0.04408672566371681,0.18524590163934426
6.4,0.32,0.26,7.9,0.05,53.0,180.0,0.99514,3.14,0.5,9.6,5,low,white,75.744,0.08449514152936206,29.444444444444446,149.99999999999997,0.12596708860759492,0.043888888888888894
6.2,0.3,0.33,3.5,0.037,37.0,155.0,0.98987,3.18,0.37,12.4,6,medium,white,97.836,0.06337135614702155,23.870967741935484,200.0,0.28282,0.02258064516129032
5.8,0.28,0.18,1.2,0.058,7.0,108.0,0.99288,3.23,0.58,9.55,4,low,white,75.3495,0.07697463155030888,6.481481481481481,164.65517241379314,0.8274,0.011111111111111112
5.8,0.555,0.26,4.5,0.053,17.0,126.0,0.9943,3.24,0.46,9.1,5,low,white,71.799,0.08078106937422526,13.492063492063492,156.89655172413794,0.22095555555555554,0.03571428571428571
6.7,0.31,0.33,2.0,0.033,12.0,74.0,0.99064,3.29,0.65,12.5,6,medium,white,98.625,0.0679340937896071,16.216216216216218,186.56716417910448,0.49532,0.02702702702702703
6.4,0.15,0.25,7.8,0.05,13.0,68.0,0.99394,3.16,0.4,9.9,6,medium,white,78.111,0.08193468269513897,19.11764705882353,154.6875,0.12742820512820513,0.11470588235294117
6.4,0.13,0.28,0.9,0.045,32.0,87.0,0.99175,3.47,0.52,11.2,6,medium,white,88.36800000000001,0.07242440702516748,36.7816091954023,174.99999999999997,1.1019444444444444,0.010344827586206896
6.7,0.48,0.49,2.9,0.03,28.0,122.0,0.98926,3.13,0.4,13.0,6,medium,white,102.57000000000001,0.06532124402846835,22.950819672131146,194.02985074626866,0.3411241379310345,0.023770491803278688
6.7,0.48,0.49,2.9,0.03,28.0,122.0,0.98926,3.13,0.4,13.0,6,medium,white,102.57000000000001,0.06532124402846835,22.950819672131146,194.02985074626866,0.3411241379310345,0.023770491803278688
5.8,0.3,0.33,3.5,0.033,25.0,116.0,0.99057,3.2,0.44,11.7,6,medium,white,92.313,0.06282972062439743,21.551724137931032,201.72413793103448,0.28302,0.03017241379310345
6.1,0.28,0.23,4.2,0.038,13.0,95.0,0.98898,2.97,0.7,13.1,6,medium,white,103.35900000000001,0.059017598854478076,13.684210526315791,214.75409836065575,0.23547142857142855,0.04421052631578948
6.0,0.19,0.37,9.7,0.032,17.0,50.0,0.9932,3.08,0.66,12.0,6,medium,white,94.68,0.06337135614702154,34.0,200.0,0.1023917525773196,0.19399999999999998
6.8,0.31,0.25,10.5,0.043,30.0,165.0,0.9972,3.36,0.55,10.55,6,medium,white,83.2395,0.08169198517530739,18.181818181818183,155.14705882352942,0.09497142857142857,0.06363636363636363
7.5,0.24,0.29,1.1,0.046,34.0,84.0,0.9902,3.04,0.39,11.45,6,medium,white,90.3405,0.08301924386072691,40.476190476190474,152.66666666666666,0.9001818181818181,0.013095238095238096
6.8,0.23,0.39,16.1,0.053,71.0,194.0,0.9988,3.18,0.64,10.2,6,medium,white,80.47800000000001,0.08449514152936205,36.597938144329895,150.0,0.062037267080745334,0.0829896907216495
7.5,0.24,0.29,1.1,0.046,34.0,84.0,0.9902,3.04,0.39,11.45,6,medium,white,90.3405,0.08301924386072691,40.476190476190474,152.66666666666666,0.9001818181818181,0.013095238095238096
6.3,0.29,0.3,8.1,0.212,60.0,150.0,0.9958,3.1,0.4,9.3,5,low,white,73.37700000000001,0.08585796639273885,40.0,147.61904761904762,0.12293827160493828,0.054
6.8,0.2,0.25,6.2,0.052,22.0,106.0,0.9935,3.09,0.54,10.8,5,low,white,85.212,0.07980096699995305,20.754716981132077,158.82352941176472,0.16024193548387097,0.05849056603773585
5.2,0.38,0.26,7.7,0.053,20.0,103.0,0.9925,3.27,0.45,12.2,6,medium,white,96.25800000000001,0.054021483928608525,19.41747572815534,234.61538461538458,0.1288961038961039,0.07475728155339806
7.8,0.27,0.33,2.4,0.053,36.0,175.0,0.992,3.2,0.55,11.0,6,medium,white,86.79,0.08987210508123054,20.57142857142857,141.02564102564102,0.41333333333333333,0.013714285714285714
6.6,0.54,0.21,16.3,0.055,41.0,182.0,0.9986,3.35,0.54,10.4,6,medium,white,82.056,0.0804328751096812,22.52747252747253,157.5757575757576,0.061263803680981596,0.08956043956043956
7.1,0.25,0.31,2.3,0.05,32.0,156.0,0.9914,3.14,0.51,11.4,6,medium,white,89.946,0.07893625063927245,20.51282051282051,160.56338028169014,0.4310434782608696,0.014743589743589743
5.8,0.61,0.01,8.4,0.041,31.0,104.0,0.9909,3.26,0.72,14.05,7,medium,white,110.8545,0.052320834968359424,29.807692307692307,242.24137931034483,0.11796428571428572,0.08076923076923077
6.5,0.32,0.23,8.5,0.051,20.0,138.0,0.9943,3.03,0.42,10.7,5,low,white,84.423,0.07699323644030655,14.492753623188406,164.6153846153846,0.11697647058823529,0.06159420289855073
6.4,0.28,0.23,6.0,0.051,50.0,162.0,0.994,3.15,0.52,10.2,5,low,white,80.47800000000001,0.07952483908645841,30.864197530864196,159.37499999999997,0.16566666666666666,0.037037037037037035
6.6,0.19,0.28,1.1,0.044,38.0,100.0,0.9904,3.22,0.69,11.2,6,medium,white,88.36800000000001,0.07468766974470395,38.0,169.6969696969697,0.9003636363636363,0.011000000000000001
5.1,0.305,0.13,1.75,0.036,17.0,73.0,0.99,3.4,0.51,12.3333333333333,5,low,white,97.30999999999975,0.052409824272942274,23.28767123287671,241.8300653594765,0.5657142857142857,0.023972602739726026
5.8,0.26,0.3,2.6,0.034,75.0,129.0,0.9902,3.2,0.38,11.5,4,low,white,90.735,0.06392241141786521,58.139534883720934,198.27586206896552,0.38084615384615383,0.020155038759689922
6.7,0.23,0.17,1.3,0.061,14.0,100.0,0.9925,3.07,0.55,9.5,5,low,white,74.955,0.08938696551264093,14.000000000000002,141.79104477611938,0.7634615384615385,0.013000000000000001
6.8,0.33,0.3,2.1,0.047,35.0,147.0,0.9886,3.24,0.56,13.4,6,medium,white,105.726,0.06431719728354425,23.809523809523807,197.05882352941177,0.47076190476190477,0.014285714285714287
6.1,0.27,0.32,1.1,0.034,24.0,110.0,0.9898,3.36,0.4,12.5,6,medium,white,98.625,0.06185044359949302,21.818181818181817,204.91803278688528,0.8998181818181817,0.01
6.1,0.27,0.32,1.1,0.034,24.0,110.0,0.9898,3.36,0.4,12.5,6,medium,white,98.625,0.06185044359949302,21.818181818181817,204.91803278688528,0.8998181818181817,0.01
6.8,0.4,0.29,2.8,0.044,27.0,97.0,0.9904,3.12,0.42,11.2,6,medium,white,88.36800000000001,0.07695093246424044,27.835051546391753,164.70588235294116,0.3537142857142857,0.028865979381443297
6.1,0.4,0.18,9.0,0.051,28.5,259.0,0.9964,3.19,0.5,8.8,5,low,white,69.432,0.08785574374927986,11.003861003861005,144.26229508196724,0.11071111111111111,0.03474903474903475
7.1,0.28,0.26,2.8,0.039,50.0,118.0,0.9908,3.06,0.59,11.2,6,medium,white,88.36800000000001,0.08034582654354516,42.3728813559322,157.74647887323943,0.35385714285714287,0.02372881355932203
6.2,0.32,0.32,2.2,0.036,15.0,70.0,0.9899,3.16,0.48,12.7,6,medium,white,100.203,0.06187439497819427,21.428571428571427,204.83870967741936,0.44995454545454544,0.03142857142857143
6.8,0.17,0.17,5.1,0.049,26.0,82.0,0.993,3.0,0.38,9.8,6,medium,white,77.322,0.08794392281627479,31.70731707317073,144.11764705882354,0.1947058823529412,0.062195121951219505
9.0,0.2,0.33,3.5,0.049,10.0,40.0,0.9944,3.14,0.36,9.8,6,medium,white,77.322,0.11639636843330488,25.0,108.8888888888889,0.2841142857142857,0.0875
5.8,0.13,0.22,12.7,0.058,24.0,183.0,0.9956,3.32,0.42,11.7,6,medium,white,92.313,0.06282972062439743,13.114754098360656,201.72413793103448,0.07839370078740159,0.06939890710382514
5.8,0.31,0.31,7.5,0.052,55.0,230.0,0.9949,3.19,0.46,9.8,5,low,white,77.322,0.07501099299035204,23.91304347826087,168.96551724137933,0.13265333333333335,0.03260869565217391
6.3,0.36,0.2,2.0,0.048,48.0,191.0,0.9929,3.17,0.51,9.6,5,low,white,75.744,0.08317490494296578,25.13089005235602,152.38095238095238,0.49645,0.010471204188481676
9.0,0.2,0.33,3.5,0.049,10.0,40.0,0.9944,3.14,0.36,9.8,6,medium,white,77.322,0.11639636843330488,25.0,108.8888888888889,0.2841142857142857,0.0875
6.7,0.18,0.25,14.3,0.048,79.0,149.0,0.9975,3.12,0.37,9.7,5,low,white,76.533,0.08754393529588543,53.02013422818792,144.77611940298507,0.06975524475524475,0.09597315436241612
6.6,0.16,0.25,9.8,0.049,59.5,137.0,0.995,3.16,0.38,10.0,6,medium,white,78.9,0.08365019011406843,43.43065693430657,151.5151515151515,0.10153061224489796,0.07153284671532847
5.8,0.13,0.22,12.7,0.058,24.0,183.0,0.9956,3.32,0.42,11.7,6,medium,white,92.313,0.06282972062439743,13.114754098360656,201.72413793103448,0.07839370078740159,0.06939890710382514
5.8,0.27,0.22,12.7,0.058,42.0,206.0,0.9946,3.32,0.38,12.3,6,medium,white,97.04700000000001,0.05976485620369511,20.388349514563107,212.06896551724142,0.07831496062992127,0.0616504854368932
6.8,0.17,0.17,5.1,0.049,26.0,82.0,0.993,3.0,0.38,9.8,6,medium,white,77.322,0.08794392281627479,31.70731707317073,144.11764705882354,0.1947058823529412,0.062195121951219505
6.4,0.37,0.19,3.5,0.068,18.0,101.0,0.9934,3.03,0.38,9.0,6,medium,white,71.01,0.09012815096465286,17.82178217821782,140.625,0.28382857142857143,0.034653465346534656
7.3,0.26,0.53,12.7,0.047,60.5,164.5,0.9984,3.06,0.45,9.1,6,medium,white,71.799,0.10167272524686972,36.77811550151976,124.65753424657532,0.07861417322834646,0.07720364741641338
7.3,0.28,0.54,12.9,0.049,62.0,162.5,0.9984,3.06,0.45,9.1,6,medium,white,71.799,0.10167272524686972,38.15384615384615,124.65753424657532,0.07739534883720929,0.07938461538461539
7.3,0.28,0.54,12.9,0.049,62.0,162.5,0.9984,3.06,0.45,9.1,6,medium,white,71.799,0.10167272524686972,38.15384615384615,124.65753424657532,0.07739534883720929,0.07938461538461539
5.8,0.12,0.21,1.3,0.056,35.0,121.0,0.9908,3.32,0.33,11.4,6,medium,white,89.946,0.06448313432503947,28.92561983471074,196.55172413793105,0.7621538461538462,0.010743801652892562
6.1,0.25,0.18,10.5,0.049,41.0,124.0,0.9963,3.14,0.35,10.5,5,low,white,82.845,0.07363148047558693,33.064516129032256,172.13114754098362,0.09488571428571428,0.0846774193548387
6.4,0.24,0.27,1.5,0.04,35.0,105.0,0.98914,3.13,0.3,12.4,6,medium,white,97.836,0.06541559344208676,33.33333333333333,193.75,0.6594266666666667,0.014285714285714285
7.3,0.26,0.53,12.7,0.047,60.5,156.0,0.9984,3.06,0.45,9.1,6,medium,white,71.799,0.10167272524686972,38.782051282051285,124.65753424657532,0.07861417322834646,0.08141025641025641
7.3,0.28,0.54,12.9,0.049,62.0,152.0,0.9984,3.06,0.45,9.1,6,medium,white,71.799,0.10167272524686972,40.78947368421053,124.65753424657532,0.07739534883720929,0.08486842105263158
8.3,0.18,0.37,1.2,0.049,6.0,94.0,0.9937,3.18,0.52,10.1,5,low,white,79.68900000000001,0.10415490218223343,6.382978723404255,121.68674698795179,0.8280833333333334,0.01276595744680851
7.1,0.09,0.3,6.2,0.032,24.0,134.0,0.993,2.99,0.39,10.9,6,medium,white,86.001,0.08255717956767944,17.91044776119403,153.5211267605634,0.16016129032258064,0.04626865671641791
8.3,0.14,0.36,8.8,0.026,13.0,60.0,0.9956,3.13,0.35,11.05,5,low,white,87.1845,0.09520040832946224,21.666666666666668,133.13253012048193,0.11313636363636363,0.14666666666666667
5.8,0.28,0.3,3.9,0.026,36.0,105.0,0.98963,3.26,0.58,12.75,6,medium,white,100.59750000000001,0.05765550833768234,34.285714285714285,219.82758620689657,0.25375128205128206,0.037142857142857144
6.0,0.23,0.34,1.3,0.025,23.0,111.0,0.98961,3.36,0.37,12.7,6,medium,white,100.203,0.05987844675309122,20.72072072072072,211.66666666666666,0.7612384615384615,0.011711711711711712
6.9,0.28,0.37,9.1,0.037,16.0,76.0,0.9948,3.05,0.54,11.1,5,low,white,87.57900000000001,0.0787860103449457,21.052631578947366,160.86956521739128,0.10931868131868132,0.11973684210526316
6.9,0.28,0.37,9.1,0.037,16.0,76.0,0.9948,3.05,0.54,11.1,5,low,white,87.57900000000001,0.0787860103449457,21.052631578947366,160.86956521739128,0.10931868131868132,0.11973684210526316
5.8,0.28,0.3,3.9,0.026,36.0,105.0,0.98963,3.26,0.58,12.75,6,medium,white,100.59750000000001,0.05765550833768234,34.285714285714285,219.82758620689657,0.25375128205128206,0.037142857142857144
6.3,0.25,0.53,1.8,0.021,41.0,101.0,0.989315,3.19,0.31,13.0,6,medium,white,102.57000000000001,0.06142146826557472,40.5940594059406,206.34920634920638,0.5496194444444444,0.017821782178217824
6.5,0.2,0.31,2.1,0.033,32.0,95.0,0.989435,2.96,0.61,12.0,6,medium,white,94.68,0.06865230249260668,33.68421052631579,184.6153846153846,0.47115952380952375,0.02210526315789474
5.9,0.29,0.32,1.4,0.022,17.0,47.0,0.9899,3.35,0.35,11.5,6,medium,white,90.735,0.06502452195955255,36.17021276595745,194.91525423728814,0.7070714285714286,0.02978723404255319
6.4,0.46,0.22,14.7,0.047,51.0,183.0,0.998275,3.39,0.6,10.5,5,low,white,82.845,0.07725270082684532,27.86885245901639,164.0625,0.06790986394557824,0.08032786885245902
6.9,0.28,0.37,9.1,0.037,16.0,76.0,0.9948,3.05,0.54,11.1,5,low,white,87.57900000000001,0.0787860103449457,21.052631578947366,160.86956521739128,0.10931868131868132,0.11973684210526316
6.8,0.23,0.33,1.9,0.047,20.0,101.0,0.9914,3.1,0.46,11.1,6,medium,white,87.57900000000001,0.07764418410806243,19.801980198019802,163.23529411764704,0.5217894736842105,0.01881188118811881
7.0,0.23,0.32,1.8,0.048,25.0,113.0,0.9915,3.11,0.47,11.1,6,medium,white,87.57900000000001,0.07992783658182898,22.123893805309734,158.57142857142856,0.5508333333333334,0.01592920353982301
6.4,0.55,0.26,9.6,0.027,20.0,104.0,0.9924,3.22,0.73,13.1,6,medium,white,103.35900000000001,0.06192010371617372,19.230769230769234,204.6875,0.103375,0.0923076923076923
5.7,0.28,0.3,3.9,0.026,36.0,105.0,0.98963,3.26,0.58,12.75,6,medium,white,100.59750000000001,0.05666144784910161,34.285714285714285,223.6842105263158,0.25375128205128206,0.037142857142857144
6.0,0.23,0.34,1.3,0.025,23.0,111.0,0.98961,3.36,0.37,12.7,6,medium,white,100.203,0.05987844675309122,20.72072072072072,211.66666666666666,0.7612384615384615,0.011711711711711712
6.8,0.45,0.3,11.8,0.094,23.0,97.0,0.997,3.09,0.44,9.6,5,low,white,75.744,0.08977608787494719,23.711340206185564,141.1764705882353,0.08449152542372881,0.12164948453608249
6.1,0.2,0.4,1.9,0.028,32.0,138.0,0.9914,3.26,0.72,11.7,5,low,white,92.313,0.06607953376014213,23.18840579710145,191.80327868852459,0.5217894736842105,0.013768115942028985
6.1,0.37,0.46,12.0,0.042,61.0,210.0,0.997,3.17,0.59,9.7,6,medium,white,76.533,0.0797041798962539,29.04761904761905,159.01639344262296,0.08308333333333333,0.05714285714285714
5.9,0.21,0.23,7.9,0.033,22.0,130.0,0.9944,3.38,0.59,10.9,6,medium,white,86.001,0.06860385344356461,16.923076923076923,184.74576271186442,0.12587341772151897,0.06076923076923077
6.9,0.22,0.32,9.3,0.04,22.0,110.0,0.9958,3.34,0.54,10.7,7,medium,white,84.423,0.08173128175971003,20.0,155.0724637681159,0.10707526881720429,0.08454545454545455
5.4,0.27,0.22,4.6,0.022,29.0,107.0,0.98889,3.33,0.54,13.8,6,medium,white,108.882,0.049594974375929905,27.102803738317753,255.55555555555554,0.21497608695652176,0.04299065420560747
6.0,0.26,0.26,2.2,0.035,10.0,72.0,0.989465,3.11,0.48,12.15,6,medium,white,95.8635,0.06258899372545337,13.88888888888889,202.5,0.4497568181818182,0.030555555555555558
5.6,0.18,0.3,10.2,0.028,28.0,131.0,0.9954,3.49,0.42,10.8,7,medium,white,85.212,0.06571844341172604,21.374045801526716,192.8571428571429,0.09758823529411764,0.07786259541984732
5.6,0.26,0.27,10.6,0.03,27.0,119.0,0.9947,3.4,0.34,10.7,7,medium,white,84.423,0.06633263447164872,22.689075630252102,191.07142857142858,0.09383962264150944,0.08907563025210084
7.0,0.23,0.35,1.4,0.036,31.0,113.0,0.9912,3.16,0.48,10.8,7,medium,white,85.212,0.08214805426465756,27.43362831858407,154.2857142857143,0.7080000000000001,0.012389380530973451
5.8,0.28,0.66,9.1,0.039,26.0,159.0,0.9965,3.66,0.55,10.8,5,low,white,85.212,0.06806553067643055,16.352201257861633,186.20689655172416,0.10950549450549452,0.057232704402515724
8.6,0.36,0.26,11.1,0.03,43.5,171.0,0.9948,3.03,0.49,12.0,5,low,white,94.68,0.09083227714406421,25.438596491228072,139.53488372093022,0.08962162162162163,0.06491228070175438
5.8,0.28,0.66,9.1,0.039,26.0,159.0,0.9965,3.66,0.55,10.8,5,low,white,85.212,0.06806553067643055,16.352201257861633,186.20689655172416,0.10950549450549452,0.057232704402515724
6.4,0.3,0.27,4.4,0.055,17.0,135.0,0.9925,3.23,0.44,12.2,6,medium,white,96.25800000000001,0.06648798021982588,12.592592592592592,190.62499999999997,0.2255681818181818,0.0325925925925926
6.2,0.2,0.32,2.8,0.05,17.0,126.0,0.9936,3.18,0.55,9.4,6,medium,white,74.166,0.08359625704500716,13.492063492063492,151.61290322580646,0.35485714285714287,0.02222222222222222
5.8,0.29,0.15,1.1,0.029,12.0,83.0,0.9898,3.3,0.4,11.4,6,medium,white,89.946,0.06448313432503947,14.457831325301203,196.55172413793105,0.8998181818181817,0.013253012048192772
5.7,0.22,0.28,1.3,0.027,26.0,101.0,0.98948,3.35,0.38,12.5,7,medium,white,98.625,0.057794676806083654,25.742574257425744,219.29824561403507,0.7611384615384615,0.012871287128712872
5.6,0.22,0.32,1.2,0.024,29.0,97.0,0.98823,3.2,0.46,13.05,7,medium,white,102.9645,0.05438767730625604,29.896907216494846,233.03571428571433,0.8235250000000001,0.012371134020618556
6.8,0.32,0.23,3.3,0.026,31.0,99.0,0.9896,3.1,0.4,12.4,6,medium,white,97.836,0.06950406803221718,31.313131313131315,182.3529411764706,0.2998787878787879,0.03333333333333333
6.2,0.2,0.26,9.7,0.03,39.0,102.0,0.9908,3.08,0.56,12.9,7,medium,white,101.781,0.060915102032795904,38.23529411764706,208.06451612903226,0.10214432989690722,0.09509803921568627
6.1,0.35,0.24,2.3,0.034,25.0,133.0,0.9906,3.34,0.59,12.0,7,medium,white,94.68,0.06442754541613856,18.796992481203006,196.72131147540986,0.4306956521739131,0.017293233082706767
5.9,0.3,0.29,1.1,0.036,23.0,56.0,0.9904,3.19,0.38,11.3,5,low,white,89.15700000000001,0.06617539845441188,41.07142857142857,191.52542372881356,0.9003636363636363,0.019642857142857146
6.3,0.15,0.34,11.4,0.05,25.0,96.0,0.99754,3.21,0.49,10.0,6,medium,white,78.9,0.07984790874524714,26.041666666666668,158.73015873015873,0.08750350877192982,0.11875000000000001
4.8,0.13,0.32,1.2,0.042,40.0,98.0,0.9898,3.42,0.64,11.8,7,medium,white,93.102,0.05155635754333956,40.816326530612244,245.83333333333334,0.8248333333333334,0.012244897959183673
6.0,0.2,0.26,14.7,0.045,53.0,125.0,0.998365,2.99,0.69,9.4,6,medium,white,74.166,0.0808996035919424,42.4,156.66666666666666,0.06791598639455783,0.1176
5.7,0.2,0.24,13.8,0.047,44.0,112.0,0.99837,2.97,0.66,8.8,6,medium,white,69.432,0.08209471137227792,39.285714285714285,154.3859649122807,0.07234565217391303,0.12321428571428572
6.0,0.27,0.26,1.3,0.038,32.0,138.0,0.99125,3.46,0.43,11.1,6,medium,white,87.57900000000001,0.06850957421299626,23.18840579710145,185.0,0.7625,0.009420289855072464
6.3,0.37,0.51,6.3,0.048,35.0,146.0,0.9943,3.1,1.01,10.5,6,medium,white,82.845,0.07604562737642585,23.972602739726025,166.66666666666669,0.1578253968253968,0.043150684931506846
6.4,0.23,0.37,7.9,0.05,60.0,150.0,0.99488,2.86,0.49,9.3,6,medium,white,73.37700000000001,0.08722079125611568,40.0,145.3125,0.12593417721518987,0.05266666666666667
5.9,0.34,0.25,2.0,0.042,12.0,110.0,0.99034,3.02,0.54,11.4,6,medium,white,89.946,0.06559491250305739,10.909090909090908,193.22033898305085,0.49517,0.01818181818181818
5.0,0.33,0.23,11.8,0.03,23.0,158.0,0.99322,3.41,0.64,11.8,6,medium,white,93.102,0.053704539107645374,14.556962025316455,236.00000000000003,0.08417118644067796,0.07468354430379748
5.4,0.29,0.38,1.2,0.029,31.0,132.0,0.98895,3.28,0.36,12.4,6,medium,white,97.836,0.05519440696676071,23.484848484848484,229.62962962962962,0.824125,0.00909090909090909
8.0,0.33,0.35,10.0,0.035,22.0,108.0,0.99457,3.12,0.36,11.6,6,medium,white,91.524,0.08740876709934006,20.37037037037037,145.0,0.09945699999999999,0.09259259259259259
6.4,0.3,0.33,5.2,0.05,30.0,137.0,0.99304,3.26,0.58,11.1,5,low,white,87.57900000000001,0.07307687916052935,21.897810218978105,173.43749999999997,0.19096923076923078,0.03795620437956204
5.4,0.29,0.38,1.2,0.029,31.0,132.0,0.98895,3.28,0.36,12.4,6,medium,white,97.836,0.05519440696676071,23.484848484848484,229.62962962962962,0.824125,0.00909090909090909
6.4,0.33,0.3,7.2,0.041,42.0,168.0,0.99331,3.22,0.49,11.1,6,medium,white,87.57900000000001,0.07307687916052935,25.0,173.43749999999997,0.13795972222222222,0.04285714285714286
7.0,0.33,0.78,9.9,0.042,21.0,251.0,0.99435,3.01,0.55,11.0,6,medium,white,86.79,0.08065445327802742,8.366533864541832,157.14285714285714,0.10043939393939393,0.039442231075697214
6.7,0.45,0.3,5.3,0.036,27.0,165.0,0.99122,3.12,0.46,12.2,6,medium,white,96.25800000000001,0.06960460429263021,16.363636363636363,182.08955223880596,0.18702264150943396,0.03212121212121212
6.5,0.36,0.31,13.55,0.053,20.0,113.0,0.99544,3.2,0.56,11.0,6,medium,white,86.79,0.07489342090102546,17.699115044247787,169.23076923076923,0.07346420664206642,0.11991150442477877
5.8,0.42,0.3,2.2,0.035,26.0,129.0,0.989,3.32,0.47,12.9,6,medium,white,101.781,0.05698509545003488,20.155038759689923,222.4137931034483,0.4495454545454545,0.017054263565891473
7.1,0.39,0.3,9.9,0.037,29.0,124.0,0.99414,3.07,0.42,10.9,6,medium,white,86.001,0.08255717956767944,23.387096774193548,153.5211267605634,0.10041818181818182,0.07983870967741936
6.7,0.53,0.29,4.3,0.069,20.0,114.0,0.99014,3.22,0.59,13.4,6,medium,white,105.726,0.06337135614702155,17.543859649122805,200.0,0.2302651162790698,0.037719298245614034
6.7,0.66,0.0,13.0,0.033,32.0,75.0,0.99551,3.15,0.5,10.7,6,medium,white,84.423,0.0793622591000083,42.66666666666667,159.7014925373134,0.0765776923076923,0.17333333333333334
6.5,0.36,0.31,13.55,0.053,20.0,113.0,0.99544,3.2,0.56,11.0,6,medium,white,86.79,0.07489342090102546,17.699115044247787,169.23076923076923,0.07346420664206642,0.11991150442477877
6.5,0.16,0.33,1.0,0.027,23.0,75.0,0.9908,3.3,0.39,11.4,7,medium,white,89.946,0.07226558157116492,30.666666666666664,175.3846153846154,0.9908,0.013333333333333334
8.3,0.22,0.34,1.1,0.043,20.0,116.0,0.9927,3.0,0.47,10.2,6,medium,white,80.47800000000001,0.10313377569025076,17.24137931034483,122.89156626506022,0.9024545454545454,0.009482758620689657
6.9,0.23,0.35,6.9,0.03,45.0,116.0,0.99244,2.8,0.54,11.0,6,medium,white,86.79,0.07950224680262703,38.793103448275865,159.42028985507247,0.143831884057971,0.059482758620689656
6.4,0.17,0.34,13.4,0.044,45.0,139.0,0.99752,3.06,0.43,9.1,6,medium,white,71.799,0.08913773172328306,32.37410071942446,142.18749999999997,0.07444179104477612,0.09640287769784173
5.0,0.33,0.18,4.6,0.032,40.0,124.0,0.99114,3.18,0.4,11.0,6,medium,white,86.79,0.05761032377001958,32.25806451612903,220.00000000000003,0.21546521739130436,0.037096774193548385
6.8,0.38,0.29,9.9,0.037,40.0,146.0,0.99326,3.11,0.37,11.5,6,medium,white,90.735,0.07494351683473852,27.397260273972602,169.11764705882354,0.10032929292929293,0.06780821917808219
6.5,0.29,0.32,3.0,0.036,38.0,93.0,0.9906,3.16,0.59,12.0,6,medium,white,94.68,0.06865230249260668,40.86021505376344,184.6153846153846,0.3302,0.03225806451612903
6.9,0.29,0.32,5.8,0.04,16.0,112.0,0.993,3.04,0.58,11.2,5,low,white,88.36800000000001,0.07808256382400869,14.285714285714285,162.31884057971013,0.17120689655172414,0.05178571428571428
6.6,0.28,0.3,12.9,0.033,31.0,177.0,0.99479,3.12,0.39,11.2,6,medium,white,88.36800000000001,0.07468766974470395,17.51412429378531,169.6969696969697,0.07711550387596898,0.07288135593220339
6.2,0.36,0.27,3.2,0.032,13.0,73.0,0.98942,2.9,0.69,12.6,7,medium,white,99.414,0.062365461605005335,17.80821917808219,203.2258064516129,0.30919375,0.043835616438356165
6.0,0.615,0.04,0.8,0.032,8.0,50.0,0.99036,3.14,0.4,11.0,4,low,white,86.79,0.0691323885240235,16.0,183.33333333333331,1.2379499999999999,0.016
5.9,0.44,0.36,2.5,0.03,12.0,73.0,0.99201,3.22,0.48,10.8,6,medium,white,85.212,0.0692390743087828,16.43835616438356,183.05084745762713,0.396804,0.03424657534246575
5.9,0.42,0.36,2.4,0.034,19.0,77.0,0.99184,3.25,0.48,10.9,5,low,white,86.001,0.06860385344356461,24.675324675324674,184.74576271186442,0.4132666666666667,0.03116883116883117
5.8,0.34,0.21,7.2,0.041,48.0,146.0,0.99441,3.16,0.49,9.8,5,low,white,77.322,0.07501099299035204,32.87671232876712,168.96551724137933,0.1381125,0.049315068493150684
5.8,0.27,0.2,7.3,0.04,42.0,145.0,0.99442,3.15,0.48,9.8,5,low,white,77.322,0.07501099299035204,28.965517241379313,168.96551724137933,0.13622191780821918,0.0503448275862069
7.1,0.33,0.18,6.3,0.094,27.0,166.0,0.99474,2.9,0.49,9.5,5,low,white,74.955,0.09472350076712693,16.265060240963855,133.80281690140845,0.1578952380952381,0.03795180722891566
6.1,0.44,0.28,4.25,0.032,43.0,132.0,0.9916,3.26,0.47,11.2666666666667,7,medium,white,88.89400000000026,0.06862105428937816,32.57575757575758,184.6994535519131,0.23331764705882355,0.032196969696969696
7.3,0.28,0.37,1.2,0.039,26.0,99.0,0.99198,3.01,0.62,10.8,5,low,white,85.212,0.0856686851617143,26.262626262626267,147.94520547945206,0.82665,0.012121212121212121
5.2,0.5,0.18,2.0,0.036,23.0,129.0,0.98949,3.36,0.77,13.4,7,medium,white,105.726,0.049183739099180904,17.829457364341085,257.69230769230774,0.494745,0.015503875968992248
6.1,0.44,0.28,4.25,0.032,43.0,132.0,0.9916,3.26,0.47,11.3,7,medium,white,89.15700000000001,0.06841863230032413,32.57575757575758,185.24590163934428,0.23331764705882355,0.032196969696969696
6.4,0.62,0.12,4.7,0.06,33.0,196.0,0.99556,3.22,0.48,8.9,5,low,white,70.221,0.09114082681818829,16.83673469387755,139.0625,0.21182127659574468,0.023979591836734693
6.4,0.38,0.19,4.5,0.038,36.0,119.0,0.99151,3.07,0.42,11.2,6,medium,white,88.36800000000001,0.07242440702516748,30.252100840336134,174.99999999999997,0.22033555555555556,0.037815126050420166
7.5,0.305,0.38,1.4,0.047,30.0,95.0,0.99158,3.22,0.52,11.5,7,medium,white,90.735,0.08265829062654985,31.57894736842105,153.33333333333334,0.7082714285714287,0.014736842105263158
6.5,0.5,0.22,4.1,0.036,35.0,131.0,0.9902,3.26,0.55,13.0,7,medium,white,102.57000000000001,0.06337135614702154,26.717557251908396,200.0,0.24151219512195124,0.03129770992366412
6.6,0.4,0.3,5.3,0.038,20.0,125.0,0.99204,3.36,0.73,12.6,6,medium,white,99.414,0.06638903977307019,16.0,190.9090909090909,0.18717735849056605,0.0424
6.4,0.4,0.25,4.2,0.032,15.0,91.0,0.98988,3.26,0.52,13.1,6,medium,white,103.35900000000001,0.06192010371617372,16.483516483516482,204.6875,0.23568571428571428,0.046153846153846156
8.3,0.49,0.23,6.65,0.034,6.0,158.0,0.99344,3.05,0.48,11.2,5,low,white,88.36800000000001,0.09392540286076408,3.79746835443038,134.93975903614458,0.14938947368421052,0.04208860759493671
6.3,0.3,0.91,8.2,0.034,50.0,199.0,0.99394,3.39,0.49,11.7,6,medium,white,92.313,0.06824607585063859,25.125628140703515,185.7142857142857,0.12121219512195124,0.04120603015075377
6.1,0.19,0.37,2.6,0.041,24.0,99.0,0.99153,3.18,0.5,10.9,6,medium,white,86.001,0.07092940779758374,24.242424242424242,178.68852459016395,0.3813576923076923,0.026262626262626265
6.1,0.19,0.37,2.6,0.041,24.0,99.0,0.99153,3.18,0.5,10.9,6,medium,white,86.001,0.07092940779758374,24.242424242424242,178.68852459016395,0.3813576923076923,0.026262626262626265
5.6,0.24,0.34,2.0,0.041,14.0,73.0,0.98981,3.04,0.45,11.6,7,medium,white,91.524,0.06118613696953804,19.17808219178082,207.14285714285717,0.494905,0.0273972602739726
5.7,0.25,0.32,12.2,0.041,43.0,127.0,0.99524,3.23,0.53,10.4,7,medium,white,82.056,0.06946475577654285,33.85826771653544,182.45614035087718,0.08157704918032788,0.09606299212598425
6.6,0.21,0.39,2.3,0.041,31.0,102.0,0.99221,3.22,0.58,10.9,7,medium,white,86.001,0.0767432936826316,30.392156862745097,165.15151515151516,0.43139565217391307,0.022549019607843137
6.3,0.3,0.91,8.2,0.034,50.0,199.0,0.99394,3.39,0.49,11.7,6,medium,white,92.313,0.06824607585063859,25.125628140703515,185.7142857142857,0.12121219512195124,0.04120603015075377
6.2,0.28,0.41,5.0,0.043,50.0,188.0,0.99318,3.23,0.64,10.8,6,medium,white,85.212,0.07275970520583955,26.595744680851062,174.19354838709677,0.19863599999999998,0.026595744680851064
5.8,0.29,0.38,10.7,0.038,49.0,136.0,0.99366,3.11,0.59,11.2,6,medium,white,88.36800000000001,0.06563461886655803,36.029411764705884,193.10344827586206,0.09286542056074767,0.07867647058823529
5.8,0.345,0.15,10.8,0.033,26.0,120.0,0.99494,3.25,0.49,10.0,6,medium,white,78.9,0.07351077313054499,21.666666666666668,172.41379310344828,0.09212407407407407,0.09000000000000001
6.5,0.51,0.25,1.7,0.048,39.0,177.0,0.99212,3.28,0.57,10.5666666666667,5,low,white,83.37100000000027,0.07796475992851207,22.033898305084744,162.56410256410308,0.5836,0.009604519774011298
6.0,0.24,0.41,1.3,0.036,42.0,118.0,0.99018,3.04,0.64,11.7333333333333,6,medium,white,92.57599999999974,0.06481161424127221,35.59322033898305,195.555555555555,0.761676923076923,0.011016949152542373
6.5,0.51,0.25,1.7,0.048,39.0,177.0,0.99212,3.28,0.57,10.6,5,low,white,83.634,0.07771958772747925,22.033898305084744,163.07692307692307,0.5836,0.009604519774011298
6.9,0.54,0.26,12.7,0.049,59.0,195.0,0.99596,3.26,0.54,10.5,6,medium,white,82.845,0.08328806807894261,30.256410256410255,152.17391304347825,0.07842204724409449,0.06512820512820512
6.0,0.24,0.41,1.3,0.036,42.0,118.0,0.99018,3.04,0.64,11.75,6,medium,white,92.70750000000001,0.06471968287355391,35.59322033898305,195.83333333333331,0.761676923076923,0.011016949152542373
6.6,0.26,0.36,1.2,0.035,43.0,126.0,0.99094,3.01,0.63,11.4,6,medium,white,89.946,0.07337735974918284,34.12698412698413,172.72727272727275,0.8257833333333334,0.009523809523809523
5.7,0.24,0.3,1.3,0.03,25.0,98.0,0.98968,3.37,0.43,12.4,7,medium,white,97.836,0.05826076290935852,25.510204081632654,217.54385964912282,0.7612923076923077,0.01326530612244898
6.5,0.21,0.35,5.7,0.043,47.0,197.0,0.99392,3.24,0.5,10.1,6,medium,white,79.68900000000001,0.08156709207042377,23.85786802030457,155.3846153846154,0.1743719298245614,0.028934010152284265
6.8,0.29,0.22,3.4,0.035,40.0,122.0,0.99024,3.09,0.47,12.3,6,medium,white,97.04700000000001,0.07006914175605633,32.78688524590164,180.8823529411765,0.2912470588235294,0.027868852459016394
5.0,0.24,0.34,1.1,0.034,49.0,158.0,0.98774,3.32,0.32,13.1,7,medium,white,103.35900000000001,0.04837508102826072,31.0126582278481,262.0,0.8979454545454544,0.006962025316455697
5.9,0.18,0.28,1.0,0.037,24.0,88.0,0.99094,3.29,0.55,10.65,7,medium,white,84.02850000000001,0.07021427253848396,27.27272727272727,180.50847457627117,0.99094,0.011363636363636364
5.8,0.26,0.29,1.0,0.042,35.0,101.0,0.99044,3.36,0.48,11.4,7,medium,white,89.946,0.06448313432503947,34.65346534653465,196.55172413793105,0.99044,0.009900990099009901
6.7,0.61,0.21,1.65,0.117,40.0,240.0,0.9938,3.11,0.57,9.3,5,low,white,73.37700000000001,0.09130926584624609,16.666666666666664,138.80597014925374,0.6023030303030303,0.006875
5.7,0.695,0.06,6.8,0.042,9.0,84.0,0.99432,3.44,0.44,10.2,5,low,white,80.47800000000001,0.07082680981137701,10.714285714285714,178.9473684210526,0.1462235294117647,0.08095238095238096
5.6,0.695,0.06,6.8,0.042,9.0,84.0,0.99432,3.44,0.44,10.2,5,low,white,80.47800000000001,0.0695842342006511,10.714285714285714,182.14285714285714,0.1462235294117647,0.08095238095238096
5.7,0.39,0.25,4.9,0.033,49.0,113.0,0.98966,3.26,0.58,13.1,7,medium,white,103.35900000000001,0.05514759237221722,43.36283185840708,229.82456140350877,0.20197142857142855,0.043362831858407086
6.1,0.38,0.47,1.4,0.051,59.0,210.0,0.99309,3.24,0.5,9.6,5,low,white,75.744,0.0805344317701732,28.095238095238095,157.37704918032787,0.70935,0.006666666666666666
6.3,0.36,0.28,2.5,0.035,18.0,73.0,0.98868,3.1,0.47,12.8,7,medium,white,100.992,0.06238117870722433,24.65753424657534,203.17460317460322,0.395472,0.03424657534246575
6.0,0.29,0.41,10.8,0.048,55.0,149.0,0.9937,3.09,0.59,10.9666666666667,7,medium,white,86.52700000000027,0.06934251736452184,36.91275167785235,182.77777777777834,0.09200925925925925,0.07248322147651007
6.0,0.29,0.41,10.8,0.048,55.0,149.0,0.9937,3.09,0.59,10.9666666666667,7,medium,white,86.52700000000027,0.06934251736452184,36.91275167785235,182.77777777777834,0.09200925925925925,0.07248322147651007
6.0,0.29,0.41,10.8,0.048,55.0,149.0,0.9937,3.09,0.59,10.9666666666667,7,medium,white,86.52700000000027,0.06934251736452184,36.91275167785235,182.77777777777834,0.09200925925925925,0.07248322147651007
6.0,0.29,0.41,10.8,0.048,55.0,149.0,0.9937,3.09,0.59,11.0,7,medium,white,86.79,0.0691323885240235,36.91275167785235,183.33333333333331,0.09200925925925925,0.07248322147651007
7.1,0.43,0.25,2.8,0.036,43.0,132.0,0.98975,3.21,0.47,13.4,6,medium,white,105.726,0.06715472069311239,32.57575757575758,188.73239436619718,0.3534821428571429,0.02121212121212121
6.6,0.25,0.25,1.3,0.04,28.0,85.0,0.98984,2.87,0.48,11.2,6,medium,white,88.36800000000001,0.07468766974470395,32.94117647058823,169.6969696969697,0.7614153846153846,0.015294117647058824
6.6,0.33,0.41,2.0,0.027,14.0,79.0,0.99063,3.27,0.63,12.4,6,medium,white,97.836,0.06745983073715196,17.72151898734177,187.87878787878788,0.495315,0.02531645569620253
8.0,0.23,0.41,1.1,0.048,35.0,150.0,0.99168,3.09,0.47,11.2,5,low,white,88.36800000000001,0.09053050878145934,23.333333333333332,140.0,0.9015272727272726,0.007333333333333334
7.3,0.17,0.36,8.2,0.028,44.0,111.0,0.99272,3.14,0.41,12.4,6,medium,white,97.836,0.0746146612698802,39.63963963963964,169.86301369863014,0.12106341463414635,0.07387387387387387
6.0,0.17,0.33,6.0,0.036,30.0,111.0,0.99362,3.32,0.58,10.1333333333333,7,medium,white,79.95199999999974,0.07504502701620996,27.027027027027028,168.88888888888835,0.16560333333333332,0.05405405405405406
6.1,0.16,0.34,6.1,0.034,31.0,114.0,0.99365,3.32,0.58,10.1333333333333,7,medium,white,79.95199999999974,0.07629577746648013,27.192982456140353,166.12021857923446,0.16289344262295083,0.05350877192982456
7.3,0.17,0.36,8.2,0.028,44.0,111.0,0.99272,3.14,0.41,12.4,6,medium,white,97.836,0.0746146612698802,39.63963963963964,169.86301369863014,0.12106341463414635,0.07387387387387387
6.4,0.31,0.53,8.8,0.057,36.0,221.0,0.99642,3.17,0.44,9.1,5,low,white,71.799,0.08913773172328306,16.289592760180994,142.18749999999997,0.11322954545454544,0.03981900452488688
6.1,0.16,0.34,6.1,0.034,31.0,114.0,0.99365,3.32,0.58,10.15,7,medium,white,80.0835,0.07617049704371062,27.192982456140353,166.39344262295083,0.16289344262295083,0.05350877192982456
6.0,0.17,0.33,6.0,0.036,30.0,111.0,0.99362,3.32,0.58,10.15,7,medium,white,80.0835,0.0749218003708629,27.027027027027028,169.16666666666666,0.16560333333333332,0.05405405405405406
5.9,0.44,0.33,1.2,0.049,12.0,117.0,0.99134,3.46,0.44,11.5,5,low,white,90.735,0.06502452195955255,10.256410256410255,194.91525423728814,0.8261166666666667,0.010256410256410256
6.6,0.285,0.49,11.4,0.035,57.0,137.0,0.99732,3.08,0.54,8.9,6,medium,white,70.221,0.09398897765625666,41.605839416058394,134.84848484848487,0.08748421052631579,0.08321167883211679
4.9,0.335,0.14,1.3,0.036,69.0,168.0,0.99212,3.47,0.46,10.4666666666667,5,low,white,82.58200000000026,0.059334964035746104,41.07142857142857,213.60544217687143,0.7631692307692307,0.007738095238095238
4.9,0.335,0.14,1.3,0.036,69.0,168.0,0.99212,3.47,0.46,10.4666666666667,5,low,white,82.58200000000026,0.059334964035746104,41.07142857142857,213.60544217687143,0.7631692307692307,0.007738095238095238
6.0,0.28,0.52,6.2,0.028,37.0,104.0,0.99161,3.28,0.51,11.8,7,medium,white,93.102,0.06444544692917445,35.57692307692308,196.66666666666669,0.15993709677419354,0.05961538461538462
5.8,0.35,0.29,3.2,0.034,41.0,151.0,0.9912,3.35,0.58,11.6333333333333,7,medium,white,91.78699999999974,0.06318977632998155,27.1523178807947,200.5747126436776,0.30974999999999997,0.02119205298013245
5.7,0.21,0.37,4.5,0.04,58.0,140.0,0.99332,3.29,0.62,10.6,6,medium,white,83.634,0.06815410000717412,41.42857142857143,185.96491228070172,0.22073777777777778,0.03214285714285714
6.5,0.25,0.32,9.9,0.045,41.0,128.0,0.99636,3.18,0.52,9.6,6,medium,white,75.744,0.08581537811575835,32.03125,147.69230769230768,0.10064242424242424,0.07734375
6.0,0.28,0.52,6.2,0.028,37.0,104.0,0.99161,3.28,0.51,11.8,7,medium,white,93.102,0.06444544692917445,35.57692307692308,196.66666666666669,0.15993709677419354,0.05961538461538462
6.6,0.285,0.49,11.4,0.035,57.0,137.0,0.99732,3.08,0.54,8.9,6,medium,white,70.221,0.09398897765625666,41.605839416058394,134.84848484848487,0.08748421052631579,0.08321167883211679
4.7,0.335,0.14,1.3,0.036,69.0,168.0,0.99212,3.47,0.46,10.5,5,low,white,82.845,0.05673245216971453,41.07142857142857,223.40425531914892,0.7631692307692307,0.007738095238095238
6.8,0.63,0.04,1.3,0.058,25.0,133.0,0.99271,3.17,0.39,10.2,4,low,white,80.47800000000001,0.08449514152936205,18.796992481203006,150.0,0.7636230769230768,0.009774436090225564
5.6,0.27,0.37,0.9,0.025,11.0,49.0,0.98845,3.29,0.33,13.1,6,medium,white,103.35900000000001,0.054180090751652,22.448979591836736,233.92857142857144,1.098277777777778,0.018367346938775512
6.8,0.32,0.33,0.7,0.027,15.0,66.0,0.9899,3.11,0.31,11.8,6,medium,white,93.102,0.07303817318639771,22.727272727272727,173.52941176470588,1.4141428571428571,0.010606060606060605
6.5,0.33,0.32,1.0,0.041,39.0,120.0,0.99004,3.06,0.37,12.2,6,medium,white,96.25800000000001,0.06752685491076066,32.5,187.69230769230768,0.99004,0.008333333333333333
6.0,0.24,0.34,1.0,0.036,52.0,184.0,0.99097,3.44,0.44,11.45,6,medium,white,90.3405,0.06641539508858153,28.26086956521739,190.83333333333331,0.99097,0.005434782608695652
7.2,0.26,0.32,10.4,0.062,23.0,114.0,0.9966,3.23,0.49,10.5,5,low,white,82.845,0.08690928843020099,20.175438596491226,145.83333333333331,0.09582692307692307,0.0912280701754386
6.8,0.63,0.04,1.3,0.058,25.0,133.0,0.99271,3.17,0.39,10.2,4,low,white,80.47800000000001,0.08449514152936205,18.796992481203006,150.0,0.7636230769230768,0.009774436090225564
6.7,0.16,0.32,12.5,0.035,18.0,156.0,0.99666,2.88,0.36,9.0,6,medium,white,71.01,0.09435290804112097,11.538461538461538,134.32835820895522,0.07973279999999999,0.08012820512820513
6.7,0.16,0.32,12.5,0.035,18.0,156.0,0.99666,2.88,0.36,9.0,6,medium,white,71.01,0.09435290804112097,11.538461538461538,134.32835820895522,0.07973279999999999,0.08012820512820513
6.7,0.16,0.32,12.5,0.035,18.0,156.0,0.99666,2.88,0.36,9.0,6,medium,white,71.01,0.09435290804112097,11.538461538461538,134.32835820895522,0.07973279999999999,0.08012820512820513
6.7,0.16,0.32,12.5,0.035,18.0,156.0,0.99666,2.88,0.36,9.0,6,medium,white,71.01,0.09435290804112097,11.538461538461538,134.32835820895522,0.07973279999999999,0.08012820512820513
6.9,0.19,0.31,19.25,0.043,38.0,167.0,0.99954,2.93,0.52,9.1,7,medium,white,71.799,0.09610161701416454,22.75449101796407,131.88405797101447,0.05192415584415584,0.11526946107784432
6.0,0.36,0.32,1.1,0.053,26.0,173.0,0.99414,3.38,0.54,8.8,5,low,white,69.432,0.08641548565502938,15.028901734104046,146.66666666666669,0.9037636363636363,0.006358381502890174
6.7,0.16,0.32,12.5,0.035,18.0,156.0,0.99666,2.88,0.36,9.0,6,medium,white,71.01,0.09435290804112097,11.538461538461538,134.32835820895522,0.07973279999999999,0.08012820512820513
6.9,0.19,0.31,19.25,0.043,38.0,167.0,0.99954,2.93,0.52,9.1,7,medium,white,71.799,0.09610161701416454,22.75449101796407,131.88405797101447,0.05192415584415584,0.11526946107784432
6.7,0.35,0.32,9.0,0.032,29.0,113.0,0.99188,3.13,0.65,12.9,7,medium,white,101.781,0.06582761026124719,25.663716814159294,192.53731343283582,0.11020888888888888,0.07964601769911504
6.1,0.15,0.4,1.2,0.03,19.0,84.0,0.98926,3.19,0.96,13.0,6,medium,white,102.57000000000001,0.059471580384127906,22.61904761904762,213.11475409836066,0.8243833333333334,0.014285714285714285
6.7,0.35,0.32,9.0,0.032,29.0,113.0,0.99188,3.13,0.65,12.9,7,medium,white,101.781,0.06582761026124719,25.663716814159294,192.53731343283582,0.11020888888888888,0.07964601769911504
7.0,0.27,0.74,1.3,0.173,34.0,121.0,0.99334,3.04,0.46,9.2,6,medium,white,72.58800000000001,0.09643467239764147,28.09917355371901,131.42857142857142,0.7641076923076923,0.010743801652892562
6.8,0.3,0.33,12.8,0.041,60.0,168.0,0.99659,3.1,0.56,9.8,5,low,white,77.322,0.08794392281627479,35.714285714285715,144.11764705882354,0.07785859375,0.0761904761904762
6.8,0.3,0.33,12.8,0.041,60.0,168.0,0.99659,3.1,0.56,9.8,5,low,white,77.322,0.08794392281627479,35.714285714285715,144.11764705882354,0.07785859375,0.0761904761904762
6.4,0.69,0.09,7.6,0.044,34.0,144.0,0.9948,3.26,0.38,10.1,6,medium,white,79.68900000000001,0.0803122137308788,23.61111111111111,157.81249999999997,0.13089473684210526,0.05277777777777778
6.4,0.69,0.09,7.6,0.044,34.0,144.0,0.9948,3.26,0.38,10.1,6,medium,white,79.68900000000001,0.0803122137308788,23.61111111111111,157.81249999999997,0.13089473684210526,0.05277777777777778
5.9,0.12,0.28,1.4,0.037,36.0,83.0,0.99074,3.33,0.42,10.9,7,medium,white,86.001,0.06860385344356461,43.373493975903614,184.74576271186442,0.7076714285714286,0.016867469879518072
6.3,0.36,0.5,8.3,0.053,51.0,202.0,0.9955,3.2,0.51,9.6,6,medium,white,75.744,0.08317490494296578,25.247524752475247,152.38095238095238,0.11993975903614458,0.04108910891089109
5.7,0.27,0.16,9.0,0.053,32.0,111.0,0.99474,3.36,0.37,10.4,6,medium,white,82.056,0.06946475577654285,28.82882882882883,182.45614035087718,0.11052666666666666,0.08108108108108109
6.1,0.22,0.4,1.85,0.031,25.0,111.0,0.98966,3.03,0.3,11.8,7,medium,white,93.102,0.06551953771132736,22.52252252252252,193.4426229508197,0.5349513513513513,0.016666666666666666
5.6,0.205,0.16,12.55,0.051,31.0,115.0,0.99564,3.4,0.38,10.8,6,medium,white,85.212,0.06571844341172604,26.956521739130434,192.8571428571429,0.07933386454183267,0.1091304347826087
7.2,0.33,0.28,1.4,0.034,26.0,109.0,0.99246,3.28,0.57,10.6,6,medium,white,83.634,0.08608938948274625,23.853211009174313,147.2222222222222,0.7089000000000001,0.012844036697247705
5.9,0.21,0.31,1.8,0.033,45.0,142.0,0.98984,3.35,0.5,12.7,6,medium,white,100.203,0.05888047264053971,31.690140845070424,215.25423728813556,0.5499111111111111,0.01267605633802817
5.4,0.33,0.31,4.0,0.03,27.0,108.0,0.99031,3.3,0.43,12.2,7,medium,white,96.25800000000001,0.056099233310478086,25.0,225.9259259259259,0.2475775,0.037037037037037035
5.4,0.205,0.16,12.55,0.051,31.0,115.0,0.99564,3.4,0.38,10.8,6,medium,white,85.212,0.06337135614702155,26.956521739130434,200.0,0.07933386454183267,0.1091304347826087
5.7,0.27,0.16,9.0,0.053,32.0,111.0,0.99474,3.36,0.37,10.4,6,medium,white,82.056,0.06946475577654285,28.82882882882883,182.45614035087718,0.11052666666666666,0.08108108108108109
6.4,0.28,0.28,3.0,0.04,19.0,98.0,0.99216,3.25,0.47,11.1,6,medium,white,87.57900000000001,0.07307687916052935,19.387755102040817,173.43749999999997,0.33072,0.030612244897959183
6.1,0.22,0.4,1.85,0.031,25.0,111.0,0.98966,3.03,0.3,11.8,7,medium,white,93.102,0.06551953771132736,22.52252252252252,193.4426229508197,0.5349513513513513,0.016666666666666666
6.7,0.15,0.32,7.9,0.034,17.0,81.0,0.99512,3.29,0.31,10.0,6,medium,white,78.9,0.08491761723700887,20.98765432098765,149.25373134328356,0.1259645569620253,0.09753086419753088
5.5,0.315,0.38,2.6,0.033,10.0,69.0,0.9909,3.12,0.59,10.8,6,medium,white,85.212,0.06454489977937379,14.492753623188406,196.36363636363637,0.3811153846153846,0.03768115942028986
4.8,0.225,0.38,1.2,0.074,47.0,130.0,0.99132,3.31,0.4,10.3,6,medium,white,81.26700000000001,0.059064564952563764,36.15384615384615,214.58333333333334,0.8261000000000001,0.00923076923076923
5.2,0.24,0.15,7.1,0.043,32.0,134.0,0.99378,3.24,0.48,9.9,6,medium,white,78.111,0.06657192968980041,23.88059701492537,190.3846153846154,0.13996901408450704,0.05298507462686567
6.7,0.15,0.32,7.9,0.034,17.0,81.0,0.99512,3.29,0.31,10.0,6,medium,white,78.9,0.08491761723700887,20.98765432098765,149.25373134328356,0.1259645569620253,0.09753086419753088
6.6,0.27,0.32,1.3,0.044,18.0,93.0,0.99044,3.11,0.56,12.25,5,low,white,96.6525,0.06828586948087219,19.35483870967742,185.60606060606062,0.761876923076923,0.013978494623655914
6.1,0.32,0.33,10.7,0.036,27.0,98.0,0.99521,3.34,0.52,10.2,6,medium,white,80.47800000000001,0.07579711225428067,27.55102040816326,167.21311475409837,0.09301028037383179,0.10918367346938775
6.0,0.25,0.28,7.7,0.053,37.0,132.0,0.99489,3.06,0.5,9.4,6,medium,white,74.166,0.0808996035919424,28.030303030303028,156.66666666666666,0.12920649350649352,0.058333333333333334
6.4,0.42,0.46,8.4,0.05,58.0,180.0,0.99495,3.18,0.46,9.7,6,medium,white,76.533,0.08362405759606967,32.22222222222222,151.56249999999997,0.11844642857142856,0.04666666666666667
6.1,0.32,0.33,10.7,0.036,27.0,98.0,0.99521,3.34,0.52,10.2,6,medium,white,80.47800000000001,0.07579711225428067,27.55102040816326,167.21311475409837,0.09301028037383179,0.10918367346938775
6.9,0.31,0.33,12.7,0.038,33.0,116.0,0.9954,3.04,0.65,10.4,6,medium,white,82.056,0.08408891488739398,28.448275862068968,150.72463768115944,0.0783779527559055,0.10948275862068965
6.3,0.48,0.48,1.8,0.035,35.0,96.0,0.99121,3.49,0.74,12.2,6,medium,white,96.25800000000001,0.06544910552889109,36.45833333333333,193.65079365079364,0.5506722222222222,0.01875
6.0,0.25,0.28,7.7,0.053,37.0,132.0,0.99489,3.06,0.5,9.4,6,medium,white,74.166,0.0808996035919424,28.030303030303028,156.66666666666666,0.12920649350649352,0.058333333333333334
7.2,0.21,0.31,10.5,0.035,36.0,122.0,0.99478,3.12,0.4,10.6,6,medium,white,83.634,0.08608938948274625,29.508196721311474,147.2222222222222,0.09474095238095238,0.0860655737704918
6.8,0.32,0.43,1.6,0.05,4.0,65.0,0.99346,3.27,0.47,10.7,5,low,white,84.423,0.08054677042985915,6.153846153846154,157.35294117647058,0.6209125,0.024615384615384615
7.9,0.3,0.6,1.85,0.048,13.0,106.0,0.99331,3.24,0.49,11.85,5,low,white,93.4965,0.08449514152936206,12.264150943396226,149.99999999999997,0.5369243243243244,0.017452830188679245
5.3,0.31,0.38,10.5,0.031,53.0,140.0,0.99321,3.34,0.46,11.7,6,medium,white,92.313,0.057413365398156266,37.857142857142854,220.75471698113205,0.09459142857142858,0.075
5.3,0.31,0.38,10.5,0.031,53.0,140.0,0.99321,3.34,0.46,11.7,6,medium,white,92.313,0.057413365398156266,37.857142857142854,220.75471698113205,0.09459142857142858,0.075
5.2,0.185,0.22,1.0,0.03,47.0,123.0,0.99218,3.55,0.44,10.15,6,medium,white,80.0835,0.0649322269880812,38.21138211382114,195.19230769230768,0.99218,0.008130081300813009
5.5,0.16,0.31,1.2,0.026,31.0,68.0,0.9898,3.33,0.44,11.6333333333333,6,medium,white,91.78699999999974,0.059921339623258366,45.588235294117645,211.51515151515093,0.8248333333333334,0.01764705882352941
6.0,0.17,0.36,1.7,0.042,14.0,61.0,0.99144,3.22,0.54,10.8,6,medium,white,85.212,0.07041261794113506,22.950819672131146,180.0,0.5832,0.027868852459016394
6.0,0.16,0.36,1.6,0.042,13.0,61.0,0.99143,3.22,0.54,10.8,6,medium,white,85.212,0.07041261794113506,21.311475409836063,180.0,0.6196437499999999,0.02622950819672131
6.1,0.24,0.32,9.0,0.031,41.0,134.0,0.99234,3.25,0.26,12.3,7,medium,white,97.04700000000001,0.06285614186940347,30.597014925373134,201.6393442622951,0.11026,0.06716417910447761
5.5,0.3,0.25,1.9,0.029,33.0,118.0,0.98972,3.36,0.66,12.5,6,medium,white,98.625,0.05576679340937896,27.966101694915253,227.27272727272728,0.5209052631578948,0.016101694915254237
5.5,0.16,0.31,1.2,0.026,31.0,68.0,0.9898,3.33,0.44,11.65,6,medium,white,91.91850000000001,0.05983561524611476,45.588235294117645,211.8181818181818,0.8248333333333334,0.01764705882352941
6.0,0.32,0.46,1.5,0.05,56.0,189.0,0.99308,3.24,0.49,9.6,5,low,white,75.744,0.07921419518377694,29.629629629629626,160.0,0.6620533333333333,0.007936507936507936
6.1,0.27,0.31,3.9,0.034,42.0,137.0,0.99218,3.24,0.46,10.9,6,medium,white,86.001,0.07092940779758374,30.656934306569344,178.68852459016395,0.2544051282051282,0.02846715328467153
6.0,0.27,0.32,3.6,0.035,36.0,133.0,0.99215,3.23,0.46,10.8,6,medium,white,85.212,0.07041261794113506,27.06766917293233,180.0,0.2755972222222222,0.02706766917293233
6.0,0.14,0.37,1.2,0.032,63.0,148.0,0.99185,3.32,0.44,11.2,5,low,white,88.36800000000001,0.06789788158609451,42.567567567567565,186.66666666666666,0.8265416666666667,0.008108108108108109
5.0,0.24,0.19,5.0,0.043,17.0,101.0,0.99438,3.67,0.57,10.0,5,low,white,78.9,0.06337135614702154,16.831683168316832,200.0,0.198876,0.04950495049504951
6.1,0.26,0.25,2.9,0.047,289.0,440.0,0.99314,3.44,0.64,10.5,3,low,white,82.845,0.07363148047558693,65.68181818181819,172.13114754098362,0.3424620689655173,0.006590909090909091
6.3,0.23,0.5,10.4,0.043,61.0,132.0,0.99542,2.86,0.46,9.1,6,medium,white,71.799,0.08774495466510675,46.21212121212121,144.44444444444443,0.09571346153846154,0.0787878787878788
5.6,0.26,0.5,11.4,0.029,25.0,93.0,0.99428,3.23,0.49,10.5,6,medium,white,82.845,0.06759611322348964,26.881720430107524,187.50000000000003,0.08721754385964912,0.12258064516129033
6.1,0.34,0.24,18.35,0.05,33.0,184.0,0.99943,3.12,0.61,9.3,5,low,white,73.37700000000001,0.08313231666598524,17.934782608695652,152.45901639344262,0.05446485013623978,0.09972826086956522
6.2,0.35,0.25,18.4,0.051,28.0,182.0,0.99946,3.13,0.62,9.3,6,medium,white,73.37700000000001,0.08449514152936205,15.384615384615385,150.0,0.05431847826086957,0.10109890109890109
6.0,0.14,0.37,1.2,0.032,63.0,148.0,0.99185,3.32,0.44,11.2,5,low,white,88.36800000000001,0.06789788158609451,42.567567567567565,186.66666666666666,0.8265416666666667,0.008108108108108109
7.3,0.36,0.62,7.1,0.033,48.0,185.0,0.99472,3.14,0.62,10.6,6,medium,white,83.634,0.0872850754477844,25.945945945945947,145.2054794520548,0.14010140845070423,0.038378378378378375
5.1,0.25,0.36,1.3,0.035,40.0,78.0,0.9891,3.23,0.64,12.1,7,medium,white,95.46900000000001,0.05342048204129088,51.28205128205128,237.2549019607843,0.7608461538461538,0.016666666666666666
5.5,0.16,0.26,1.5,0.032,35.0,100.0,0.99076,3.43,0.77,12.0,6,medium,white,94.68,0.05809040980143641,35.0,218.18181818181816,0.6605066666666667,0.015
6.4,0.19,0.35,10.2,0.043,40.0,106.0,0.99632,3.16,0.5,9.7,6,medium,white,76.533,0.08362405759606967,37.735849056603776,151.56249999999997,0.09767843137254903,0.09622641509433962
6.6,0.29,0.73,2.2,0.027,21.0,92.0,0.99,3.12,0.48,12.4,6,medium,white,97.836,0.06745983073715196,22.82608695652174,187.87878787878788,0.44999999999999996,0.02391304347826087
6.0,0.38,0.26,3.5,0.035,38.0,111.0,0.98872,3.18,0.47,13.6,7,medium,white,107.304,0.05591590248266607,34.234234234234236,226.66666666666666,0.28249142857142856,0.03153153153153153
6.0,0.38,0.26,3.5,0.035,38.0,111.0,0.98872,3.18,0.47,13.6,7,medium,white,107.304,0.05591590248266607,34.234234234234236,226.66666666666666,0.28249142857142856,0.03153153153153153
6.5,0.2,0.35,3.9,0.04,27.0,140.0,0.99102,2.98,0.53,11.8,6,medium,white,93.102,0.069815900839939,19.28571428571429,181.53846153846155,0.2541076923076923,0.027857142857142858
6.6,0.17,0.26,7.4,0.052,45.0,128.0,0.99388,3.16,0.37,10.0,6,medium,white,78.9,0.08365019011406843,35.15625,151.5151515151515,0.1343081081081081,0.0578125
6.6,0.17,0.26,7.4,0.052,45.0,128.0,0.99388,3.16,0.37,10.0,6,medium,white,78.9,0.08365019011406843,35.15625,151.5151515151515,0.1343081081081081,0.0578125
6.2,0.15,0.27,11.0,0.035,46.0,116.0,0.99602,3.12,0.38,9.1,6,medium,white,71.799,0.08635217760693045,39.6551724137931,146.77419354838707,0.09054727272727273,0.09482758620689655
5.9,0.48,0.3,1.5,0.037,19.0,78.0,0.99057,3.47,0.42,11.9,7,medium,white,93.891,0.06283882374242472,24.358974358974358,201.6949152542373,0.66038,0.019230769230769232
5.3,0.4,0.25,3.9,0.031,45.0,130.0,0.99072,3.31,0.58,11.75,7,medium,white,92.70750000000001,0.05716905320497262,34.61538461538461,221.6981132075472,0.2540307692307692,0.03
5.9,0.26,0.29,5.4,0.046,34.0,116.0,0.99224,3.24,0.41,11.4,6,medium,white,89.946,0.06559491250305739,29.310344827586203,193.22033898305085,0.18374814814814813,0.04655172413793104
5.2,0.3,0.34,1.5,0.038,18.0,96.0,0.98942,3.56,0.48,13.0,8,high,white,102.57000000000001,0.050697084917617236,18.75,250.0,0.6596133333333333,0.015625
6.4,0.32,0.25,5.0,0.055,28.0,138.0,0.99171,3.27,0.5,12.4,8,high,white,97.836,0.06541559344208676,20.28985507246377,193.75,0.198342,0.036231884057971016
6.6,0.19,0.25,1.2,0.052,34.0,181.0,0.99352,3.3,0.42,9.4,7,medium,white,74.166,0.08898956395113664,18.784530386740332,142.42424242424244,0.8279333333333333,0.0066298342541436465
6.8,0.27,0.3,13.0,0.047,69.0,160.0,0.99705,3.16,0.5,9.6,6,medium,white,75.744,0.08977608787494719,43.125,141.1764705882353,0.07669615384615384,0.08125
6.8,0.27,0.3,13.0,0.047,69.0,160.0,0.99705,3.16,0.5,9.6,6,medium,white,75.744,0.08977608787494719,43.125,141.1764705882353,0.07669615384615384,0.08125
6.8,0.27,0.3,13.0,0.047,69.0,160.0,0.99705,3.16,0.5,9.6,6,medium,white,75.744,0.08977608787494719,43.125,141.1764705882353,0.07669615384615384,0.08125
6.8,0.27,0.3,13.0,0.047,69.0,160.0,0.99705,3.16,0.5,9.6,6,medium,white,75.744,0.08977608787494719,43.125,141.1764705882353,0.07669615384615384,0.08125
6.4,0.28,0.45,8.6,0.057,47.0,223.0,0.99654,3.16,0.51,9.1,5,low,white,71.799,0.08913773172328306,21.076233183856502,142.18749999999997,0.11587674418604652,0.03856502242152466
5.2,0.21,0.31,1.7,0.048,17.0,61.0,0.98953,3.24,0.37,12.0,7,medium,white,94.68,0.05492184199408534,27.86885245901639,230.76923076923075,0.5820764705882353,0.027868852459016394
7.1,0.24,0.34,1.2,0.045,6.0,132.0,0.99132,3.16,0.46,11.2,4,low,white,88.36800000000001,0.08034582654354516,4.545454545454546,157.74647887323943,0.8261000000000001,0.00909090909090909
5.0,0.27,0.4,1.2,0.076,42.0,124.0,0.99204,3.32,0.47,10.1,6,medium,white,79.68900000000001,0.06274391697724906,33.87096774193548,202.0,0.8267000000000001,0.00967741935483871
5.8,0.27,0.4,1.2,0.076,47.0,130.0,0.99185,3.13,0.45,10.3,6,medium,white,81.26700000000001,0.07136968265101455,36.15384615384615,177.58620689655174,0.8265416666666667,0.00923076923076923
5.9,0.27,0.32,2.0,0.034,31.0,102.0,0.98952,3.16,0.56,12.3,6,medium,white,97.04700000000001,0.060795284758931235,30.392156862745097,208.4745762711864,0.49476,0.0196078431372549
5.8,0.315,0.19,19.4,0.031,28.0,106.0,0.99704,2.97,0.4,10.55,6,medium,white,83.2395,0.06967845794364454,26.41509433962264,181.89655172413794,0.051393814432989696,0.1830188679245283
6.0,0.59,0.0,0.8,0.037,30.0,95.0,0.99032,3.1,0.4,10.9,4,low,white,86.001,0.06976663062057417,31.57894736842105,181.66666666666666,1.2379,0.008421052631578947
5.8,0.3,0.09,6.3,0.042,36.0,138.0,0.99382,3.15,0.48,9.7,5,low,white,76.533,0.07578430219643813,26.08695652173913,167.24137931034483,0.15774920634920636,0.04565217391304348
5.6,0.3,0.1,6.4,0.043,34.0,142.0,0.99382,3.14,0.48,9.8,5,low,white,77.322,0.07242440702516748,23.943661971830984,175.00000000000003,0.155284375,0.04507042253521127
6.7,0.3,0.5,12.1,0.045,38.0,127.0,0.9974,3.04,0.53,8.9,6,medium,white,70.221,0.09541305307529087,29.92125984251969,132.8358208955224,0.0824297520661157,0.0952755905511811
6.7,0.3,0.5,12.1,0.045,38.0,127.0,0.9974,3.04,0.53,8.9,6,medium,white,70.221,0.09541305307529087,29.92125984251969,132.8358208955224,0.0824297520661157,0.0952755905511811
6.4,0.31,0.31,12.9,0.045,55.0,161.0,0.99546,3.02,0.59,10.2,5,low,white,80.47800000000001,0.07952483908645841,34.161490683229815,159.37499999999997,0.07716744186046512,0.08012422360248447
6.9,0.25,0.29,2.4,0.038,28.0,76.0,0.99088,3.01,0.36,11.7,7,medium,white,92.313,0.07474570212212799,36.84210526315789,169.56521739130432,0.41286666666666666,0.031578947368421054
4.4,0.32,0.39,4.3,0.03,31.0,127.0,0.98904,3.46,0.36,12.8,8,high,white,100.992,0.04356780735107731,24.409448818897637,290.90909090909093,0.23000930232558142,0.03385826771653543
3.9,0.225,0.4,4.2,0.03,29.0,118.0,0.989,3.57,0.36,12.8,8,high,white,100.992,0.038616920152091255,24.576271186440678,328.20512820512823,0.23547619047619045,0.03559322033898305
6.4,0.31,0.31,12.9,0.045,55.0,161.0,0.99546,3.02,0.59,10.2,5,low,white,80.47800000000001,0.07952483908645841,34.161490683229815,159.37499999999997,0.07716744186046512,0.08012422360248447
5.5,0.62,0.33,1.7,0.037,24.0,118.0,0.98758,3.15,0.39,13.55,6,medium,white,106.90950000000001,0.05144538137396583,20.33898305084746,246.36363636363637,0.5809294117647059,0.01440677966101695
6.2,0.3,0.42,2.2,0.036,28.0,128.0,0.9901,3.13,0.38,11.6,6,medium,white,91.524,0.06774179450198856,21.875,187.09677419354838,0.4500454545454545,0.0171875
6.7,0.3,0.5,12.1,0.045,38.0,127.0,0.9974,3.04,0.53,8.9,6,medium,white,70.221,0.09541305307529087,29.92125984251969,132.8358208955224,0.0824297520661157,0.0952755905511811
4.7,0.785,0.0,3.4,0.036,23.0,134.0,0.98981,3.53,0.92,13.8,6,medium,white,108.882,0.04316599621608714,17.16417910447761,293.6170212765957,0.29112058823529413,0.025373134328358207
6.0,0.31,0.32,7.4,0.175,47.0,159.0,0.9952,3.19,0.5,9.4,6,medium,white,74.166,0.0808996035919424,29.559748427672954,156.66666666666666,0.13448648648648648,0.04654088050314466
6.0,0.32,0.3,7.3,0.174,46.0,159.0,0.99519,3.18,0.49,9.4,5,low,white,74.166,0.0808996035919424,28.930817610062892,156.66666666666666,0.13632739726027399,0.04591194968553459
6.4,0.105,0.29,1.1,0.035,44.0,140.0,0.99142,3.17,0.55,10.7,7,medium,white,84.423,0.07580872511045568,31.428571428571427,167.18749999999997,0.901290909090909,0.007857142857142858
6.4,0.105,0.29,1.1,0.035,44.0,140.0,0.99142,3.17,0.55,10.7,7,medium,white,84.423,0.07580872511045568,31.428571428571427,167.18749999999997,0.901290909090909,0.007857142857142858
5.7,0.33,0.32,1.4,0.043,28.0,93.0,0.9897,3.31,0.5,12.3,6,medium,white,97.04700000000001,0.05873442764845899,30.107526881720432,215.78947368421052,0.7069285714285715,0.015053763440860214
5.9,0.32,0.19,14.5,0.042,37.0,115.0,0.99684,3.16,0.43,10.3,5,low,white,81.26700000000001,0.07260019442085963,32.17391304347826,174.5762711864407,0.06874758620689655,0.12608695652173912
6.2,0.26,0.2,8.0,0.047,35.0,111.0,0.99445,3.11,0.42,10.4,6,medium,white,82.056,0.07555815540606416,31.53153153153153,167.74193548387098,0.12430625,0.07207207207207207
6.0,0.2,0.33,1.1,0.039,45.0,126.0,0.99051,3.31,0.45,11.6,7,medium,white,91.524,0.06555657532450505,35.714285714285715,193.33333333333334,0.9004636363636362,0.00873015873015873
6.4,0.105,0.29,1.1,0.035,44.0,140.0,0.99142,3.17,0.55,10.7,7,medium,white,84.423,0.07580872511045568,31.428571428571427,167.18749999999997,0.901290909090909,0.007857142857142858
5.8,0.28,0.34,2.2,0.037,24.0,125.0,0.98986,3.36,0.33,12.8,8,high,white,100.992,0.05743029150823827,19.2,220.68965517241378,0.4499363636363636,0.0176
6.4,0.31,0.5,5.8,0.038,42.0,111.0,0.99189,3.18,0.53,11.9,7,medium,white,93.891,0.06816414778839293,37.83783783783784,185.9375,0.1710155172413793,0.05225225225225225
6.0,0.35,0.46,0.9,0.033,9.0,65.0,0.98934,3.24,0.35,12.1,4,low,white,95.46900000000001,0.06284762593093045,13.846153846153847,201.66666666666666,1.0992666666666666,0.013846153846153847
5.1,0.26,0.34,6.4,0.034,26.0,99.0,0.99449,3.23,0.41,9.2,6,medium,white,72.58800000000001,0.07025954703256736,26.262626262626267,180.3921568627451,0.15538906249999998,0.06464646464646465
6.6,0.28,0.09,10.9,0.051,37.0,131.0,0.99566,2.93,0.62,9.5,6,medium,white,74.955,0.08805283169901941,28.24427480916031,143.93939393939394,0.09134495412844036,0.08320610687022902
6.0,0.17,0.3,7.3,0.039,39.0,104.0,0.99252,2.91,0.57,11.0,6,medium,white,86.79,0.0691323885240235,37.5,183.33333333333331,0.13596164383561643,0.07019230769230769
7.3,0.35,0.67,8.3,0.053,10.0,100.0,0.9959,3.19,0.5,10.9,5,low,white,86.001,0.08488273392169858,10.0,149.3150684931507,0.1199879518072289,0.083
6.0,0.26,0.24,1.3,0.053,66.0,150.0,0.9924,3.21,0.62,10.4,6,medium,white,82.056,0.07312079555425563,44.0,173.33333333333334,0.7633846153846153,0.008666666666666666
5.4,0.375,0.4,3.3,0.054,29.0,147.0,0.99482,3.42,0.52,9.1,5,low,white,71.799,0.07520996114152008,19.727891156462583,168.5185185185185,0.3014606060606061,0.022448979591836733
7.0,0.17,0.42,1.0,0.075,19.0,71.0,0.99103,3.32,0.62,11.4,6,medium,white,89.946,0.07782447246125453,26.76056338028169,162.85714285714286,0.99103,0.014084507042253521
5.1,0.26,0.33,1.1,0.027,46.0,113.0,0.98946,3.35,0.43,11.4,7,medium,white,89.946,0.056700687078914014,40.707964601769916,223.52941176470588,0.8995090909090908,0.009734513274336285
5.8,0.36,0.5,1.0,0.127,63.0,178.0,0.99212,3.1,0.45,9.7,5,low,white,76.533,0.07578430219643813,35.39325842696629,167.24137931034483,0.99212,0.0056179775280898875
5.7,0.4,0.35,5.1,0.026,17.0,113.0,0.99052,3.18,0.67,12.4,6,medium,white,97.836,0.05826076290935852,15.04424778761062,217.54385964912282,0.19421960784313727,0.04513274336283186
6.2,0.76,0.01,3.2,0.041,18.0,120.0,0.99026,3.2,0.94,13.7,7,medium,white,108.093,0.057358015782705635,15.0,220.96774193548384,0.30945625,0.02666666666666667
6.1,0.41,0.2,12.6,0.032,54.0,136.0,0.99516,2.91,0.43,10.6,6,medium,white,83.634,0.07293684386732668,39.705882352941174,173.7704918032787,0.07898095238095239,0.09264705882352942
5.8,0.385,0.25,3.7,0.031,38.0,122.0,0.99128,3.2,0.63,11.2,6,medium,white,88.36800000000001,0.06563461886655803,31.147540983606557,193.10344827586206,0.2679135135135135,0.030327868852459017
6.0,0.27,0.4,1.7,0.021,18.0,82.0,0.9891,3.24,0.95,13.1333333333333,6,medium,white,103.62199999999974,0.057902761961745715,21.951219512195124,218.88888888888835,0.5818235294117647,0.020731707317073172
5.7,0.4,0.35,5.1,0.026,17.0,113.0,0.99052,3.18,0.67,12.4,6,medium,white,97.836,0.05826076290935852,15.04424778761062,217.54385964912282,0.19421960784313727,0.04513274336283186
5.8,0.36,0.5,1.0,0.127,63.0,178.0,0.99212,3.1,0.45,9.7,5,low,white,76.533,0.07578430219643813,35.39325842696629,167.24137931034483,0.99212,0.0056179775280898875
7.0,0.24,0.47,1.3,0.043,18.0,131.0,0.99176,3.19,0.45,11.0,6,medium,white,86.79,0.08065445327802742,13.740458015267176,157.14285714285714,0.7628923076923076,0.009923664122137405
6.8,0.23,0.48,1.5,0.036,35.0,165.0,0.99162,3.18,0.45,11.3,6,medium,white,89.15700000000001,0.07626995076101707,21.21212121212121,166.1764705882353,0.66108,0.00909090909090909
6.5,0.28,0.34,4.6,0.054,22.0,130.0,0.99193,3.2,0.46,12.0,7,medium,white,94.68,0.06865230249260668,16.923076923076923,184.6153846153846,0.21563695652173914,0.03538461538461538
6.4,0.23,0.35,10.3,0.042,54.0,140.0,0.9967,3.23,0.47,9.2,5,low,white,72.58800000000001,0.0881688433349865,38.57142857142858,143.74999999999997,0.09676699029126214,0.07357142857142858
6.0,0.34,0.29,6.1,0.046,29.0,134.0,0.99462,3.48,0.57,10.7,6,medium,white,84.423,0.0710706797910522,21.641791044776117,178.33333333333331,0.16305245901639345,0.04552238805970149
6.0,0.34,0.29,6.1,0.046,29.0,134.0,0.99462,3.48,0.57,10.7,6,medium,white,84.423,0.0710706797910522,21.641791044776117,178.33333333333331,0.16305245901639345,0.04552238805970149
6.7,0.22,0.33,1.2,0.036,36.0,86.0,0.99058,3.1,0.76,11.4,6,medium,white,89.946,0.07448913792720077,41.86046511627907,170.1492537313433,0.8254833333333333,0.013953488372093023
6.4,0.23,0.35,10.3,0.042,54.0,140.0,0.9967,3.23,0.47,9.2,5,low,white,72.58800000000001,0.0881688433349865,38.57142857142858,143.74999999999997,0.09676699029126214,0.07357142857142858
6.0,0.32,0.33,9.9,0.032,22.0,90.0,0.99258,3.1,0.43,12.1,7,medium,white,95.46900000000001,0.06284762593093045,24.444444444444443,201.66666666666666,0.10026060606060606,0.11
5.8,0.29,0.27,1.6,0.062,17.0,140.0,0.99138,3.23,0.35,11.1,6,medium,white,87.57900000000001,0.06622592173922971,12.142857142857142,191.3793103448276,0.6196125,0.011428571428571429
5.8,0.38,0.26,1.1,0.058,20.0,140.0,0.99271,3.27,0.43,9.7,6,medium,white,76.533,0.07578430219643813,14.285714285714285,167.24137931034483,0.9024636363636362,0.007857142857142858
5.9,0.32,0.26,1.5,0.057,17.0,141.0,0.9917,3.24,0.36,10.7,5,low,white,84.423,0.06988616846120134,12.056737588652481,181.3559322033898,0.6611333333333334,0.010638297872340425
5.6,0.33,0.28,1.2,0.031,33.0,97.0,0.99126,3.49,0.58,10.9,6,medium,white,86.001,0.06511552191253589,34.02061855670103,194.64285714285717,0.8260500000000001,0.012371134020618556
5.9,0.37,0.3,1.5,0.033,35.0,95.0,0.98986,3.36,0.56,12.0,7,medium,white,94.68,0.06231516687790452,36.84210526315789,203.38983050847457,0.6599066666666666,0.015789473684210527
5.6,0.295,0.26,1.1,0.035,40.0,102.0,0.99154,3.47,0.56,10.6,6,medium,white,83.634,0.06695841404213597,39.21568627450981,189.2857142857143,0.9013999999999999,0.010784313725490198
6.7,0.5,0.36,11.5,0.096,18.0,92.0,0.99642,3.11,0.49,9.6,5,low,white,75.744,0.08845585128855091,19.565217391304348,143.28358208955223,0.08664521739130435,0.125
6.5,0.28,0.38,7.8,0.031,54.0,216.0,0.99154,3.03,0.42,13.1,6,medium,white,103.35900000000001,0.06288760533673893,25.0,201.53846153846155,0.12712051282051282,0.03611111111111111
5.3,0.275,0.24,7.4,0.038,28.0,114.0,0.99313,3.38,0.51,11.0,6,medium,white,86.79,0.06106694319622075,24.561403508771928,207.54716981132074,0.13420675675675675,0.0649122807017544
5.2,0.405,0.15,1.45,0.038,10.0,44.0,0.99125,3.52,0.4,11.6,4,low,white,91.524,0.056815698614571045,22.727272727272727,223.0769230769231,0.6836206896551724,0.03295454545454545
6.8,0.34,0.36,8.9,0.029,44.0,128.0,0.99318,3.28,0.35,11.95,7,medium,white,94.2855,0.07212137603343038,34.375,175.73529411764704,0.11159325842696628,0.06953125
5.7,0.22,0.25,1.1,0.05,97.0,175.0,0.99099,3.44,0.62,11.1,6,medium,white,87.57900000000001,0.06508409550234645,55.42857142857143,194.73684210526315,0.9008999999999999,0.006285714285714286
6.2,0.28,0.57,1.0,0.043,50.0,92.0,0.99004,3.17,0.36,11.5,6,medium,white,90.735,0.06833085358461453,54.347826086956516,185.48387096774192,0.99004,0.010869565217391304
5.6,0.34,0.25,2.5,0.046,47.0,182.0,0.99093,3.21,0.4,11.3,5,low,white,89.15700000000001,0.06281054768554346,25.82417582417583,201.78571428571433,0.396372,0.013736263736263736
4.8,0.29,0.23,1.1,0.044,38.0,180.0,0.98924,3.28,0.34,11.9,6,medium,white,93.891,0.051123110841294686,21.11111111111111,247.91666666666669,0.8993090909090908,0.006111111111111111
6.6,0.38,0.29,2.4,0.136,15.0,93.0,0.99336,3.18,0.6,9.5,5,low,white,74.955,0.08805283169901941,16.129032258064516,143.93939393939394,0.41390000000000005,0.025806451612903226
5.1,0.3,0.3,2.3,0.048,40.0,150.0,0.98944,3.29,0.46,12.2,6,medium,white,96.25800000000001,0.05298260923767374,26.666666666666668,239.2156862745098,0.4301913043478261,0.015333333333333332
4.4,0.54,0.09,5.1,0.038,52.0,97.0,0.99022,3.41,0.4,12.2,7,medium,white,96.25800000000001,0.0457104864011303,53.608247422680414,277.27272727272725,0.1941607843137255,0.05257731958762886
7.0,0.36,0.35,2.5,0.048,67.0,161.0,0.99146,3.05,0.56,11.1,6,medium,white,87.57900000000001,0.07992783658182898,41.61490683229814,158.57142857142856,0.396584,0.015527950310559006
6.4,0.33,0.44,8.9,0.055,52.0,164.0,0.99488,3.1,0.48,9.6,5,low,white,75.744,0.08449514152936206,31.70731707317073,149.99999999999997,0.11178426966292135,0.05426829268292683
7.0,0.36,0.35,2.5,0.048,67.0,161.0,0.99146,3.05,0.56,11.1,6,medium,white,87.57900000000001,0.07992783658182898,41.61490683229814,158.57142857142856,0.396584,0.015527950310559006
6.4,0.33,0.44,8.9,0.055,52.0,164.0,0.99488,3.1,0.48,9.6,5,low,white,75.744,0.08449514152936206,31.70731707317073,149.99999999999997,0.11178426966292135,0.05426829268292683
6.2,0.23,0.38,1.6,0.044,12.0,113.0,0.99176,3.3,0.73,11.4,5,low,white,89.946,0.06893024703711116,10.619469026548673,183.8709677419355,0.6198499999999999,0.014159292035398232
5.2,0.25,0.23,1.4,0.047,20.0,77.0,0.99001,3.32,0.62,11.4,5,low,white,89.946,0.05781246525693194,25.97402597402597,219.23076923076925,0.7071500000000001,0.01818181818181818
6.2,0.35,0.29,3.9,0.041,22.0,79.0,0.99005,3.1,0.59,12.0666666666667,6,medium,white,95.20600000000026,0.06512194609583412,27.848101265822784,194.62365591397904,0.25385897435897437,0.049367088607594936
7.1,0.23,0.39,13.7,0.058,26.0,172.0,0.99755,2.9,0.46,9.0,6,medium,white,71.01,0.09998591747641176,15.11627906976744,126.7605633802817,0.0728138686131387,0.07965116279069767
7.1,0.23,0.39,13.7,0.058,26.0,172.0,0.99755,2.9,0.46,9.0,6,medium,white,71.01,0.09998591747641176,15.11627906976744,126.7605633802817,0.0728138686131387,0.07965116279069767
7.5,0.38,0.33,9.2,0.043,19.0,116.0,0.99444,3.08,0.42,11.4,6,medium,white,89.946,0.08338336335134414,16.379310344827587,152.0,0.1080913043478261,0.0793103448275862
6.4,0.35,0.51,7.8,0.055,53.0,177.0,0.99502,3.12,0.45,9.6,5,low,white,75.744,0.08449514152936206,29.943502824858758,149.99999999999997,0.12756666666666666,0.04406779661016949
6.0,0.43,0.34,7.6,0.045,25.0,118.0,0.99222,3.03,0.37,11.0,6,medium,white,86.79,0.0691323885240235,21.1864406779661,183.33333333333331,0.13055526315789473,0.06440677966101695
6.0,0.52,0.33,7.7,0.046,24.0,119.0,0.99224,3.04,0.38,11.0,6,medium,white,86.79,0.0691323885240235,20.168067226890756,183.33333333333331,0.12886233766233765,0.06470588235294118
5.5,0.31,0.29,3.0,0.027,16.0,102.0,0.99067,3.23,0.56,11.2,6,medium,white,88.36800000000001,0.0622397247872533,15.686274509803921,203.63636363636363,0.33022333333333337,0.029411764705882353
5.9,0.22,0.3,1.3,0.052,42.0,86.0,0.99069,3.31,0.47,11.55,6,medium,white,91.12950000000001,0.0647430305224982,48.837209302325576,195.76271186440678,0.7620692307692307,0.015116279069767442
6.2,0.36,0.32,4.0,0.036,44.0,92.0,0.98936,3.2,0.5,13.3,7,medium,white,104.937,0.05908306888895242,47.82608695652174,214.51612903225805,0.24734,0.043478260869565216
6.0,0.41,0.23,1.1,0.066,22.0,148.0,0.99266,3.3,0.47,9.63333333333333,5,low,white,76.00699999999996,0.07894009762258743,14.864864864864865,160.5555555555555,0.9024181818181818,0.007432432432432433
6.2,0.355,0.35,2.0,0.046,31.0,95.0,0.98822,3.06,0.46,13.6,6,medium,white,107.304,0.05777976589875494,32.631578947368425,219.3548387096774,0.49411,0.021052631578947368
5.7,0.41,0.21,1.9,0.048,30.0,112.0,0.99138,3.29,0.55,11.2,6,medium,white,88.36800000000001,0.06450298750678979,26.785714285714285,196.49122807017542,0.5217789473684211,0.016964285714285713
5.3,0.6,0.34,1.4,0.031,3.0,60.0,0.98854,3.27,0.38,13.0,6,medium,white,102.57000000000001,0.05167202885834064,5.0,245.2830188679245,0.7061000000000001,0.02333333333333333
5.8,0.23,0.31,4.5,0.046,42.0,124.0,0.99324,3.31,0.64,10.8,6,medium,white,85.212,0.06806553067643055,33.87096774193548,186.20689655172416,0.22072,0.036290322580645164
6.6,0.24,0.33,10.1,0.032,8.0,81.0,0.99626,3.19,0.51,9.8,6,medium,white,77.322,0.08535733685109023,9.876543209876543,148.4848484848485,0.09863960396039605,0.12469135802469135
6.1,0.32,0.28,6.6,0.021,29.0,132.0,0.99188,3.15,0.36,11.45,7,medium,white,90.3405,0.06752231834005788,21.96969696969697,187.70491803278688,0.1502848484848485,0.049999999999999996
5.0,0.2,0.4,1.9,0.015,20.0,98.0,0.9897,3.37,0.55,12.05,6,medium,white,95.0745,0.05259033705147016,20.408163265306122,241.0,0.5208947368421053,0.019387755102040816
6.0,0.42,0.41,12.4,0.032,50.0,179.0,0.99622,3.14,0.6,9.7,5,low,white,76.533,0.07839755399631532,27.932960893854748,161.66666666666666,0.08034032258064516,0.06927374301675977
5.7,0.21,0.32,1.6,0.03,33.0,122.0,0.99044,3.33,0.52,11.9,6,medium,white,93.891,0.06070869412403745,27.049180327868854,208.7719298245614,0.6190249999999999,0.013114754098360656
5.6,0.2,0.36,2.5,0.048,16.0,125.0,0.99282,3.49,0.49,10.0,6,medium,white,78.9,0.07097591888466412,12.8,178.57142857142858,0.39712800000000004,0.02
7.4,0.22,0.26,1.2,0.035,18.0,97.0,0.99245,3.12,0.41,9.7,6,medium,white,76.533,0.09669031659545556,18.556701030927837,131.08108108108107,0.8270416666666668,0.012371134020618556
6.2,0.38,0.42,2.5,0.038,34.0,117.0,0.99132,3.36,0.59,11.6,7,medium,white,91.524,0.06774179450198856,29.059829059829063,187.09677419354838,0.396528,0.021367521367521368
5.9,0.54,0.0,0.8,0.032,12.0,82.0,0.99286,3.25,0.36,8.8,5,low,white,69.432,0.0849752275607789,14.634146341463413,149.15254237288136,1.241075,0.00975609756097561
6.2,0.53,0.02,0.9,0.035,6.0,81.0,0.99234,3.24,0.35,9.5,4,low,white,74.955,0.08271629644453339,7.4074074074074066,153.2258064516129,1.1026,0.011111111111111112
6.6,0.34,0.4,8.1,0.046,68.0,170.0,0.99494,3.15,0.5,9.53333333333333,6,medium,white,75.21799999999998,0.08774495466510678,40.0,144.4444444444444,0.12283209876543211,0.04764705882352941
6.6,0.34,0.4,8.1,0.046,68.0,170.0,0.99494,3.15,0.5,9.53333333333333,6,medium,white,75.21799999999998,0.08774495466510678,40.0,144.4444444444444,0.12283209876543211,0.04764705882352941
5.0,0.235,0.27,11.75,0.03,34.0,118.0,0.9954,3.07,0.5,9.4,6,medium,white,74.166,0.06741633632661867,28.8135593220339,188.0,0.08471489361702127,0.09957627118644068
5.5,0.32,0.13,1.3,0.037,45.0,156.0,0.99184,3.26,0.38,10.7,5,low,white,84.423,0.06514812314179785,28.846153846153843,194.54545454545453,0.7629538461538462,0.008333333333333333
4.9,0.47,0.17,1.9,0.035,60.0,148.0,0.98964,3.27,0.35,11.5,6,medium,white,90.735,0.05400341654267923,40.54054054054054,234.6938775510204,0.5208631578947368,0.012837837837837837
6.5,0.33,0.38,8.3,0.048,68.0,174.0,0.99492,3.14,0.5,9.6,5,low,white,75.744,0.08581537811575835,39.08045977011494,147.69230769230768,0.11986987951807228,0.04770114942528736
6.6,0.34,0.4,8.1,0.046,68.0,170.0,0.99494,3.15,0.5,9.55,6,medium,white,75.3495,0.08759182210897218,40.0,144.69696969696972,0.12283209876543211,0.04764705882352941
6.2,0.21,0.28,5.7,0.028,45.0,121.0,0.99168,3.21,1.08,12.15,7,medium,white,95.8635,0.06467529351630183,37.1900826446281,195.96774193548387,0.17397894736842104,0.047107438016528926
6.2,0.41,0.22,1.9,0.023,5.0,56.0,0.98928,3.04,0.79,13.0,7,medium,white,102.57000000000001,0.06044652432485132,8.928571428571429,209.6774193548387,0.5206736842105264,0.033928571428571426
6.8,0.22,0.36,1.2,0.052,38.0,127.0,0.9933,3.04,0.54,9.2,5,low,white,72.58800000000001,0.09367939604342314,29.92125984251969,135.2941176470588,0.82775,0.009448818897637795
4.9,0.235,0.27,11.75,0.03,34.0,118.0,0.9954,3.07,0.5,9.4,6,medium,white,74.166,0.0660680096000863,28.8135593220339,191.83673469387753,0.08471489361702127,0.09957627118644068
6.1,0.34,0.29,2.2,0.036,25.0,100.0,0.98938,3.06,0.44,11.8,6,medium,white,93.102,0.06551953771132736,25.0,193.4426229508197,0.4497181818181818,0.022000000000000002
5.7,0.21,0.32,0.9,0.038,38.0,121.0,0.99074,3.24,0.46,10.6,6,medium,white,83.634,0.06815410000717412,31.40495867768595,185.96491228070172,1.1008222222222221,0.00743801652892562
6.5,0.23,0.38,1.3,0.032,29.0,112.0,0.99298,3.29,0.54,9.7,5,low,white,76.533,0.08493068349600826,25.892857142857146,149.2307692307692,0.7638307692307692,0.011607142857142858
6.2,0.21,0.29,1.6,0.039,24.0,92.0,0.99114,3.27,0.5,11.2,6,medium,white,88.36800000000001,0.07016114430563099,26.08695652173913,180.64516129032256,0.6194625,0.017391304347826087
6.6,0.32,0.36,8.0,0.047,57.0,168.0,0.9949,3.15,0.46,9.6,5,low,white,75.744,0.08713561470215463,33.92857142857143,145.45454545454547,0.1243625,0.047619047619047616
6.5,0.24,0.19,1.2,0.041,30.0,111.0,0.99254,2.99,0.46,9.4,6,medium,white,74.166,0.08764123722460428,27.027027027027028,144.6153846153846,0.8271166666666667,0.01081081081081081
5.5,0.29,0.3,1.1,0.022,20.0,110.0,0.98869,3.34,0.38,12.8,7,medium,white,100.992,0.054459759188846636,18.181818181818183,232.72727272727275,0.8988090909090908,0.01
6.0,0.21,0.38,0.8,0.02,22.0,98.0,0.98941,3.26,0.32,11.8,6,medium,white,93.102,0.06444544692917445,22.448979591836736,196.66666666666669,1.2367625,0.00816326530612245
